timestamp,actual,predicted,lower,upper
2017-10-26 18:00:00,685.0,813.7749235904215,339.1272406925226,1288.4226064883205
2017-10-26 19:00:00,435.0,464.3237739067692,0.0,938.9714568046682
2017-10-26 20:00:00,278.0,348.6047539372473,0.0,823.2524368351462
2017-10-26 21:00:00,377.0,454.5437946606699,0.0,929.1914775585687
2017-10-26 22:00:00,847.0,749.4774549891741,274.82977209127523,1224.125137887073
2017-10-26 23:00:00,2805.0,2518.8602692780532,2044.2125863801543,2993.507952175952
2017-10-27 00:00:00,5356.0,5763.778319481873,5289.130636583974,6238.426002379772
2017-10-27 01:00:00,5582.0,6546.922678214686,6072.274995316788,7021.570361112585
2017-10-27 02:00:00,5159.0,6014.369903996973,5539.722221099075,6489.017586894872
2017-10-27 03:00:00,4444.0,5332.768648411397,4858.120965513499,5807.416331309296
2017-10-27 04:00:00,4303.0,4891.796509604086,4417.148826706187,5366.4441925019855
2017-10-27 05:00:00,4705.0,5188.8914942370975,4714.243811339198,5663.539177134997
2017-10-27 06:00:00,5214.0,5516.92307048294,5042.275387585041,5991.570753380838
2017-10-27 07:00:00,5092.0,5414.084288343014,4939.436605445115,5888.7319712409135
2017-10-27 08:00:00,5120.0,5612.232204368427,5137.584521470528,6086.8798872663265
2017-10-27 09:00:00,5644.0,5881.310171947226,5406.662489049328,6355.9578548451245
2017-10-27 10:00:00,6061.0,5970.438988843876,5495.791305945977,6445.086671741776
2017-10-27 11:00:00,5292.0,5697.7047878078365,5223.057104909938,6172.352470705735
2017-10-27 12:00:00,4634.0,4572.115059378489,4097.46737648059,5046.762742276387
2017-10-27 13:00:00,3498.0,3458.9194704685997,2984.271787570701,3933.5671533664986
2017-10-27 14:00:00,2971.0,3061.8493926894707,2587.201709791572,3536.4970755873696
2017-10-27 15:00:00,2905.0,3011.265226168306,2536.617543270407,3485.912909066205
2017-10-27 16:00:00,2621.0,2572.18463031278,2097.536947414881,3046.832313210679
2017-10-27 17:00:00,1892.0,2034.2957326974176,1559.6480497995187,2508.9434155953168
2017-10-27 18:00:00,1340.0,1323.715968188531,849.068285290632,1798.3636510864299
2017-10-27 19:00:00,796.0,652.5295109742906,177.88182807639168,1127.1771938721895
2017-10-27 20:00:00,556.0,496.56445843878123,21.916775540882327,971.2121413366801
2017-10-27 21:00:00,376.0,421.3352260582517,0.0,895.9829089561506
2017-10-27 22:00:00,395.0,517.5498822281988,42.902199330299936,992.1975651260977
2017-10-27 23:00:00,774.0,684.2486295847438,209.60094668684485,1158.8963124826428
2017-10-28 00:00:00,1364.0,1373.937441480969,899.2897585830701,1848.585124378868
2017-10-28 01:00:00,2090.0,2158.794272372451,1684.146589474552,2633.44195527035
2017-10-28 02:00:00,2950.0,3105.365039684813,2630.717356786914,3580.012722582712
2017-10-28 03:00:00,3657.0,3546.8309678100773,3072.1832849121784,4021.478650707976
2017-10-28 04:00:00,4267.0,4055.8905545275975,3581.2428716296986,4530.538237425497
2017-10-28 05:00:00,5033.0,4546.226635134709,4071.57895223681,5020.874318032607
2017-10-28 06:00:00,5002.0,4677.8333291009585,4203.185646203059,5152.481011998858
2017-10-28 07:00:00,4685.0,4749.408728921012,4274.7610460231135,5224.05641181891
2017-10-28 08:00:00,5031.0,4593.364458623001,4118.716775725103,5068.0121415209
2017-10-28 09:00:00,5010.0,4624.888244227903,4150.240561330003,5099.535927125802
2017-10-28 10:00:00,5234.0,4593.0072402693895,4118.35955737149,5067.654923167289
2017-10-28 11:00:00,4906.0,4477.703151240557,4003.0554683426585,4952.350834138457
2017-10-28 12:00:00,4634.0,4106.198893384486,3631.551210486587,4580.846576282385
2017-10-28 13:00:00,3847.0,3550.319161254623,3075.671478356724,4024.966844152522
2017-10-28 14:00:00,3337.0,3120.441870370417,2645.794187472518,3595.0895532683157
2017-10-28 15:00:00,4284.0,3130.5136935358405,2655.8660106379416,3605.1613764337394
2017-10-28 16:00:00,4461.0,2987.1243092321397,2512.476626334241,3461.7719921300386
2017-10-28 17:00:00,2687.0,2265.456127737317,1790.808444839418,2740.1038106352157
2017-10-28 18:00:00,1622.0,1351.3636356699546,876.7159527720557,1826.0113185678536
2017-10-28 19:00:00,696.0,876.6665184812032,402.0188355833043,1351.314201379102
2017-10-28 20:00:00,446.0,547.7875935925778,73.13991069467886,1022.4352764904767
2017-10-28 21:00:00,434.0,549.7927223488294,75.14503945093054,1024.4404052467285
2017-10-28 22:00:00,354.0,572.1649612398346,97.51727834193571,1046.8126441377335
2017-10-28 23:00:00,478.0,615.5123803473371,140.86469744943815,1090.160063245236
2017-10-29 00:00:00,802.0,1292.1611658012582,817.5134829033593,1766.8088486991571
2017-10-29 01:00:00,1060.0,1618.520505081448,1143.872822183549,2093.168187979347
2017-10-29 02:00:00,1840.0,2241.039142567414,1766.391459669515,2715.6868254653127
2017-10-29 03:00:00,2468.0,3211.296773914192,2736.649091016293,3685.9444568120907
2017-10-29 04:00:00,3120.0,3882.4683879379913,3407.8207050400924,4357.11607083589
2017-10-29 05:00:00,3533.0,4152.224540599446,3677.5768577015474,4626.872223497345
2017-10-29 06:00:00,4073.0,4514.899914593747,4040.252231695848,4989.547597491646
2017-10-29 07:00:00,4264.0,4797.263672478652,4322.615989580752,5271.911355376551
2017-10-29 08:00:00,4373.0,4574.6228606554505,4099.975177757551,5049.27054355335
2017-10-29 09:00:00,4514.0,4579.638193773983,4104.990510876085,5054.285876671882
2017-10-29 10:00:00,4499.0,4637.487521126872,4162.839838228972,5112.135204024771
2017-10-29 11:00:00,4492.0,4181.628743553035,3706.981060655136,4656.276426450933
2017-10-29 12:00:00,3973.0,4052.3201772145317,3577.6724943166328,4526.967860112431
2017-10-29 13:00:00,3409.0,3258.4174802573466,2783.7697973594477,3733.0651631552455
2017-10-29 14:00:00,2653.0,2804.86519864181,2330.217515743911,3279.512881539709
2017-10-29 15:00:00,2077.0,2488.61800480616,2013.9703219082612,2963.265687704059
2017-10-29 16:00:00,1661.0,1970.2080201879185,1495.5603372900196,2444.8557030858174
2017-10-29 17:00:00,2100.0,1362.4399447423607,887.7922618444618,1837.0876276402596
2017-10-29 18:00:00,563.0,749.7185278388624,275.0708449409635,1224.3662107367613
2017-10-29 19:00:00,375.0,428.62876241158426,0.0,903.2764453094832
2017-10-29 20:00:00,293.0,364.28253863904877,0.0,838.9302215369477
2017-10-29 21:00:00,326.0,373.79503688511056,0.0,848.4427197830095
2017-10-29 22:00:00,813.0,749.5008216690752,274.8531387711763,1224.1485045669742
2017-10-29 23:00:00,2822.0,1669.465086406566,1194.817403508667,2144.1127693044646
2017-10-30 00:00:00,5869.0,5497.13564524778,5022.487962349882,5971.783328145679
2017-10-30 01:00:00,6221.0,6287.454414506769,5812.806731608871,6762.102097404668
2017-10-30 02:00:00,5825.0,5813.130432351581,5338.482749453682,6287.778115249479
2017-10-30 03:00:00,5138.0,4799.275609727902,4324.627926830002,5273.923292625801
2017-10-30 04:00:00,4482.0,4377.211665342507,3902.5639824446084,4851.859348240407
2017-10-30 05:00:00,4569.0,4550.328847459014,4075.6811645611147,5024.976530356913
2017-10-30 06:00:00,4911.0,4764.028036379673,4289.380353481774,5238.675719277571
2017-10-30 07:00:00,4899.0,4808.593237606564,4333.945554708665,5283.240920504462
2017-10-30 08:00:00,5055.0,5172.0115639356145,4697.363881037716,5646.659246833513
2017-10-30 09:00:00,5698.0,5769.793723488422,5295.146040590524,6244.4414063863205
2017-10-30 10:00:00,6601.0,6255.0837039770195,5780.43602107912,6729.731386874919
2017-10-30 11:00:00,6258.0,5907.091563547019,5432.44388064912,6381.7392464449185
2017-10-30 12:00:00,4381.0,4456.356970273111,3981.709287375212,4931.00465317101
2017-10-30 13:00:00,2970.0,3197.173436910811,2722.525754012912,3671.8211198087097
2017-10-30 14:00:00,2491.0,2716.121559252793,2241.473876354894,3190.7692421506918
2017-10-30 15:00:00,2174.0,2381.2115471340167,1906.5638642361178,2855.8592300319156
2017-10-30 16:00:00,1514.0,1735.5045743609305,1260.8568914630316,2210.152257258829
2017-10-30 17:00:00,998.0,1093.7495089336685,619.1018260357696,1568.3971918315674
2017-10-30 18:00:00,544.0,616.5890132139864,141.9413303160875,1091.2366961118853
2017-10-30 19:00:00,337.0,322.7641931636027,0.0,797.4118760615016
2017-10-30 20:00:00,219.0,310.6273362285534,0.0,785.2750191264523
2017-10-30 21:00:00,349.0,368.6033630639086,0.0,843.2510459618074
2017-10-30 22:00:00,872.0,853.5252384396595,378.87755554176056,1328.1729213375584
2017-10-30 23:00:00,2924.0,2820.174838601722,2345.527155703823,3294.822521499621
2017-10-31 00:00:00,5968.0,5875.229939989838,5400.582257091939,6349.877622887738
2017-10-31 01:00:00,6541.0,6563.633932883328,6088.98624998543,7038.281615781227
2017-10-31 02:00:00,5890.0,6104.757641225433,5630.109958327534,6579.405324123332
2017-10-31 03:00:00,5605.0,5245.697462212782,4771.0497793148825,5720.345145110681
2017-10-31 04:00:00,4572.0,4657.048553267548,4182.400870369649,5131.696236165448
2017-10-31 05:00:00,4739.0,4836.181683844549,4361.534000946651,5310.829366742448
2017-10-31 06:00:00,4989.0,5040.970215534812,4566.322532636914,5515.617898432711
2017-10-31 07:00:00,4910.0,5078.058836619524,4603.411153721625,5552.706519517424
2017-10-31 08:00:00,5201.0,5413.746274007792,4939.098591109892,5888.393956905691
2017-10-31 09:00:00,5888.0,5937.6473564434855,5462.999673545586,6412.295039341385
2017-10-31 10:00:00,6985.0,6505.154032065113,6030.506349167214,6979.801714963012
2017-10-31 11:00:00,6035.0,6137.908713673077,5663.261030775178,6612.556396570975
2017-10-31 12:00:00,3941.0,4765.813644383278,4291.16596148538,5240.461327281177
2017-10-31 13:00:00,2937.0,3246.798347361993,2772.150664464094,3721.446030259892
2017-10-31 14:00:00,2925.0,2899.2919393351426,2424.6442564372437,3373.9396222330415
2017-10-31 15:00:00,3747.0,2644.650831251428,2170.003148353529,3119.298514149327
2017-10-31 16:00:00,2933.0,1914.2426923300864,1439.5950094321875,2388.8903752279853
2017-10-31 17:00:00,1221.0,1182.172063154459,707.5243802565601,1656.819746052358
2017-10-31 18:00:00,683.0,596.2459326406974,121.59824974279854,1070.8936155385964
2017-10-31 19:00:00,472.0,384.9892150521635,0.0,859.6368979500623
2017-10-31 20:00:00,343.0,323.6269902208205,0.0,798.2746731187194
2017-10-31 21:00:00,390.0,425.6458629980575,0.0,900.2935458959564
2017-10-31 22:00:00,917.0,789.1672873010914,314.5196044031925,1263.8149701989903
2017-10-31 23:00:00,2959.0,2776.041421389263,2301.3937384913643,3250.689104287162
2017-11-01 00:00:00,5665.0,5791.700486321095,5317.052803423196,6266.348169218994
2017-11-01 01:00:00,6067.0,6292.722256644278,5818.0745737463785,6767.369939542177
2017-11-01 02:00:00,6147.0,6014.566064760998,5539.918381863099,6489.213747658898
2017-11-01 03:00:00,5339.0,5286.0082807047465,4811.360597806848,5760.655963602645
2017-11-01 04:00:00,4634.0,4851.925286281353,4377.277603383454,5326.572969179251
2017-11-01 05:00:00,4781.0,5058.309386250655,4583.661703352756,5532.957069148553
2017-11-01 06:00:00,4908.0,5284.217779956609,4809.5700970587095,5758.865462854508
2017-11-01 07:00:00,5008.0,5185.850747172986,4711.203064275087,5660.498430070886
2017-11-01 08:00:00,4856.0,5474.013100640998,4999.3654177431,5948.660783538897
2017-11-01 09:00:00,5328.0,5812.581671203453,5337.9339883055545,6287.229354101351
2017-11-01 10:00:00,6321.0,6356.353185434714,5881.705502536815,6831.000868332612
2017-11-01 11:00:00,5858.0,6237.406262206051,5762.758579308153,6712.053945103949
2017-11-01 12:00:00,4297.0,4630.715195499682,4156.067512601783,5105.36287839758
2017-11-01 13:00:00,3045.0,3398.617812561296,2923.970129663397,3873.265495459195
2017-11-01 14:00:00,2704.0,2817.3514640730295,2342.7037811751306,3291.9991469709285
2017-11-01 15:00:00,2204.0,2707.1328786778786,2232.4851957799797,3181.7805615757775
2017-11-01 16:00:00,1713.0,1870.5285508581744,1395.8808679602755,2345.176233756073
2017-11-01 17:00:00,1068.0,1197.3918988743544,722.7442159764555,1672.0395817722533
2017-11-01 18:00:00,611.0,615.3597605820914,140.71207768419254,1090.0074434799903
2017-11-01 19:00:00,362.0,369.73587515760045,0.0,844.3835580554994
2017-11-01 20:00:00,254.0,309.4655932004111,0.0,784.11327609831
2017-11-01 21:00:00,383.0,329.6147763984482,0.0,804.2624592963471
2017-11-01 22:00:00,820.0,775.6233166560672,300.9756337581683,1250.2709995539662
2017-11-01 23:00:00,2914.0,2672.132032623062,2197.484349725163,3146.779715520961
2017-11-02 00:00:00,5674.0,5689.313173522833,5214.665490624933,6163.960856420732
2017-11-02 01:00:00,6258.0,6396.106380946381,5921.458698048482,6870.754063844281
2017-11-02 02:00:00,5995.0,5912.616808375533,5437.9691254776335,6387.264491273432
2017-11-02 03:00:00,5488.0,5203.195801693124,4728.548118795225,5677.843484591023
2017-11-02 04:00:00,4606.0,4668.877929176777,4194.2302462788775,5143.525612074676
2017-11-02 05:00:00,4910.0,4963.840823008346,4489.193140110447,5438.488505906245
2017-11-02 06:00:00,5066.0,5140.703025274613,4666.055342376714,5615.350708172511
2017-11-02 07:00:00,5255.0,5102.544256359608,4627.896573461709,5577.191939257507
2017-11-02 08:00:00,5428.0,5374.3146545713935,4899.666971673494,5848.962337469293
2017-11-02 09:00:00,5987.0,5826.152693139568,5351.50501024167,6300.800376037467
2017-11-02 10:00:00,6775.0,6373.072250665301,5898.424567767403,6847.719933563199
2017-11-02 11:00:00,6488.0,6141.3942583405415,5666.746575442643,6616.04194123844
2017-11-02 12:00:00,5048.0,4759.128150671162,4284.480467773263,5233.775833569061
2017-11-02 13:00:00,3335.0,3400.944690013259,2926.29700711536,3875.592372911158
2017-11-02 14:00:00,2846.0,2954.3117694558928,2479.664086557994,3428.9594523537917
2017-11-02 15:00:00,3094.0,2858.9415778229213,2384.2938949250224,3333.58926072082
2017-11-02 16:00:00,2412.0,2453.4073400644606,1978.7596571665617,2928.0550229623595
2017-11-02 17:00:00,1336.0,1415.8564470507342,941.2087641528353,1890.5041299486331
2017-11-02 18:00:00,768.0,664.7590807509588,190.11139785305988,1139.4067636488576
2017-11-02 19:00:00,432.0,387.06201606322514,0.0,861.7096989611241
2017-11-02 20:00:00,354.0,330.3600457892928,0.0,805.0077286871917
2017-11-02 21:00:00,444.0,378.38455054507125,0.0,853.0322334429702
2017-11-02 22:00:00,842.0,758.8347114980488,284.1870286001499,1233.4823943959477
2017-11-02 23:00:00,2715.0,2563.5800037113618,2088.932320813463,3038.2276866092607
2017-11-03 00:00:00,5524.0,5422.765087985861,4948.117405087962,5897.4127708837605
2017-11-03 01:00:00,6594.0,6314.9133584615865,5840.265675563687,6789.561041359486
2017-11-03 02:00:00,5784.0,5496.54581571237,5021.898132814471,5971.19349861027
2017-11-03 03:00:00,5086.0,5199.146642109913,4724.498959212015,5673.7943250078115
2017-11-03 04:00:00,4663.0,4963.09954357269,4488.4518606747915,5437.747226470588
2017-11-03 05:00:00,4977.0,5264.167277561434,4789.519594663536,5738.814960459333
2017-11-03 06:00:00,5403.0,5485.7446146945,5011.096931796601,5960.3922975924
2017-11-03 07:00:00,5484.0,5464.332367197605,4989.684684299706,5938.980050095504
2017-11-03 08:00:00,5564.0,5628.78654769249,5154.138864794591,6103.434230590388
2017-11-03 09:00:00,5860.0,6007.93636248451,5533.288679586611,6482.584045382409
2017-11-03 10:00:00,5086.0,6356.242913382495,5881.595230484596,6830.890596280395
2017-11-03 11:00:00,5406.0,5916.547745957445,5441.900063059546,6391.195428855344
2017-11-03 12:00:00,4317.0,4658.234898982243,4183.587216084345,5132.8825818801415
2017-11-03 13:00:00,3437.0,3565.6389539313536,3090.9912710334547,4040.2866368292525
2017-11-03 14:00:00,2827.0,3090.974381262807,2616.326698364908,3565.622064160706
2017-11-03 15:00:00,2656.0,2997.7012664297295,2523.0535835318306,3472.3489493276284
2017-11-03 16:00:00,2613.0,2508.9079637395994,2034.2602808417005,2983.5556466374983
2017-11-03 17:00:00,1676.0,1939.0036179518984,1464.3559350539995,2413.6513008497973
2017-11-03 18:00:00,1031.0,1202.5864951362387,727.9388122383398,1677.2341780341376
2017-11-03 19:00:00,658.0,616.0815250245878,141.4338421266889,1090.7292079224867
2017-11-03 20:00:00,470.0,478.5252371477908,3.8775542498918867,953.1729200456897
2017-11-03 21:00:00,352.0,389.64674321994244,0.0,864.2944261178413
2017-11-03 22:00:00,371.0,443.16752010919566,0.0,917.8152030070946
2017-11-03 23:00:00,680.0,635.4459888154804,160.7983059175815,1110.0936717133793
2017-11-04 00:00:00,1243.0,1368.3564168313403,893.7087339334414,1843.0040997292392
2017-11-04 01:00:00,1957.0,1816.9230591541975,1342.2753762562986,2291.5707420520966
2017-11-04 02:00:00,2790.0,2635.511857090534,2160.864174192635,3110.1595399884327
2017-11-04 03:00:00,3489.0,3249.1714272366467,2774.5237443387477,3723.8191101345456
2017-11-04 04:00:00,3979.0,4079.390152538025,3604.7424696401263,4554.037835435924
2017-11-04 05:00:00,4563.0,4392.395319250562,3917.7476363526634,4867.043002148461
2017-11-04 06:00:00,4837.0,4650.405089229679,4175.757406331781,5125.052772127578
2017-11-04 07:00:00,4836.0,4677.709246424708,4203.06156352681,5152.356929322606
2017-11-04 08:00:00,4764.0,4538.668765806079,4064.0210829081802,5013.316448703978
2017-11-04 09:00:00,4890.0,4473.636926965899,3998.989244068,4948.284609863798
2017-11-04 10:00:00,4894.0,4530.180961729541,4055.5332788316423,5004.82864462744
2017-11-04 11:00:00,4794.0,4387.699538076182,3913.051855178283,4862.347220974081
2017-11-04 12:00:00,4411.0,3911.47042681344,3436.822743915541,4386.118109711339
2017-11-04 13:00:00,3421.0,3251.8149737237213,2777.1672908258224,3726.46265662162
2017-11-04 14:00:00,2718.0,2903.00838841535,2428.360705517451,3377.656071313249
2017-11-04 15:00:00,3515.0,2891.401136549642,2416.7534536517433,3366.048819447541
2017-11-04 16:00:00,3865.0,2891.7946406922847,2417.146957794386,3366.4423235901836
2017-11-04 17:00:00,2042.0,2180.144805671258,1705.497122773359,2654.792488569157
2017-11-04 18:00:00,1554.0,1276.806758124859,802.1590752269601,1751.454441022758
2017-11-04 19:00:00,629.0,728.7218449114558,254.07416201355693,1203.3695278093546
2017-11-04 20:00:00,361.0,518.7534341977779,44.10575129987899,993.4011170956768
2017-11-04 21:00:00,247.0,420.39303645322474,0.0,895.0407193511237
2017-11-04 22:00:00,287.0,459.97311816479436,0.0,934.6208010626933
2017-11-04 23:00:00,469.0,509.33272941789005,34.68504651999115,983.980412315789
2017-11-05 00:00:00,823.0,989.9096053053373,515.2619224074384,1464.557288203236
2017-11-05 01:00:00,1209.0,1285.67615854103,811.0284756431311,1760.3238414389289
2017-11-05 02:00:00,2059.0,1934.670842284857,1460.023159386958,2409.318525182756
2017-11-05 03:00:00,2974.0,2553.602486491467,2078.954803593568,3028.250169389366
2017-11-05 04:00:00,3592.0,3428.514595190779,2953.86691229288,3903.162278088678
2017-11-05 05:00:00,4014.0,3729.0270343672587,3254.37935146936,4203.674717265158
2017-11-05 06:00:00,4256.0,4155.525555408624,3680.8778725107254,4630.173238306523
2017-11-05 07:00:00,4309.0,4344.081196089663,3869.4335131917637,4818.728878987562
2017-11-05 08:00:00,4303.0,4254.787900805947,3780.1402179080483,4729.435583703846
2017-11-05 09:00:00,4525.0,4121.262555502869,3646.61487260497,4595.910238400767
2017-11-05 10:00:00,4744.0,4304.14296608193,3829.4952831840315,4778.79064897983
2017-11-05 11:00:00,4235.0,4073.118845757584,3598.471162859685,4547.766528655483
2017-11-05 12:00:00,3765.0,3771.6398021904583,3296.9921192925594,4246.287485088357
2017-11-05 13:00:00,2888.0,3118.2295532025882,2643.5818703046893,3592.877236100487
2017-11-05 14:00:00,2273.0,2632.963791193685,2158.3161082957863,3107.611474091584
2017-11-05 15:00:00,1912.0,2262.499386209832,1787.8517033119333,2737.147069107731
2017-11-05 16:00:00,1323.0,1893.898267596228,1419.250584698329,2368.545950494127
2017-11-05 17:00:00,861.0,1241.0287937039907,766.3811108060918,1715.6764766018896
2017-11-05 18:00:00,469.0,634.6167099783172,159.9690270804183,1109.264392876216
2017-11-05 19:00:00,330.0,401.5570208282229,0.0,876.2047037261218
2017-11-05 20:00:00,186.0,336.05122477892456,0.0,810.6989076768234
2017-11-05 21:00:00,333.0,359.5000126695906,0.0,834.1476955674896
2017-11-05 22:00:00,809.0,760.578958016298,285.93127511839907,1235.2266409141969
2017-11-05 23:00:00,2853.0,2536.548065373974,2061.9003824760753,3011.195748271873
2017-11-06 00:00:00,5836.0,6078.123403885905,5603.475720988006,6552.771086783803
2017-11-06 01:00:00,6268.0,6390.28531012512,5915.637627227221,6864.93299302302
2017-11-06 02:00:00,5990.0,5465.18423581582,4990.536552917922,5939.831918713719
2017-11-06 03:00:00,4992.0,4943.312208993238,4468.664526095339,5417.959891891136
2017-11-06 04:00:00,4298.0,4349.63385330001,3874.986170402111,4824.281536197908
2017-11-06 05:00:00,4488.0,4567.356188575612,4092.7085056777128,5042.003871473511
2017-11-06 06:00:00,4677.0,4739.834297818265,4265.186614920367,5214.481980716164
2017-11-06 07:00:00,4746.0,4721.843301805949,4247.19561890805,5196.490984703847
2017-11-06 08:00:00,4987.0,5105.903584377301,4631.255901479402,5580.551267275199
2017-11-06 09:00:00,5657.0,5730.212004036673,5255.564321138774,6204.859686934571
2017-11-06 10:00:00,6647.0,6213.8168436890455,5739.169160791147,6688.464526586944
2017-11-06 11:00:00,6175.0,5909.498097450366,5434.850414552468,6384.145780348264
2017-11-06 12:00:00,4152.0,4265.262194719513,3790.614511821614,4739.909877617412
2017-11-06 13:00:00,2919.0,3016.119393211633,2541.471710313734,3490.767076109532
2017-11-06 14:00:00,2263.0,2528.407709803458,2053.7600269055592,3003.055392701357
2017-11-06 15:00:00,2009.0,2266.396424521562,1791.7487416236631,2741.044107419461
2017-11-06 16:00:00,1451.0,1709.1467347529967,1234.4990518550978,2183.7944176508954
2017-11-06 17:00:00,961.0,1106.890296966493,632.2426140685941,1581.537979864392
2017-11-06 18:00:00,560.0,567.148523913435,92.50084101553614,1041.7962068113338
2017-11-06 19:00:00,339.0,333.99474590289094,0.0,808.6424288007898
2017-11-06 20:00:00,244.0,296.4896743023124,0.0,771.1373572002112
2017-11-06 21:00:00,377.0,349.30791775124004,0.0,823.9556006491389
2017-11-06 22:00:00,899.0,817.4195292152301,342.7718463173312,1292.067212113129
2017-11-06 23:00:00,3031.0,2710.3659281935143,2235.7182452956154,3185.013611091413
2017-11-07 00:00:00,6100.0,5608.063587536222,5133.415904638323,6082.711270434122
2017-11-07 01:00:00,6538.0,6409.403803402327,5934.756120504428,6884.051486300226
2017-11-07 02:00:00,6091.0,5900.92308193889,5426.275399040991,6375.57076483679
2017-11-07 03:00:00,5319.0,5083.119894201103,4608.472211303204,5557.767577099003
2017-11-07 04:00:00,4518.0,4442.49497955505,3967.847296657151,4917.142662452949
2017-11-07 05:00:00,4701.0,4646.488710180363,4171.841027282464,5121.136393078263
2017-11-07 06:00:00,4866.0,4853.5462593496195,4378.89857645172,5328.193942247519
2017-11-07 07:00:00,5101.0,4962.317773555756,4487.670090657857,5436.965456453654
2017-11-07 08:00:00,5273.0,5439.499810015974,4964.852127118074,5914.147492913873
2017-11-07 09:00:00,5747.0,5908.309678214514,5433.6619953166155,6382.957361112412
2017-11-07 10:00:00,6705.0,6490.679350241005,6016.031667343106,6965.327033138903
2017-11-07 11:00:00,6198.0,6123.997996004322,5649.350313106423,6598.645678902221
2017-11-07 12:00:00,4421.0,4537.296313076488,4062.6486301785894,5011.943995974387
2017-11-07 13:00:00,3073.0,3253.1871596995707,2778.5394768016718,3727.8348425974696
2017-11-07 14:00:00,2581.0,2808.0328698959484,2333.3851869980494,3282.6805527938473
2017-11-07 15:00:00,2265.0,2635.164506573887,2160.5168236759882,3109.812189471786
2017-11-07 16:00:00,1631.0,1863.5853034386632,1388.9376205407643,2338.232986336562
2017-11-07 17:00:00,1073.0,1243.6465855525678,768.9989026546689,1718.2942684504667
2017-11-07 18:00:00,548.0,573.0206268170193,98.37294391912042,1047.6683097149182
2017-11-07 19:00:00,329.0,360.99294225381965,0.0,835.6406251517185
2017-11-07 21:00:00,373.0,336.1680622122065,0.0,810.8157451101054
2017-11-07 22:00:00,898.0,786.0705559341726,311.4228730362737,1260.7182388320716
2017-11-07 23:00:00,2985.0,2701.7115706574796,2227.0638877595807,3176.3592535553785
2017-11-08 00:00:00,6126.0,5756.577641984459,5281.929959086559,6231.225324882358
2017-11-08 01:00:00,6513.0,6410.094062168471,5935.446379270572,6884.741745066371
2017-11-08 03:00:00,5670.0,5150.566099664811,4675.918416766912,5625.213782562711
2017-11-08 04:00:00,4195.0,4565.106191157257,4090.458508259358,5039.753874055155
2017-11-08 05:00:00,4553.0,4988.236300621331,4513.5886177234315,5462.88398351923
2017-11-08 06:00:00,4585.0,5161.819166350941,4687.171483453041,5636.46684924884
2017-11-08 07:00:00,4833.0,5221.270775868931,4746.623092971033,5695.91845876683
2017-11-08 08:00:00,5049.0,5546.668713226282,5072.021030328384,6021.316396124181
2017-11-08 09:00:00,5651.0,5950.275652300131,5475.627969402232,6424.923335198029
2017-11-08 10:00:00,6832.0,6517.709794102607,6043.062111204708,6992.357477000505
2017-11-08 11:00:00,6090.0,6141.830560475695,5667.182877577796,6616.4782433735945
2017-11-08 12:00:00,4650.0,4544.782652264645,4070.1349693667457,5019.430335162544
2017-11-08 13:00:00,3292.0,3151.8436905992535,2677.1960077013546,3626.4913734971524
2017-11-08 14:00:00,2885.0,2832.7159559298298,2358.068273031931,3307.3636388277287
2017-11-08 15:00:00,2445.0,2601.102628886901,2126.454945989002,3075.7503117848
2017-11-08 16:00:00,1728.0,1995.9090058565814,1521.2613229586825,2470.55668875448
2017-11-08 17:00:00,1094.0,1208.2236558711716,733.5759729732727,1682.8713387690705
2017-11-08 18:00:00,614.0,656.686218728779,182.03853583088005,1131.3339016266777
2017-11-08 19:00:00,348.0,363.2097215119976,0.0,837.8574044098965
2017-11-08 21:00:00,361.0,317.8116178086548,0.0,792.4593007065537
2017-11-08 22:00:00,877.0,803.2767515063593,328.62906860846044,1277.9244344042581
2017-11-08 23:00:00,2966.0,2682.526423734389,2207.87874083649,3157.174106632288
2017-11-09 00:00:00,5970.0,5751.804234978854,5277.1565520809545,6226.451917876753
2017-11-09 01:00:00,6530.0,6513.358922258273,6038.711239360375,6988.006605156172
2017-11-09 03:00:00,5710.0,4969.2455453647135,4494.597862466815,5443.893228262612
2017-11-09 04:00:00,4726.0,4547.628354680374,4072.9806717824754,5022.276037578273
2017-11-09 05:00:00,5025.0,4865.554655006751,4390.906972108853,5340.2023379046495
2017-11-09 06:00:00,5151.0,5234.9540506526755,4760.306367754776,5709.601733550575
2017-11-09 07:00:00,5340.0,5263.104747298911,4788.457064401013,5737.75243019681
2017-11-09 08:00:00,5261.0,5521.917703804394,5047.270020906495,5996.565386702292
2017-11-09 09:00:00,5794.0,5986.080570711375,5511.432887813477,6460.728253609273
2017-11-09 10:00:00,6654.0,6474.4118654785525,5999.764182580653,6949.059548376452
2017-11-09 11:00:00,6210.0,6080.23949417976,5605.591811281862,6554.887177077659
2017-11-09 12:00:00,4758.0,4955.674244996225,4481.026562098326,5430.321927894123
2017-11-09 13:00:00,3466.0,3513.6957045479594,3039.0480216500605,3988.3433874458583
2017-11-09 14:00:00,3112.0,2954.8524528144026,2480.2047699165037,3429.5001357123015
2017-11-09 15:00:00,2703.0,2874.00114382047,2399.3534609225712,3348.648826718369
2017-11-09 16:00:00,2838.0,2394.841803504008,1920.1941206061092,2869.489486401907
2017-11-09 17:00:00,1471.0,1286.5344319781475,811.8867490802486,1761.1821148760464
2017-11-09 18:00:00,812.0,704.9971119572699,230.349429059371,1179.6447948551688
2017-11-09 19:00:00,418.0,411.7169848046161,0.0,886.364667702515
2017-11-09 20:00:00,311.0,336.9212957883867,0.0,811.5689786862856
2017-11-09 21:00:00,419.0,358.9505789798493,0.0,833.5982618777482
2017-11-09 22:00:00,776.0,748.2776038909342,273.6299209930353,1222.925286788833
2017-11-09 23:00:00,2725.0,2517.6596273835676,2043.0119444856687,2992.3073102814665
2017-11-10 00:00:00,5554.0,5482.720100622508,5008.072417724608,5957.367783520407
2017-11-10 01:00:00,6494.0,6344.71290848897,5870.065225591072,6819.360591386869
2017-11-10 02:00:00,5593.0,5788.546160050163,5313.898477152265,6263.1938429480615
2017-11-10 03:00:00,5039.0,5226.77700965646,4752.129326758561,5701.424692554359
2017-11-10 04:00:00,4584.0,4864.960426605733,4390.312743707835,5339.608109503632
2017-11-10 05:00:00,4964.0,5212.69270136233,4738.0450184644305,5687.340384260229
2017-11-10 06:00:00,5106.0,5471.237840535476,4996.590157637576,5945.885523433375
2017-11-10 07:00:00,5445.0,5464.74272773061,4990.095044832711,5939.390410628508
2017-11-10 08:00:00,5311.0,5602.532773306567,5127.8850904086685,6077.180456204465
2017-11-10 09:00:00,5667.0,5930.433775066436,5455.786092168537,6405.081457964336
2017-11-10 10:00:00,6057.0,6343.19012630836,5868.542443410461,6817.837809206259
2017-11-10 11:00:00,5412.0,5763.1930488434755,5288.545365945576,6237.840731741375
2017-11-10 12:00:00,4707.0,4596.050565177533,4121.402882279634,5070.698248075432
2017-11-10 13:00:00,3505.0,3460.0844541235406,2985.4367712256417,3934.7321370214395
2017-11-10 14:00:00,3025.0,3005.243547116757,2530.595864218858,3479.891230014656
2017-11-10 15:00:00,2836.0,2947.4392503631457,2472.7915674652468,3422.0869332610446
2017-11-10 16:00:00,2467.0,2631.999448408158,2157.351765510259,3106.647131306057
2017-11-10 17:00:00,1739.0,1874.4070003849995,1399.7593174871006,2349.0546832828986
2017-11-10 18:00:00,1009.0,1333.1960868084159,858.548403910517,1807.8437697063148
2017-11-10 19:00:00,649.0,616.6398160962187,141.99213319831983,1091.2874989941176
2017-11-10 21:00:00,541.0,387.52258534702725,0.0,862.1702682449261
2017-11-10 22:00:00,555.0,497.36818208693774,22.720499189038833,972.0158649848366
2017-11-10 23:00:00,1057.0,633.4442491713061,158.79656627340717,1108.091932069205
2017-11-11 00:00:00,1584.0,1359.6145867178595,884.9669038199606,1834.2622696157584
2017-11-11 01:00:00,2323.0,1857.4072011395385,1382.7595182416396,2332.0548840374377
2017-11-11 03:00:00,4305.0,3810.0060809170895,3335.3583980191906,4284.653763814988
2017-11-11 04:00:00,4690.0,4300.911720149535,3826.2640372516357,4775.559403047433
2017-11-11 05:00:00,4714.0,4597.043594042346,4122.395911144447,5071.691276940244
2017-11-11 06:00:00,4882.0,4792.597120867464,4317.949437969564,5267.244803765363
2017-11-11 07:00:00,4770.0,4744.001889885565,4269.354206987666,5218.6495727834645
2017-11-11 08:00:00,4858.0,4614.632056462414,4139.984373564515,5089.279739360312
2017-11-11 09:00:00,4495.0,4623.054188348449,4148.40650545055,5097.701871246349
2017-11-11 10:00:00,4766.0,4640.428304924937,4165.780622027038,5115.075987822836
2017-11-11 11:00:00,4544.0,4555.743800406252,4081.0961175083535,5030.391483304151
2017-11-11 12:00:00,4236.0,3962.380558685138,3487.732875787239,4437.028241583037
2017-11-11 13:00:00,3435.0,3468.846202787811,2994.198519889912,3943.4938856857098
2017-11-11 14:00:00,2694.0,3026.7462816031193,2552.0985987052204,3501.393964501018
2017-11-11 15:00:00,2696.0,2850.5453037740353,2375.8976208761364,3325.1929866719342
2017-11-11 16:00:00,2869.0,2875.0746557877824,2400.4269728898835,3349.7223386856813
2017-11-11 17:00:00,2231.0,1935.979200194369,1461.33151729647,2410.626883092268
2017-11-11 18:00:00,1259.0,1302.3540200388227,827.7063371409238,1777.0017029367216
2017-11-11 19:00:00,704.0,699.7762726448601,225.1285897469612,1174.423955542759
2017-11-11 20:00:00,724.0,497.93643319914423,23.28875030124533,972.5841160970431
2017-11-11 21:00:00,497.0,371.40896425323075,0.0,846.0566471511297
2017-11-11 22:00:00,504.0,411.3893468275792,0.0,886.0370297254781
2017-11-11 23:00:00,609.0,508.92737807325744,34.27969517535854,983.5750609711563
2017-11-12 00:00:00,962.0,1097.3797700018636,622.7320871039647,1572.0274528997625
2017-11-12 01:00:00,1260.0,1526.64278218923,1051.9950992913311,2001.290465087129
2017-11-12 02:00:00,2133.0,2193.9879930348384,1719.3403101369395,2668.6356759327373
2017-11-12 03:00:00,2910.0,3019.1156672936895,2544.4679843957906,3493.7633501915884
2017-11-12 04:00:00,3540.0,3915.217885636601,3440.570202738702,4389.8655685345
2017-11-12 05:00:00,3858.0,4250.7263471665565,3776.0786642686576,4725.374030064455
2017-11-12 06:00:00,4055.0,4538.902700929268,4064.2550180313688,5013.550383827167
2017-11-12 07:00:00,4114.0,4549.196578126926,4074.5488952290275,5023.844261024826
2017-11-12 08:00:00,4163.0,4470.949158101634,3996.3014752037348,4945.596840999533
2017-11-12 09:00:00,4490.0,4356.575732668383,3881.9280497704844,4831.223415566283
2017-11-12 10:00:00,4746.0,4293.361970833149,3818.71428793525,4768.009653731047
2017-11-12 11:00:00,4877.0,4097.65307385033,3623.005390952431,4572.300756748229
2017-11-12 12:00:00,5355.0,3721.0701581619333,3246.4224752640343,4195.717841059832
2017-11-12 13:00:00,3170.0,3062.084553840777,2587.436870942878,3536.732236738676
2017-11-12 14:00:00,2463.0,2553.968418749595,2079.320735851696,3028.616101647494
2017-11-12 15:00:00,1919.0,2331.498094598235,1856.8504117003363,2806.145777496134
2017-11-12 16:00:00,1342.0,1910.6545496701494,1436.0068667722505,2385.3022325680486
2017-11-12 17:00:00,929.0,1249.7408573918253,775.0931744939264,1724.3885402897242
2017-11-12 18:00:00,461.0,862.3218813661072,387.67419846820826,1336.969564264006
2017-11-12 19:00:00,302.0,388.0521064080736,0.0,862.6997893059724
2017-11-12 20:00:00,207.0,349.26803852775214,0.0,823.9157214256511
2017-11-12 21:00:00,338.0,391.5350204612216,0.0,866.1827033591205
2017-11-12 22:00:00,819.0,787.2641960902041,312.6165131923052,1261.9118789881031
2017-11-12 23:00:00,2844.0,2612.983878889803,2138.336195991904,3087.6315617877017
2017-11-13 00:00:00,5660.0,6132.692868587395,5658.045185689496,6607.340551485295
2017-11-13 01:00:00,6505.0,6624.880089375839,6150.2324064779405,7099.527772273737
2017-11-13 02:00:00,6117.0,5932.844751587585,5458.197068689686,6407.492434485484
2017-11-13 03:00:00,5190.0,4941.859750747934,4467.212067850036,5416.507433645833
2017-11-13 04:00:00,4456.0,4303.639856717725,3828.992173819826,4778.287539615623
2017-11-13 05:00:00,4595.0,4508.302727008501,4033.6550441106024,4982.9504099064
2017-11-13 06:00:00,4829.0,4813.534630787945,4338.886947890047,5288.182313685844
2017-11-13 07:00:00,4779.0,4856.23172283576,4381.584039937861,5330.879405733658
2017-11-13 08:00:00,5048.0,5194.390653131565,4719.742970233667,5669.038336029464
2017-11-13 09:00:00,5629.0,5621.152081738631,5146.504398840732,6095.799764636529
2017-11-13 10:00:00,6604.0,6300.0780364896455,5825.430353591746,6774.725719387545
2017-11-13 11:00:00,5936.0,6017.117071335746,5542.469388437847,6491.764754233645
2017-11-13 12:00:00,4184.0,4420.698707689525,3946.051024791626,4895.346390587423
2017-11-13 13:00:00,3008.0,3133.7392829445735,2659.0916000466746,3608.3869658424724
2017-11-13 14:00:00,2537.0,2657.649207451472,2183.0015245535733,3132.296890349371
2017-11-13 15:00:00,2048.0,2327.879738806608,1853.2320559087093,2802.527421704507
2017-11-13 16:00:00,1498.0,1726.2611013796286,1251.6134184817297,2200.9087842775275
2017-11-13 17:00:00,980.0,1192.0409203455285,717.3932374476296,1666.6886032434275
2017-11-13 18:00:00,483.0,648.3027185065191,173.6550356086202,1122.950401404418
2017-11-13 19:00:00,321.0,334.6664864551084,0.0,809.3141693530073
2017-11-13 20:00:00,216.0,296.22269704543754,0.0,770.8703799433365
2017-11-13 21:00:00,346.0,320.4104045939281,0.0,795.058087491827
2017-11-13 22:00:00,871.0,872.0072550464719,397.35957214857297,1346.6549379443709
2017-11-13 23:00:00,3005.0,2699.5022515614437,2224.854568663545,3174.1499344593426
2017-11-14 00:00:00,5631.0,6116.581872592056,5641.934189694157,6591.229555489956
2017-11-14 01:00:00,6212.0,6602.760210433361,6128.1125275354625,7077.407893331259
2017-11-14 02:00:00,5841.0,6078.81332135958,5604.165638461682,6553.461004257479
2017-11-14 03:00:00,5531.0,5224.435454816149,4749.787771918251,5699.083137714048
2017-11-14 04:00:00,4398.0,4632.833632440991,4158.185949543093,5107.4813153388895
2017-11-14 05:00:00,4690.0,4839.722156913379,4365.0744740154805,5314.369839811277
2017-11-14 06:00:00,4910.0,5033.2030234210215,4558.555340523122,5507.850706318921
2017-11-14 07:00:00,4952.0,5113.773614764887,4639.125931866987,5588.421297662786
2017-11-14 08:00:00,5129.0,5307.497246990986,4832.849564093087,5782.144929888886
2017-11-14 09:00:00,5730.0,5765.884450496662,5291.2367675987625,6240.532133394561
2017-11-14 10:00:00,6717.0,6424.52336206499,5949.875679167091,6899.171044962888
2017-11-14 11:00:00,6091.0,6062.166187297441,5587.5185043995425,6536.813870195339
2017-11-14 12:00:00,4371.0,4637.421819102495,4162.774136204596,5112.069502000393
2017-11-14 13:00:00,3202.0,3231.2791176368796,2756.6314347389807,3705.9268005347785
2017-11-14 14:00:00,2778.0,2856.943386841445,2382.295703943546,3331.5910697393438
2017-11-14 15:00:00,3722.0,2621.7470201430638,2147.099337245165,3096.3947030409627
2017-11-14 16:00:00,2381.0,1890.0969153306003,1415.4492324327014,2364.744598228499
2017-11-14 17:00:00,1462.0,1288.5098833813188,813.8622004834199,1763.1575662792177
2017-11-14 18:00:00,608.0,722.3360842058984,247.68840130799947,1196.9837671037972
2017-11-14 19:00:00,318.0,364.5269899513068,0.0,839.1746728492058
2017-11-14 21:00:00,354.0,376.4677223301129,0.0,851.1154052280118
2017-11-14 22:00:00,911.0,790.8517201084202,316.2040372105213,1265.499403006319
2017-11-14 23:00:00,3011.0,2604.9929390804077,2130.345256182509,3079.6406219783066
2017-11-15 00:00:00,6015.0,5804.166649840111,5329.5189669422125,6278.814332738009
2017-11-15 01:00:00,6580.0,6512.133347881324,6037.4856649834255,6986.781030779222
2017-11-15 03:00:00,5379.0,5337.63739775665,4862.9897148587515,5812.285080654548
2017-11-15 04:00:00,4687.0,4804.001799138201,4329.354116240302,5278.6494820361
2017-11-15 05:00:00,4924.0,5111.4699958541205,4636.822312956221,5586.11767875202
2017-11-15 06:00:00,5043.0,5262.106083073686,4787.458400175787,5736.753765971585
2017-11-15 07:00:00,4945.0,5265.473414460486,4790.825731562587,5740.121097358386
2017-11-15 08:00:00,5221.0,5642.901477535533,5168.253794637634,6117.549160433431
2017-11-15 09:00:00,5919.0,6047.3399179073285,5572.69223500943,6521.987600805227
2017-11-15 10:00:00,6923.0,6458.8951312013005,5984.247448303402,6933.542814099199
2017-11-15 11:00:00,6325.0,6208.996326243593,5734.348643345695,6683.644009141492
2017-11-15 12:00:00,4660.0,4890.868021264889,4416.220338366989,5365.515704162788
2017-11-15 13:00:00,3216.0,3419.1902875615897,2944.542604663691,3893.8379704594886
2017-11-15 14:00:00,2914.0,2944.8967960670943,2470.2491131691954,3419.5444789649932
2017-11-15 15:00:00,2461.0,2686.4985467158135,2211.8508638179146,3161.1462296137124
2017-11-15 16:00:00,1957.0,2071.4233200535186,1596.7756371556197,2546.0710029514175
2017-11-15 17:00:00,1400.0,1238.893454086917,764.2457711890181,1713.541136984816
2017-11-15 18:00:00,604.0,682.655545612768,208.00786271486913,1157.303228510667
2017-11-15 19:00:00,359.0,367.52345360018717,0.0,842.1711364980861
2017-11-15 20:00:00,264.0,311.1257113614146,0.0,785.7733942593135
2017-11-15 21:00:00,375.0,355.9956544664981,0.0,830.643337364397
2017-11-15 22:00:00,916.0,801.9722995748518,327.3246166769529,1276.6199824727507
2017-11-15 23:00:00,2967.0,2648.5100660801904,2173.8623831822915,3123.1577489780893
2017-11-16 00:00:00,5942.0,5833.62666255738,5358.978979659481,6308.274345455278
2017-11-16 01:00:00,6685.0,6383.938330869919,5909.29064797202,6858.586013767817
2017-11-16 02:00:00,6029.0,5927.1649176541,5452.5172347562,6401.812600551999
2017-11-16 03:00:00,5507.0,5182.436277812535,4707.788594914637,5657.0839607104335
2017-11-16 04:00:00,4678.0,4793.778620667754,4319.130937769854,5268.426303565653
2017-11-16 05:00:00,4943.0,5035.705088372124,4561.057405474225,5510.352771270023
2017-11-16 06:00:00,4977.0,5262.698468741193,4788.050785843294,5737.346151639093
2017-11-16 07:00:00,5182.0,5239.352753061221,4764.705070163322,5714.00043595912
2017-11-16 08:00:00,5315.0,5586.16253533644,5111.51485243854,6060.810218234339
2017-11-16 09:00:00,6079.0,6017.720299976589,5543.072617078689,6492.367982874488
2017-11-16 10:00:00,6658.0,6433.808167818547,5959.160484920649,6908.455850716446
2017-11-16 11:00:00,6125.0,6114.923665267554,5640.275982369654,6589.571348165453
2017-11-16 12:00:00,4724.0,4910.370642288481,4435.722959390581,5385.01832518638
2017-11-16 13:00:00,3538.0,3495.7741819257644,3021.1264990278655,3970.4218648236633
2017-11-16 14:00:00,3132.0,2992.559239193126,2517.911556295227,3467.206922091025
2017-11-16 15:00:00,3069.0,2888.784233634763,2414.136550736864,3363.431916532662
2017-11-16 16:00:00,3643.0,2407.436840288669,1932.78915739077,2882.084523186568
2017-11-16 17:00:00,2158.0,1381.0116341240862,906.3639512261873,1855.659317021985
2017-11-16 18:00:00,760.0,697.9270326884632,223.2793497905643,1172.5747155863621
2017-11-16 19:00:00,469.0,423.9081090268249,0.0,898.5557919247237
2017-11-16 20:00:00,316.0,328.94991303573823,0.0,803.5975959336372
2017-11-16 21:00:00,405.0,375.73338395646203,0.0,850.3810668543609
2017-11-16 22:00:00,851.0,713.5007131776437,238.85303027974476,1188.1483960755427
2017-11-16 23:00:00,2809.0,2389.5416620246233,1914.8939791267244,2864.189344922522
2017-11-17 00:00:00,5672.0,5648.451913839848,5173.804230941949,6123.099596737748
2017-11-17 01:00:00,5849.0,6362.425447188051,5887.777764290153,6837.07313008595
2017-11-17 02:00:00,5344.0,5933.690769682532,5459.0430867846335,6408.33845258043
2017-11-17 03:00:00,5132.0,5271.521182184263,4796.873499286365,5746.168865082162
2017-11-17 04:00:00,4706.0,4924.321323271053,4449.673640373154,5398.969006168953
2017-11-17 05:00:00,5128.0,5256.765702159733,4782.118019261834,5731.413385057633
2017-11-17 06:00:00,5308.0,5489.666914100614,5015.019231202716,5964.314596998513
2017-11-17 07:00:00,5105.0,5399.620384452324,4924.972701554425,5874.268067350224
2017-11-17 08:00:00,5488.0,5659.405869041883,5184.758186143985,6134.053551939782
2017-11-17 09:00:00,5906.0,5941.811830075759,5467.16414717786,6416.459512973657
2017-11-17 10:00:00,6629.0,6199.306591185637,5724.658908287738,6673.954274083537
2017-11-17 11:00:00,5965.0,5829.126370410915,5354.478687513016,6303.7740533088145
2017-11-17 12:00:00,5100.0,4831.072268986077,4356.424586088178,5305.719951883975
2017-11-17 13:00:00,3774.0,3576.151311449258,3101.5036285513593,4050.798994347157
2017-11-17 14:00:00,3077.0,3072.060099354527,2597.4124164566283,3546.707782252426
2017-11-17 15:00:00,3030.0,3007.48931544629,2532.8416325483913,3482.136998344189
2017-11-17 16:00:00,2630.0,2759.690712197342,2285.043029299443,3234.3383950952407
2017-11-17 17:00:00,2657.0,1924.7359533756,1450.0882704777011,2399.383636273499
2017-11-17 18:00:00,1222.0,1242.0671581634701,767.4194752655712,1716.714841061369
2017-11-17 19:00:00,709.0,735.3430156071915,260.69533270929264,1209.9906985050904
2017-11-17 20:00:00,496.0,485.9308190428506,11.283136144951698,960.5785019407494
2017-11-17 21:00:00,433.0,396.79768463305925,0.0,871.4453675309582
2017-11-17 22:00:00,392.0,501.93622146554014,27.28853856764124,976.583904363439
2017-11-17 23:00:00,801.0,696.3405275051939,221.692844607295,1170.9882104030928
2017-11-18 00:00:00,1385.0,1644.6455925479374,1169.9979096500385,2119.293275445836
2017-11-18 01:00:00,2115.0,2176.7932132764845,1702.1455303785856,2651.4408961743834
2017-11-18 02:00:00,3136.0,3180.1120891018877,2705.464406203989,3654.7597719997866
2017-11-18 03:00:00,3676.0,3792.2288099802086,3317.5811270823096,4266.8764928781075
2017-11-18 04:00:00,4034.0,4273.456716112991,3798.809033215092,4748.10439901089
2017-11-18 05:00:00,4517.0,4626.119364131118,4151.471681233219,5100.767047029018
2017-11-18 06:00:00,4590.0,4812.978815558174,4338.331132660274,5287.626498456073
2017-11-18 07:00:00,4876.0,4769.329828143187,4294.682145245288,5243.9775110410865
2017-11-18 08:00:00,4729.0,4657.23041454771,4182.582731649811,5131.8780974456095
2017-11-18 09:00:00,4754.0,4647.204773526623,4172.557090628725,5121.852456424522
2017-11-18 10:00:00,4939.0,4574.394858252153,4099.747175354254,5049.042541150053
2017-11-18 11:00:00,4852.0,4504.193306492661,4029.5456235947618,4978.840989390559
2017-11-18 12:00:00,4556.0,4076.6703026644154,3602.0226197665165,4551.317985562315
2017-11-18 13:00:00,3733.0,3461.129691681416,2986.482008783517,3935.7773745793147
2017-11-18 14:00:00,3181.0,2980.0272835630367,2505.379600665138,3454.6749664609356
2017-11-18 15:00:00,3011.0,3044.009016500268,2569.361333602369,3518.656699398167
2017-11-18 16:00:00,3358.0,2997.696647928181,2523.048965030282,3472.34433082608
2017-11-18 17:00:00,3347.0,2165.479643856957,1690.831960959058,2640.127326754856
2017-11-18 18:00:00,1529.0,1447.049026582617,972.4013436847181,1921.696709480516
2017-11-18 19:00:00,996.0,864.7537078589644,390.1060249610655,1339.4013907568633
2017-11-18 20:00:00,726.0,527.8865129685479,53.23883007064899,1002.5341958664468
2017-11-18 21:00:00,439.0,386.7345746008476,0.0,861.3822574987465
2017-11-18 22:00:00,407.0,420.2075401403635,0.0,894.8552230382625
2017-11-18 23:00:00,738.0,525.0332995825091,50.38561668461023,999.680982480408
2017-11-19 00:00:00,1138.0,1075.4116290747584,600.7639461768595,1550.0593119726573
2017-11-19 01:00:00,1498.0,1184.6393233491174,709.9916404512185,1659.2870062470163
2017-11-19 02:00:00,2214.0,2002.0579773377806,1527.4102944398817,2476.7056602356797
2017-11-19 03:00:00,3432.0,3010.2255497846377,2535.577866886739,3484.8732326825366
2017-11-19 04:00:00,4460.0,3849.77368057034,3375.125997672441,4324.421363468238
2017-11-19 05:00:00,4195.0,4400.086688702164,3925.439005804265,4874.734371600063
2017-11-19 06:00:00,4185.0,4484.652870158543,4010.005187260644,4959.300553056442
2017-11-19 07:00:00,4115.0,4727.710368430239,4253.062685532341,5202.358051328138
2017-11-19 08:00:00,4121.0,4640.0059315132685,4165.35824861537,5114.653614411167
2017-11-19 09:00:00,4329.0,4635.134524249579,4160.48684135168,5109.782207147478
2017-11-19 10:00:00,4555.0,4644.199543284362,4169.551860386464,5118.847226182261
2017-11-19 11:00:00,4505.0,4439.0629022679495,3964.4152193700506,4913.710585165849
2017-11-19 12:00:00,3560.0,4103.621344916972,3628.973662019073,4578.269027814871
2017-11-19 13:00:00,2989.0,3233.8629098268566,2759.2152269289577,3708.5105927247555
2017-11-19 14:00:00,2477.0,2628.3413755878328,2153.693692689934,3102.9890584857317
2017-11-19 15:00:00,1898.0,2321.4994221403394,1846.8517392424405,2796.1471050382384
2017-11-19 16:00:00,1413.0,2042.350402848011,1567.7027199501122,2516.99808574591
2017-11-19 17:00:00,991.0,1271.0780720317914,796.4303891338925,1745.7257549296903
2017-11-19 18:00:00,484.0,687.6668360046929,213.01915310679396,1162.3145189025918
2017-11-19 19:00:00,331.0,390.1462992553004,0.0,864.7939821531993
2017-11-19 20:00:00,239.0,350.95787041960943,0.0,825.6055533175083
2017-11-19 21:00:00,373.0,370.86319476771996,0.0,845.5108776656189
2017-11-19 22:00:00,848.0,771.3024838093212,296.6548009114223,1245.95016670722
2017-11-19 23:00:00,2851.0,2644.9593718323717,2170.311688934473,3119.6070547302706
2017-11-20 00:00:00,5208.0,5916.5652225942,5441.917539696302,6391.212905492099
2017-11-20 01:00:00,6600.0,6378.840058220033,5904.1923753221345,6853.487741117931
2017-11-20 02:00:00,5918.0,5674.617686750521,5199.9700038526225,6149.265369648419
2017-11-20 03:00:00,5020.0,4720.029044782603,4245.381361884703,5194.676727680502
2017-11-20 04:00:00,4583.0,4215.354775855078,3740.7070929571787,4690.002458752977
2017-11-20 05:00:00,4556.0,4466.4442914197425,3991.7966085218436,4941.091974317642
2017-11-20 06:00:00,4812.0,4792.764774727209,4318.11709182931,5267.412457625109
2017-11-20 07:00:00,4866.0,4867.004671681945,4392.356988784046,5341.6523545798445
2017-11-20 08:00:00,5095.0,5113.210760398458,4638.563077500559,5587.858443296356
2017-11-20 09:00:00,5769.0,5534.416297536477,5059.768614638579,6009.0639804343755
2017-11-20 10:00:00,6629.0,6290.313790663786,5815.666107765886,6764.961473561685
2017-11-20 11:00:00,6013.0,5965.822150418426,5491.174467520526,6440.469833316325
2017-11-20 12:00:00,4162.0,4325.766759256089,3851.1190763581903,4800.414442153988
2017-11-20 13:00:00,3029.0,3140.7602199071575,2666.1125370092586,3615.4079028050564
2017-11-20 14:00:00,2612.0,2589.2645986746916,2114.6169157767927,3063.9122815725905
2017-11-20 15:00:00,2595.0,2365.9883687995134,1891.3406859016145,2840.6360516974123
2017-11-20 16:00:00,3268.0,1706.1084424621945,1231.4607595642956,2180.7561253600934
2017-11-20 17:00:00,1174.0,1112.2246909604296,637.5770080625307,1586.8723738583285
2017-11-20 18:00:00,560.0,600.9786601683805,126.33097727048164,1075.6263430662793
2017-11-20 19:00:00,373.0,306.14337154259664,0.0,780.7910544404956
2017-11-20 20:00:00,247.0,268.6826706179873,0.0,743.3303535158861
2017-11-20 21:00:00,381.0,306.95885194109644,0.0,781.6065348389953
2017-11-20 22:00:00,867.0,749.3292253024997,274.6815424046008,1223.9769082003986
2017-11-20 23:00:00,2906.0,2638.895530565698,2164.2478476677993,3113.543213463597
2017-11-21 00:00:00,5793.0,5858.66083807551,5384.01315517761,6333.308520973409
2017-11-21 01:00:00,6796.0,6555.362222214848,6080.7145393169485,7030.009905112747
2017-11-21 02:00:00,5932.0,6062.176181296074,5587.528498398175,6536.823864193973
2017-11-21 03:00:00,5354.0,5149.305876336423,4674.658193438525,5623.953559234322
2017-11-21 04:00:00,4682.0,4636.310328941847,4161.6626460439475,5110.958011839746
2017-11-21 05:00:00,4877.0,4876.5360902516795,4401.888407353781,5351.183773149578
2017-11-21 06:00:00,5069.0,5135.958281239264,4661.310598341364,5610.605964137163
2017-11-21 07:00:00,5268.0,5155.832443265589,4681.184760367691,5630.4801261634875
2017-11-21 08:00:00,5314.0,5456.950121236057,4982.302438338158,5931.597804133957
2017-11-21 09:00:00,5823.0,5885.333648367889,5410.685965469989,6359.981331265788
2017-11-21 10:00:00,6669.0,6431.889064014745,5957.241381116846,6906.536746912643
2017-11-21 11:00:00,6379.0,6199.886374775162,5725.238691877263,6674.534057673061
2017-11-21 12:00:00,4670.0,4648.833777874332,4174.186094976432,5123.481460772231
2017-11-21 13:00:00,3208.0,3418.579372958451,2943.9316900605522,3893.22705585635
2017-11-21 14:00:00,2807.0,2895.901823102144,2421.2541402042452,3370.549506000043
2017-11-21 15:00:00,2583.0,2720.9108586452103,2246.2631757473114,3195.558541543109
2017-11-21 16:00:00,1848.0,1879.1611448613903,1404.5134619634914,2353.808827759289
2017-11-21 17:00:00,1111.0,1223.9232289196896,749.2755460217907,1698.5709118175885
2017-11-21 18:00:00,633.0,613.8915860572108,139.2439031593119,1088.5392689551097
2017-11-21 19:00:00,422.0,368.81385205003284,0.0,843.4615349479318
2017-11-21 20:00:00,320.0,316.4503148640506,0.0,791.0979977619495
2017-11-21 21:00:00,380.0,363.6260259459535,0.0,838.2737088438523
2017-11-21 22:00:00,861.0,784.1143193953326,309.4666364974337,1258.7620022932315
2017-11-21 23:00:00,2761.0,2717.2298657725555,2242.5821828746566,3191.8775486704544
2017-11-22 00:00:00,5385.0,5767.456242250015,5292.8085593521155,6242.103925147914
2017-11-22 01:00:00,5983.0,6086.2535585166415,5611.605875618743,6560.90124141454
2017-11-22 02:00:00,5411.0,6251.2077591481575,5776.560076250258,6725.855442046057
2017-11-22 03:00:00,5036.0,5279.455838961131,4804.808156063233,5754.10352185903
2017-11-22 04:00:00,4830.0,4818.842219802982,4344.194536905083,5293.489902700881
2017-11-22 05:00:00,5165.0,5059.476363940064,4584.828681042165,5534.124046837964
2017-11-22 06:00:00,5484.0,5219.76767821777,4745.11999531987,5694.415361115669
2017-11-22 07:00:00,5650.0,5127.920076507704,4653.272393609805,5602.567759405603
2017-11-22 08:00:00,5916.0,5394.32225323824,4919.674570340341,5868.969936136138
2017-11-22 09:00:00,5793.0,5707.443977017623,5232.796294119724,6182.0916599155225
2017-11-22 10:00:00,6032.0,6274.748660768936,5800.100977871038,6749.396343666835
2017-11-22 11:00:00,5177.0,5838.720587977992,5364.072905080093,6313.3682708758915
2017-11-22 12:00:00,4347.0,4733.4744584963955,4258.826775598496,5208.122141394295
2017-11-22 13:00:00,3179.0,3452.029342459961,2977.381659562062,3926.6770253578597
2017-11-22 14:00:00,2860.0,2905.6776403440663,2431.0299574461674,3380.325323241965
2017-11-22 15:00:00,2638.0,2717.073766293872,2242.426083395973,3191.7214491917707
2017-11-22 16:00:00,2077.0,1962.518622115704,1487.870939217805,2437.166305013603
2017-11-22 17:00:00,1474.0,1231.798531406789,757.15084850889,1706.4462143046878
2017-11-22 18:00:00,1324.0,641.4429421232402,166.79525922534128,1116.0906250211392
2017-11-22 19:00:00,601.0,362.8258790228581,0.0,837.473561920757
2017-11-22 20:00:00,416.0,346.80069999951286,0.0,821.4483828974118
2017-11-22 21:00:00,320.0,347.20483707616523,0.0,821.8525199740641
2017-11-22 22:00:00,266.0,714.6202786939674,239.9725957960685,1189.2679615918664
2017-11-22 23:00:00,423.0,2389.3257733279183,1914.6780904300194,2863.9734562258172
2017-11-23 00:00:00,834.0,4006.5268486113796,3531.8791657134807,4481.1745315092785
2017-11-23 01:00:00,991.0,4146.522794683251,3671.875111785352,4621.17047758115
2017-11-23 02:00:00,1267.0,4142.011181202171,3667.3634983042725,4616.658864100071
2017-11-23 03:00:00,2227.0,4733.383014392029,4258.73533149413,5208.030697289927
2017-11-23 04:00:00,2817.0,3801.3619814444514,3326.7142985465525,4276.00966434235
2017-11-23 05:00:00,3347.0,4271.640972433028,3796.993289535129,4746.288655330927
2017-11-23 06:00:00,3169.0,3662.1446944268855,3187.4970115289866,4136.792377324784
2017-11-23 07:00:00,3049.0,3389.708138786225,2915.060455888326,3864.355821684124
2017-11-23 08:00:00,2935.0,2968.7647124362593,2494.1170295383604,3443.412395334158
2017-11-23 09:00:00,3278.0,3161.9546020832954,2687.3069191853965,3636.6022849811943
2017-11-23 10:00:00,3212.0,3579.590506634694,3104.942823736795,4054.238189532593
2017-11-23 11:00:00,3340.0,3470.3526184589145,2995.7049355610156,3945.0003013568135
2017-11-23 12:00:00,3267.0,3282.119688571588,2807.472005673689,3756.767371469487
2017-11-23 13:00:00,3194.0,2754.1309369423625,2279.4832540444636,3228.7786198402614
2017-11-23 14:00:00,2989.0,2512.9875141429397,2038.3398312450408,2987.6351970408386
2017-11-23 15:00:00,2730.0,2434.8077332159396,1960.1600503180407,2909.4554161138385
2017-11-23 16:00:00,1962.0,2325.2379059432237,1850.5902230453248,2799.8855888411226
2017-11-23 17:00:00,1313.0,1414.5831439914868,939.935461093588,1889.2308268893858
2017-11-23 18:00:00,770.0,761.573205821449,286.92552292355015,1236.2208887193478
2017-11-23 19:00:00,467.0,481.5948655355619,6.947182637662991,956.2425484334608
2017-11-23 20:00:00,271.0,334.2471286036069,0.0,808.8948115015057
2017-11-23 21:00:00,257.0,312.39470975978196,0.0,787.0423926576809
2017-11-23 22:00:00,403.0,522.7241294440745,48.07644654617559,997.3718123419734
2017-11-23 23:00:00,1045.0,1956.181955559896,1481.5342726619972,2430.829638457795
2017-11-24 00:00:00,2101.0,3359.844843509388,2885.197160611489,3834.4925264072867
2017-11-24 01:00:00,2419.0,3758.6647786101844,3284.0170957122855,4233.312461508083
2017-11-24 02:00:00,2480.0,3340.942814174458,2866.295131276559,3815.590497072357
2017-11-24 03:00:00,2909.0,2612.3303513519572,2137.6826684540583,3086.978034249856
2017-11-24 04:00:00,3405.0,3392.108834125023,2917.461151227124,3866.756517022922
2017-11-24 05:00:00,4017.0,3810.8216827496067,3336.173999851708,4285.469365647506
2017-11-24 06:00:00,4321.0,4127.648152904439,3653.0004700065397,4602.295835802337
2017-11-24 07:00:00,4334.0,4015.8572346217784,3541.2095517238795,4490.504917519677
2017-11-24 08:00:00,4749.0,3604.309936439142,3129.662253541243,4078.957619337041
2017-11-24 09:00:00,4696.0,3959.2887207854565,3484.6410378875576,4433.936403683356
2017-11-24 10:00:00,4482.0,4019.9129554173937,3545.265272519495,4494.560638315293
2017-11-24 11:00:00,4858.0,4572.946245139219,4098.29856224132,5047.5939280371185
2017-11-24 12:00:00,5325.0,3961.495359903364,3486.847677005465,4436.143042801263
2017-11-24 13:00:00,3279.0,3005.8518541483218,2531.204171250423,3480.4995370462207
2017-11-24 14:00:00,2844.0,2559.6003736129646,2084.9526907150657,3034.2480565108635
2017-11-24 15:00:00,2802.0,2484.231535341211,2009.583852443312,2958.87921823911
2017-11-24 16:00:00,2297.0,2436.789566935489,1962.14188403759,2911.437249833388
2017-11-24 17:00:00,1642.0,1766.5670217035245,1291.9193388056256,2241.2147046014234
2017-11-24 18:00:00,1079.0,1111.4479733619053,636.8002904640064,1586.0956562598042
2017-11-24 19:00:00,655.0,639.764998295497,165.11731539759808,1114.4126811933959
2017-11-24 20:00:00,516.0,509.1942376757693,34.54655477787037,983.8419205736682
2017-11-24 21:00:00,372.0,402.308243269604,0.0,876.9559261675029
2017-11-24 22:00:00,323.0,409.3827787512642,0.0,884.030461649163
2017-11-24 23:00:00,595.0,395.34256501526545,0.0,869.9902479131644
2017-11-25 00:00:00,1010.0,866.7401722989221,392.09248940102316,1341.387855196821
2017-11-25 01:00:00,1539.0,1280.086854485672,805.439171587773,1754.7345373835708
2017-11-25 02:00:00,2133.0,1928.4955009212908,1453.847818023392,2403.1431838191897
2017-11-25 03:00:00,3054.0,2612.0257141241914,2137.3780312262925,3086.6733970220903
2017-11-25 04:00:00,3914.0,3129.0701345225957,2654.422451624697,3603.7178174204946
2017-11-25 05:00:00,4734.0,3486.6980016742946,3012.0503187763957,3961.3456845721935
2017-11-25 06:00:00,5167.0,3894.7400579960467,3420.092375098148,4369.387740893946
2017-11-25 07:00:00,4952.0,3957.8198858977853,3483.1722029998864,4432.467568795684
2017-11-25 08:00:00,4461.0,4262.706226394582,3788.058543496683,4737.35390929248
2017-11-25 09:00:00,4348.0,4356.542970654192,3881.895287756293,4831.19065355209
2017-11-25 10:00:00,4380.0,4364.462560375543,3889.814877477644,4839.110243273442
2017-11-25 11:00:00,4490.0,4231.117326262907,3756.4696433650083,4705.765009160807
2017-11-25 12:00:00,4046.0,3793.0149330941426,3318.3672501962437,4267.6626159920415
2017-11-25 13:00:00,3463.0,3262.370080197671,2787.722397299772,3737.01776309557
2017-11-25 14:00:00,3005.0,2784.5686893796455,2309.9210064817466,3259.2163722775445
2017-11-25 15:00:00,2800.0,2772.6984166443763,2298.0507337464774,3247.346099542275
2017-11-25 16:00:00,2673.0,2715.3823672846906,2240.7346843867917,3190.0300501825895
2017-11-25 17:00:00,2584.0,1984.1544667097885,1509.5067838118896,2458.802149607687
2017-11-25 18:00:00,1386.0,1310.6402965543568,835.9926136564579,1785.2879794522557
2017-11-25 19:00:00,938.0,715.4170920498093,240.7694091519104,1190.0647749477082
2017-11-25 20:00:00,701.0,519.9829125024016,45.33522960450273,994.6305954003005
2017-11-25 21:00:00,513.0,368.290598705318,0.0,842.9382816032169
2017-11-25 22:00:00,454.0,408.5089713914745,0.0,883.1566542893734
2017-11-25 23:00:00,602.0,503.9084905476662,29.260807649767287,978.556173445565
2017-11-26 00:00:00,965.0,739.7949110767728,265.1472281788739,1214.4425939746716
2017-11-26 01:00:00,1240.0,1000.7537669878792,526.1060840899803,1475.4014498857782
2017-11-26 02:00:00,1769.0,1567.3679892469952,1092.7203063490963,2042.015672144894
2017-11-26 03:00:00,2404.0,2495.716327107983,2021.0686442100841,2970.364010005882
2017-11-26 04:00:00,3280.0,3181.5652336327275,2706.9175507348286,3656.2129165306264
2017-11-26 05:00:00,3886.0,3536.265197547828,3061.617514649929,4010.912880445727
2017-11-26 06:00:00,4299.0,3824.3142513649314,3349.6665684670324,4298.96193426283
2017-11-26 07:00:00,4860.0,3997.1671326699334,3522.5194497720345,4471.814815567832
2017-11-26 08:00:00,4871.0,4017.8915648380125,3543.2438819401136,4492.539247735911
2017-11-26 09:00:00,4994.0,4255.591279414984,3780.9435965170846,4730.238962312882
2017-11-26 10:00:00,4933.0,4424.334002027303,3949.6863191294037,4898.981684925202
2017-11-26 11:00:00,4794.0,4138.95616039675,3664.3084774988515,4613.60384329465
2017-11-26 12:00:00,4392.0,3715.3274406821133,3240.6797577842144,4189.975123580012
2017-11-26 13:00:00,3341.0,3462.9823297292573,2988.3346468313584,3937.6300126271562
2017-11-26 14:00:00,2839.0,2775.899975505427,2301.252292607528,3250.547658403326
2017-11-26 15:00:00,2550.0,2486.6444504394076,2011.9967675415087,2961.2921333373065
2017-11-26 16:00:00,1640.0,1906.8259537445529,1432.178270846654,2381.4736366424518
2017-11-26 17:00:00,1009.0,1177.7995188716807,703.1518359737818,1652.4472017695796
2017-11-26 18:00:00,539.0,729.4328469005975,254.7851640026986,1204.0805297984964
2017-11-26 19:00:00,317.0,401.24550416651596,0.0,875.8931870644149
2017-11-26 20:00:00,213.0,355.03574593955636,0.0,829.6834288374553
2017-11-26 21:00:00,328.0,352.03122357223924,0.0,826.6789064701381
2017-11-26 22:00:00,810.0,645.4915015559795,170.84381865808064,1120.1391844538784
2017-11-26 23:00:00,2875.0,2416.7609472600934,1942.1132643621945,2891.4086301579923
2017-11-27 00:00:00,5636.0,5150.10506043761,4675.457377539711,5624.752743335508
2017-11-27 01:00:00,6656.0,5988.506997735168,5513.859314837269,6463.154680633066
2017-11-27 02:00:00,5907.0,5390.929301981067,4916.281619083167,5865.576984878966
2017-11-27 03:00:00,5063.0,4226.0675622744675,3751.4198793765686,4700.715245172367
2017-11-27 04:00:00,4365.0,4057.6061884174196,3582.9585055195207,4532.253871315319
2017-11-27 05:00:00,4513.0,4355.738135720593,3881.0904528226943,4830.385818618492
2017-11-27 06:00:00,4933.0,4528.594186755145,4053.9465038572457,5003.241869653044
2017-11-27 07:00:00,4659.0,4571.117919429626,4096.470236531728,5045.765602327525
2017-11-27 08:00:00,4997.0,5021.584844200019,4546.937161302119,5496.232527097918
2017-11-27 09:00:00,5748.0,5499.858277849635,5025.210594951735,5974.505960747534
2017-11-27 10:00:00,6674.0,6217.3573635703015,5742.709680672402,6692.005046468201
2017-11-27 11:00:00,5937.0,5888.793953997999,5414.1462711001,6363.441636895897
2017-11-27 12:00:00,4171.0,4313.792405022425,3839.1447221245257,4788.440087920324
2017-11-27 13:00:00,2984.0,2972.7647080427564,2498.1170251448575,3447.4123909406553
2017-11-27 14:00:00,2399.0,2557.9370552249047,2083.289372327006,3032.5847381228036
2017-11-27 15:00:00,2051.0,2286.061057357991,1811.4133744600922,2760.70874025589
2017-11-27 16:00:00,1431.0,1689.3467634042927,1214.6990805063938,2163.9944463021916
2017-11-27 17:00:00,955.0,1080.865390544298,606.217707646399,1555.5130734421969
2017-11-27 18:00:00,569.0,549.4257653997058,74.77808250180692,1024.0734482976047
2017-11-27 19:00:00,317.0,332.40014629555515,0.0,807.047829193454
2017-11-27 20:00:00,254.0,303.6290933709971,0.0,778.276776268896
2017-11-27 21:00:00,352.0,334.11812005490157,0.0,808.7658029528004
2017-11-27 22:00:00,843.0,823.9229247079727,349.2752418100738,1298.5706076058716
2017-11-27 23:00:00,3058.0,2717.7592385968514,2243.1115556989525,3192.4069214947503
2017-11-28 00:00:00,5917.0,5592.632853441896,5117.985170543998,6067.280536339795
2017-11-28 01:00:00,6649.0,6181.223638245949,5706.575955348049,6655.871321143848
2017-11-28 02:00:00,6075.0,5795.726118311549,5321.07843541365,6270.373801209447
2017-11-28 03:00:00,5320.0,5006.858894468708,4532.21121157081,5481.5065773666065
2017-11-28 04:00:00,4493.0,4430.267422466696,3955.6197395687973,4904.915105364595
2017-11-28 05:00:00,4934.0,4601.542697459,4126.895014561102,5076.1903803568985
2017-11-28 06:00:00,4980.0,4834.517612094693,4359.869929196793,5309.165294992592
2017-11-28 07:00:00,4837.0,4863.087709832211,4388.440026934311,5337.73539273011
2017-11-28 08:00:00,5024.0,5307.868678995844,4833.220996097945,5782.516361893742
2017-11-28 09:00:00,5756.0,5790.957964934391,5316.310282036493,6265.60564783229
2017-11-28 10:00:00,6731.0,6430.802839886543,5956.155156988643,6905.450522784442
2017-11-28 11:00:00,5922.0,6042.5099305844415,5567.862247686542,6517.157613482341
2017-11-28 12:00:00,4740.0,4480.294900721823,4005.647217823924,4954.942583619722
2017-11-28 13:00:00,3162.0,3108.8654433133065,2634.2177604154076,3583.5131262112054
2017-11-28 14:00:00,2676.0,2810.345102605286,2335.697419707387,3284.9927855031847
2017-11-28 15:00:00,2378.0,2547.9463138250344,2073.2986309271355,3022.5939967229333
2017-11-28 16:00:00,1532.0,1820.6454900370368,1345.9978071391379,2295.2931729349357
2017-11-28 17:00:00,946.0,1193.8893360219524,719.2416531240535,1668.5370189198513
2017-11-28 18:00:00,552.0,650.265968355326,175.61828545742708,1124.913651253225
2017-11-28 19:00:00,310.0,369.3389674560777,0.0,843.9866503539765
2017-11-28 20:00:00,274.0,326.103194130638,0.0,800.7508770285369
2017-11-28 21:00:00,376.0,343.85906432409655,0.0,818.5067472219955
2017-11-28 22:00:00,883.0,718.3160724471389,243.66838954924003,1192.963755345038
2017-11-28 23:00:00,3034.0,2638.70431845361,2164.056635555711,3113.352001351509
2017-11-29 00:00:00,5956.0,5531.629093326852,5056.981410428953,6006.276776224751
2017-11-29 01:00:00,6624.0,6087.877095261538,5613.229412363638,6562.524778159437
2017-11-29 02:00:00,6020.0,5724.243662453595,5249.5959795556955,6198.891345351494
2017-11-29 03:00:00,5331.0,4874.843139289105,4400.195456391206,5349.490822187005
2017-11-29 04:00:00,4690.0,4427.839437189708,3953.1917542918095,4902.487120087608
2017-11-29 05:00:00,4770.0,4692.787204192277,4218.139521294379,5167.434887090176
2017-11-29 06:00:00,4982.0,4863.149870252052,4388.502187354154,5337.7975531499505
2017-11-29 07:00:00,4983.0,4860.842719091626,4386.195036193727,5335.490401989526
2017-11-29 08:00:00,5223.0,5273.8827653582075,4799.235082460309,5748.530448256106
2017-11-29 09:00:00,5862.0,5772.841150424078,5298.193467526178,6247.488833321977
2017-11-29 10:00:00,6685.0,6399.126669020811,5924.478986122913,6873.77435191871
2017-11-29 11:00:00,6347.0,5996.3593060821695,5521.71162318427,6471.006988980069
2017-11-29 12:00:00,4914.0,4506.039002618643,4031.3913197207444,4980.686685516543
2017-11-29 13:00:00,3716.0,3254.522712385448,2779.875029487549,3729.170395283347
2017-11-29 14:00:00,2859.0,2825.9092987125387,2351.2616158146398,3300.5569816104376
2017-11-29 15:00:00,2491.0,2650.249739111491,2175.6020562135923,3124.89742200939
2017-11-29 16:00:00,1780.0,1990.0559957270336,1515.4083128291347,2464.7036786249328
2017-11-29 17:00:00,2859.0,1219.4453836176467,744.7977007197478,1694.0930665155456
2017-11-29 18:00:00,732.0,710.1712314895736,235.52354859167474,1184.8189143874724
2017-11-29 19:00:00,401.0,433.10921047106615,0.0,907.756893368965
2017-11-29 20:00:00,284.0,323.19829546124754,0.0,797.8459783591464
2017-11-29 21:00:00,395.0,356.6967663783424,0.0,831.3444492762412
2017-11-29 22:00:00,926.0,674.0338360242157,199.3861531263168,1148.6815189221147
2017-11-29 23:00:00,2967.0,2527.4157697198575,2052.7680868219586,3002.0634526177564
2017-11-30 00:00:00,5862.0,5484.388507128331,5009.740824230432,5959.0361900262305
2017-11-30 01:00:00,6440.0,6092.247599449516,5617.599916551617,6566.895282347416
2017-11-30 02:00:00,5819.0,5677.234708300178,5202.587025402279,6151.882391198076
2017-11-30 03:00:00,5518.0,4908.735314188935,4434.087631291037,5383.382997086834
2017-11-30 04:00:00,4643.0,4641.6036750277735,4166.955992129875,5116.251357925672
2017-11-30 05:00:00,5089.0,4999.391251711762,4524.743568813863,5474.038934609662
2017-11-30 06:00:00,5069.0,5332.469987257473,4857.8223043595735,5807.117670155372
2017-11-30 07:00:00,5138.0,5306.982157637574,4832.334474739675,5781.629840535474
2017-11-30 08:00:00,5338.0,5565.704753945306,5091.057071047408,6040.3524368432045
2017-11-30 09:00:00,5700.0,5883.916303595402,5409.268620697503,6358.5639864933
2017-11-30 10:00:00,6605.0,6435.241774575294,5960.594091677394,6909.889457473193
2017-11-30 11:00:00,6241.0,6075.935412384461,5601.287729486563,6550.58309528236
2017-11-30 12:00:00,4668.0,4880.575233582065,4405.927550684166,5355.222916479965
2017-11-30 13:00:00,3377.0,3471.0713421112264,2996.4236592133275,3945.7190250091253
2017-11-30 14:00:00,3106.0,3014.2381871797847,2539.590504281886,3488.8858700776836
2017-11-30 15:00:00,3619.0,2887.014007373411,2412.366324475512,3361.66169027131
2017-11-30 16:00:00,2969.0,2425.5199361684577,1950.8722532705588,2900.1676190663566
2017-11-30 17:00:00,1383.0,1372.3838580093363,897.7361751114374,1847.0315409072352
2017-11-30 18:00:00,721.0,778.1706725373363,303.52298963943736,1252.8183554352352
2017-11-30 19:00:00,431.0,396.89622340349877,0.0,871.5439063013977
2017-11-30 20:00:00,291.0,338.0586680655305,0.0,812.7063509634295
2017-11-30 21:00:00,420.0,386.60109346728603,0.0,861.248776365185
2017-11-30 22:00:00,830.0,764.6526643481942,290.0049814502953,1239.3003472460932
2017-11-30 23:00:00,2873.0,2537.676126626799,2063.0284437289,3012.323809524698
2017-12-01 00:00:00,5650.0,5391.435595889886,4916.7879129919875,5866.083278787784
2017-12-01 01:00:00,6708.0,6205.382601321909,5730.73491842401,6680.030284219807
2017-12-01 02:00:00,5772.0,5713.343412870008,5238.695729972109,6187.991095767908
2017-12-01 03:00:00,5335.0,5058.73818183072,4584.090498932821,5533.38586472862
2017-12-01 04:00:00,4881.0,4853.869692764689,4379.222009866789,5328.517375662588
2017-12-01 05:00:00,5187.0,5131.659376172686,4657.011693274788,5606.307059070585
2017-12-01 06:00:00,5421.0,5465.013248402695,4990.365565504797,5939.660931300594
2017-12-01 07:00:00,5565.0,5524.968223565213,5050.320540667313,5999.615906463112
2017-12-01 08:00:00,5711.0,5757.783539688457,5283.135856790557,6232.431222586356
2017-12-01 09:00:00,6284.0,5993.701410083653,5519.053727185754,6468.3490929815525
2017-12-01 10:00:00,6468.0,6473.923363226203,5999.275680328305,6948.5710461241015
2017-12-01 11:00:00,6000.0,6028.924320664687,5554.276637766789,6503.572003562585
2017-12-01 12:00:00,5037.0,4904.9692628803095,4430.32157998241,5379.616945778209
2017-12-01 13:00:00,4086.0,3609.7217655265767,3135.074082628678,4084.3694484244756
2017-12-01 14:00:00,3480.0,3045.8512877931666,2571.2036048952677,3520.4989706910656
2017-12-01 15:00:00,3043.0,2972.500639237278,2497.852956339379,3447.148322135177
2017-12-01 16:00:00,3054.0,2785.6751969445795,2311.0275140466806,3260.3228798424784
2017-12-01 17:00:00,3604.0,1939.1174780644612,1464.4697951665623,2413.76516096236
2017-12-01 18:00:00,1479.0,1170.1558638488052,695.5081809509063,1644.8035467467041
2017-12-01 19:00:00,866.0,687.4091723259208,212.76148942802195,1162.0568552238196
2017-12-01 20:00:00,635.0,517.1313519793761,42.48366908147716,991.779034877275
2017-12-01 21:00:00,489.0,435.46946159324636,0.0,910.1171444911453
2017-12-01 22:00:00,539.0,488.1724206753743,13.524737777475423,962.8201035732732
2017-12-01 23:00:00,978.0,726.6722396771419,252.02455677924297,1201.319922575041
2017-12-02 00:00:00,1666.0,1624.7007305660652,1150.0530476681663,2099.348413463964
2017-12-02 01:00:00,2386.0,2273.856455657386,1799.2087727594871,2748.504138555285
2017-12-02 02:00:00,3343.0,3309.3820614716383,2834.7343785737394,3784.029744369537
2017-12-02 03:00:00,4112.0,3870.804477365208,3396.1567944673093,4345.452160263107
2017-12-02 04:00:00,4562.0,4445.2249875502985,3970.5773046523996,4919.872670448198
2017-12-02 05:00:00,5055.0,4773.496176448703,4298.848493550804,5248.143859346603
2017-12-02 06:00:00,5441.0,4900.307986084869,4425.660303186971,5374.955668982768
2017-12-02 07:00:00,5516.0,4974.1140969242915,4499.466414026392,5448.761779822191
2017-12-02 08:00:00,5177.0,4796.32729813443,4321.679615236531,5270.974981032328
2017-12-02 09:00:00,5477.0,4734.120332211509,4259.4726493136095,5208.768015109408
2017-12-02 10:00:00,5397.0,4711.225808204349,4236.578125306451,5185.8734911022475
2017-12-02 11:00:00,5838.0,4584.032335419047,4109.384652521148,5058.680018316945
2017-12-02 12:00:00,5490.0,4187.671694847494,3713.024011949595,4662.319377745393
2017-12-02 13:00:00,4140.0,3591.5639864110267,3116.916303513128,4066.2116693089256
2017-12-02 14:00:00,4032.0,3120.8605017361688,2646.21281883827,3595.5081846340677
2017-12-02 15:00:00,3182.0,3044.8113334132086,2570.1636505153097,3519.4590163111075
2017-12-02 16:00:00,2623.0,2889.811761659748,2415.164078761849,3364.4594445576467
2017-12-02 17:00:00,1939.0,2110.967524235461,1636.3198413375621,2585.61520713336
2017-12-02 18:00:00,1274.0,1467.0842518808408,992.4365689829419,1941.7319347787397
2017-12-02 19:00:00,705.0,794.552804772344,319.90512187444506,1269.2004876702429
2017-12-02 20:00:00,577.0,655.1691299019618,180.5214470040629,1129.8168127998606
2017-12-02 21:00:00,343.0,435.84900242972714,0.0,910.496685327626
2017-12-02 22:00:00,289.0,457.2136859957906,0.0,931.8613688936896
2017-12-02 23:00:00,476.0,679.4698521239158,204.82216922601685,1154.1175350218145
2017-12-03 00:00:00,813.0,1050.6814961640982,576.0338132661993,1525.3291790619971
2017-12-03 01:00:00,1131.0,1361.9603254137628,887.3126425158639,1836.6080083116617
2017-12-03 02:00:00,1936.0,2241.608660451957,1766.960977554058,2716.256343349856
2017-12-03 03:00:00,2831.0,3043.288930381055,2568.641247483156,3517.9366132789537
2017-12-03 04:00:00,3515.0,3761.9675357001397,3287.319852802241,4236.615218598039
2017-12-03 05:00:00,4113.0,4150.7102316075825,3676.0625487096836,4625.357914505481
2017-12-03 06:00:00,4235.0,4491.659455826291,4017.0117729283925,4966.307138724191
2017-12-03 07:00:00,4516.0,4642.409898800566,4167.762215902667,5117.057581698466
2017-12-03 08:00:00,4383.0,4502.222324874947,4027.574641977048,4976.870007772846
2017-12-03 09:00:00,4892.0,4613.6068796773925,4138.959196779493,5088.254562575292
2017-12-03 10:00:00,4962.0,4503.506213889259,4028.85853099136,4978.153896787158
2017-12-03 11:00:00,5014.0,4340.885824902268,3866.238142004369,4815.533507800166
2017-12-03 12:00:00,4035.0,3940.449405624766,3465.801722726867,4415.097088522665
2017-12-03 13:00:00,2993.0,3120.73010222709,2646.082419329191,3595.377785124989
2017-12-03 14:00:00,2533.0,2674.7172676988744,2200.0695848009755,3149.3649505967733
2017-12-03 15:00:00,2135.0,2546.8392103113606,2072.1915274134617,3021.4868932092595
2017-12-03 16:00:00,1782.0,2183.9698557416305,1709.3221728437316,2658.6175386395294
2017-12-03 17:00:00,1105.0,1417.3627693015437,942.7150864036448,1892.0104521994426
2017-12-03 18:00:00,573.0,941.9885707195897,467.3408878216908,1416.6362536174886
2017-12-03 19:00:00,358.0,407.4001494661856,0.0,882.0478323640846
2017-12-03 20:00:00,247.0,379.29973406560515,0.0,853.9474169635041
2017-12-03 21:00:00,407.0,388.653222137414,0.0,863.3009050353129
2017-12-03 22:00:00,915.0,715.3646549345882,240.7169720366893,1190.012337832487
2017-12-03 23:00:00,2938.0,2546.2545280546738,2071.606845156775,3020.9022109525727
2017-12-04 00:00:00,5369.0,5270.535314296,4795.887631398102,5745.182997193899
2017-12-04 01:00:00,5056.0,5977.776965364198,5503.1292824663,6452.4246482620965
2017-12-04 02:00:00,5454.0,5448.8226667630415,4974.174983865143,5923.47034966094
2017-12-04 03:00:00,5173.0,4639.127157425969,4164.479474528071,5113.7748403238675
2017-12-04 04:00:00,4647.0,4245.142344679769,3770.49466178187,4719.790027577668
2017-12-04 05:00:00,4641.0,4449.935304555559,3975.28762165766,4924.5829874534575
2017-12-04 06:00:00,4705.0,4787.116796425183,4312.469113527284,5261.764479323081
2017-12-04 07:00:00,5004.0,4838.103400236597,4363.455717338698,5312.751083134495
2017-12-04 08:00:00,5165.0,5134.624354966248,4659.976672068349,5609.272037864146
2017-12-04 09:00:00,5666.0,5572.161946819302,5097.514263921403,6046.8096297172015
2017-12-04 10:00:00,6533.0,5952.906655516108,5478.258972618209,6427.554338414007
2017-12-04 11:00:00,5912.0,5756.16408168677,5281.516398788872,6230.811764584669
2017-12-04 12:00:00,4378.0,4317.681865297858,3843.0341823999593,4792.3295481957575
2017-12-04 13:00:00,3092.0,3189.6987794573474,2715.0510965594485,3664.3464623552463
2017-12-04 14:00:00,2556.0,2544.6872429633595,2070.0395600654606,3019.3349258612584
2017-12-04 15:00:00,2150.0,2419.153032892388,1944.5053499944893,2893.800715790287
2017-12-04 16:00:00,1653.0,1711.1382455298171,1236.4905626319182,2185.785928427716
2017-12-04 17:00:00,1763.0,1179.8194059480243,705.1717230501254,1654.4670888459232
2017-12-04 18:00:00,693.0,672.3705332756538,197.72285037775487,1147.0182161735527
2017-12-04 19:00:00,327.0,341.47722887079357,0.0,816.1249117686925
2017-12-04 20:00:00,278.0,268.7404902900305,0.0,743.3881731879294
2017-12-04 21:00:00,394.0,288.89245219363136,0.0,763.5401350915303
2017-12-04 22:00:00,853.0,813.0197827652343,338.37209986733535,1287.667465663133
2017-12-04 23:00:00,2637.0,2449.967608337361,1975.3199254394622,2924.61529123526
2017-12-05 00:00:00,3657.0,5663.246767333337,5188.599084435438,6137.894450231235
2017-12-05 01:00:00,2334.0,6575.878447293074,6101.230764395175,7050.526130190972
2017-12-05 02:00:00,2160.0,5825.190860814698,5350.543177916799,6299.838543712596
2017-12-05 03:00:00,2578.0,5180.23636703282,4705.588684134922,5654.884049930719
2017-12-05 04:00:00,3706.0,4713.993107178372,4239.345424280473,5188.6407900762715
2017-12-05 05:00:00,3683.0,4892.874280556204,4418.226597658306,5367.521963454103
2017-12-05 06:00:00,3991.0,4733.790649476909,4259.142966579009,5208.438332374808
2017-12-05 07:00:00,4158.0,4347.640384779004,3872.9927018811054,4822.288067676904
2017-12-05 08:00:00,4383.0,4429.355872612492,3954.708189714593,4904.003555510391
2017-12-05 12:00:00,3936.0,3960.023000548897,3485.375317650998,4434.670683446796
2017-12-05 13:00:00,2924.0,2827.1513805607005,2352.5036976628016,3301.7990634585994
2017-12-05 14:00:00,2447.0,2520.3816557750188,2045.7339728771199,2995.0293386729177
2017-12-05 18:00:00,744.0,711.3355901119753,236.6879072140764,1185.9832730098742
2017-12-05 19:00:00,585.0,406.26919585992255,0.0,880.9168787578215
2017-12-05 20:00:00,409.0,386.721672407859,0.0,861.3693553057578
2017-12-05 21:00:00,534.0,361.8441744072802,0.0,836.4918573051791
2017-12-05 22:00:00,1072.0,669.0268391680601,194.37915627016116,1143.674522065959
2017-12-05 23:00:00,3067.0,2538.870273893628,2064.222590995729,3013.517956791527
2017-12-06 00:00:00,5480.0,4392.179101235423,3917.5314183375244,4866.826784133322
2017-12-06 01:00:00,5255.0,4486.738979164543,4012.091296266644,4961.386662062441
2017-12-06 02:00:00,5113.0,3950.055623038467,3475.407940140568,4424.703305936366
2017-12-06 03:00:00,5485.0,3482.105344898269,3007.45766200037,3956.7530277961678
2017-12-06 04:00:00,4772.0,3728.3424635311317,3253.6947806332328,4202.990146429031
2017-12-06 05:00:00,4861.0,4538.395712624588,4063.748029726689,5013.043395522487
2017-12-06 06:00:00,4983.0,4727.549432917767,4252.901750019868,5202.197115815667
2017-12-06 07:00:00,5073.0,4882.092224065602,4407.4445411677025,5356.739906963501
2017-12-06 08:00:00,5155.0,5084.730585607214,4610.082902709315,5559.378268505114
2017-12-06 09:00:00,5480.0,5441.088710648557,4966.441027750658,5915.736393546456
2017-12-06 10:00:00,5729.0,5896.44693563858,5421.7992527406805,6371.094618536479
2017-12-06 11:00:00,5196.0,5682.314068657102,5207.666385759203,6156.961751555002
2017-12-06 12:00:00,4144.0,4690.340509963223,4215.692827065324,5164.988192861121
2017-12-06 13:00:00,3061.0,3328.134667783379,2853.48698488548,3802.782350681278
2017-12-06 14:00:00,2753.0,2791.107375280496,2316.459692382597,3265.755058178395
2017-12-06 15:00:00,2449.0,2593.4387468110253,2118.7910639131264,3068.0864297089242
2017-12-06 16:00:00,1652.0,1942.8442961110886,1468.1966132131897,2417.4919790089875
2017-12-06 17:00:00,1093.0,1195.9749632412988,721.3272803433999,1670.6226461391977
2017-12-06 18:00:00,602.0,622.9499375186422,148.30225462074327,1097.597620416541
2017-12-06 19:00:00,357.0,381.49054368999293,0.0,856.1382265878918
2017-12-06 20:00:00,286.0,323.0819767456611,0.0,797.72965964356
2017-12-06 21:00:00,376.0,312.8523355613001,0.0,787.500018459199
2017-12-06 22:00:00,927.0,692.6711291998463,218.0234463019474,1167.3188120977452
2017-12-06 23:00:00,3044.0,2570.2230048131237,2095.575321915225,3044.8706877110226
2017-12-07 00:00:00,5058.0,5378.481419198623,4903.833736300725,5853.129102096522
2017-12-07 01:00:00,5782.0,5888.584059113645,5413.936376215746,6363.231742011543
2017-12-07 02:00:00,5509.0,5544.992056597172,5070.344373699274,6019.639739495071
2017-12-07 03:00:00,4958.0,4892.940708390504,4418.293025492605,5367.588391288404
2017-12-07 04:00:00,4486.0,4426.627110075524,3951.979427177625,4901.274792973423
2017-12-07 05:00:00,4774.0,4767.361285525278,4292.713602627378,5242.008968423177
2017-12-07 06:00:00,4981.0,4847.448012112499,4372.8003292146,5322.095695010397
2017-12-07 07:00:00,5035.0,4989.949430737558,4515.30174783966,5464.5971136354565
2017-12-07 08:00:00,5296.0,5196.982921323784,4722.335238425885,5671.630604221682
2017-12-07 09:00:00,5696.0,5583.390787108738,5108.743104210838,6058.038470006637
2017-12-07 10:00:00,6217.0,6240.773166146308,5766.125483248408,6715.420849044207
2017-12-07 11:00:00,5865.0,5722.992686599423,5248.345003701525,6197.640369497321
2017-12-07 12:00:00,4712.0,4393.658100532448,3919.010417634549,4868.305783430347
2017-12-07 13:00:00,3445.0,3284.8396946496923,2810.1920117517934,3759.487377547591
2017-12-07 14:00:00,2995.0,2875.7695528299855,2401.1218699320866,3350.4172357278844
2017-12-07 15:00:00,2934.0,2878.2620007359333,2403.6143178380344,3352.909683633832
2017-12-07 16:00:00,1923.0,2481.3839105558513,2006.7362276579524,2956.0315934537502
2017-12-07 17:00:00,1152.0,1442.9443193070908,968.2966364091919,1917.5920022049897
2017-12-07 18:00:00,651.0,657.5597315430432,182.9120486451443,1132.207414440942
2017-12-07 19:00:00,386.0,402.3527367769584,0.0,877.0004196748573
2017-12-07 20:00:00,319.0,333.6809024873199,0.0,808.3285853852187
2017-12-07 21:00:00,392.0,363.06788738439445,0.0,837.7155702822934
2017-12-07 22:00:00,865.0,753.1949864130739,278.54730351517503,1227.8426693109727
2017-12-07 23:00:00,2916.0,2506.463758259105,2031.816075361206,2981.111441157004
2017-12-08 00:00:00,5276.0,5240.4085509805545,4765.760868082656,5715.056233878453
2017-12-08 01:00:00,6081.0,6122.47277788093,5647.825094983031,6597.1204607788295
2017-12-08 02:00:00,5448.0,5537.51880811477,5062.8711252168705,6012.166491012669
2017-12-08 03:00:00,5087.0,4837.369161455359,4362.72147855746,5312.016844353258
2017-12-08 04:00:00,4771.0,4574.400631716106,4099.752948818206,5049.048314614005
2017-12-08 05:00:00,5083.0,4966.679003969073,4492.031321071174,5441.3266868669725
2017-12-08 06:00:00,5299.0,5207.105404118968,4732.45772122107,5681.753087016867
2017-12-08 07:00:00,5418.0,5157.652852848415,4683.005169950517,5632.3005357463135
2017-12-08 08:00:00,5424.0,5432.036999949615,4957.389317051717,5906.684682847514
2017-12-08 09:00:00,5931.0,5708.018623613227,5233.370940715327,6182.666306511126
2017-12-08 10:00:00,6150.0,6221.660120825593,5747.012437927695,6696.307803723492
2017-12-08 11:00:00,5526.0,5810.185900211208,5335.538217313309,6284.833583109106
2017-12-08 12:00:00,4564.0,4634.103488472142,4159.455805574244,5108.7511713700405
2017-12-08 13:00:00,3631.0,3465.878869683441,2991.231186785542,3940.5265525813397
2017-12-08 14:00:00,3190.0,2986.2573040869643,2511.6096211890654,3460.904986984863
2017-12-08 15:00:00,3138.0,2934.7131513488266,2460.0654684509277,3409.3608342467255
2017-12-08 16:00:00,2728.0,2540.7373885042803,2066.0897056063814,3015.385071402179
2017-12-08 17:00:00,1846.0,1905.6772642760186,1431.0295813781197,2380.3249471739173
2017-12-08 18:00:00,1326.0,1191.9449282379276,717.2972453400287,1666.5926111358265
2017-12-08 19:00:00,826.0,727.7332414647084,253.08555856680948,1202.3809243626074
2017-12-08 20:00:00,601.0,497.5107035873363,22.863020689437406,972.1583864852353
2017-12-08 21:00:00,389.0,385.4308430577627,0.0,860.0785259556616
2017-12-08 22:00:00,471.0,495.3392888658076,20.691605967908686,969.9869717637065
2017-12-08 23:00:00,877.0,611.3617557137094,136.71407281581048,1086.0094386116084
2017-12-09 00:00:00,1441.0,1390.431436597773,915.7837536998741,1865.0791194956719
2017-12-09 01:00:00,2156.0,1919.7011904349338,1445.0535075370349,2394.3488733328327
2017-12-09 02:00:00,3024.0,2876.687139526615,2402.039456628716,3351.3348224245137
2017-12-09 03:00:00,3900.0,3513.2938672044543,3038.6461843065554,3987.941550102353
2017-12-09 04:00:00,4433.0,3994.924065510008,3520.276382612109,4469.571748407907
2017-12-09 05:00:00,4928.0,4470.927674174973,3996.279991277074,4945.575357072872
2017-12-09 06:00:00,5263.0,4586.611191608517,4111.963508710618,5061.258874506417
2017-12-09 07:00:00,5186.0,4588.659242034841,4114.011559136941,5063.30692493274
2017-12-09 08:00:00,5255.0,4593.700968928949,4119.05328603105,5068.348651826847
2017-12-09 09:00:00,5087.0,4579.845634734397,4105.197951836499,5054.493317632296
2017-12-09 10:00:00,5160.0,4556.523988592956,4081.876305695057,5031.171671490854
2017-12-09 11:00:00,5536.0,4421.942620070735,3947.294937172836,4896.590302968634
2017-12-09 12:00:00,4555.0,3988.7372140201087,3514.08953112221,4463.384896918007
2017-12-09 13:00:00,3449.0,3377.6194552037164,2902.9717723058175,3852.2671381016153
2017-12-09 14:00:00,3030.0,2935.7701255566617,2461.122442658763,3410.4178084545606
2017-12-09 15:00:00,3260.0,3029.180099039336,2554.532416141437,3503.8277819372347
2017-12-09 16:00:00,3068.0,2795.9645574126894,2321.3168745147905,3270.6122403105883
2017-12-09 17:00:00,1919.0,2113.8293619487267,1639.1816790508278,2588.4770448466256
2017-12-09 18:00:00,1370.0,1266.0103287290215,791.3626458311226,1740.6580116269204
2017-12-09 19:00:00,910.0,769.5133758046007,294.86569290670184,1244.1610587024998
2017-12-09 20:00:00,641.0,527.6922350093496,53.044552111450685,1002.3399179072485
2017-12-09 21:00:00,391.0,375.1494580084102,0.0,849.7971409063091
2017-12-09 22:00:00,392.0,402.0621673863671,0.0,876.7098502842659
2017-12-09 23:00:00,635.0,521.9762018274535,47.32851892955455,996.6238847253524
2017-12-10 00:00:00,922.0,766.5806239117416,291.93294101384265,1241.2283068096403
2017-12-10 01:00:00,1152.0,1053.020079002368,578.3723961044691,1527.667761900267
2017-12-10 02:00:00,1869.0,1670.1721715717645,1195.5244886738656,2144.8198544696634
2017-12-10 03:00:00,2745.0,2701.279674478637,2226.631991580738,3175.927357376536
2017-12-10 04:00:00,3616.0,3370.499096002807,2895.8514131049083,3845.146778900706
2017-12-10 05:00:00,4025.0,3973.3826842889507,3498.735001391052,4448.03036718685
2017-12-10 06:00:00,4264.0,4265.323112855155,3790.6754299572563,4739.970795753054
2017-12-10 07:00:00,4352.0,4314.895440219251,3840.2477573213523,4789.54312311715
2017-12-10 08:00:00,4370.0,4248.450398679802,3773.802715781903,4723.0980815777
2017-12-10 09:00:00,4762.0,4483.082409670294,4008.4347267723947,4957.730092568192
2017-12-10 10:00:00,4604.0,4429.814116507888,3955.166433609989,4904.461799405786
2017-12-10 11:00:00,4355.0,4156.271827216896,3681.624144318997,4630.919510114794
2017-12-10 12:00:00,3724.0,3687.365752166446,3212.718069268547,4162.013435064345
2017-12-10 13:00:00,2966.0,3271.7214570018787,2797.0737741039798,3746.3691398997776
2017-12-10 14:00:00,2560.0,2593.1550731867665,2118.5073902888676,3067.8027560846654
2017-12-10 15:00:00,2069.0,2386.417698998174,1911.770016100275,2861.0653818960727
2017-12-10 16:00:00,1732.0,1948.6891130844292,1474.0414301865303,2423.336795982328
2017-12-10 17:00:00,999.0,1303.5155089535504,828.8678260556514,1778.1631918514493
2017-12-10 18:00:00,542.0,717.181936789596,242.53425389169706,1191.8296196874949
2017-12-10 19:00:00,281.0,387.6127624558896,0.0,862.2604453537886
2017-12-10 20:00:00,279.0,345.22157860513846,0.0,819.8692615030374
2017-12-10 21:00:00,353.0,347.3818895081945,0.0,822.0295724060934
2017-12-10 22:00:00,901.0,674.4250801925583,199.7773972946594,1149.072763090457
2017-12-10 23:00:00,2907.0,2584.1164157604794,2109.4687328625805,3058.7640986583783
2017-12-11 00:00:00,5061.0,5315.136044082311,4840.4883611844125,5789.783726980209
2017-12-11 01:00:00,4050.0,6164.066924367586,5689.419241469686,6638.714607265485
2017-12-11 02:00:00,4349.0,5494.602245508142,5019.954562610243,5969.249928406041
2017-12-11 03:00:00,4734.0,4560.249016648734,4085.6013337508352,5034.896699546633
2017-12-11 04:00:00,4049.0,4164.36282480342,3689.7151419055213,4639.0105077013195
2017-12-11 05:00:00,4291.0,4475.909887571814,4001.2622046739148,4950.557570469713
2017-12-11 06:00:00,4452.0,4586.982515646512,4112.334832748613,5061.6301985444115
2017-12-11 07:00:00,4509.0,4527.227653657317,4052.5799707594183,5001.875336555217
2017-12-11 08:00:00,4824.0,4821.3372244318325,4346.689541533933,5295.984907329732
2017-12-11 09:00:00,5501.0,5159.907954958417,4685.260272060517,5634.555637856316
2017-12-11 10:00:00,6076.0,5407.303794809542,4932.656111911643,5881.95147770744
2017-12-11 11:00:00,5712.0,5197.918749208779,4723.271066310881,5672.566432106678
2017-12-11 12:00:00,4040.0,3905.7764479917464,3431.1287650938475,4380.424130889645
2017-12-11 13:00:00,2894.0,2689.4951753774226,2214.8474924795237,3164.1428582753215
2017-12-11 14:00:00,2374.0,2271.0561622834066,1796.4084793855077,2745.7038451813055
2017-12-11 15:00:00,2028.0,2143.3891146979213,1668.7414318000224,2618.03679759582
2017-12-11 16:00:00,1433.0,1649.4111611421654,1174.7634782442665,2124.0588440400643
2017-12-11 17:00:00,958.0,1135.9784571178375,661.3307742199386,1610.6261400157364
2017-12-11 18:00:00,548.0,618.978984906722,144.33130200882306,1093.6266678046209
2017-12-11 19:00:00,395.0,375.88451369583026,0.0,850.5321965937292
2017-12-11 20:00:00,256.0,326.9120996409155,0.0,801.5597825388145
2017-12-11 21:00:00,339.0,333.9308523520175,0.0,808.5785352499164
2017-12-11 22:00:00,939.0,776.0023836131045,301.3547007152056,1250.6500665110034
2017-12-11 23:00:00,2963.0,2669.0241646003183,2194.3764817024194,3143.671847498217
2017-12-12 00:00:00,5981.0,5230.813918007669,4756.166235109769,5705.461600905568
2017-12-12 01:00:00,5928.0,5928.400909837169,5453.7532269392705,6403.048592735067
2017-12-12 02:00:00,5709.0,5397.9730084236635,4923.325325525764,5872.620691321563
2017-12-12 03:00:00,5184.0,4926.385046878379,4451.737363980481,5401.032729776278
2017-12-12 04:00:00,4531.0,4277.378238597235,3802.7305556993365,4752.025921495135
2017-12-12 05:00:00,4714.0,4588.249166656827,4113.601483758928,5062.896849554725
2017-12-12 06:00:00,4948.0,4777.533120115121,4302.885437217223,5252.18080301302
2017-12-12 07:00:00,4869.0,4923.977558502183,4449.329875604284,5398.625241400081
2017-12-12 08:00:00,5012.0,5195.07251299937,4720.42483010147,5669.720195897269
2017-12-12 09:00:00,5651.0,5801.7917120186285,5327.144029120729,6276.439394916528
2017-12-12 10:00:00,6407.0,6316.644484110419,5841.996801212521,6791.292167008318
2017-12-12 11:00:00,5923.0,5905.177822911971,5430.5301400140725,6379.825505809869
2017-12-12 12:00:00,4427.0,4495.806268304852,4021.158585406953,4970.453951202751
2017-12-12 13:00:00,3282.0,3216.2296729154477,2741.581990017549,3690.8773558133466
2017-12-12 14:00:00,2673.0,2740.173422892966,2265.525739995067,3214.8211057908647
2017-12-12 15:00:00,2819.0,2590.08313128071,2115.435448382811,3064.730814178609
2017-12-12 16:00:00,3263.0,1978.4052332827744,1503.7575503848755,2453.0529161806735
2017-12-12 17:00:00,1080.0,1284.8951579037137,810.2474750058147,1759.5428408016126
2017-12-12 18:00:00,641.0,571.2290854316942,96.58140253379531,1045.8767683295932
2017-12-12 19:00:00,391.0,360.4918156482623,0.0,835.1394985461611
2017-12-12 20:00:00,268.0,308.05095461883747,0.0,782.6986375167364
2017-12-12 21:00:00,395.0,325.5635996183659,0.0,800.2112825162649
2017-12-12 22:00:00,912.0,795.9094328136922,321.2617499157933,1270.557115711591
2017-12-12 23:00:00,3108.0,2663.2987619220617,2188.6510790241628,3137.9464448199606
2017-12-13 00:00:00,5910.0,5463.7379213191925,4989.090238421293,5938.385604217092
2017-12-13 01:00:00,6025.0,6146.75612465866,5672.108441760762,6621.403807556559
2017-12-13 02:00:00,4696.0,5871.497025240056,5396.849342342157,6346.144708137956
2017-12-13 03:00:00,5179.0,5145.390108814651,4670.742425916753,5620.03779171255
2017-12-13 04:00:00,4347.0,4577.576141636627,4102.928458738728,5052.223824534525
2017-12-13 05:00:00,4501.0,4820.169459475789,4345.521776577891,5294.817142373688
2017-12-13 06:00:00,4787.0,5034.6431313722915,4559.995448474392,5509.290814270191
2017-12-13 07:00:00,4943.0,5026.352963634972,4551.705280737073,5501.0006465328715
2017-12-13 08:00:00,5049.0,5194.653617607458,4720.005934709559,5669.301300505356
2017-12-13 09:00:00,5642.0,5785.2526281347855,5310.604945236886,6259.900311032685
2017-12-13 10:00:00,6621.0,6101.927254781271,5627.279571883371,6576.57493767917
2017-12-13 11:00:00,6000.0,5729.843828091087,5255.1961451931875,6204.491510988986
2017-12-13 12:00:00,4370.0,4378.186084879146,3903.538401981247,4852.833767777045
2017-12-13 13:00:00,3139.0,3165.2729954853694,2690.6253125874705,3639.9206783832683
2017-12-13 14:00:00,2777.0,2736.7734338952437,2262.1257509973448,3211.4211167931426
2017-12-13 15:00:00,2369.0,2593.08634749023,2118.438664592331,3067.7340303881288
2017-12-13 16:00:00,1889.0,1818.2177663265618,1343.5700834286629,2292.8654492244605
2017-12-13 17:00:00,1168.0,1250.3998486045282,775.7521657066293,1725.047531502427
2017-12-13 18:00:00,571.0,595.5994731746136,120.95179027671475,1070.2471560725126
2017-12-13 19:00:00,392.0,357.7784539618025,0.0,832.4261368597014
2017-12-13 20:00:00,298.0,355.3459254333411,0.0,829.99360833124
2017-12-13 21:00:00,372.0,324.77382726808355,0.0,799.4215101659825
2017-12-13 22:00:00,908.0,779.6642104036248,305.0165275057259,1254.3118933015237
2017-12-13 23:00:00,2930.0,2645.022923690382,2170.375240792483,3119.670606588281
2017-12-14 00:00:00,5808.0,5372.426045116219,4897.77836221832,5847.073728014118
2017-12-14 01:00:00,6252.0,6127.4929003327725,5652.845217434873,6602.140583230672
2017-12-14 02:00:00,5573.0,5662.78806112543,5188.140378227532,6137.435744023329
2017-12-14 03:00:00,5360.0,4899.100353373921,4424.452670476023,5373.74803627182
2017-12-14 04:00:00,4607.0,4576.0433322792105,4101.395649381311,5050.69101517711
2017-12-14 05:00:00,4881.0,4846.453592463944,4371.805909566045,5321.101275361843
2017-12-14 06:00:00,5058.0,4999.9702156426965,4525.322532744798,5474.617898540595
2017-12-14 07:00:00,5019.0,4984.845564714033,4510.197881816133,5459.493247611932
2017-12-14 08:00:00,5430.0,5367.2464287593975,4892.598745861498,5841.894111657297
2017-12-14 09:00:00,5897.0,5805.0949253048375,5330.447242406939,6279.742608202736
2017-12-14 10:00:00,6757.0,6333.907854735602,5859.260171837703,6808.555537633501
2017-12-14 11:00:00,6042.0,5939.9264685725975,5465.278785674698,6414.574151470497
2017-12-14 12:00:00,4672.0,4575.738952724638,4101.091269826738,5050.386635622537
2017-12-14 13:00:00,3397.0,3322.140968435152,2847.493285537253,3796.788651333051
2017-12-14 14:00:00,3055.0,2867.8798884953135,2393.2322055974146,3342.5275713932124
2017-12-14 15:00:00,3558.0,2847.730550891361,2373.082867993462,3322.37823378926
2017-12-14 16:00:00,3433.0,2453.385807415778,1978.738124517879,2928.033490313677
2017-12-14 17:00:00,1680.0,1369.213876995923,894.5661940980242,1843.861559893822
2017-12-14 18:00:00,803.0,709.7557027379795,235.1080198400806,1184.4033856358783
2017-12-14 19:00:00,490.0,402.03095640381974,0.0,876.6786393017187
2017-12-14 20:00:00,358.0,328.41986419618814,0.0,803.0675470940871
2017-12-14 21:00:00,387.0,413.44825218968583,0.0,888.0959350875847
2017-12-14 22:00:00,836.0,764.1048620792549,289.45717918135597,1238.7525449771538
2017-12-14 23:00:00,2773.0,2345.3647959964596,1870.7171130985607,2820.0124788943585
2017-12-15 00:00:00,5506.0,5175.833215382935,4701.185532485037,5650.480898280834
2017-12-15 01:00:00,6307.0,5842.863699606784,5368.216016708886,6317.511382504683
2017-12-15 02:00:00,5600.0,5457.269437286252,4982.621754388352,5931.917120184151
2017-12-15 03:00:00,5222.0,5048.068657522492,4573.420974624592,5522.716340420391
2017-12-15 04:00:00,4949.0,4787.638471903047,4312.990789005147,5262.286154800946
2017-12-15 05:00:00,5342.0,5169.079766894386,4694.432083996488,5643.7274497922845
2017-12-15 06:00:00,5368.0,5411.70322718486,4937.055544286961,5886.35091008276
2017-12-15 07:00:00,5386.0,5310.1985503737615,4835.550867475862,5784.846233271661
2017-12-15 08:00:00,5672.0,5617.662492861127,5143.014809963228,6092.310175759027
2017-12-15 09:00:00,6048.0,5930.915773381824,5456.268090483925,6405.563456279722
2017-12-15 10:00:00,6669.0,6381.594599481143,5906.946916583243,6856.242282379042
2017-12-15 11:00:00,5666.0,5872.275254764751,5397.627571866851,6346.92293766265
2017-12-15 12:00:00,4776.0,4877.901039997222,4403.253357099324,5352.548722895121
2017-12-15 13:00:00,3550.0,3583.1435851079755,3108.4959022100766,4057.7912680058744
2017-12-15 14:00:00,2849.0,3042.1450005109273,2567.4973176130284,3516.792683408826
2017-12-15 15:00:00,2866.0,2982.875943512875,2508.228260614976,3457.523626410774
2017-12-15 16:00:00,2554.0,2757.0483205232586,2282.4006376253596,3231.6960034211575
2017-12-15 17:00:00,1814.0,1904.6382133389345,1429.9905304410356,2379.2858962368337
2017-12-15 18:00:00,1275.0,1215.745132134568,741.097449236669,1690.3928150324668
2017-12-15 19:00:00,817.0,733.0885065299042,258.4408236320053,1207.736189427803
2017-12-15 20:00:00,646.0,478.213585425604,3.5659025277050773,952.8612683235028
2017-12-15 21:00:00,413.0,416.5980456571563,0.0,891.2457285550552
2017-12-15 22:00:00,441.0,501.7354595730491,27.087776675150224,976.3831424709481
2017-12-15 23:00:00,798.0,634.6704600351145,160.0227771372156,1109.3181429330134
2017-12-16 00:00:00,1294.0,1498.3723502019523,1023.7246673040534,1973.0200330998512
2017-12-16 01:00:00,1812.0,2133.2833010019704,1658.6356181040715,2607.9309838998693
2017-12-16 02:00:00,2603.0,2977.122179230182,2502.4744963322833,3451.769862128081
2017-12-16 03:00:00,3440.0,3671.088661525656,3196.440978627757,4145.736344423554
2017-12-16 04:00:00,3960.0,4134.908816709869,3660.26113381197,4609.556499607768
2017-12-16 05:00:00,4303.0,4458.889436597252,3984.241753699353,4933.537119495151
2017-12-16 06:00:00,4806.0,4832.736334335688,4358.088651437789,5307.384017233588
2017-12-16 07:00:00,4743.0,4500.561161364124,4025.913478466225,4975.2088442620225
2017-12-16 08:00:00,4893.0,4532.4198247908425,4057.7721418929436,5007.067507688742
2017-12-16 09:00:00,5448.0,4522.119486216913,4047.4718033190143,4996.767169114812
2017-12-16 10:00:00,6122.0,4529.923958662137,4055.276275764238,5004.571641560036
2017-12-16 11:00:00,5088.0,4361.046577970015,3886.3988950721164,4835.694260867915
2017-12-16 12:00:00,4600.0,4041.4236109069025,3566.7759280090036,4516.071293804802
2017-12-16 13:00:00,3512.0,3379.2674804520816,2904.6197975541827,3853.9151633499805
2017-12-16 14:00:00,3143.0,2869.584188145243,2394.936505247344,3344.231871043142
2017-12-16 15:00:00,3003.0,2894.0915926001303,2419.4439097022314,3368.739275498029
2017-12-16 16:00:00,3020.0,2976.3301140508,2501.6824311529012,3450.977796948699
2017-12-16 17:00:00,2166.0,2049.384435549056,1574.736752651157,2524.032118446955
2017-12-16 18:00:00,1230.0,1507.6939536936172,1033.0462707957183,1982.3416365915161
2017-12-16 19:00:00,759.0,789.7442951068548,315.0966122089559,1264.3919780047536
2017-12-16 20:00:00,557.0,516.9506982787913,42.30301538089236,991.5983811766902
2017-12-16 21:00:00,391.0,375.2200324831727,0.0,849.8677153810715
2017-12-16 22:00:00,320.0,466.6230658374149,0.0,941.2707487353139
2017-12-16 23:00:00,501.0,524.346727034174,49.69904413627512,998.9944099320729
2017-12-17 00:00:00,931.0,790.0240432493803,315.37636035148137,1264.671726147279
2017-12-17 01:00:00,1283.0,1048.463823649269,573.8161407513701,1523.111506547168
2017-12-17 02:00:00,1994.0,1547.772834647061,1073.1251517491621,2022.42051754496
2017-12-17 03:00:00,3246.0,2552.605996249091,2077.958313351192,3027.2536791469897
2017-12-17 04:00:00,4399.0,3153.757196555597,2679.1095136576982,3628.404879453496
2017-12-17 05:00:00,3996.0,3547.151306744479,3072.50362384658,4021.798989642378
2017-12-17 06:00:00,4084.0,3909.341246266287,3434.693563368388,4383.988929164186
2017-12-17 07:00:00,3977.0,3948.5848857926762,3473.9372028947773,4423.232568690575
2017-12-17 08:00:00,4015.0,4032.0659736905345,3557.4182907926356,4506.713656588434
2017-12-17 09:00:00,4255.0,4326.5440800444685,3851.8963971465696,4801.191762942368
2017-12-17 10:00:00,4493.0,4438.667345355957,3964.019662458058,4913.315028253855
2017-12-17 11:00:00,4183.0,4180.635239472036,3705.987556574137,4655.2829223699355
2017-12-17 12:00:00,3558.0,3774.56435284169,3299.916669943791,4249.212035739589
2017-12-17 13:00:00,2892.0,3004.629854904979,2529.98217200708,3479.2775378028778
2017-12-17 14:00:00,2486.0,2464.4039989850926,1989.7563160871937,2939.0516818829915
2017-12-17 15:00:00,2061.0,2329.2056336736223,1854.5579507757234,2803.853316571521
2017-12-17 16:00:00,1692.0,2113.096241315362,1638.4485584174631,2587.743924213261
2017-12-17 17:00:00,979.0,1274.5749584091309,799.927275511232,1749.2226413070298
2017-12-17 18:00:00,530.0,704.1158481993659,229.46816530146702,1178.7635310972648
2017-12-17 19:00:00,310.0,383.412596345071,0.0,858.06027924297
2017-12-17 20:00:00,260.0,345.60754447870414,0.0,820.255227376603
2017-12-17 21:00:00,332.0,347.76785538176017,0.0,822.4155382796591
2017-12-17 22:00:00,905.0,672.6452297403019,197.99754684240304,1147.292912638201
2017-12-17 23:00:00,2852.0,2578.193337972796,2103.5456550748972,3052.841020870695
2017-12-18 00:00:00,5448.0,5334.775812155868,4860.12812925797,5809.423495053767
2017-12-18 01:00:00,6198.0,6313.8023366752595,5839.154653777361,6788.450019573158
2017-12-18 02:00:00,5039.0,5403.528582192134,4928.880899294236,5878.176265090033
2017-12-18 03:00:00,4901.0,4620.42334582546,4145.775662927561,5095.07102872336
2017-12-18 04:00:00,4496.0,4215.711160721484,3741.063477823585,4690.358843619382
2017-12-18 05:00:00,4542.0,4427.763836421387,3953.1161535234883,4902.4115193192865
2017-12-18 06:00:00,4860.0,4641.491211384185,4166.843528486286,5116.138894282083
2017-12-18 07:00:00,4802.0,4790.528565802068,4315.88088290417,5265.176248699967
2017-12-18 08:00:00,5185.0,4994.421578096248,4519.773895198348,5469.069260994147
2017-12-18 09:00:00,5859.0,5477.148746048985,5002.501063151087,5951.796428946884
2017-12-18 10:00:00,6502.0,6103.415662954705,5628.767980056806,6578.0633458526045
2017-12-18 11:00:00,6009.0,5520.360175887069,5045.712492989171,5995.0078587849675
2017-12-18 12:00:00,4434.0,4211.873510333609,3737.2258274357105,4686.521193231509
2017-12-18 13:00:00,3065.0,2982.402723899503,2507.7550410016042,3457.050406797402
2017-12-18 14:00:00,2397.0,2499.9455708307883,2025.2978879328894,2974.593253728687
2017-12-18 15:00:00,2125.0,2282.7928083943802,1808.1451254964813,2757.440491292279
2017-12-18 16:00:00,1560.0,1748.8912386489042,1274.2435557510053,2223.538921546803
2017-12-18 17:00:00,1062.0,1167.9108274024188,693.2631445045199,1642.5585103003177
2017-12-18 18:00:00,591.0,646.803564618738,172.15588172083915,1121.451247516637
2017-12-18 19:00:00,371.0,336.76994103828525,0.0,811.4176239361841
2017-12-18 20:00:00,278.0,323.33868393211503,0.0,797.9863668300139
2017-12-18 21:00:00,359.0,359.2606514985783,0.0,833.9083343964771
2017-12-18 22:00:00,869.0,848.6698390940321,374.0221561961332,1323.317521991931
2017-12-18 23:00:00,2977.0,2676.487589886956,2201.839906989057,3151.135272784855
2017-12-19 00:00:00,5784.0,5586.186137672386,5111.538454774487,6060.833820570286
2017-12-19 01:00:00,6291.0,6445.2106554323245,5970.562972534426,6919.858338330223
2017-12-19 02:00:00,5791.0,5865.750670804884,5391.102987906985,6340.398353702783
2017-12-19 03:00:00,5121.0,5153.642657178418,4678.994974280518,5628.290340076317
2017-12-19 04:00:00,4727.0,4414.390665060849,3939.74298216295,4889.038347958747
2017-12-19 05:00:00,4976.0,4712.2548124437235,4237.607129545824,5186.902495341623
2017-12-19 06:00:00,5123.0,4889.997099985147,4415.349417087247,5364.644782883046
2017-12-19 07:00:00,4997.0,4896.877673782958,4422.229990885058,5371.525356680857
2017-12-19 08:00:00,5385.0,5351.520078952501,4876.872396054601,5826.1677618504
2017-12-19 09:00:00,5847.0,5824.42038970072,5349.772706802822,6299.0680725986185
2017-12-19 10:00:00,6677.0,6375.787196518067,5901.139513620168,6850.434879415965
2017-12-19 11:00:00,5962.0,5950.824660735068,5476.176977837169,6425.472343632968
2017-12-19 12:00:00,4381.0,4513.880774154819,4039.23309125692,4988.528457052718
2017-12-19 13:00:00,3323.0,3348.452755162843,2873.805072264944,3823.100438060742
2017-12-19 14:00:00,2794.0,2864.121920542909,2389.47423764501,3338.7696034408077
2017-12-19 15:00:00,2461.0,2708.3997020845222,2233.7520191866233,3183.047384982421
2017-12-19 16:00:00,1911.0,1918.3151868616378,1443.667503963739,2392.9628697595367
2017-12-19 17:00:00,1146.0,1268.0000472839297,793.3523643860308,1742.6477301818286
2017-12-19 18:00:00,635.0,597.6158718263008,122.9681889284019,1072.2635547241998
2017-12-19 19:00:00,418.0,361.66388857909334,0.0,836.3115714769922
2017-12-19 20:00:00,306.0,304.7986761850174,0.0,779.4463590829164
2017-12-19 21:00:00,379.0,341.95110986284243,0.0,816.5987927607414
2017-12-19 22:00:00,905.0,766.7219330003177,292.0742501024188,1241.3696158982166
2017-12-19 23:00:00,2952.0,2651.8577767480315,2177.2100938501326,3126.5054596459304
2017-12-20 00:00:00,5834.0,5526.531242638461,5051.883559740561,6001.17892553636
2017-12-20 01:00:00,6546.0,6315.4924393963365,5840.844756498438,6790.140122294235
2017-12-20 02:00:00,5694.0,5927.8295552784375,5453.181872380539,6402.477238176336
2017-12-20 03:00:00,5372.0,5204.356752145794,4729.709069247896,5679.004435043693
2017-12-20 04:00:00,4902.0,4649.005174179478,4174.357491281578,5123.652857077377
2017-12-20 05:00:00,5092.0,4973.000542980074,4498.3528600821755,5447.648225877972
2017-12-20 06:00:00,5090.0,5191.839821627378,4717.192138729479,5666.4875045252775
2017-12-20 07:00:00,4769.0,5143.040160714674,4668.392477816775,5617.6878436125735
2017-12-20 08:00:00,5026.0,5441.499761809314,4966.852078911415,5916.147444707212
2017-12-20 09:00:00,5549.0,5850.213308366938,5375.565625469038,6324.860991264837
2017-12-20 10:00:00,6372.0,6411.363695328202,5936.716012430303,6886.011378226101
2017-12-20 11:00:00,5634.0,5973.670467123678,5499.022784225779,6448.318150021576
2017-12-20 12:00:00,4366.0,4817.836500000731,4343.188817102831,5292.48418289863
2017-12-20 13:00:00,3259.0,3324.173110339692,2849.525427441793,3798.820793237591
2017-12-20 14:00:00,2648.0,2870.891499946878,2396.243817048979,3345.539182844777
2017-12-20 15:00:00,2533.0,2598.365435208807,2123.717752310908,3073.013118106706
2017-12-20 16:00:00,1915.0,1918.3054251272908,1443.657742229392,2392.95310802519
2017-12-20 17:00:00,1204.0,1212.391142714382,737.7434598164832,1687.038825612281
2017-12-20 18:00:00,621.0,656.8022720597181,182.15458916181922,1131.4499549576171
2017-12-20 19:00:00,393.0,354.6137412909203,0.0,829.2614241888192
2017-12-20 20:00:00,281.0,301.2341624524032,0.0,775.8818453503021
2017-12-20 21:00:00,382.0,315.6025580392842,0.0,790.2502409371831
2017-12-20 22:00:00,901.0,769.7874397482591,295.1397568503602,1244.435122646158
2017-12-20 23:00:00,2863.0,2533.515960424473,2058.8682775265743,3008.163643322372
2017-12-21 00:00:00,5512.0,5168.822893908798,4694.175211010899,5643.470576806696
2017-12-21 01:00:00,5878.0,6207.189707130166,5732.542024232267,6681.837390028066
2017-12-21 02:00:00,5310.0,5710.148721134155,5235.501038236256,6184.796404032053
2017-12-21 03:00:00,4975.0,4948.457032480093,4473.809349582194,5423.104715377993
2017-12-21 04:00:00,4792.0,4540.906837759858,4066.259154861959,5015.554520657757
2017-12-21 05:00:00,4936.0,4864.409816387272,4389.762133489374,5339.057499285171
2017-12-21 06:00:00,5140.0,5155.55270961347,4680.905026715571,5630.2003925113695
2017-12-21 07:00:00,5137.0,5082.958224427491,4608.310541529592,5557.605907325389
2017-12-21 08:00:00,5493.0,5323.820161105251,4849.1724782073525,5798.467844003149
2017-12-21 09:00:00,5903.0,5761.8023530857,5287.1546701878015,6236.450035983598
2017-12-21 10:00:00,6551.0,6073.096588267805,5598.448905369905,6547.744271165704
2017-12-21 11:00:00,5926.0,5687.750540195182,5213.102857297283,6162.3982230930815
2017-12-21 12:00:00,4535.0,4448.012837818147,3973.365154920248,4922.660520716046
2017-12-21 13:00:00,3242.0,3416.7225705376045,2942.0748876397056,3891.3702534355034
2017-12-21 14:00:00,2884.0,2874.7266022368176,2400.0789193389187,3349.3742851347165
2017-12-21 15:00:00,2773.0,2836.930997301652,2362.283314403753,3311.578680199551
2017-12-21 16:00:00,2294.0,2386.626741167562,1911.9790582696633,2861.274424065461
2017-12-21 17:00:00,1450.0,1374.5480969905873,899.9004140926884,1849.1957798884862
2017-12-21 18:00:00,771.0,682.5791480278623,207.93146512996339,1157.226830925761
2017-12-21 19:00:00,474.0,389.76421071402893,0.0,864.4118936119278
2017-12-21 20:00:00,329.0,333.9925445033444,0.0,808.6402274012432
2017-12-21 21:00:00,382.0,380.5328208483475,0.0,855.1805037462464
2017-12-21 22:00:00,767.0,736.5667740511684,261.9190911532695,1211.2144569490674
2017-12-21 23:00:00,2429.0,2077.339437928238,1602.6917550303392,2551.987120826137
2017-12-22 00:00:00,4378.0,5179.765138300597,4705.117455402698,5654.412821198495
2017-12-22 01:00:00,4955.0,5919.169051602845,5444.521368704945,6393.816734500744
2017-12-22 02:00:00,4509.0,5469.697368249937,4995.049685352038,5944.345051147837
2017-12-22 03:00:00,4515.0,5007.682014488091,4533.034331590192,5482.329697385991
2017-12-22 04:00:00,4593.0,4690.087323404172,4215.439640506273,5164.735006302071
2017-12-22 05:00:00,5139.0,5063.508110219657,4588.860427321759,5538.155793117556
2017-12-22 06:00:00,5447.0,5086.114739426959,4611.46705652906,5560.762422324859
2017-12-22 07:00:00,5349.0,5250.586169325864,4775.9384864279655,5725.233852223762
2017-12-22 08:00:00,5581.0,5102.922381803735,4628.274698905836,5577.570064701635
2017-12-22 09:00:00,5510.0,5334.921695333979,4860.274012436081,5809.569378231878
2017-12-22 10:00:00,5346.0,5583.456125935358,5108.808443037458,6058.103808833257
2017-12-22 11:00:00,4871.0,5481.905895743203,5007.258212845303,5956.553578641102
2017-12-22 12:00:00,4105.0,4314.548890112481,3839.901207214582,4789.19657301038
2017-12-22 13:00:00,3464.0,3360.1551355162896,2885.5074526183907,3834.8028184141886
2017-12-22 14:00:00,2972.0,2976.0249851708827,2501.377302272984,3450.6726680687816
2017-12-22 15:00:00,3096.0,2935.1357745609357,2460.488091663037,3409.7834574588346
2017-12-22 16:00:00,2584.0,2467.6575507485018,1993.0098678506029,2942.3052336464007
2017-12-22 17:00:00,1779.0,1909.620197041325,1434.972514143426,2384.267879939224
2017-12-22 18:00:00,1141.0,1072.3634509350452,597.7157680371463,1547.011133832944
2017-12-22 19:00:00,698.0,633.7750450181874,159.12736212028847,1108.4227279160864
2017-12-22 21:00:00,391.0,372.33682011918205,0.0,846.9845030170809
2017-12-22 22:00:00,359.0,431.14914089261924,0.0,905.7968237905181
2017-12-22 23:00:00,596.0,610.3827532955711,135.7350703976722,1085.03043619347
2017-12-23 00:00:00,1016.0,902.9051651652511,428.2574822673522,1377.5528480631501
2017-12-23 01:00:00,1390.0,1786.8622269907976,1312.2145440928987,2261.5099098886967
2017-12-23 03:00:00,2819.0,3445.5732079706504,2970.9255250727515,3920.2208908685493
2017-12-23 04:00:00,3375.0,3960.2023098097725,3485.5546269118736,4434.849992707672
2017-12-23 05:00:00,4002.0,4146.8743486651,3672.226665767201,4621.5220315629995
2017-12-23 06:00:00,4175.0,4514.775428204722,4040.127745306823,4989.42311110262
2017-12-23 07:00:00,4475.0,4473.042052145764,3998.3943692478647,4947.689735043663
2017-12-23 08:00:00,4305.0,4338.38240083117,3863.7347179332714,4813.030083729069
2017-12-23 09:00:00,4107.0,4433.70708184258,3959.059398944681,4908.354764740479
2017-12-23 10:00:00,4144.0,4490.339689147922,4015.6920062500235,4964.987372045822
2017-12-23 11:00:00,3994.0,4309.919860056995,3835.2721771590964,4784.567542954894
2017-12-23 12:00:00,3532.0,3683.060398358062,3208.412715460163,4157.708081255961
2017-12-23 13:00:00,2949.0,3121.3759911320835,2646.7283082341846,3596.0236740299824
2017-12-23 14:00:00,2420.0,2731.470723987346,2256.823041089447,3206.118406885245
2017-12-23 15:00:00,2449.0,2637.5737886948186,2162.9261057969197,3112.2214715927175
2017-12-23 16:00:00,2372.0,2583.309513389815,2108.661830491916,3057.957196287714
2017-12-23 17:00:00,1840.0,1923.4842328368536,1448.8365499389547,2398.1319157347525
2017-12-23 18:00:00,1147.0,1142.590971623402,667.9432887255032,1617.238654521301
2017-12-23 19:00:00,963.0,647.1243839213219,172.47670102342295,1121.7720668192208
2017-12-23 20:00:00,861.0,472.3046299875434,0.0,946.9523128854423
2017-12-23 21:00:00,374.0,374.56075411857404,0.0,849.208437016473
2017-12-23 22:00:00,303.0,402.1010919943269,0.0,876.7487748922258
2017-12-23 23:00:00,529.0,492.6123643211177,17.964681423218792,967.2600472190165
2017-12-24 00:00:00,839.0,593.9426032985763,119.29492040067737,1068.590286196475
2017-12-24 01:00:00,964.0,778.2341461417758,303.5864632438769,1252.8818290396748
2017-12-24 02:00:00,1477.0,1321.6775296847018,847.0298467868029,1796.3252125826007
2017-12-24 03:00:00,2250.0,2006.3111487721312,1531.6634658742323,2480.95883167003
2017-12-24 04:00:00,2929.0,2629.877058794747,2155.229375896848,3104.524741692646
2017-12-24 05:00:00,3200.0,3254.6195971067036,2779.9719142088047,3729.2672800046025
2017-12-24 06:00:00,3698.0,3448.9478586128157,2974.300175714917,3923.5955415107146
2017-12-24 07:00:00,3400.0,3422.0551991066727,2947.407516208774,3896.7028820045716
2017-12-24 08:00:00,3694.0,3423.6676002117256,2949.0199173138267,3898.3152831096245
2017-12-24 09:00:00,3851.0,3495.3416293768605,3020.6939464789616,3969.9893122747594
2017-12-24 10:00:00,3529.0,3823.351616370672,3348.7039334727733,4297.999299268571
2017-12-24 11:00:00,3196.0,3503.4332492913936,3028.7855663934947,3978.0809321892925
2017-12-24 12:00:00,2549.0,3110.5898941856235,2635.9422112877246,3585.2375770835224
2017-12-24 13:00:00,2339.0,2847.1230680624285,2372.4753851645296,3321.7707509603274
2017-12-24 14:00:00,2460.0,2387.7726543186773,1913.1249714207784,2862.420337216576
2017-12-24 15:00:00,2576.0,2125.312861138603,1650.6651782407039,2599.9605440365017
2017-12-24 16:00:00,2300.0,1619.1964810768109,1144.548798178912,2093.8441639747098
2017-12-24 17:00:00,1565.0,1001.6627570817049,527.015074183806,1476.3104399796039
2017-12-24 18:00:00,1092.0,499.44219972848197,24.794516830583063,974.0898826263808
2017-12-24 19:00:00,666.0,354.5632301461895,0.0,829.2109130440883
2017-12-24 20:00:00,487.0,333.8656392718466,0.0,808.5133221697455
2017-12-24 21:00:00,349.0,328.8506566959487,0.0,803.4983395938476
2017-12-24 22:00:00,339.0,581.0136476759993,106.36596477810042,1055.6613305738983
2017-12-24 23:00:00,520.0,1250.7065703913695,776.0588874934706,1725.3542532892684
2017-12-25 00:00:00,798.0,1937.0097569056848,1462.3620740077858,2411.6574398035837
2017-12-25 01:00:00,942.0,2057.9551699199283,1583.3074870220294,2532.602852817827
2017-12-25 02:00:00,1260.0,3140.424655139334,2665.776972241435,3615.072338037233
2017-12-25 03:00:00,1760.0,3680.638624483857,3205.990941585958,4155.286307381755
2017-12-25 04:00:00,2292.0,3176.6954015669244,2702.0477186690255,3651.3430844648233
2017-12-25 05:00:00,2653.0,3058.399557005052,2583.751874107153,3533.047239902951
2017-12-25 06:00:00,2957.0,3537.986785813029,3063.3391029151303,4012.634468710928
2017-12-25 07:00:00,2983.0,3610.2563035523303,3135.6086206544314,4084.9039864502292
2017-12-25 08:00:00,2850.0,3563.605098877867,3088.957415979968,4038.252781775766
2017-12-25 09:00:00,2732.0,3661.0271555003314,3186.3794726024325,4135.67483839823
2017-12-25 10:00:00,3045.0,3539.146554329617,3064.4988714317183,4013.794237227516
2017-12-25 11:00:00,3134.0,3361.9068457580906,2887.2591628601917,3836.5545286559895
2017-12-25 12:00:00,3172.0,3216.8729770030745,2742.2252941051756,3691.5206599009734
2017-12-25 13:00:00,3100.0,2557.7942113543263,2083.1465284564274,3032.441894252225
2017-12-25 14:00:00,2875.0,2189.3247453877148,1714.6770624898159,2663.9724282856137
2017-12-25 15:00:00,2404.0,1916.6463975195168,1441.9987146216179,2391.294080417416
2017-12-25 16:00:00,1798.0,1522.3119123364897,1047.6642294385908,1996.9595952343886
2017-12-25 17:00:00,1147.0,1017.3605870025546,542.7129041046556,1492.0082699004533
2017-12-25 18:00:00,539.0,554.1802013254011,79.53251842750217,1028.8278842232999
2017-12-25 19:00:00,326.0,432.0271871532978,0.0,906.6748700511966
2017-12-25 20:00:00,213.0,372.7241838845413,0.0,847.3718667824402
2017-12-25 21:00:00,261.0,358.0551577211039,0.0,832.7028406190028
2017-12-25 22:00:00,507.0,684.0897841328236,209.44210123492473,1158.7374670307227
2017-12-25 23:00:00,1761.0,2133.130482349726,1658.4827994518273,2607.778165247625
2017-12-26 00:00:00,3029.0,4077.329790593563,3602.682107695664,4551.977473491462
2017-12-26 01:00:00,3203.0,4737.430039820025,4262.7823569221255,5212.077722717924
2017-12-26 02:00:00,2982.0,4366.441537670844,3891.793854772945,4841.089220568743
2017-12-26 03:00:00,3013.0,3309.968389811228,2835.320706913329,3784.616072709127
2017-12-26 04:00:00,3396.0,2896.0067287418115,2421.3590458439126,3370.6544116397104
2017-12-26 05:00:00,3983.0,3554.723420426544,3080.0757375286453,4029.371103324443
2017-12-26 06:00:00,4197.0,4089.8947821174406,3615.2470992195417,4564.54246501534
2017-12-26 07:00:00,4487.0,4108.41898973119,3633.771306833291,4583.066672629089
2017-12-26 08:00:00,4828.0,4076.7056701879515,3602.0579872900526,4551.35335308585
2017-12-26 09:00:00,5172.0,4115.522779679803,3640.8750967819037,4590.170462577702
2017-12-26 10:00:00,5282.0,4423.503449554122,3948.8557666562233,4898.151132452022
2017-12-26 11:00:00,4561.0,4642.8766439006895,4168.228961002791,5117.524326798588
2017-12-26 12:00:00,3598.0,3828.1074859821374,3353.4598030842385,4302.755168880036
2017-12-26 13:00:00,2846.0,2864.1638821681504,2389.5161992702515,3338.8115650660493
2017-12-26 14:00:00,2369.0,2483.1781917671447,2008.5305088692458,2957.8258746650436
2017-12-26 15:00:00,2031.0,2296.8638767322805,1822.2161938343816,2771.5115596301794
2017-12-26 16:00:00,1882.0,1786.217301520211,1311.5696186223122,2260.86498441811
2017-12-26 17:00:00,1065.0,1181.4479426637001,706.8002597658012,1656.095625561599
2017-12-26 18:00:00,586.0,644.2833076203799,169.635624722481,1118.9309905182788
2017-12-26 19:00:00,378.0,465.95085323246866,0.0,940.5985361303676
2017-12-26 20:00:00,272.0,367.9310690101354,0.0,842.5787519080343
2017-12-26 21:00:00,330.0,360.4738147483885,0.0,835.1214976462875
2017-12-26 22:00:00,712.0,662.0290340663959,187.38135116849696,1136.6767169642949
2017-12-26 23:00:00,2287.0,2431.7193072272194,1957.0716243293205,2906.3669901251183
2017-12-27 00:00:00,4250.0,4539.955500615099,4065.3078177171997,5014.603183512998
2017-12-27 01:00:00,4453.0,5233.837436664767,4759.189753766868,5708.485119562665
2017-12-27 02:00:00,4124.0,4761.547296168577,4286.899613270678,5236.194979066477
2017-12-27 03:00:00,3950.0,4379.656819657436,3905.0091367595373,4854.304502555335
2017-12-27 04:00:00,3858.0,4044.5568181822664,3569.9091352843675,4519.204501080165
2017-12-27 05:00:00,4401.0,4258.461345931223,3783.8136630333242,4733.109028829122
2017-12-27 06:00:00,4752.0,4549.827823327837,4075.180140429938,5024.475506225735
2017-12-27 07:00:00,4836.0,4627.345191837601,4152.697508939702,5101.992874735501
2017-12-27 08:00:00,5250.0,4925.877265727374,4451.2295828294755,5400.524948625272
2017-12-27 09:00:00,5398.0,4884.429198203861,4409.781515305962,5359.076881101761
2017-12-27 10:00:00,5997.0,5177.259580021386,4702.611897123486,5651.907262919285
2017-12-27 11:00:00,5397.0,5113.03971781263,4638.392034914732,5587.687400710529
2017-12-27 12:00:00,4295.0,4138.839163425364,3664.191480527465,4613.486846323263
2017-12-27 13:00:00,2941.0,3012.3359194821396,2537.6882365842407,3486.9836023800385
2017-12-27 14:00:00,2482.0,2537.8250374103595,2063.1773545124606,3012.4727203082584
2017-12-27 15:00:00,2971.0,2335.3357068898786,1860.6880239919797,2809.9833897877775
2017-12-27 16:00:00,3074.0,1873.490548874977,1398.8428659770782,2348.1382317728758
2017-12-27 17:00:00,1310.0,1115.7323289544909,641.084646056592,1590.3800118523898
2017-12-27 18:00:00,732.0,654.6409880401828,179.99330514228393,1129.2886709380819
2017-12-27 19:00:00,412.0,430.39729561869825,0.0,905.0449785165972
2017-12-27 20:00:00,288.0,380.27193455109614,0.0,854.919617448995
2017-12-27 21:00:00,373.0,361.8429960149999,0.0,836.4906789128988
2017-12-27 22:00:00,743.0,730.6642215497282,256.01653865182925,1205.311904447627
2017-12-27 23:00:00,2217.0,2509.6761422174577,2035.0284593195588,2984.3238251153566
2017-12-28 00:00:00,3997.0,4925.9423255834445,4451.294642685545,5400.590008481344
2017-12-28 01:00:00,3699.0,5262.563777831061,4787.916094933162,5737.21146072896
2017-12-28 02:00:00,2745.0,4932.091025903147,4457.443343005249,5406.7387088010455
2017-12-28 03:00:00,3529.0,4732.938489449654,4258.290806551755,5207.586172347554
2017-12-28 04:00:00,3562.0,4261.908748412854,3787.261065514955,4736.556431310753
2017-12-28 05:00:00,3433.0,4465.79637156684,3991.1486886689413,4940.444054464739
2017-12-28 06:00:00,3994.0,4788.568980251449,4313.9212973535505,5263.216663149347
2017-12-28 07:00:00,3931.0,4552.728364644489,4078.0806817465905,5027.376047542388
2017-12-28 08:00:00,4308.0,4789.001524791935,4314.353841894035,5263.649207689834
2017-12-28 09:00:00,4515.0,4973.778191508047,4499.130508610147,5448.425874405946
2017-12-28 10:00:00,5141.0,4952.0229523396965,4477.375269441798,5426.670635237595
2017-12-28 11:00:00,4520.0,4888.556438018026,4413.908755120126,5363.204120915925
2017-12-28 12:00:00,3764.0,3817.7203722227005,3343.0726893248016,4292.3680551206
2017-12-28 13:00:00,2849.0,2688.394238952248,2213.746556054349,3163.041921850147
2017-12-28 14:00:00,2299.0,2396.51916509037,1921.871482192471,2871.1668479882687
2017-12-28 15:00:00,2180.0,2440.9850662875556,1966.3373833896567,2915.6327491854545
2017-12-28 16:00:00,1916.0,2218.4881638627776,1743.8404809648787,2693.1358467606765
2017-12-28 17:00:00,1177.0,1281.3094625809597,806.6617796830608,1755.9571454788586
2017-12-28 18:00:00,741.0,695.8634490369739,221.21576613907496,1170.5111319348728
2017-12-28 19:00:00,437.0,507.8996788225456,33.25199592464668,982.5473617204445
2017-12-28 20:00:00,358.0,393.60968218081763,0.0,868.2573650787165
2017-12-28 21:00:00,383.0,385.0857326731174,0.0,859.7334155710163
2017-12-28 22:00:00,694.0,637.8851501535851,163.23746725568617,1112.532833051484
2017-12-28 23:00:00,2207.0,2163.896758149791,1689.249075251892,2638.54444104769
2017-12-29 00:00:00,3875.0,4121.829384339386,3647.181701441487,4596.477067237285
2017-12-29 01:00:00,4148.0,4519.485740551495,4044.838057653596,4994.133423449393
2017-12-29 02:00:00,3897.0,3900.0024971627217,3425.354814264823,4374.65018006062
2017-12-29 03:00:00,3845.0,4092.6643680234424,3618.0166851255435,4567.312050921341
2017-12-29 04:00:00,4109.0,3942.2292137088684,3467.5815308109695,4416.876896606767
2017-12-29 05:00:00,4345.0,4397.452294915914,3922.8046120180147,4872.099977813812
2017-12-29 06:00:00,4496.0,4667.312856234565,4192.665173336665,5141.960539132464
2017-12-29 07:00:00,4474.0,4839.288377241288,4364.6406943433885,5313.936060139187
2017-12-29 08:00:00,4750.0,4930.180078405926,4455.532395508028,5404.827761303824
2017-12-29 09:00:00,4767.0,4940.459042206281,4465.811359308382,5415.10672510418
2017-12-29 10:00:00,4859.0,5424.004886252187,4949.357203354288,5898.6525691500865
2017-12-29 11:00:00,4564.0,5079.179690541428,4604.532007643529,5553.827373439326
2017-12-29 12:00:00,3929.0,4019.2279640301163,3544.5802811322174,4493.875646928015
2017-12-29 13:00:00,3016.0,3042.353280672506,2567.705597774607,3517.000963570405
2017-12-29 14:00:00,2470.0,2617.627050045128,2142.979367147229,3092.2747329430267
2017-12-29 15:00:00,2554.0,2606.9275688223825,2132.2798859244836,3081.5752517202814
2017-12-29 16:00:00,3725.0,2396.4101418287646,1921.7624589308657,2871.0578247266635
2017-12-29 17:00:00,1684.0,1800.8455591103573,1326.1978762124584,2275.493242008256
2017-12-29 18:00:00,1092.0,1100.828623526932,626.1809406290331,1575.476306424831
2017-12-29 19:00:00,666.0,676.0804226427335,201.43273974483463,1150.7281055406324
2017-12-29 20:00:00,487.0,477.5111505591343,2.863467661235404,952.1588334570332
2017-12-29 21:00:00,349.0,398.05131981314065,0.0,872.6990027110396
2017-12-29 22:00:00,339.0,535.4307386053953,60.78305570749637,1010.0784215032942
2017-12-29 23:00:00,601.0,418.30521265510004,0.0,892.9528955529989
2017-12-30 00:00:00,1006.0,994.7353562111684,520.0876733132695,1469.3830391090673
2017-12-30 01:00:00,1216.0,1491.2877224780802,1016.6400395801813,1965.9354053759791
2017-12-30 02:00:00,1681.0,2154.2067761927538,1679.5590932948548,2628.8544590906527
2017-12-30 03:00:00,2412.0,2598.712363896704,2124.064680998805,3073.360046794603
2017-12-30 04:00:00,3188.0,3266.0983431131576,2791.4506602152587,3740.7460260110565
2017-12-30 05:00:00,3716.0,3866.833073279672,3392.1853903817732,4341.480756177571
2017-12-30 06:00:00,4160.0,4186.280436481768,3711.6327535838695,4660.928119379667
2017-12-30 07:00:00,4197.0,4157.170347054047,3682.522664156148,4631.818029951946
2017-12-30 08:00:00,4003.0,4046.809690099942,3572.1620072020432,4521.457372997841
2017-12-30 09:00:00,3831.0,4211.507238075848,3736.8595551779495,4686.154920973748
2017-12-30 10:00:00,4288.0,4439.806709388686,3965.159026490787,4914.454392286585
2017-12-30 11:00:00,4376.0,4106.667609842183,3632.019926944284,4581.315292740082
2017-12-30 12:00:00,4514.0,3679.3956331158174,3204.7479502179185,4154.043316013716
2017-12-30 13:00:00,3380.0,3194.2234439987938,2719.575761100895,3668.8711268966927
2017-12-30 14:00:00,2597.0,2487.1664176820177,2012.5187347841188,2961.8141005799166
2017-12-30 15:00:00,2271.0,2400.219973042159,1925.57229014426,2874.867655940058
2017-12-30 16:00:00,2352.0,2313.8734170964344,1839.2257341985355,2788.5210999943333
2017-12-30 17:00:00,2680.0,1798.9364176702193,1324.2887347723204,2273.584100568118
2017-12-30 18:00:00,1000.0,1085.5675937254434,610.9199108275445,1560.2152766233423
2017-12-30 19:00:00,711.0,722.2804602484873,247.6327773505884,1196.9281431463862
2017-12-30 20:00:00,519.0,508.3474911865464,33.69980828864749,982.9951740844454
2017-12-30 21:00:00,303.0,381.7034402358358,0.0,856.3511231337347
2017-12-30 22:00:00,285.0,428.6156642436985,0.0,903.2633471415975
2017-12-30 23:00:00,457.0,452.2158604751968,0.0,926.8635433730957
2017-12-31 00:00:00,808.0,848.9420785647995,374.29439566690064,1323.5897614626983
2017-12-31 01:00:00,959.0,1083.2337432984932,608.5860604005943,1557.881426196392
2017-12-31 02:00:00,1319.0,1565.0682692754424,1090.4205863775435,2039.7159521733413
2017-12-31 03:00:00,2384.0,2119.8089743383985,1645.1612914404996,2594.4566572362974
2017-12-31 04:00:00,3504.0,3073.779864387196,2599.132181489297,3548.427547285095
2017-12-31 05:00:00,3404.0,3262.219695450469,2787.57201255257,3736.8673783483678
2017-12-31 06:00:00,3438.0,3586.027852046717,3111.380169148818,4060.6755349446157
2017-12-31 07:00:00,3212.0,3734.3809139547375,3259.7332310568386,4209.028596852637
2017-12-31 08:00:00,3410.0,3751.941327255506,3277.2936443576073,4226.589010153405
2017-12-31 09:00:00,3635.0,3869.629840096283,3394.982157198384,4344.277522994182
2017-12-31 10:00:00,3802.0,4051.6412140316497,3576.993531133751,4526.288896929549
2017-12-31 11:00:00,3513.0,3790.100308062418,3315.4526251645193,4264.747990960317
2017-12-31 12:00:00,3350.0,3098.1466283853056,2623.4989454874067,3572.7943112832045
2017-12-31 13:00:00,2995.0,2635.6345721729713,2160.9868892750724,3110.28225507087
2017-12-31 14:00:00,2731.0,2335.250187256779,1860.6025043588802,2809.897870154678
2017-12-31 15:00:00,2483.0,1975.8836373751537,1501.2359544772548,2450.5313202730526
2017-12-31 16:00:00,2041.0,1650.4447782904995,1175.7970953926006,2125.0924611883984
2017-12-31 17:00:00,1580.0,1062.8477101434596,588.2000272455607,1537.4953930413585
2017-12-31 18:00:00,1478.0,596.1903190721122,121.54263617421327,1070.8380019700112
2017-12-31 19:00:00,1408.0,398.89856676724753,0.0,873.5462496651464
2017-12-31 20:00:00,931.0,351.0526430128211,0.0,825.70032591072
2017-12-31 21:00:00,585.0,345.24089266593796,0.0,819.8885755638369
2017-12-31 22:00:00,381.0,648.8518196981399,174.20413680024103,1123.4995025960388
2017-12-31 23:00:00,434.0,1321.7555046759717,847.1078217780728,1796.4031875738706
2018-01-01 00:00:00,686.0,2600.1522837647385,2125.5046008668396,3074.7999666626374
2018-01-01 01:00:00,677.0,1804.5522602384945,1329.9045773405956,2279.1999431363934
2018-01-01 02:00:00,811.0,1940.3636581711175,1465.7159752732186,2415.0113410690165
2018-01-01 03:00:00,1122.0,2378.6687844127136,1904.0211015148147,2853.3164673106126
2018-01-01 04:00:00,1738.0,2168.191690428723,1693.5440075308243,2642.839373326622
2018-01-01 05:00:00,2421.0,2524.819891734306,2050.172208836407,2999.467574632205
2018-01-01 06:00:00,2908.0,3249.7837583844607,2775.136075486562,3724.4314412823596
2018-01-01 07:00:00,2985.0,3085.246280791066,2610.598597893167,3559.893963688965
2018-01-01 08:00:00,3214.0,3012.8662092051873,2538.2185263072884,3487.513892103086
2018-01-01 09:00:00,3410.0,3134.234768588332,2659.587085690433,3608.882451486231
2018-01-01 10:00:00,3290.0,3018.3848766569176,2543.7371937590187,3493.0325595548165
2018-01-01 11:00:00,3079.0,2873.945363715675,2399.297680817776,3348.5930466135737
2018-01-01 12:00:00,2891.0,2887.2834317144952,2412.6357488165963,3361.931114612394
2018-01-01 13:00:00,2199.0,2098.5088468576837,1623.8611639597848,2573.1565297555826
2018-01-01 14:00:00,1738.0,1726.0008035036255,1251.3531206057266,2200.6484864015247
2018-01-01 15:00:00,1555.0,1567.636611163915,1092.988928266016,2042.2842940618139
2018-01-01 16:00:00,1213.0,1196.305874462526,721.658191564627,1670.9535573604248
2018-01-01 17:00:00,830.0,664.472739547292,189.8250566493931,1139.1204224451908
2018-01-01 18:00:00,477.0,344.2660429324067,0.0,818.9137258303056
2018-01-01 19:00:00,279.0,210.03223600098454,0.0,684.6799188988834
2018-01-01 20:00:00,205.0,205.81535673302622,0.0,680.4630396309251
2018-01-01 21:00:00,299.0,203.349512316527,0.0,677.9971952144259
2018-01-01 22:00:00,729.0,565.5341314475467,90.88644854964775,1040.1818143454457
2018-01-01 23:00:00,2544.0,2037.2342122978516,1562.5865293999527,2511.8818951957505
2018-01-02 00:00:00,4801.0,4454.80216176815,3980.154478870251,4929.449844666049
2018-01-02 01:00:00,5696.0,5123.828225420421,4649.180542522523,5598.47590831832
2018-01-02 02:00:00,4901.0,4713.816613957655,4239.168931059756,5188.4642968555545
2018-01-02 03:00:00,4189.0,4178.769777977656,3704.1220950797574,4653.417460875555
2018-01-02 04:00:00,4065.0,3457.452904611955,2982.805221714056,3932.100587509854
2018-01-02 05:00:00,4172.0,3703.0289236282997,3228.381240730401,4177.676606526198
2018-01-02 06:00:00,4448.0,4162.426067669138,3687.7783847712394,4637.073750567037
2018-01-02 07:00:00,4537.0,4125.579511401245,3650.9318285033464,4600.227194299145
2018-01-02 08:00:00,4698.0,4514.142694919781,4039.4950120218823,4988.790377817681
2018-01-02 09:00:00,5232.0,4883.233833304901,4408.586150407002,5357.8815162028
2018-01-02 10:00:00,5618.0,5792.180075425581,5317.5323925276825,6266.827758323479
2018-01-02 11:00:00,5178.0,5196.044997019936,4721.397314122038,5670.6926799178345
2018-01-02 12:00:00,3625.0,3771.1824829369375,3296.5348000390386,4245.830165834836
2018-01-02 13:00:00,2669.0,2721.5129235745185,2246.8652406766196,3196.1606064724174
2018-01-02 14:00:00,2056.0,2356.403855443523,1881.756172545624,2831.0515383414217
2018-01-02 15:00:00,2834.0,2314.72153063517,1840.073847737271,2789.369213533069
2018-01-02 16:00:00,2785.0,1756.920057410427,1282.2723745125281,2231.567740308326
2018-01-02 17:00:00,1118.0,1106.02910804876,631.3814251508611,1580.676790946659
2018-01-02 18:00:00,599.0,528.9254439827304,54.27776108483147,1003.5731268806293
2018-01-02 19:00:00,353.0,300.09613322273117,0.0,774.7438161206301
2018-01-02 20:00:00,283.0,293.2574831498098,0.0,767.9051660477087
2018-01-02 21:00:00,358.0,339.59601228678446,0.0,814.2436951846834
2018-01-02 22:00:00,811.0,623.2677798520675,148.62009695416862,1097.9154627499665
2018-01-02 23:00:00,2739.0,2496.236211795233,2021.588528897334,2970.883894693132
2018-01-03 00:00:00,5225.0,4791.668378422406,4317.020695524507,5266.316061320305
2018-01-03 01:00:00,6017.0,5893.5017205130935,5418.854037615194,6368.149403410993
2018-01-03 02:00:00,5398.0,4888.248395063974,4413.600712166075,5362.896077961874
2018-01-03 03:00:00,5142.0,4588.132061413473,4113.484378515574,5062.779744311372
2018-01-03 04:00:00,4092.0,3762.3339966823096,3287.6863137844107,4236.981679580209
2018-01-03 05:00:00,4328.0,4121.535428430445,3646.887745532546,4596.183111328344
2018-01-03 06:00:00,4600.0,4563.040016244983,4088.3923333470843,5037.687699142882
2018-01-03 07:00:00,4591.0,4542.486852012444,4067.839169114545,5017.134534910343
2018-01-03 08:00:00,4983.0,4913.411621869728,4438.76393897183,5388.059304767627
2018-01-03 09:00:00,5589.0,5474.025344466561,4999.377661568662,5948.673027364461
2018-01-03 10:00:00,6317.0,6195.3925397142175,5720.744856816318,6670.040222612117
2018-01-03 11:00:00,5951.0,5877.0552212903885,5402.40753839249,6351.702904188287
2018-01-03 12:00:00,4350.0,4457.044174507853,3982.3964916099544,4931.691857405753
2018-01-03 13:00:00,3144.0,3016.4196711622862,2541.7719882643873,3491.067354060185
2018-01-03 14:00:00,2319.0,2538.5350826679855,2063.8873997700866,3013.1827655658844
2018-01-03 15:00:00,2105.0,2391.7593810794933,1917.1116981815944,2866.407063977392
2018-01-03 16:00:00,1517.0,1721.6452005432038,1246.997517645305,2196.2928834411027
2018-01-03 17:00:00,991.0,1067.5969135072435,592.9492306093446,1542.2445964051424
2018-01-03 18:00:00,529.0,546.9778426040455,72.33015970614656,1021.6255255019444
2018-01-03 19:00:00,343.0,318.7133786755622,0.0,793.361061573461
2018-01-03 20:00:00,247.0,306.7358674139264,0.0,781.3835503118253
2018-01-03 21:00:00,325.0,316.3451622410423,0.0,790.9928451389412
2018-01-03 22:00:00,827.0,693.7953859213998,219.14770302350087,1168.4430688192988
2018-01-03 23:00:00,2757.0,2592.518024854533,2117.870341956634,3067.165707752432
2018-01-04 00:00:00,5323.0,5266.762030662229,4792.114347764331,5741.409713560128
2018-01-04 01:00:00,6420.0,5768.84171765678,5294.194034758881,6243.489400554679
2018-01-04 02:00:00,4478.0,5248.408076744069,4773.760393846171,5723.055759641968
2018-01-04 03:00:00,4885.0,4782.256162686355,4307.608479788456,5256.903845584255
2018-01-04 04:00:00,4259.0,4242.371475281488,3767.7237923835887,4717.019158179386
2018-01-04 05:00:00,4446.0,4469.838109813507,3995.190426915608,4944.485792711406
2018-01-04 06:00:00,4738.0,4700.118216366858,4225.470533468959,5174.7658992647575
2018-01-04 07:00:00,4656.0,4739.111640186289,4264.46395728839,5213.7593230841885
2018-01-04 08:00:00,5094.0,4874.774212089859,4400.126529191961,5349.421894987758
2018-01-04 09:00:00,5442.0,5509.957743856432,5035.310060958533,5984.605426754331
2018-01-04 10:00:00,6450.0,6187.882614096679,5713.23493119878,6662.530296994579
2018-01-04 11:00:00,5993.0,5566.869173108414,5092.221490210515,6041.516856006312
2018-01-04 12:00:00,4377.0,4434.1383797973995,3959.4906968995006,4908.786062695299
2018-01-04 13:00:00,3071.0,3086.6053618651767,2611.957678967278,3561.2530447630756
2018-01-04 14:00:00,2646.0,2685.631934702771,2210.984251804872,3160.27961760067
2018-01-04 15:00:00,3933.0,2620.080666530179,2145.43298363228,3094.7283494280778
2018-01-04 16:00:00,2422.0,2074.5828710125493,1599.9351881146504,2549.230553910448
2018-01-04 17:00:00,1185.0,1243.7986752297722,769.1509923318733,1718.4463581276711
2018-01-04 18:00:00,630.0,633.2500900259535,158.60240712805455,1107.8977729238522
2018-01-04 19:00:00,379.0,367.82830119209336,0.0,842.4759840899923
2018-01-04 20:00:00,301.0,347.86675676764753,0.0,822.5144396655464
2018-01-04 21:00:00,335.0,378.76884256154733,0.0,853.4165254594462
2018-01-04 22:00:00,813.0,712.1513002730057,237.50361737510684,1186.7989831709046
2018-01-04 23:00:00,2629.0,2499.9069656915904,2025.2592827936915,2974.5546485894893
2018-01-05 00:00:00,5002.0,5281.831552576389,4807.183869678491,5756.479235474288
2018-01-05 01:00:00,5906.0,5970.022813124882,5495.375130226983,6444.670496022782
2018-01-05 02:00:00,4742.0,5528.872280120489,5054.22459722259,6003.519963018389
2018-01-05 03:00:00,4704.0,4811.209353551317,4336.561670653418,5285.857036449215
2018-01-05 04:00:00,4279.0,4455.552866933627,3980.9051840357283,4930.200549831527
2018-01-05 05:00:00,4566.0,4793.086293346779,4318.43861044888,5267.733976244677
2018-01-05 06:00:00,4989.0,4989.616662808561,4514.968979910662,5464.2643457064605
2018-01-05 07:00:00,4968.0,4971.531937085035,4496.884254187136,5446.179619982933
2018-01-05 08:00:00,5315.0,5330.311571546214,4855.663888648314,5804.959254444113
2018-01-05 09:00:00,5867.0,5574.088483095212,5099.440800197313,6048.73616599311
2018-01-05 10:00:00,6504.0,6058.707414838904,5584.059731941004,6533.355097736803
2018-01-05 11:00:00,6185.0,5604.500775322684,5129.853092424784,6079.148458220583
2018-01-05 12:00:00,4611.0,4441.165424817053,3966.5177419191537,4915.813107714952
2018-01-05 13:00:00,3652.0,3252.133377992151,2777.485695094252,3726.78106089005
2018-01-05 14:00:00,2880.0,2774.565402761477,2299.917719863578,3249.213085659376
2018-01-05 15:00:00,2815.0,2782.7345336298517,2308.086850731953,3257.3822165277506
2018-01-05 16:00:00,2978.0,2412.8031337097677,1938.1554508118688,2887.4508166076666
2018-01-05 17:00:00,1805.0,1771.7137304513908,1297.066047553492,2246.3614133492897
2018-01-05 18:00:00,1003.0,1066.1963846609337,591.5487017630348,1540.8440675588326
2018-01-05 19:00:00,673.0,666.1881962987545,191.54051340085562,1140.8358791966534
2018-01-05 20:00:00,483.0,469.7660034255881,0.0,944.413686323487
2018-01-05 21:00:00,319.0,372.6863882574819,0.0,847.3340711553808
2018-01-05 22:00:00,383.0,451.7240379896967,0.0,926.3717208875955
2018-01-05 23:00:00,694.0,712.5777735749149,237.93009067701598,1187.2254564728137
2018-01-06 00:00:00,1129.0,1337.325526726564,862.6778438286651,1811.973209624463
2018-01-06 01:00:00,1728.0,2070.8769889283785,1596.2293060304796,2545.5246718262774
2018-01-06 02:00:00,2487.0,2701.065590108217,2226.417907210318,3175.7132730061157
2018-01-06 03:00:00,3046.0,3171.509925086619,2696.8622421887203,3646.157607984518
2018-01-06 04:00:00,3593.0,3778.0969391783615,3303.4492562804626,4252.74462207626
2018-01-06 05:00:00,4092.0,4136.176841777086,3661.5291588791874,4610.824524674985
2018-01-06 06:00:00,4506.0,4362.115788219494,3887.468105321595,4836.763471117392
2018-01-06 07:00:00,4501.0,4638.261245200157,4163.613562302258,5112.908928098055
2018-01-06 08:00:00,4857.0,4512.83349912359,4038.185816225691,4987.481182021489
2018-01-06 09:00:00,4519.0,4473.897369478414,3999.2496865805147,4948.545052376312
2018-01-06 10:00:00,4486.0,4659.158812022626,4184.511129124727,5133.806494920525
2018-01-06 11:00:00,4536.0,4390.451720152234,3915.804037254335,4865.099403050133
2018-01-06 12:00:00,3801.0,3824.893217143231,3350.2455342453322,4299.54090004113
2018-01-06 13:00:00,3174.0,3073.5923808029597,2598.944697905061,3548.2400637008586
2018-01-06 14:00:00,2556.0,2732.000220173424,2257.3525372755253,3206.647903071323
2018-01-06 15:00:00,2463.0,2675.7949294716886,2201.1472465737897,3150.4426123695876
2018-01-06 16:00:00,2801.0,2839.216938939809,2364.56925604191,3313.864621837708
2018-01-06 17:00:00,2089.0,1929.2750019336715,1454.6273190357726,2403.92268483157
2018-01-06 18:00:00,1053.0,1045.996678701593,571.3489958036942,1520.644361599492
2018-01-06 19:00:00,648.0,649.7914020360085,175.14371913810965,1124.4390849339075
2018-01-06 20:00:00,540.0,439.67609911317123,0.0,914.3237820110701
2018-01-06 21:00:00,313.0,368.847814780319,0.0,843.4954976782179
2018-01-06 22:00:00,260.0,406.11791001433863,0.0,880.7655929122375
2018-01-06 23:00:00,442.0,514.3249252602043,39.67724236230538,988.9726081581032
2018-01-07 00:00:00,769.0,873.0328153991699,398.38513250127096,1347.6804982970689
2018-01-07 01:00:00,1024.0,1137.0695973618758,662.4219144639769,1611.7172802597747
2018-01-07 02:00:00,1695.0,1795.0439427833367,1320.3962598854378,2269.6916256812356
2018-01-07 03:00:00,2516.0,2412.97331432401,1938.3256314261112,2887.620997221909
2018-01-07 04:00:00,3256.0,3098.4190062120933,2623.7713233141944,3573.0666891099922
2018-01-07 05:00:00,3670.0,3398.029171894114,2923.381488996215,3872.676854792013
2018-01-07 06:00:00,4070.0,3700.0396818530644,3225.3919989551655,4174.687364750964
2018-01-07 07:00:00,4065.0,3816.303198577043,3341.655515679144,4290.950881474942
2018-01-07 08:00:00,4409.0,3864.825852062454,3390.178169164555,4339.4735349603525
2018-01-07 09:00:00,4082.0,3902.8516304677783,3428.2039475698793,4377.499313365677
2018-01-07 10:00:00,4050.0,3997.9626273950576,3523.3149444971586,4472.6103102929565
2018-01-07 11:00:00,4099.0,3718.1545975539343,3243.5069146560354,4192.802280451833
2018-01-07 12:00:00,3388.0,3196.1180669125865,2721.4703840146876,3670.7657498104854
2018-01-07 13:00:00,2780.0,2626.060450491493,2151.4127675935943,3100.708133389392
2018-01-07 14:00:00,2261.0,2246.7739389284498,1772.1262560305508,2721.4216218263487
2018-01-07 15:00:00,1800.0,1941.211684486916,1466.5640015890172,2415.859367384815
2018-01-07 16:00:00,1433.0,1566.2762222585836,1091.6285393606847,2040.9239051564825
2018-01-07 17:00:00,1073.0,1013.5798118188444,538.9321289209455,1488.2274947167434
2018-01-07 18:00:00,455.0,551.3740725668218,76.72638966892293,1026.0217554647206
2018-01-07 19:00:00,289.0,326.0106290845948,0.0,800.6583119824937
2018-01-07 20:00:00,220.0,304.96981606439374,0.0,779.6174989622926
2018-01-07 21:00:00,361.0,310.39460068587783,0.0,785.0422835837767
2018-01-07 22:00:00,820.0,635.9339788798662,161.28629598196733,1110.581661777765
2018-01-07 23:00:00,2809.0,2431.8966588980807,1957.2489760001818,2906.5443417959796
2018-01-08 00:00:00,5189.0,5032.106256397699,4557.4585734998,5506.753939295599
2018-01-08 01:00:00,6048.0,5589.260033990049,5114.61235109215,6063.9077168879485
2018-01-08 02:00:00,5751.0,4532.4050948642125,4057.7574119663136,5007.052777762112
2018-01-08 03:00:00,4728.0,4376.76718075054,3902.1194978526414,4851.414863648439
2018-01-08 04:00:00,4138.0,3820.25112329431,3345.6034403964113,4294.898806192209
2018-01-08 05:00:00,4324.0,4251.990565639042,3777.342882741143,4726.638248536941
2018-01-08 06:00:00,4512.0,4362.083304676336,3887.4356217784375,4836.730987574236
2018-01-08 07:00:00,4786.0,4388.702089958031,3914.0544070601322,4863.3497728559305
2018-01-08 08:00:00,4880.0,4852.616757623547,4377.969074725648,5327.264440521445
2018-01-08 09:00:00,5406.0,5343.019256683244,4868.371573785345,5817.666939581142
2018-01-08 10:00:00,6458.0,6023.692619823867,5549.044936925968,6498.340302721766
2018-01-08 11:00:00,5732.0,5528.032254922891,5053.384572024992,6002.679937820791
2018-01-08 12:00:00,4446.0,3946.5041279327334,3471.8564450348345,4421.151810830632
2018-01-08 13:00:00,2836.0,2730.158431223843,2255.510748325944,3204.8061141217418
2018-01-08 14:00:00,2416.0,2201.5236571137125,1726.8759742158136,2676.1713400116114
2018-01-08 15:00:00,2076.0,2157.1490081262978,1682.5013252283989,2631.7966910241967
2018-01-08 16:00:00,1481.0,1501.5588322846554,1026.9111493867565,1976.2065151825543
2018-01-08 17:00:00,948.0,893.4759386851383,418.8282557872394,1368.1236215830372
2018-01-08 18:00:00,560.0,502.4197127281542,27.772029830255292,977.0673956260531
2018-01-08 19:00:00,342.0,285.35103549804677,0.0,759.9987183959456
2018-01-08 20:00:00,239.0,289.83188901953935,0.0,764.4795719174383
2018-01-08 21:00:00,334.0,329.7461584151715,0.0,804.3938413130704
2018-01-08 22:00:00,832.0,817.4804826314818,342.8327997335829,1292.1281655293806
2018-01-08 23:00:00,2972.0,2650.6632156028736,2176.0155327049747,3125.3108985007725
2018-01-09 00:00:00,5674.0,5356.1459964452915,4881.498313547392,5830.793679343191
2018-01-09 01:00:00,6229.0,6003.968552382057,5529.320869484158,6478.6162352799565
2018-01-09 02:00:00,5965.0,5591.148110188439,5116.500427290541,6065.795793086338
2018-01-09 03:00:00,5124.0,5077.012948006608,4602.365265108709,5551.660630904507
2018-01-09 04:00:00,4348.0,4289.484590388783,3814.8369074908837,4764.132273286681
2018-01-09 05:00:00,4473.0,4408.596703368282,3933.949020470383,4883.24438626618
2018-01-09 06:00:00,5034.0,4599.68768508119,4125.04000218329,5074.335367979089
2018-01-09 07:00:00,4784.0,4662.203721314874,4187.556038416975,5136.851404212774
2018-01-09 08:00:00,5065.0,5116.703207545074,4642.055524647176,5591.350890442973
2018-01-09 09:00:00,5589.0,5655.449608829413,5180.801925931513,6130.097291727312
2018-01-09 10:00:00,6559.0,6455.830721295364,5981.183038397465,6930.4784041932635
2018-01-09 11:00:00,6104.0,6096.277245967202,5621.629563069304,6570.924928865101
2018-01-09 12:00:00,4405.0,4508.723073551861,4034.0753906539617,4983.37075644976
2018-01-09 13:00:00,3001.0,3125.354197839449,2650.7065149415503,3600.001880737348
2018-01-09 14:00:00,2604.0,2791.6860022189976,2317.0383193210987,3266.3336851168965
2018-01-09 15:00:00,2931.0,2617.4415530926594,2142.7938701947605,3092.0892359905583
2018-01-09 16:00:00,3488.0,1967.7404360458459,1493.092753147947,2442.3881189437448
2018-01-09 17:00:00,1125.0,1151.606763574844,676.9590806769452,1626.254446472743
2018-01-09 18:00:00,583.0,543.572936605856,68.92525370795704,1018.2206195037548
2018-01-09 19:00:00,327.0,319.09214276250924,0.0,793.7398256604081
2018-01-09 20:00:00,270.0,272.8533291697097,0.0,747.5010120676086
2018-01-09 21:00:00,336.0,289.38172584832006,0.0,764.0294087462189
2018-01-09 22:00:00,887.0,720.1918890099395,245.54420611204057,1194.8395719078385
2018-01-09 23:00:00,2944.0,2614.090532573186,2139.442849675287,3088.738215471085
2018-01-10 00:00:00,5614.0,5526.199048438511,5051.551365540612,6000.846731336411
2018-01-10 01:00:00,6228.0,6438.594879133796,5963.947196235897,6913.242562031695
2018-01-10 02:00:00,5842.0,5828.17187872119,5353.524195823291,6302.81956161909
2018-01-10 03:00:00,5145.0,5110.855459531163,4636.207776633264,5585.503142429063
2018-01-10 04:00:00,4552.0,4422.764518980364,3948.1168360824654,4897.412201878264
2018-01-10 05:00:00,4623.0,4690.512182952175,4215.8645000542765,5165.159865850073
2018-01-10 06:00:00,4911.0,4876.973784365923,4402.326101468025,5351.621467263822
2018-01-10 07:00:00,4926.0,4890.373797650278,4415.726114752379,5365.021480548177
2018-01-10 08:00:00,5315.0,5207.053338595987,4732.405655698089,5681.7010214938855
2018-01-10 09:00:00,5681.0,5679.634257908758,5204.986575010858,6154.281940806657
2018-01-10 10:00:00,6602.0,6417.949974495577,5943.302291597678,6892.597657393477
2018-01-10 11:00:00,6128.0,6075.693254067215,5601.045571169316,6550.340936965114
2018-01-10 12:00:00,4520.0,4531.2501108218285,4056.6024279239296,5005.897793719727
2018-01-10 13:00:00,2986.0,3124.0908635463693,2649.4431806484704,3598.738546444268
2018-01-10 14:00:00,2642.0,2788.5949633434134,2313.9472804455145,3263.2426462413123
2018-01-10 15:00:00,2342.0,2641.7070128878545,2167.0593299899556,3116.3546957857534
2018-01-10 16:00:00,1596.0,2117.305012192806,1642.657329294907,2591.9526950907048
2018-01-10 17:00:00,1115.0,1258.2691632850876,783.6214803871887,1732.9168461829865
2018-01-10 18:00:00,568.0,628.654103993175,154.0064210952761,1103.3017868910738
2018-01-10 19:00:00,352.0,339.5724761250016,0.0,814.2201590229005
2018-01-10 20:00:00,291.0,297.87057847585993,0.0,772.5182613737588
2018-01-10 21:00:00,391.0,313.20031858628494,0.0,787.8480014841839
2018-01-10 22:00:00,855.0,745.1207512063119,270.47306830841296,1219.7684341042109
2018-01-10 23:00:00,2869.0,2629.679712356676,2155.0320294587773,3104.327395254575
2018-01-11 00:00:00,4869.0,5466.5191544601585,4991.871471562259,5941.166837358058
2018-01-11 01:00:00,4601.0,6398.595367723503,5923.947684825604,6873.243050621402
2018-01-11 02:00:00,4475.0,5742.424715567103,5267.777032669204,6217.072398465001
2018-01-11 03:00:00,4021.0,4915.881293496492,4441.233610598592,5390.528976394391
2018-01-11 04:00:00,3559.0,4437.287969362871,3962.640286464972,4911.93565226077
2018-01-11 05:00:00,3524.0,4691.414906090834,4216.7672231929355,5166.062588988732
2018-01-11 06:00:00,3587.0,4798.110933462827,4323.463250564928,5272.758616360727
2018-01-11 07:00:00,3293.0,4673.642886739869,4198.995203841971,5148.2905696377675
2018-01-11 08:00:00,3557.0,4890.944128798489,4416.296445900591,5365.591811696388
2018-01-11 09:00:00,4081.0,4960.80528917301,4486.157606275112,5435.452972070909
2018-01-11 10:00:00,4269.0,5476.715490879734,5002.067807981835,5951.363173777632
2018-01-11 11:00:00,4178.0,5146.308004316653,4671.660321418754,5620.955687214551
2018-01-11 12:00:00,3130.0,3605.5028346006306,3130.8551517027317,4080.1505174985296
2018-01-11 13:00:00,2480.0,2690.222661931111,2215.574979033212,3164.87034482901
2018-01-11 14:00:00,2251.0,2258.4542337874727,1783.8065508895738,2733.1019166853716
2018-01-11 15:00:00,2081.0,2467.1222574746766,1992.4745745767777,2941.7699403725755
2018-01-11 16:00:00,1450.0,2238.6970552930156,1764.0493723951167,2713.3447381909145
2018-01-11 17:00:00,949.0,1209.2023629010644,734.5546800031655,1683.8500457989633
2018-01-11 18:00:00,566.0,619.5657498490896,144.91806695119067,1094.2134327469885
2018-01-11 19:00:00,335.0,406.1774242898063,0.0,880.8251071877053
2018-01-11 20:00:00,272.0,358.3497500010466,0.0,832.9974328989455
2018-01-11 21:00:00,353.0,370.04373224342424,0.0,844.6914151413232
2018-01-11 22:00:00,828.0,654.0580018482057,179.41031895030676,1128.7056847461045
2018-01-11 23:00:00,2728.0,2386.784083062102,1912.1364001642032,2861.431765960001
2018-01-12 00:00:00,4791.0,4346.0279966124135,3871.3803137145146,4820.675679510312
2018-01-12 01:00:00,5517.0,4732.539283012325,4257.891600114426,5207.186965910223
2018-01-12 02:00:00,4240.0,4496.041350937596,4021.393668039697,4970.689033835495
2018-01-12 03:00:00,4565.0,4015.360498831546,3540.712815933647,4490.008181729445
2018-01-12 04:00:00,3988.0,3769.6920575617532,3295.0443746638543,4244.339740459653
2018-01-12 05:00:00,4440.0,4332.884543580117,3858.236860682218,4807.532226478015
2018-01-12 06:00:00,4958.0,4627.045739820506,4152.398056922608,5101.693422718405
2018-01-12 07:00:00,4928.0,4693.908332842287,4219.260649944388,5168.556015740185
2018-01-12 08:00:00,5078.0,4849.658200703075,4375.010517805176,5324.305883600973
2018-01-12 09:00:00,5560.0,5422.973287427837,4948.325604529939,5897.6209703257355
2018-01-12 10:00:00,5841.0,5792.95439704062,5318.306714142722,6267.602079938519
2018-01-12 11:00:00,5779.0,5352.297017717157,4877.649334819258,5826.944700615057
2018-01-12 12:00:00,4677.0,4334.056878805148,3859.409195907249,4808.704561703047
2018-01-12 13:00:00,3348.0,3267.881252495806,2793.2335695979073,3742.528935393705
2018-01-12 14:00:00,2690.0,2811.50491733029,2336.857234432391,3286.152600228189
2018-01-12 15:00:00,2573.0,2881.5860630497164,2406.9383801518175,3356.2337459476153
2018-01-12 16:00:00,2440.0,2565.1419312621265,2090.4942483642276,3039.7896141600254
2018-01-12 17:00:00,1654.0,1729.4397487109854,1254.7920658130865,2204.0874316088843
2018-01-12 18:00:00,1032.0,1102.7475418550089,628.09985895711,1577.3952247529078
2018-01-12 19:00:00,601.0,552.8559105523868,78.20822765448793,1027.5035934502857
2018-01-12 20:00:00,467.0,455.18061515319096,0.0,929.8282980510899
2018-01-12 21:00:00,361.0,355.701670804238,0.0,830.3493537021369
2018-01-12 22:00:00,388.0,453.552961223129,0.0,928.2006441210278
2018-01-12 23:00:00,647.0,665.7914760400378,191.14379314213886,1140.4391589379366
2018-01-13 00:00:00,1175.0,1231.11562678936,756.4679438914611,1705.763309687259
2018-01-13 01:00:00,1720.0,1901.1851720370025,1426.5374891391036,2375.8328549349017
2018-01-13 02:00:00,2582.0,2124.4310762582527,1649.7833933603538,2599.0787591561516
2018-01-13 03:00:00,3473.0,2826.62355979668,2351.9758768987813,3301.271242694579
2018-01-13 04:00:00,3916.0,3756.457791999754,3281.8101091018552,4231.105474897653
2018-01-13 05:00:00,4155.0,4075.076768271112,3600.429085373213,4549.724451169011
2018-01-13 06:00:00,4379.0,4502.723616088686,4028.075933190787,4977.371298986585
2018-01-13 07:00:00,4595.0,4360.127762926585,3885.480080028686,4834.7754458244835
2018-01-13 08:00:00,4212.0,4424.122108079874,3949.474425181975,4898.769790977773
2018-01-13 09:00:00,3941.0,4475.479207730093,4000.8315248321937,4950.126890627991
2018-01-13 10:00:00,3601.0,4543.243120157542,4068.595437259643,5017.890803055441
2018-01-13 11:00:00,3374.0,4337.331613627458,3862.683930729559,4811.979296525356
2018-01-13 12:00:00,3141.0,3664.1426159766847,3189.494933078786,4138.790298874584
2018-01-13 13:00:00,3479.0,3095.7023890368373,2621.0547061389384,3570.350071934736
2018-01-13 14:00:00,3429.0,2414.3374735057905,1939.6897906078916,2888.9851564036894
2018-01-13 15:00:00,4055.0,2537.491368216615,2062.843685318716,3012.1390511145137
2018-01-13 16:00:00,2990.0,2450.8079147267035,1976.1602318288046,2925.4555976246024
2018-01-13 17:00:00,1872.0,1757.6107591164568,1282.963076218558,2232.2584420143558
2018-01-13 18:00:00,1210.0,942.1346411404038,467.4869582425049,1416.7823240383027
2018-01-13 19:00:00,756.0,580.5976726346194,105.94998973672045,1055.2453555325183
2018-01-13 20:00:00,494.0,480.31125130407764,5.66356840617874,954.9589342019765
2018-01-13 21:00:00,313.0,486.84539994678886,12.197717048889956,961.4930828446877
2018-01-13 22:00:00,271.0,397.90260860232297,0.0,872.5502915002219
2018-01-13 23:00:00,474.0,525.6879017553384,51.04021885743953,1000.3355846532373
2018-01-14 00:00:00,735.0,869.6336979868591,394.98601508896024,1344.2813808847582
2018-01-14 01:00:00,1296.0,1164.7895725554533,690.1418896575544,1639.4372554533522
2018-01-14 02:00:00,1880.0,1841.48070494686,1366.833022048961,2316.128387844759
2018-01-14 03:00:00,2567.0,2384.0887669202407,1909.4410840223418,2858.7364498181396
2018-01-14 04:00:00,3338.0,3035.801669554424,2561.153986656525,3510.4493524523227
2018-01-14 05:00:00,3771.0,3378.4701406173435,2903.8224577194446,3853.1178235152424
2018-01-14 06:00:00,4175.0,3643.4378711474938,3168.790188249595,4118.085554045392
2018-01-14 07:00:00,4567.0,3842.556304307296,3367.9086214093973,4317.2039872051955
2018-01-14 08:00:00,3873.0,3888.540139287862,3413.892456389963,4363.1878221857605
2018-01-14 09:00:00,3383.0,3884.9768336829206,3410.3291507850217,4359.6245165808195
2018-01-14 10:00:00,2769.0,3956.9197631347506,3482.2720802368517,4431.56744603265
2018-01-14 11:00:00,2357.0,3686.429575695228,3211.781892797329,4161.077258593126
2018-01-14 12:00:00,1935.0,3290.311539211865,2815.663856313966,3764.9592221097637
2018-01-14 13:00:00,1800.0,2844.184111104316,2369.536428206417,3318.831794002215
2018-01-14 14:00:00,2218.0,2241.692935111763,1767.045252213864,2716.3406180096617
2018-01-14 15:00:00,2264.0,1881.7439767396886,1407.0962938417897,2356.3916596375875
2018-01-14 16:00:00,2292.0,1603.703220949601,1129.0555380517021,2078.3509038475
2018-01-14 17:00:00,979.0,970.7213241056978,496.0736412077989,1445.3690070035968
2018-01-14 18:00:00,600.0,522.4128649487022,47.76518205080333,997.0605478466011
2018-01-14 19:00:00,341.0,311.6824730237122,0.0,786.3301559216111
2018-01-14 20:00:00,269.0,276.6229265730256,0.0,751.2706094709245
2018-01-14 21:00:00,347.0,224.29259514494555,0.0,698.9402780428445
2018-01-14 22:00:00,775.0,444.4925351598347,0.0,919.1402180577336
2018-01-14 23:00:00,2183.0,2004.897972389384,1530.250289491485,2479.545655287283
2018-01-15 00:00:00,3637.0,3689.2921138337488,3214.64443093585,4163.939796731647
2018-01-15 01:00:00,3651.0,5150.988876702115,4676.341193804215,5625.636559600014
2018-01-15 02:00:00,3231.0,4591.282148511012,4116.634465613113,5065.92983140891
2018-01-15 03:00:00,3410.0,4243.244094458496,3768.596411560597,4717.891777356395
2018-01-15 04:00:00,3307.0,3626.28530385895,3151.637620961051,4100.932986756849
2018-01-15 05:00:00,3638.0,3784.9645590045484,3310.3168761066495,4259.612241902447
2018-01-15 06:00:00,3970.0,3704.6104239446113,3229.9627410467124,4179.25810684251
2018-01-15 07:00:00,4207.0,3909.536369725119,3434.88868682722,4384.184052623018
2018-01-15 08:00:00,4440.0,4066.7611727987482,3592.1134899008493,4541.408855696647
2018-01-15 09:00:00,4414.0,4337.784249726465,3863.1365668285657,4812.431932624364
2018-01-15 10:00:00,4800.0,4488.866008422762,4014.2183255248633,4963.513691320661
2018-01-15 11:00:00,4437.0,4592.224759141013,4117.577076243115,5066.872442038912
2018-01-15 12:00:00,3528.0,3626.6696673039446,3152.0219844060457,4101.3173502018435
2018-01-15 13:00:00,2611.0,2473.6150773476224,1998.9673944497235,2948.2627602455213
2018-01-15 14:00:00,2162.0,2108.95482022204,1634.307137324141,2583.602503119939
2018-01-15 15:00:00,1977.0,2003.830992414336,1529.183309516437,2478.478675312235
2018-01-15 16:00:00,1430.0,1548.1390759388994,1073.4913930410005,2022.7867588367983
2018-01-15 17:00:00,888.0,928.245772035008,453.5980891371091,1402.893454932907
2018-01-15 18:00:00,494.0,525.3094029817657,50.66172008386684,999.9570858796646
2018-01-15 19:00:00,321.0,335.89567323690454,0.0,810.5433561348034
2018-01-15 20:00:00,255.0,304.21272514682624,0.0,778.8604080447251
2018-01-15 21:00:00,354.0,327.44123286399275,0.0,802.0889157618917
2018-01-15 22:00:00,872.0,786.9390336857258,312.2913507878269,1261.5867165836248
2018-01-15 23:00:00,2836.0,2525.622561841187,2050.974878943288,3000.2702447390857
2018-01-16 00:00:00,5254.0,5437.403958634937,4962.756275737038,5912.051641532837
2018-01-16 01:00:00,5568.0,5595.028293503135,5120.380610605236,6069.675976401033
2018-01-16 02:00:00,5066.0,4957.376693142118,4482.729010244218,5432.024376040017
2018-01-16 03:00:00,5045.0,4602.178519342141,4127.530836444243,5076.8262022400395
2018-01-16 04:00:00,4302.0,4116.331902690639,3641.6842197927404,4590.979585588539
2018-01-16 05:00:00,4332.0,4275.340365465647,3800.692682567748,4749.988048363546
2018-01-16 06:00:00,4602.0,4437.617188992899,3962.9695060950003,4912.2648718907985
2018-01-16 07:00:00,4608.0,4446.565256374032,3971.9175734761334,4921.212939271931
2018-01-16 08:00:00,4625.0,4968.116570365163,4493.468887467265,5442.764253263062
2018-01-16 09:00:00,5424.0,5451.155471687318,4976.507788789419,5925.803154585217
2018-01-16 10:00:00,6186.0,6031.733777805637,5557.086094907738,6506.3814607035365
2018-01-16 11:00:00,5809.0,5714.81572100686,5240.168038108961,6189.46340390476
2018-01-16 12:00:00,4066.0,4379.406064706699,3904.7583818088,4854.053747604597
2018-01-16 13:00:00,2924.0,2966.8506195607115,2492.2029366628126,3441.4983024586104
2018-01-16 14:00:00,2574.0,2527.649674391658,2053.0019914937593,3002.297357289557
2018-01-16 15:00:00,2330.0,2470.502392895962,1995.8547099980633,2945.150075793861
2018-01-16 16:00:00,1522.0,1786.7442048336165,1312.0965219357176,2261.3918877315155
2018-01-16 17:00:00,977.0,1165.7328158278326,691.0851329299337,1640.3804987257315
2018-01-16 18:00:00,491.0,519.1896124333555,44.541929535456575,993.8372953312544
2018-01-16 19:00:00,303.0,337.50326373109306,0.0,812.150946628992
2018-01-16 20:00:00,245.0,321.4217200320184,0.0,796.0694029299173
2018-01-16 21:00:00,346.0,319.7026795401417,0.0,794.3503624380405
2018-01-16 22:00:00,882.0,730.7986967889519,256.151013891053,1205.4463796868508
2018-01-16 23:00:00,2856.0,2606.8878151022654,2132.2401322043665,3081.5354980001644
2018-01-17 00:00:00,5351.0,5385.795720377546,4911.1480374796465,5860.443403275445
2018-01-17 01:00:00,5684.0,5823.167866135123,5348.520183237224,6297.815549033023
2018-01-17 02:00:00,5345.0,5374.8007853319505,4900.153102434051,5849.44846822985
2018-01-17 03:00:00,4847.0,4771.296276093167,4296.648593195268,5245.943958991065
2018-01-17 04:00:00,4412.0,4189.361195102529,3714.7135122046298,4664.008878000428
2018-01-17 05:00:00,4497.0,4399.065070434049,3924.41738753615,4873.712753331947
2018-01-17 06:00:00,4653.0,4581.200985142847,4106.553302244947,5055.848668040746
2018-01-17 07:00:00,4917.0,4659.758314961189,4185.11063206329,5134.4059978590885
2018-01-17 08:00:00,5147.0,4950.751379408466,4476.103696510567,5425.3990623063655
2018-01-17 09:00:00,3271.0,5429.769010330531,4955.121327432633,5904.41669322843
2018-01-17 10:00:00,5287.0,6192.542680842026,5717.894997944128,6667.190363739925
2018-01-17 11:00:00,5676.0,5810.406306604862,5335.758623706963,6285.053989502761
2018-01-17 12:00:00,4207.0,4395.722463008051,3921.074780110152,4870.37014590595
2018-01-17 13:00:00,3080.0,3045.165730984071,2570.5180480861723,3519.81341388197
2018-01-17 14:00:00,2777.0,2625.9432066608842,2151.2955237629853,3100.590889558783
2018-01-17 15:00:00,2278.0,2160.1438376579194,1685.4961547600205,2634.7915205558184
2018-01-17 16:00:00,1706.0,1620.1301550119983,1145.4824721140994,2094.7778379098972
2018-01-17 17:00:00,2597.0,1080.5596063841294,605.9119234862305,1555.2072892820283
2018-01-17 18:00:00,756.0,537.0805429615161,62.43286006361723,1011.728225859415
2018-01-17 19:00:00,352.0,334.292278720689,0.0,808.9399616185879
2018-01-17 21:00:00,366.0,268.56263180045295,0.0,743.2103146983518
2018-01-17 22:00:00,883.0,671.9353534175993,197.28767051970044,1146.5830363154982
2018-01-17 23:00:00,2952.0,2373.1356431598256,1898.4879602619267,2847.7833260577245
2018-01-18 00:00:00,5369.0,5248.405342449718,4773.7576595518185,5723.053025347617
2018-01-18 01:00:00,5848.0,6012.449544887198,5537.801861989299,6487.097227785096
2018-01-18 03:00:00,5143.0,4786.642283407983,4311.994600510085,5261.2899663058815
2018-01-18 04:00:00,4479.0,4522.105787751436,4047.458104853537,4996.753470649335
2018-01-18 05:00:00,4706.0,4657.349521020989,4182.70183812309,5131.997203918889
2018-01-18 06:00:00,4872.0,4762.04924826031,4287.401565362412,5236.696931158209
2018-01-18 07:00:00,4878.0,4788.3445085259955,4313.696825628096,5262.992191423895
2018-01-18 08:00:00,5056.0,5098.874789205633,4624.227106307733,5573.522472103532
2018-01-18 09:00:00,5834.0,5571.312127612459,5096.664444714561,6045.959810510358
2018-01-18 10:00:00,6527.0,6172.806821691898,5698.159138793999,6647.454504589798
2018-01-18 11:00:00,6039.0,5951.5166959956905,5476.869013097792,6426.164378893589
2018-01-18 12:00:00,4502.0,4518.637513628729,4043.98983073083,4993.285196526627
2018-01-18 13:00:00,3289.0,3079.82062779776,2605.1729448998612,3554.468310695659
2018-01-18 14:00:00,3096.0,2805.2159778677906,2330.5682949698917,3279.8636607656895
2018-01-18 15:00:00,2753.0,2706.4727480028478,2231.825065104949,3181.1204309007467
2018-01-18 16:00:00,1797.0,2267.079377998923,1792.4316951010242,2741.727060896822
2018-01-18 17:00:00,1188.0,1315.1023858659244,840.4547029680255,1789.7500687638233
2018-01-18 18:00:00,589.0,577.4290248996772,102.78134200177828,1052.076707797576
2018-01-18 19:00:00,333.0,368.2709518669315,0.0,842.9186347648304
2018-01-18 20:00:00,283.0,328.43513711728303,0.0,803.0828200151819
2018-01-18 21:00:00,373.0,348.7659370030932,0.0,823.4136199009921
2018-01-18 22:00:00,886.0,816.0053438717565,341.3576609738576,1290.6530267696553
2018-01-18 23:00:00,2795.0,2515.1716828358913,2040.5239999379924,2989.81936573379
2018-01-19 00:00:00,5340.0,5384.572842519748,4909.925159621849,5859.220525417646
2018-01-19 01:00:00,6309.0,6100.087001640584,5625.439318742685,6574.734684538484
2018-01-19 02:00:00,5673.0,5353.798890371364,4879.151207473466,5828.446573269262
2018-01-19 03:00:00,4948.0,4781.323136568399,4306.675453670499,5255.970819466298
2018-01-19 04:00:00,4463.0,4493.360592629514,4018.712909731615,4968.0082755274125
2018-01-19 05:00:00,4936.0,4809.700287751603,4335.052604853705,5284.347970649502
2018-01-19 06:00:00,5218.0,5122.787454761623,4648.139771863724,5597.435137659522
2018-01-19 07:00:00,5101.0,5093.375603108612,4618.727920210713,5568.023286006512
2018-01-19 08:00:00,5302.0,5395.578473522017,4920.930790624117,5870.226156419916
2018-01-19 09:00:00,5810.0,5754.312259504855,5279.664576606956,6228.959942402755
2018-01-19 10:00:00,6305.0,6301.424974983562,5826.777292085662,6776.072657881461
2018-01-19 11:00:00,5657.0,5811.218354030524,5336.570671132626,6285.866036928423
2018-01-19 12:00:00,4503.0,4542.202096772013,4067.554413874114,5016.849779669912
2018-01-19 13:00:00,3516.0,3336.8612369541024,2862.2135540562035,3811.5089198520013
2018-01-19 14:00:00,3094.0,2959.862464854723,2485.214781956824,3434.510147752622
2018-01-19 15:00:00,3370.0,3012.7969348510464,2538.1492519531475,3487.4446177489453
2018-01-19 16:00:00,2819.0,2540.835750951128,2066.188068053229,3015.483433849027
2018-01-19 17:00:00,1892.0,1887.1259447970458,1412.478261899147,2361.7736276949445
2018-01-19 18:00:00,1179.0,1029.1334413532286,554.4857584553297,1503.7811242511275
2018-01-19 19:00:00,759.0,655.6707833631264,181.02310046522746,1130.3184662610252
2018-01-19 20:00:00,528.0,483.7830738699903,9.135390972091386,958.4307567678892
2018-01-19 21:00:00,366.0,367.70580500048453,0.0,842.3534878983835
2018-01-19 22:00:00,399.0,475.3196386699026,0.6719557720036846,949.9673215678015
2018-01-19 23:00:00,703.0,674.7238994588648,200.07621656096592,1149.3715823567636
2018-01-20 00:00:00,1307.0,1219.8699630512326,745.2222801533337,1694.5176459491315
2018-01-20 01:00:00,1888.0,2015.5926535461301,1540.9449706482312,2490.240336444029
2018-01-20 02:00:00,2838.0,2885.1464669393913,2410.4987840414924,3359.79414983729
2018-01-20 03:00:00,3381.0,3386.575698654091,2911.928015756192,3861.22338155199
2018-01-20 04:00:00,4033.0,3850.989709584502,3376.3420266866033,4325.637392482401
2018-01-20 05:00:00,4425.0,4232.777544225024,3758.129861327125,4707.425227122923
2018-01-20 06:00:00,4886.0,4591.321935153056,4116.674252255158,5065.9696180509545
2018-01-20 07:00:00,4693.0,4572.331065391061,4097.683382493162,5046.978748288961
2018-01-20 08:00:00,4986.0,4653.192824483194,4178.545141585295,5127.840507381094
2018-01-20 09:00:00,4811.0,4621.4728901347125,4146.825207236814,5096.120573032611
2018-01-20 10:00:00,4757.0,4645.053974148868,4170.406291250969,5119.701657046768
2018-01-20 11:00:00,4754.0,4453.673065082619,3979.0253821847205,4928.320747980519
2018-01-20 12:00:00,4530.0,4142.780797605717,3668.1331147078185,4617.428480503617
2018-01-20 13:00:00,3900.0,3274.08330825008,2799.435625352181,3748.730991147979
2018-01-20 14:00:00,3497.0,2937.0817636440347,2462.434080746136,3411.7294465419336
2018-01-20 15:00:00,3742.0,2987.1610942653037,2512.513411367405,3461.8087771632026
2018-01-20 16:00:00,3608.0,2991.0063793189242,2516.3586964210253,3465.654062216823
2018-01-20 17:00:00,3427.0,2073.2966018317434,1598.6489189338445,2547.9442847296423
2018-01-20 18:00:00,1830.0,1147.7339550935815,673.0862721956826,1622.3816379914804
2018-01-20 19:00:00,1254.0,789.7538906486888,315.10620775078985,1264.4015735465878
2018-01-20 20:00:00,788.0,560.8474723537075,86.19978945580863,1035.4951552516063
2018-01-20 21:00:00,367.0,479.4567626696036,4.809079771704717,954.1044455675026
2018-01-20 22:00:00,433.0,462.4895976897547,0.0,937.1372805876535
2018-01-20 23:00:00,582.0,499.53884012134773,24.89115722344883,974.1865230192466
2018-01-21 00:00:00,1070.0,854.6277049146911,379.9800220167922,1329.27538781259
2018-01-21 01:00:00,1343.0,1023.5673576424214,548.9196747445225,1498.2150405403204
2018-01-21 02:00:00,2056.0,1687.9493854070051,1213.3017025091062,2162.597068304904
2018-01-21 03:00:00,2804.0,2762.848805011615,2288.201122113716,3237.4964879095137
2018-01-21 04:00:00,3355.0,3468.551651749173,2993.903968851274,3943.1993346470717
2018-01-21 05:00:00,3686.0,3781.0866226278677,3306.4389397299688,4255.734305525766
2018-01-21 06:00:00,4247.0,4284.206278629892,3809.558595731993,4758.853961527791
2018-01-21 07:00:00,4403.0,4388.0658238631295,3913.4181409652306,4862.713506761029
2018-01-21 08:00:00,4464.0,4333.740249522621,3859.0925666247217,4808.387932420519
2018-01-21 09:00:00,4261.0,4349.148015322478,3874.5003324245795,4823.795698220378
2018-01-21 10:00:00,4236.0,4341.182823347332,3866.5351404494327,4815.830506245231
2018-01-21 11:00:00,3791.0,4100.13182720512,3625.4841443072214,4574.779510103019
2018-01-21 12:00:00,2398.0,3724.794180937147,3250.146498039248,4199.441863835045
2018-01-21 13:00:00,1992.0,3231.0367203806345,2756.3890374827356,3705.6844032785334
2018-01-21 14:00:00,2566.0,2425.53432481444,1950.886641916541,2900.182007712339
2018-01-21 15:00:00,2433.0,2159.3695484416717,1684.7218655437728,2634.0172313395706
2018-01-21 16:00:00,1481.0,1792.5609035268849,1317.913220628986,2267.208586424784
2018-01-21 17:00:00,848.0,1203.2786386926118,728.6309557947129,1677.9263215905107
2018-01-21 18:00:00,486.0,496.35219003457036,21.704507136671452,970.9998729324693
2018-01-21 19:00:00,337.0,317.3979139019672,0.0,792.0455967998661
2018-01-21 20:00:00,254.0,318.78458455646125,0.0,793.4322674543602
2018-01-21 21:00:00,325.0,332.38833861311264,0.0,807.0360215110115
2018-01-21 22:00:00,897.0,584.8134121345654,110.1657292366665,1059.4610950324643
2018-01-21 23:00:00,2797.0,2528.9469393907575,2054.2992564928586,3003.5946222886564
2018-01-22 00:00:00,5109.0,5289.607918501142,4814.960235603243,5764.255601399042
2018-01-22 01:00:00,5250.0,5452.065168835037,4977.417485937138,5926.7128517329365
2018-01-22 02:00:00,4429.0,5098.743851467149,4624.096168569251,5573.391534365048
2018-01-22 03:00:00,3794.0,4468.298630072848,3993.650947174949,4942.946312970747
2018-01-22 04:00:00,3351.0,3915.329195572775,3440.681512674876,4389.976878470674
2018-01-22 05:00:00,3240.0,4102.121420692285,3627.473737794386,4576.769103590184
2018-01-22 06:00:00,3143.0,4431.216120771404,3956.5684378735054,4905.863803669303
2018-01-22 07:00:00,3066.0,4407.243476513564,3932.595793615665,4881.891159411463
2018-01-22 08:00:00,2846.0,4639.281806877451,4164.634123979553,5113.92948977535
2018-01-22 09:00:00,2132.0,4858.837444446983,4384.189761549083,5333.485127344882
2018-01-22 10:00:00,1488.0,5084.919269125904,4610.271586228006,5559.5669520238025
2018-01-22 11:00:00,1379.0,4594.718641872221,4120.070958974322,5069.366324770121
2018-01-22 12:00:00,1086.0,3314.3280295097034,2839.6803466118045,3788.9757124076023
2018-01-22 13:00:00,1291.0,2443.9750620208306,1969.3273791229317,2918.6227449187295
2018-01-22 14:00:00,889.0,1954.7706973509364,1480.1230144530375,2429.418380248835
2018-01-22 15:00:00,1246.0,1712.3427474166015,1237.6950645187026,2186.9904303145004
2018-01-22 16:00:00,1631.0,1308.871457310901,834.223774413002,1783.5191402087999
2018-01-22 17:00:00,570.0,605.2756000195868,130.62791712168791,1079.9232829174857
2018-01-22 18:00:00,446.0,489.5519166464794,14.90423374858051,964.1995995443783
2018-01-22 19:00:00,245.0,402.58728661578016,0.0,877.2349695136791
2018-01-22 20:00:00,211.0,370.7291410200597,0.0,845.3768239179586
2018-01-22 21:00:00,282.0,139.40038385828393,0.0,614.0480667561828
2018-01-22 22:00:00,705.0,403.55278323043456,0.0,878.2004661283335
2018-01-22 23:00:00,2008.0,1931.969868307585,1457.3221854096862,2406.6175512054842
2018-01-23 00:00:00,3674.0,4190.989254815989,3716.34157191809,4665.636937713887
2018-01-23 01:00:00,3788.0,5078.01187336501,4603.364190467111,5552.659556262908
2018-01-23 02:00:00,3196.0,4558.605563232451,4083.9578803345516,5033.253246130349
2018-01-23 03:00:00,3337.0,4131.236127301284,3656.588444403385,4605.883810199182
2018-01-23 04:00:00,3237.0,3649.936425188994,3175.288742291095,4124.584108086892
2018-01-23 05:00:00,3299.0,3706.477693771611,3231.830010873712,4181.12537666951
2018-01-23 06:00:00,3506.0,3728.444368776432,3253.796685878533,4203.092051674331
2018-01-23 07:00:00,3670.0,3918.103980153988,3443.456297256089,4392.751663051887
2018-01-23 08:00:00,4001.0,4065.315519820588,3590.6678369226893,4539.963202718487
2018-01-23 09:00:00,4287.0,4202.838890191815,3728.1912072939162,4677.4865730897145
2018-01-23 10:00:00,5068.0,4690.506187790067,4215.858504892169,5165.1538706879655
2018-01-23 11:00:00,4650.0,4416.567676379342,3941.919993481443,4891.215359277241
2018-01-23 12:00:00,3467.0,3660.372482241921,3185.724799344022,4135.02016513982
2018-01-23 13:00:00,2652.0,2692.762200834356,2218.114517936457,3167.409883732255
2018-01-23 14:00:00,2279.0,2336.9130309397597,1862.2653480418608,2811.5607138376586
2018-01-23 15:00:00,2175.0,2284.1578815381818,1809.5101986402829,2758.8055644360807
2018-01-23 16:00:00,1412.0,1818.6725618140313,1344.0248789161324,2293.32024471193
2018-01-23 17:00:00,979.0,1138.2826654212165,663.6349825233176,1612.9303483191154
2018-01-23 18:00:00,512.0,586.0581569964736,111.4104740985747,1060.7058398943725
2018-01-23 19:00:00,350.0,434.2964630918068,0.0,908.9441459897057
2018-01-23 20:00:00,235.0,380.99030011305484,0.0,855.6379830109538
2018-01-23 21:00:00,373.0,368.37480727455034,0.0,843.0224901724492
2018-01-23 22:00:00,893.0,716.6922471147268,242.0445642168279,1191.3399300126257
2018-01-23 23:00:00,2915.0,2511.788275374872,2037.1405924769729,2986.4359582727707
2018-01-24 00:00:00,5445.0,4994.965350389337,4520.3176674914375,5469.613033287236
2018-01-24 01:00:00,5866.0,5455.056612903674,4980.408930005775,5929.704295801574
2018-01-24 02:00:00,5625.0,5000.305056294409,4525.657373396511,5474.9527391923075
2018-01-24 03:00:00,5153.0,4381.40963460519,3906.7619517072912,4856.0573175030895
2018-01-24 04:00:00,4359.0,3945.2695479332237,3470.621865035325,4419.917230831123
2018-01-24 05:00:00,4510.0,4340.772209366446,3866.124526468547,4815.4198922643445
2018-01-24 06:00:00,4704.0,4553.089067360215,4078.4413844623164,5027.736750258115
2018-01-24 07:00:00,4672.0,4523.369318751482,4048.721635853583,4998.017001649381
2018-01-24 08:00:00,4878.0,5067.733544723814,4593.085861825915,5542.381227621712
2018-01-24 09:00:00,5570.0,5541.814310604953,5067.166627707054,6016.461993502851
2018-01-24 10:00:00,6395.0,6134.916867019871,5660.269184121971,6609.56454991777
2018-01-24 11:00:00,5836.0,5846.9018920124045,5372.254209114506,6321.549574910303
2018-01-24 12:00:00,4270.0,4439.878073678069,3965.23039078017,4914.5257565759675
2018-01-24 13:00:00,3104.0,3055.4289091396477,2580.7812262417488,3530.0765920375466
2018-01-24 14:00:00,2720.0,2610.1536923971958,2135.506009499297,3084.8013752950947
2018-01-24 15:00:00,2567.0,2484.4381335181465,2009.7904506202476,2959.0858164160454
2018-01-24 16:00:00,2254.0,1764.130372370179,1289.48268947228,2238.778055268078
2018-01-24 17:00:00,1074.0,1096.0810453076565,621.4333624097576,1570.7287282055554
2018-01-24 18:00:00,578.0,534.827905316195,60.180222418296125,1009.4755882140939
2018-01-24 19:00:00,345.0,331.8315074635214,0.0,806.4791903614203
2018-01-24 20:00:00,265.0,294.6386754489324,0.0,769.2863583468313
2018-01-24 21:00:00,398.0,235.01563860823381,0.0,709.6633215061327
2018-01-24 22:00:00,929.0,740.5892696291979,265.941586731299,1215.236952527097
2018-01-24 23:00:00,2932.0,2582.4248679047328,2107.777185006834,3057.0725508026317
2018-01-25 00:00:00,5498.0,5330.485537218977,4855.837854321078,5805.133220116875
2018-01-25 01:00:00,5702.0,6275.514057898826,5800.866375000927,6750.161740796724
2018-01-25 02:00:00,5616.0,5617.696621778118,5143.04893888022,6092.344304676017
2018-01-25 03:00:00,5177.0,4790.870870156714,4316.2231872588145,5265.518553054613
2018-01-25 04:00:00,4525.0,4418.774481473801,3944.126798575902,4893.422164371699
2018-01-25 05:00:00,4529.0,4609.260120654572,4134.612437756674,5083.907803552471
2018-01-25 06:00:00,4646.0,4833.959023251016,4359.311340353117,5308.606706148916
2018-01-25 07:00:00,4866.0,4869.800580696976,4395.1528977990765,5344.448263594875
2018-01-25 08:00:00,5152.0,5188.73352004447,4714.085837146571,5663.38120294237
2018-01-25 09:00:00,5720.0,5661.32156658925,5186.673883691352,6135.969249487149
2018-01-25 10:00:00,6669.0,6166.72528596006,5692.077603062162,6641.372968857959
2018-01-25 11:00:00,5883.0,5967.464975442968,5492.817292545069,6442.112658340868
2018-01-25 12:00:00,4449.0,4490.898167486977,4016.2504845890785,4965.545850384877
2018-01-25 13:00:00,3637.0,3188.690318731243,2714.0426358333443,3663.338001629142
2018-01-25 14:00:00,3009.0,2762.8480095805357,2288.200326682637,3237.4956924784346
2018-01-25 15:00:00,2817.0,2811.08074794335,2336.4330650454513,3285.728430841249
2018-01-25 16:00:00,2047.0,2417.185515996674,1942.537833098775,2891.833198894573
2018-01-25 17:00:00,1216.0,1326.0293588406723,851.3816759427734,1800.6770417385712
2018-01-25 18:00:00,893.0,597.0992199129803,122.45153701508139,1071.7469028108792
2018-01-25 19:00:00,553.0,418.340028236984,0.0,892.9877111348828
2018-01-25 20:00:00,421.0,319.87072914889166,0.0,794.5184120467906
2018-01-25 21:00:00,480.0,329.72481230002904,0.0,804.372495197928
2018-01-25 22:00:00,986.0,705.0825537780479,230.434870880149,1179.7302366759468
2018-01-25 23:00:00,2821.0,2489.8824802701233,2015.2347973722244,2964.530163168022
2018-01-26 00:00:00,5179.0,4396.534670136819,3921.88698723892,4871.182353034717
2018-01-26 01:00:00,6059.0,5510.346149434553,5035.698466536654,5984.993832332451
2018-01-26 02:00:00,5953.0,5080.843498738212,4606.195815840312,5555.491181636111
2018-01-26 03:00:00,4939.0,4665.077444256661,4190.429761358762,5139.725127154559
2018-01-26 04:00:00,4693.0,4510.647457305114,4035.9997744072148,4985.295140203012
2018-01-26 05:00:00,5029.0,4814.71950442256,4340.071821524662,5289.3671873204585
2018-01-26 06:00:00,5401.0,5069.601902609498,4594.954219711599,5544.249585507398
2018-01-26 07:00:00,5380.0,5116.850412266247,4642.202729368348,5591.498095164146
2018-01-26 08:00:00,5464.0,5381.413071716997,4906.765388819098,5856.060754614897
2018-01-26 09:00:00,5810.0,5679.353501181702,5204.705818283803,6154.001184079601
2018-01-26 10:00:00,6561.0,6247.1471895606555,5772.499506662756,6721.794872458555
2018-01-26 11:00:00,5829.0,5969.475287881567,5494.827604983668,6444.122970779466
2018-01-26 12:00:00,4811.0,4560.826100800473,4086.178417902574,5035.473783698371
2018-01-26 13:00:00,3638.0,3469.0601434113673,2994.4124605134684,3943.7078263092662
2018-01-26 14:00:00,3465.0,3056.936576323949,2582.28889342605,3531.584259221848
2018-01-26 15:00:00,3215.0,2933.833783654906,2459.186100757007,3408.4814665528047
2018-01-26 16:00:00,2637.0,2784.217569673665,2309.569886775766,3258.865252571564
2018-01-26 17:00:00,1841.0,1856.680274295547,1382.032591397648,2331.327957193446
2018-01-26 18:00:00,1121.0,1080.6878055067225,606.0401226088236,1555.3354884046214
2018-01-26 19:00:00,672.0,725.6605114935832,251.01282859568425,1200.3081943914822
2018-01-26 20:00:00,476.0,507.5800556281461,32.93237273024721,982.227738526045
2018-01-26 21:00:00,373.0,376.464797061129,0.0,851.112479959028
2018-01-26 22:00:00,449.0,474.42997239879713,0.0,949.0776552966961
2018-01-26 23:00:00,753.0,628.945620784024,154.29793788612506,1103.5933036819229
2018-01-27 00:00:00,1378.0,1273.4443327490967,798.7966498511978,1748.0920156469956
2018-01-27 01:00:00,2158.0,1846.1016751019156,1371.4539922040167,2320.7493579998145
2018-01-27 02:00:00,2848.0,2848.7560757442975,2374.1083928463986,3323.4037586421964
2018-01-27 03:00:00,3629.0,3494.164998211155,3019.517315313256,3968.8126811090538
2018-01-27 04:00:00,4325.0,3903.2322366063663,3428.5845537084674,4377.879919504265
2018-01-27 05:00:00,4896.0,4279.858378893291,3805.210695995392,4754.5060617911895
2018-01-27 06:00:00,5344.0,4608.837467148444,4134.189784250546,5083.485150046343
2018-01-27 07:00:00,5304.0,4583.815785710902,4109.168102813002,5058.463468608801
2018-01-27 08:00:00,5132.0,4629.245325490985,4154.597642593086,5103.8930083888845
2018-01-27 09:00:00,5407.0,4621.705563813598,4147.0578809157,5096.3532467114965
2018-01-27 10:00:00,5460.0,4588.545221042205,4113.897538144307,5063.192903940104
2018-01-27 11:00:00,5182.0,4532.214907644628,4057.5672247467287,5006.862590542527
2018-01-27 12:00:00,5052.0,4107.6395552868535,3632.9918723889546,4582.287238184752
2018-01-27 13:00:00,4090.0,3422.1875262986828,2947.539843400784,3896.8352091965817
2018-01-27 14:00:00,3584.0,3122.510497478003,2647.862814580104,3597.158180375902
2018-01-27 15:00:00,3350.0,3174.0873292848814,2699.4396463869825,3648.7350121827803
2018-01-27 16:00:00,3070.0,3229.3685865533703,2754.7209036554714,3704.016269451269
2018-01-27 17:00:00,2033.0,2235.4763982681634,1760.8287153702645,2710.1240811660623
2018-01-27 18:00:00,1260.0,1478.796713793319,1004.1490308954201,1953.444396691218
2018-01-27 19:00:00,791.0,828.6492276572999,354.001544759401,1303.2969105551988
2018-01-27 20:00:00,653.0,692.8865809222176,218.2388980243187,1167.5342638201164
2018-01-27 21:00:00,444.0,416.21364459565933,0.0,890.8613274935583
2018-01-27 22:00:00,395.0,400.51208564717194,0.0,875.1597685450708
2018-01-27 23:00:00,643.0,525.7299996981566,51.08231680025767,1000.3776825960555
2018-01-28 00:00:00,1058.0,924.4005755787107,449.7528926808118,1399.0482584766096
2018-01-28 01:00:00,1666.0,1261.441412674825,786.793729776926,1736.0890955727239
2018-01-28 02:00:00,2314.0,1902.4874468434614,1427.8397639455625,2377.1351297413603
2018-01-28 03:00:00,3024.0,2809.591359146713,2334.943676248814,3284.239042044612
2018-01-28 04:00:00,3564.0,3523.4176651562143,3048.7699822583154,3998.065348054113
2018-01-28 05:00:00,4065.0,3893.7665108544825,3419.1188279565836,4368.414193752382
2018-01-28 06:00:00,4506.0,4315.359708829202,3840.712025931303,4790.0073917271
2018-01-28 07:00:00,4784.0,4485.733149988389,4011.0854670904905,4960.380832886289
2018-01-28 08:00:00,4895.0,4372.011746421705,3897.3640635238057,4846.659429319603
2018-01-28 09:00:00,4801.0,4360.646071028825,3885.998388130926,4835.293753926724
2018-01-28 10:00:00,4716.0,4343.565529151629,3868.9178462537297,4818.213212049528
2018-01-28 11:00:00,4535.0,4126.91557300362,3652.267890105721,4601.563255901519
2018-01-28 12:00:00,3849.0,3731.63801195538,3256.990329057481,4206.285694853279
2018-01-28 13:00:00,3221.0,3074.9822015124832,2600.3345186145843,3549.629884410382
2018-01-28 14:00:00,2554.0,2577.3862020288743,2102.7385191309754,3052.033884926773
2018-01-28 15:00:00,2082.0,2613.0936194310443,2138.4459365331454,3087.741302328943
2018-01-28 16:00:00,1433.0,2338.465781633106,1863.818098735207,2813.113464531005
2018-01-28 17:00:00,877.0,1299.613449129137,824.9657662312381,1774.261132027036
2018-01-28 18:00:00,482.0,893.18218173694,418.53449883904113,1367.829864634839
2018-01-28 19:00:00,335.0,289.1197681292242,0.0,763.7674510271231
2018-01-28 20:00:00,230.0,286.29127919289004,0.0,760.9389620907889
2018-01-28 21:00:00,353.0,289.6080621733691,0.0,764.2557450712679
2018-01-28 22:00:00,888.0,725.1618432904011,250.51416039250216,1199.8095261883
2018-01-28 23:00:00,2837.0,2482.890351001668,2008.2426681037691,2957.538033899567
2018-01-29 00:00:00,5488.0,5386.06798365164,4911.420300753742,5860.715666549539
2018-01-29 01:00:00,6362.0,5827.404405777102,5352.756722879203,6302.052088675
2018-01-29 02:00:00,5438.0,4959.684414427534,4485.036731529635,5434.332097325432
2018-01-29 03:00:00,4715.0,4574.267624330487,4099.619941432587,5048.915307228386
2018-01-29 04:00:00,4287.0,4049.9684459578016,3575.3207630599027,4524.6161288557005
2018-01-29 05:00:00,4409.0,4218.52060253881,3743.872919640911,4693.168285436708
2018-01-29 06:00:00,4725.0,4492.901896617021,4018.2542137191217,4967.54957951492
2018-01-29 07:00:00,4578.0,4526.166417068409,4051.51873417051,5000.814099966308
2018-01-29 08:00:00,5030.0,4909.7969972819365,4435.149314384038,5384.444680179835
2018-01-29 09:00:00,5527.0,5312.9264960394175,4838.278813141518,5787.574178937317
2018-01-29 10:00:00,6285.0,6174.911257478458,5700.263574580558,6649.558940376357
2018-01-29 11:00:00,6023.0,5515.170711944211,5040.523029046311,5989.81839484211
2018-01-29 12:00:00,4286.0,4057.106469345013,3582.458786447114,4531.754152242912
2018-01-29 13:00:00,3448.0,2674.914758709385,2200.267075811486,3149.5624416072837
2018-01-29 14:00:00,2957.0,2320.9150219249836,1846.2673390270847,2795.5627048228826
2018-01-29 15:00:00,2657.0,2168.184289471774,1693.536606573875,2642.8319723696727
2018-01-29 16:00:00,1955.0,1556.9547617427766,1082.3070788448777,2031.6024446406755
2018-01-29 17:00:00,1185.0,1031.0288363833824,556.3811534854835,1505.6765192812813
2018-01-29 18:00:00,588.0,636.5369148930865,161.88923199518763,1111.1845977909854
2018-01-29 19:00:00,330.0,441.6389366085651,0.0,916.2866195064639
2018-01-29 20:00:00,249.0,385.699216440696,0.0,860.3468993385949
2018-01-29 21:00:00,371.0,398.6907214058411,0.0,873.3384043037399
2018-01-29 22:00:00,910.0,721.0346238827976,246.38694098489873,1195.6823067806965
2018-01-29 23:00:00,2876.0,2558.203889350774,2083.556206452875,3032.8515722486727
2018-01-30 00:00:00,5585.0,5462.650231128346,4988.002548230446,5937.297914026245
2018-01-30 01:00:00,6405.0,6135.041711355257,5660.394028457358,6609.689394253155
2018-01-30 02:00:00,5489.0,5769.521510252003,5294.873827354104,6244.169193149903
2018-01-30 03:00:00,4462.0,5029.724489403445,4555.076806505545,5504.372172301344
2018-01-30 04:00:00,4388.0,4372.208462681163,3897.560779783264,4846.856145579062
2018-01-30 05:00:00,4432.0,4541.659936526183,4067.012253628284,5016.307619424082
2018-01-30 06:00:00,4783.0,4784.220834441612,4309.573151543713,5258.8685173395115
2018-01-30 07:00:00,4801.0,4875.867708495364,4401.220025597466,5350.515391393263
2018-01-30 08:00:00,5195.0,5110.597703256342,4635.950020358443,5585.245386154242
2018-01-30 09:00:00,5701.0,5522.421290262316,5047.773607364417,5997.068973160214
2018-01-30 10:00:00,6838.0,6210.38499745212,5735.737314554221,6685.032680350019
2018-01-30 11:00:00,5944.0,5761.587667295325,5286.939984397426,6236.235350193225
2018-01-30 12:00:00,4589.0,4327.133019560096,3852.485336662197,4801.780702457994
2018-01-30 13:00:00,3090.0,3101.7097109282795,2627.0620280303806,3576.3573938261784
2018-01-30 14:00:00,2885.0,2740.8336245807595,2266.1859416828606,3215.4813074786584
2018-01-30 15:00:00,2490.0,2593.459237219418,2118.811554321519,3068.106920117317
2018-01-30 16:00:00,2261.0,1991.327974504897,1516.680291606998,2465.975657402796
2018-01-30 17:00:00,1430.0,1234.2262610614507,759.5785781635518,1708.8739439593496
2018-01-30 18:00:00,628.0,620.6538040026095,146.0061211047106,1095.3014869005083
2018-01-30 19:00:00,381.0,339.3471516827479,0.0,813.9948345806467
2018-01-30 21:00:00,376.0,335.3934380285417,0.0,810.0411209264406
2018-01-30 22:00:00,982.0,812.7456549057466,338.0979720078477,1287.3933378036454
2018-01-30 23:00:00,2534.0,2486.5856017612946,2011.9379188633957,2961.2332846591935
2018-01-31 00:00:00,5081.0,5449.761559578844,4975.113876680945,5924.409242476742
2018-01-31 01:00:00,5675.0,6250.760438015645,5776.112755117747,6725.408120913544
2018-01-31 03:00:00,5210.0,5131.415964849278,4656.768281951379,5606.063647747176
2018-01-31 04:00:00,4379.0,4428.629046142701,3953.9813632448017,4903.276729040599
2018-01-31 05:00:00,4546.0,4677.778618968072,4203.1309360701725,5152.426301865971
2018-01-31 06:00:00,4885.0,5036.268333154303,4561.620650256404,5510.916016052202
2018-01-31 07:00:00,5021.0,5155.210786123601,4680.563103225702,5629.858469021499
2018-01-31 08:00:00,5212.0,5270.149709100347,4795.502026202448,5744.797391998245
2018-01-31 09:00:00,5941.0,5661.316518979156,5186.668836081257,6135.9642018770555
2018-01-31 10:00:00,6818.0,6144.583115359253,5669.935432461354,6619.230798257151
2018-01-31 11:00:00,6351.0,5936.4541389495025,5461.806456051603,6411.101821847402
2018-01-31 12:00:00,4559.0,4594.615090536732,4119.967407638833,5069.2627734346315
2018-01-31 13:00:00,3400.0,3244.805960723915,2770.1582778260163,3719.453643621814
2018-01-31 14:00:00,2856.0,2797.808460309171,2323.160777411272,3272.45614320707
2018-01-31 15:00:00,2564.0,2683.5248577555813,2208.8771748576823,3158.17254065348
2018-01-31 16:00:00,1739.0,1953.6269988636557,1478.9793159657568,2428.2746817615543
2018-01-31 17:00:00,1402.0,1199.4053910074779,724.757708109579,1674.0530739053768
2018-01-31 18:00:00,716.0,680.1042392172886,205.45655631938973,1154.7519221151874
2018-01-31 19:00:00,363.0,338.91557399606404,0.0,813.563256893963
2018-01-31 20:00:00,285.0,309.7313950975749,0.0,784.3790779954738
2018-01-31 21:00:00,362.0,328.6167658722721,0.0,803.2644487701709
2018-01-31 22:00:00,936.0,724.5824642482727,249.93478135037378,1199.2301471461715
2018-01-31 23:00:00,2861.0,2551.0646951015483,2076.4170122036494,3025.712377999447
2018-02-01 00:00:00,5410.0,5509.621908556519,5034.97422565862,5984.269591454418
2018-02-01 01:00:00,6303.0,6248.115673302707,5773.467990404808,6722.763356200607
2018-02-01 02:00:00,5332.0,5658.863949262291,5184.216266364392,6133.511632160189
2018-02-01 03:00:00,5000.0,4896.685845664725,4422.038162766827,5371.3335285626235
2018-02-01 04:00:00,4438.0,4438.652080953679,3964.00439805578,4913.299763851577
2018-02-01 05:00:00,4717.0,4717.421373380431,4242.773690482532,5192.069056278329
2018-02-01 06:00:00,4843.0,5052.755708943516,4578.1080260456165,5527.403391841415
2018-02-01 07:00:00,5099.0,5112.480160109302,4637.832477211403,5587.127843007202
2018-02-01 08:00:00,5402.0,5379.258357520178,4904.6106746222795,5853.906040418076
2018-02-01 09:00:00,5961.0,5750.446764607804,5275.799081709905,6225.094447505702
2018-02-01 10:00:00,6636.0,6381.01795750144,5906.3702746035415,6855.665640399338
2018-02-01 11:00:00,6375.0,5930.327883045373,5455.680200147473,6404.975565943272
2018-02-01 12:00:00,4723.0,4547.80053379728,4073.152850899381,5022.448216695178
2018-02-01 13:00:00,3595.0,3332.499765181565,2857.8520822836663,3807.147448079464
2018-02-01 14:00:00,3133.0,2903.442658346848,2428.794975448949,3378.090341244747
2018-02-01 15:00:00,2807.0,2929.1089649516603,2454.4612820537614,3403.756647849559
2018-02-01 16:00:00,2165.0,2503.272413466653,2028.6247305687539,2977.9200963645517
2018-02-01 17:00:00,1483.0,1484.8033546338404,1010.1556717359415,1959.4510375317393
2018-02-01 18:00:00,926.0,791.3467829838938,316.6991000859949,1265.9944658817926
2018-02-01 19:00:00,521.0,426.5186832283485,0.0,901.1663661262473
2018-02-01 20:00:00,422.0,335.5575930782943,0.0,810.2052759761932
2018-02-01 21:00:00,439.0,359.19149915765814,0.0,833.8391820555571
2018-02-01 22:00:00,922.0,707.7336943625745,233.0860114646756,1182.3813772604735
2018-02-01 23:00:00,2731.0,2480.3309157280237,2005.6832328301248,2954.9785986259226
2018-02-02 00:00:00,5041.0,5165.179753823253,4690.532070925354,5639.8274367211525
2018-02-02 01:00:00,5843.0,5606.624528287933,5131.976845390034,6081.272211185831
2018-02-02 02:00:00,5149.0,5662.675588932537,5188.027906034638,6137.323271830435
2018-02-02 03:00:00,4963.0,4870.749280687534,4396.101597789635,5345.396963585434
2018-02-02 04:00:00,4379.0,4613.691889999218,4139.0442071013185,5088.339572897117
2018-02-02 05:00:00,4932.0,4865.002991997954,4390.355309100056,5339.650674895853
2018-02-02 06:00:00,5104.0,5209.331489409032,4734.683806511133,5683.97917230693
2018-02-02 07:00:00,5378.0,5276.974454332572,4802.326771434673,5751.622137230472
2018-02-02 08:00:00,5487.0,5566.247921425838,5091.600238527939,6040.895604323738
2018-02-02 09:00:00,6080.0,5833.119552436377,5358.471869538478,6307.767235334275
2018-02-02 10:00:00,6646.0,6120.574522468865,5645.926839570966,6595.222205366765
2018-02-02 11:00:00,5891.0,5818.864281230017,5344.216598332117,6293.511964127916
2018-02-02 12:00:00,4691.0,4631.583671035775,4156.935988137877,5106.231353933674
2018-02-02 13:00:00,3790.0,3418.3546441291983,2943.7069612312994,3893.002327027097
2018-02-02 14:00:00,3216.0,3106.12884895568,2631.481166057781,3580.776531853579
2018-02-02 15:00:00,3818.0,3042.6358481436782,2567.9881652457793,3517.283531041577
2018-02-02 16:00:00,3788.0,2793.216975539909,2318.56929264201,3267.864658437808
2018-02-02 17:00:00,2020.0,1940.568447477636,1465.9207645797371,2415.2161303755347
2018-02-02 18:00:00,1368.0,1283.7430134577032,809.0953305598043,1758.3906963556021
2018-02-02 19:00:00,926.0,732.1234088629446,257.47572596504574,1206.7710917608435
2018-02-02 20:00:00,631.0,503.901375871866,29.253692973967077,978.5490587697649
2018-02-02 21:00:00,471.0,545.2501255315135,70.6024426336146,1019.8978084294124
2018-02-02 22:00:00,519.0,549.0148357606078,74.36715286270885,1023.6625186585067
2018-02-02 23:00:00,783.0,706.9384620164498,232.29077911855086,1181.5861449143486
2018-02-03 00:00:00,1320.0,1521.6166436031626,1046.9689607052637,1996.2643265010615
2018-02-03 01:00:00,1839.0,1868.1845814926655,1393.5368985947666,2342.8322643905644
2018-02-03 02:00:00,2552.0,2827.952943385248,2353.305260487349,3302.600626283147
2018-02-03 03:00:00,3168.0,3557.2986082281764,3082.6509253302775,4031.9462911260753
2018-02-03 04:00:00,3572.0,3995.6043078224266,3520.9566249245277,4470.251990720326
2018-02-03 05:00:00,3838.0,4354.3865467519445,3879.7388638540456,4829.034229649844
2018-02-03 06:00:00,3924.0,4586.431886815969,4111.7842039180705,5061.079569713867
2018-02-03 07:00:00,3562.0,4500.179271296151,4025.5315883982516,4974.82695419405
2018-02-03 08:00:00,3572.0,4575.390668496112,4100.742985598214,5050.0383513940105
2018-02-03 09:00:00,3716.0,4553.029851622878,4078.382168724979,5027.677534520777
2018-02-03 10:00:00,3752.0,4690.440870148642,4215.793187250743,5165.08855304654
2018-02-03 11:00:00,3652.0,4380.135953144723,3905.4882702468244,4854.783636042623
2018-02-03 12:00:00,3763.0,3892.1487656327313,3417.5010827348324,4366.79644853063
2018-02-03 13:00:00,3301.0,2875.0235204015453,2400.3758375036464,3349.671203299444
2018-02-03 14:00:00,2632.0,2368.972777154317,1894.3250942564182,2843.620460052216
2018-02-03 15:00:00,2454.0,2500.763303468048,2026.115620570149,2975.410986365947
2018-02-03 16:00:00,2892.0,2558.7085499550044,2084.0608670571055,3033.3562328529033
2018-02-03 17:00:00,2935.0,1776.6965458911195,1302.0488629932206,2251.3442287890184
2018-02-03 18:00:00,1536.0,1108.84793975037,634.2002568524711,1583.4956226482689
2018-02-03 19:00:00,986.0,572.555293253542,97.9076103556431,1047.202976151441
2018-02-03 20:00:00,670.0,455.4871070245964,0.0,930.1347899224953
2018-02-03 21:00:00,520.0,379.83831463102763,0.0,854.4859975289265
2018-02-03 22:00:00,524.0,409.2719959684261,0.0,883.9196788663251
2018-02-03 23:00:00,648.0,506.1997549535116,31.55207205561271,980.8474378514105
2018-02-04 00:00:00,1046.0,784.2111915731679,309.56350867526896,1258.8588744710669
2018-02-04 01:00:00,1320.0,947.8100527227691,473.1623698248702,1422.457735620668
2018-02-04 02:00:00,1857.0,1478.6027869505788,1003.9551040526799,1953.2504698484777
2018-02-04 03:00:00,2449.0,2511.3107431212397,2036.6630602233408,2985.9584260191386
2018-02-04 04:00:00,3225.0,3301.4147306987647,2826.767047800866,3776.0624135966636
2018-02-04 05:00:00,3452.0,3560.4766200551408,3085.828937157242,4035.1243029530397
2018-02-04 06:00:00,3735.0,3720.262368042945,3245.614685145046,4194.910050940844
2018-02-04 07:00:00,3801.0,3776.808733728846,3302.1610508309473,4251.456416626745
2018-02-04 08:00:00,3686.0,3693.786851184778,3219.139168286879,4168.434534082677
2018-02-04 09:00:00,3508.0,3567.0422420470554,3092.3945591491565,4041.6899249449543
2018-02-04 10:00:00,3630.0,3916.576606130214,3441.928923232315,4391.224289028112
2018-02-04 11:00:00,2975.0,3774.2785382531692,3299.6308553552703,4248.926221151069
2018-02-04 12:00:00,2052.0,3364.9408102103735,2890.2931273124746,3839.5884931082724
2018-02-04 13:00:00,1720.0,2851.4569224933844,2376.8092395954855,3326.1046053912833
2018-02-04 14:00:00,1855.0,2212.281380745565,1737.633697847666,2686.929063643464
2018-02-04 15:00:00,2438.0,1949.751029246948,1475.1033463490492,2424.398712144847
2018-02-04 16:00:00,2382.0,1621.476634990789,1146.8289520928902,2096.124317888688
2018-02-04 17:00:00,1321.0,852.8167029413864,378.16902004348754,1327.4643858392853
2018-02-04 18:00:00,836.0,477.23974416569496,2.592061267796055,951.8874270635938
2018-02-04 19:00:00,505.0,329.160567783985,0.0,803.8082506818839
2018-02-04 20:00:00,411.0,374.99784501059287,0.0,849.6455279084918
2018-02-04 21:00:00,429.0,315.37682457763754,0.0,790.0245074755364
2018-02-04 22:00:00,925.0,680.6012689536985,205.95358605579963,1155.2489518515974
2018-02-04 23:00:00,2657.0,1906.306270250537,1431.658587352638,2380.953953148436
2018-02-05 00:00:00,4846.0,2353.6019687442863,1878.9542858463874,2828.249651642185
2018-02-05 01:00:00,6026.0,3595.6570121521554,3121.0093292542565,4070.3046950500543
2018-02-05 02:00:00,6048.0,3988.8411545415406,3514.1934716436417,4463.4888374394395
2018-02-05 03:00:00,4893.0,3675.6300236116685,3200.9823407137696,4150.277706509567
2018-02-05 04:00:00,4124.0,3833.8394611112058,3359.191778213307,4308.487144009105
2018-02-05 05:00:00,4470.0,4042.9587716268916,3568.3110887289927,4517.60645452479
2018-02-05 06:00:00,4450.0,4434.399033136735,3959.751350238836,4909.046716034634
2018-02-05 07:00:00,4303.0,4796.854175436643,4322.206492538744,5271.501858334543
2018-02-05 08:00:00,4884.0,5078.990931297975,4604.343248400077,5553.638614195874
2018-02-05 09:00:00,5441.0,5405.567433864597,4930.919750966697,5880.215116762496
2018-02-05 10:00:00,6091.0,6195.305151148186,5720.657468250287,6669.952834046086
2018-02-05 11:00:00,5912.0,5945.594215256665,5470.9465323587665,6420.241898154563
2018-02-05 12:00:00,4263.0,4120.881673315855,3646.2339904179557,4595.529356213754
2018-02-05 13:00:00,3098.0,2880.3633285751944,2405.7156456772955,3355.0110114730933
2018-02-05 14:00:00,2587.0,2509.586263746687,2034.9385808487882,2984.233946644586
2018-02-05 15:00:00,2136.0,2342.765764175125,1868.1180812772259,2817.4134470730237
2018-02-05 16:00:00,1459.0,1657.5395811275337,1182.8918982296348,2132.1872640254323
2018-02-05 17:00:00,887.0,1130.3469646140643,655.6992817161654,1604.9946475119632
2018-02-05 18:00:00,468.0,574.0897296324268,99.44204673452793,1048.7374125303259
2018-02-05 19:00:00,334.0,321.69328203563833,0.0,796.3409649335372
2018-02-05 20:00:00,237.0,283.9738777101336,0.0,758.6215606080325
2018-02-05 21:00:00,339.0,319.30217478373413,0.0,793.949857681633
2018-02-05 22:00:00,850.0,700.5661528484766,225.91846995057767,1175.2138357463755
2018-02-05 23:00:00,2801.0,2639.6642406448746,2165.0165577469756,3114.3119235427735
2018-02-06 00:00:00,5434.0,5752.108291010913,5277.460608113013,6226.755973908812
2018-02-06 01:00:00,6067.0,6152.082356213098,5677.4346733152,6626.730039110997
2018-02-06 02:00:00,5009.0,5396.240640441731,4921.592957543831,5870.88832333963
2018-02-06 03:00:00,5190.0,4971.835324173914,4497.187641276016,5446.483007071813
2018-02-06 04:00:00,4290.0,4261.200083070697,3786.5524001727977,4735.847765968596
2018-02-06 05:00:00,4309.0,4416.286749627959,3941.6390667300598,4890.934432525857
2018-02-06 06:00:00,4741.0,4652.923059780815,4178.275376882915,5127.570742678714
2018-02-06 07:00:00,4621.0,4767.51581317812,4292.8681302802215,5242.163496076018
2018-02-06 08:00:00,4987.0,5014.866472427976,4540.218789530078,5489.5141553258745
2018-02-06 09:00:00,5710.0,5580.884672001315,5106.236989103416,6055.532354899215
2018-02-06 10:00:00,6770.0,6284.604972849311,5809.957289951411,6759.25265574721
2018-02-06 11:00:00,6207.0,5919.370963297847,5444.723280399949,6394.0186461957455
2018-02-06 12:00:00,4612.0,4521.253317706779,4046.60563480888,4995.901000604677
2018-02-06 13:00:00,3217.0,3143.5442316940075,2668.8965487961086,3618.1919145919064
2018-02-06 14:00:00,2634.0,2740.9411682208606,2266.2934853229617,3215.5888511187595
2018-02-06 15:00:00,2407.0,2632.5195450887504,2157.8718621908515,3107.1672279866493
2018-02-06 16:00:00,1652.0,2025.66005919538,1551.012376297481,2500.3077420932786
2018-02-06 17:00:00,1120.0,1200.8473906050215,726.1997077071226,1675.4950735029204
2018-02-06 18:00:00,549.0,625.3349499919012,150.68726709400232,1099.9826328898002
2018-02-06 19:00:00,346.0,307.55306815985335,0.0,782.2007510577523
2018-02-06 20:00:00,259.0,320.7615701587299,0.0,795.4092530566288
2018-02-06 21:00:00,337.0,297.7909836656538,0.0,772.4386665635527
2018-02-06 22:00:00,865.0,731.9952356828246,257.3475527849257,1206.6429185807235
2018-02-06 23:00:00,2776.0,2642.4252752936586,2167.7775923957597,3117.0729581915575
2018-02-07 00:00:00,4899.0,5568.494551099001,5093.846868201103,6043.142233996899
2018-02-07 01:00:00,4967.0,6444.27617046796,5969.62848757006,6918.923853365859
2018-02-07 02:00:00,4915.0,5935.773196844464,5461.125513946565,6410.4208797423635
2018-02-07 03:00:00,5343.0,5077.41443980321,4602.766756905312,5552.062122701109
2018-02-07 04:00:00,4364.0,4325.376908033269,3850.7292251353697,4800.024590931167
2018-02-07 05:00:00,4466.0,4566.994464437208,4092.346781539309,5041.642147335107
2018-02-07 06:00:00,4697.0,4724.562542354071,4249.914859456172,5199.210225251971
2018-02-07 07:00:00,4833.0,4717.11188405435,4242.464201156452,5191.759566952249
2018-02-07 08:00:00,5095.0,5014.218314995457,4539.570632097559,5488.865997893356
2018-02-07 09:00:00,5658.0,5418.197338787497,4943.5496558895975,5892.845021685396
2018-02-07 10:00:00,6531.0,6076.980603921449,5602.33292102355,6551.628286819348
2018-02-07 11:00:00,6117.0,5907.367195148651,5432.719512250753,6382.01487804655
2018-02-07 12:00:00,4394.0,4520.0136226477825,4045.3659397498836,4994.661305545682
2018-02-07 13:00:00,3307.0,3175.629338584606,2700.981655686707,3650.277021482505
2018-02-07 14:00:00,3037.0,2777.3192481972155,2302.6715652993166,3251.9669310951144
2018-02-07 15:00:00,2463.0,2580.6421879116333,2105.9945050137344,3055.289870809532
2018-02-07 16:00:00,1653.0,1845.1225730390925,1370.4748901411936,2319.7702559369914
2018-02-07 17:00:00,973.0,1213.849005565868,739.2013226679692,1688.496688463767
2018-02-07 18:00:00,573.0,689.6991299563838,215.05144705848488,1164.3468128542827
2018-02-07 19:00:00,315.0,402.65926063986757,0.0,877.3069435377665
2018-02-07 20:00:00,233.0,349.63786381112527,0.0,824.2855467090242
2018-02-07 21:00:00,340.0,275.67005865262166,0.0,750.3177415505206
2018-02-07 22:00:00,882.0,722.7709983845133,248.1233154866144,1197.4186812824123
2018-02-07 23:00:00,2830.0,2608.083604078885,2133.435921180986,3082.731286976784
2018-02-08 00:00:00,5449.0,5462.108972400504,4987.461289502606,5936.756655298403
2018-02-08 01:00:00,5954.0,6100.555439428938,5625.90775653104,6575.203122326837
2018-02-08 02:00:00,5395.0,5588.155882557398,5113.5081996595,6062.803565455297
2018-02-08 03:00:00,5192.0,4944.910323213222,4470.262640315323,5419.558006111121
2018-02-08 04:00:00,4477.0,4245.414194702116,3770.7665118042173,4720.061877600016
2018-02-08 05:00:00,4686.0,4546.35297415075,4071.705291252851,5021.000657048649
2018-02-08 06:00:00,4896.0,4731.769636872368,4257.121953974469,5206.417319770268
2018-02-08 07:00:00,4907.0,4765.9707835338595,4291.32310063596,5240.618466431759
2018-02-08 08:00:00,4988.0,5152.580363357338,4677.932680459438,5627.228046255237
2018-02-08 09:00:00,5852.0,5658.936424075663,5184.288741177765,6133.584106973562
2018-02-08 10:00:00,6883.0,6326.681853749806,5852.034170851906,6801.329536647705
2018-02-08 11:00:00,6278.0,5972.706256886941,5498.058573989043,6447.35393978484
2018-02-08 12:00:00,4550.0,4563.2578491314025,4088.6101662335036,5037.905532029301
2018-02-08 13:00:00,3494.0,3193.9296865921574,2719.2820036942585,3668.5773694900563
2018-02-08 14:00:00,3094.0,2872.024086713066,2397.376403815167,3346.671769610965
2018-02-08 15:00:00,3530.0,2843.7585075145435,2369.1108246166445,3318.4061904124424
2018-02-08 16:00:00,3197.0,2572.070075906238,2097.422393008339,3046.717758804137
2018-02-08 17:00:00,1305.0,1354.114708085132,879.467025187233,1828.7623909830309
2018-02-08 18:00:00,660.0,701.4160768457125,226.7683939478136,1176.0637597436114
2018-02-08 19:00:00,389.0,389.29110663623385,0.0,863.9387895341328
2018-02-08 20:00:00,287.0,333.48926899895105,0.0,808.13695189685
2018-02-08 21:00:00,340.0,372.74410706777223,0.0,847.3917899656711
2018-02-08 22:00:00,826.0,715.1050165209215,240.45733362302258,1189.7526994188204
2018-02-08 23:00:00,2651.0,2542.6021731649253,2067.9544902670264,3017.249856062824
2018-02-09 00:00:00,5319.0,5398.238127340552,4923.590444442652,5872.885810238451
2018-02-09 01:00:00,6499.0,6249.0367912705515,5774.389108372652,6723.684474168451
2018-02-09 02:00:00,5467.0,5755.706422898904,5281.0587400010045,6230.354105796803
2018-02-09 03:00:00,4975.0,4976.237128133235,4501.589445235337,5450.884811031134
2018-02-09 04:00:00,4513.0,4510.416645934059,4035.7689630361597,4985.064328831957
2018-02-09 05:00:00,4913.0,4953.441585897579,4478.79390299968,5428.089268795478
2018-02-09 06:00:00,5335.0,5255.180479553669,4780.532796655771,5729.828162451568
2018-02-09 07:00:00,5340.0,5329.086134435736,4854.438451537837,5803.733817333636
2018-02-09 08:00:00,5429.0,5505.418136850697,5030.770453952799,5980.0658197485955
2018-02-09 09:00:00,5861.0,5806.797851368221,5332.150168470322,6281.44553426612
2018-02-09 10:00:00,6347.0,6411.5768533126475,5936.929170414749,6886.224536210546
2018-02-09 11:00:00,5833.0,5821.503588797643,5346.855905899743,6296.151271695542
2018-02-09 12:00:00,5021.0,4614.5245257141005,4139.876842816202,5089.172208611999
2018-02-09 13:00:00,3804.0,3439.486723495982,2964.839040598083,3914.134406393881
2018-02-09 14:00:00,3095.0,3010.4960562379797,2535.848373340081,3485.1437391358786
2018-02-09 15:00:00,3092.0,2991.916953203915,2517.269270306016,3466.564636101814
2018-02-09 16:00:00,2485.0,2668.3750363273934,2193.7273534294945,3143.0227192252923
2018-02-09 17:00:00,2126.0,1867.8648427541295,1393.2171598562306,2342.5125256520287
2018-02-09 18:00:00,1102.0,1159.986454436873,685.338771538974,1634.6341373347718
2018-02-09 19:00:00,603.0,713.8799132578215,239.2322303599226,1188.5275961557204
2018-02-09 20:00:00,438.0,482.0137935197516,7.36611062185267,956.6614764176504
2018-02-09 21:00:00,330.0,411.42233042153,0.0,886.0700133194289
2018-02-09 22:00:00,389.0,462.21640715050825,0.0,936.8640900484072
2018-02-09 23:00:00,688.0,672.3363960732884,197.68871317538947,1146.9840789711873
2018-02-10 00:00:00,1164.0,1271.332680953399,796.6849980555,1745.9803638512979
2018-02-10 01:00:00,1911.0,2072.1562015119516,1597.5085186140527,2546.8038844098505
2018-02-10 02:00:00,3115.0,2869.783746673032,2395.136063775133,3344.431429570931
2018-02-10 03:00:00,3653.0,3348.623444574991,2873.975761677092,3823.27112747289
2018-02-10 04:00:00,4161.0,3796.985535421817,3322.337852523918,4271.6332183197155
2018-02-10 05:00:00,4514.0,4244.3355459294,3769.687863031501,4718.983228827299
2018-02-10 06:00:00,5237.0,4623.73255897552,4149.084876077621,5098.380241873419
2018-02-10 07:00:00,4925.0,4634.486206364474,4159.838523466575,5109.1338892623735
2018-02-10 08:00:00,5173.0,4655.57381613723,4180.926133239331,5130.221499035129
2018-02-10 09:00:00,5030.0,4597.128567188629,4122.48088429073,5071.776250086528
2018-02-10 10:00:00,4841.0,4665.203271703002,4190.555588805104,5139.850954600901
2018-02-10 11:00:00,4808.0,4516.638438546908,4041.9907556490093,4991.286121444808
2018-02-10 12:00:00,4803.0,4130.245771338751,3655.5980884408523,4604.89345423665
2018-02-10 13:00:00,4346.0,3452.326625288071,2977.6789423901723,3926.97430818597
2018-02-10 14:00:00,3448.0,3103.04361070581,2628.395927807911,3577.691293603709
2018-02-10 15:00:00,3962.0,3224.2804023629988,2749.6327194651,3698.9280852608977
2018-02-10 16:00:00,4180.0,3224.120404588417,2749.472721690518,3698.768087486316
2018-02-10 17:00:00,2459.0,2250.1157480799034,1775.4680651820045,2724.7634309778023
2018-02-10 18:00:00,1367.0,1615.783134616053,1141.1354517181542,2090.430817513952
2018-02-10 19:00:00,761.0,806.2366457925907,331.5889628946918,1280.8843286904896
2018-02-10 20:00:00,488.0,549.0954184978837,74.44773559998475,1023.7431013957826
2018-02-10 21:00:00,302.0,518.9657802866769,44.31809738877803,993.6134631845758
2018-02-10 22:00:00,254.0,495.58570011874946,20.938017220850554,970.2333830166483
2018-02-10 23:00:00,431.0,511.97283835025576,37.32515545235685,986.6205212481547
2018-02-11 00:00:00,789.0,916.3506626966118,441.70297979871293,1390.9983455945107
2018-02-11 01:00:00,1607.0,1371.471164752985,896.8234818550861,1846.118847650884
2018-02-11 02:00:00,2817.0,2147.89744482369,1673.249761925791,2622.545127721589
2018-02-11 03:00:00,3358.0,2791.1214204298203,2316.4737375319214,3265.769103327719
2018-02-11 04:00:00,3869.0,3410.0117573878115,2935.3640744899126,3884.6594402857104
2018-02-11 05:00:00,4223.0,3709.707141382219,3235.05945848432,4184.354824280118
2018-02-11 06:00:00,4950.0,4065.6729937320156,3591.0253108341167,4540.3206766299145
2018-02-11 07:00:00,4637.0,4367.648757301169,3893.00107440327,4842.2964401990685
2018-02-11 08:00:00,4886.0,4402.612747803254,3927.965064905355,4877.260430701153
2018-02-11 09:00:00,4629.0,4488.112834425749,4013.4651515278497,4962.760517323648
2018-02-11 10:00:00,4678.0,4420.0443373318,3945.3966544339014,4894.692020229699
2018-02-11 11:00:00,4276.0,4208.600148643935,3733.9524657460365,4683.247831541834
2018-02-11 12:00:00,3846.0,3829.4767235995537,3354.829040701655,4304.124406497453
2018-02-11 13:00:00,2903.0,3279.235369190566,2804.587686292667,3753.883052088465
2018-02-11 14:00:00,2435.0,2872.4589372614887,2397.81125436359,3347.1066201593876
2018-02-11 15:00:00,1902.0,2521.147728078416,2046.5000451805172,2995.795410976315
2018-02-11 16:00:00,1372.0,1946.0049330847535,1471.3572501868546,2420.6526159826526
2018-02-11 17:00:00,865.0,1274.3759857092173,799.7283028113184,1749.0236686071162
2018-02-11 18:00:00,502.0,856.3134503631941,381.6657674652952,1330.961133261093
2018-02-11 19:00:00,286.0,391.3561067109943,0.0,866.0037896088932
2018-02-11 20:00:00,230.0,331.03524204043157,0.0,805.6829249383304
2018-02-11 21:00:00,311.0,324.8967460929258,0.0,799.5444289908247
2018-02-11 22:00:00,809.0,694.1391008420878,219.49141794418892,1168.7867837399867
2018-02-11 23:00:00,2735.0,2461.8334893401334,1987.1858064422345,2936.4811722380323
2018-02-12 00:00:00,5454.0,5582.219901411012,5107.572218513113,6056.867584308911
2018-02-12 01:00:00,6107.0,6182.717497383312,5708.069814485412,6657.365180281211
2018-02-12 02:00:00,5876.0,5247.1890421379685,4772.541359240069,5721.836725035868
2018-02-12 03:00:00,4941.0,4634.861342547122,4160.213659649224,5109.509025445021
2018-02-12 04:00:00,4307.0,4065.259661645881,3590.611978747982,4539.90734454378
2018-02-12 05:00:00,4367.0,4147.937859819305,3673.2901769214063,4622.585542717205
2018-02-12 06:00:00,4545.0,4478.531502533713,4003.8838196358142,4953.1791854316125
2018-02-12 07:00:00,4561.0,4531.765760351375,4057.1180774534764,5006.413443249274
2018-02-12 08:00:00,4998.0,4980.741430158355,4506.093747260456,5455.389113056253
2018-02-12 09:00:00,5525.0,5495.58296685027,5020.935283952371,5970.2306497481695
2018-02-12 10:00:00,6459.0,6242.170199532069,5767.52251663417,6716.817882429968
2018-02-12 11:00:00,5852.0,5897.178193323817,5422.530510425919,6371.825876221716
2018-02-12 12:00:00,4245.0,4144.824777784269,3670.17709488637,4619.472460682167
2018-02-12 13:00:00,3034.0,2949.7340197280523,2475.0863368301534,3424.381702625951
2018-02-12 14:00:00,2498.0,2519.744708826553,2045.0970259286541,2994.392391724452
2018-02-12 15:00:00,2055.0,2284.8954033588743,1810.2477204609754,2759.543086256773
2018-02-12 16:00:00,1440.0,1666.2230098370458,1191.5753269391469,2140.870692734945
2018-02-12 17:00:00,934.0,1089.0499955905268,614.4023126926279,1563.6976784884257
2018-02-12 18:00:00,498.0,596.3125029560872,121.6648200581883,1070.960185853986
2018-02-12 19:00:00,300.0,333.85147719925334,0.0,808.4991600971523
2018-02-12 20:00:00,225.0,281.81229703931075,0.0,756.4599799372097
2018-02-12 21:00:00,368.0,329.69645912181596,0.0,804.3441420197148
2018-02-12 22:00:00,885.0,806.7793435084718,332.1316606105729,1281.4270264063707
2018-02-12 23:00:00,2885.0,2583.6576699911866,2109.0099870932877,3058.3053528890855
2018-02-13 00:00:00,5675.0,5463.391305358445,4988.743622460546,5938.038988256343
2018-02-13 01:00:00,6585.0,6143.08877227059,5668.441089372691,6617.73645516849
2018-02-13 02:00:00,5915.0,5718.494731344838,5243.84704844694,6193.142414242737
2018-02-13 03:00:00,5060.0,4810.402065144681,4335.7543822467815,5285.04974804258
2018-02-13 04:00:00,4423.0,4069.620258949653,3594.972576051754,4544.267941847552
2018-02-13 05:00:00,4722.0,4312.571877845409,3837.9241949475104,4787.219560743308
2018-02-13 06:00:00,4825.0,4553.587588607229,4078.93990570933,5028.2352715051275
2018-02-13 07:00:00,4762.0,4685.366173748386,4210.718490850488,5160.013856646285
2018-02-13 08:00:00,5007.0,5230.204591665081,4755.556908767183,5704.85227456298
2018-02-13 09:00:00,5647.0,5746.3559609187,5271.7082780208,6221.003643816599
2018-02-13 10:00:00,6587.0,6475.171074384649,6000.5233914867495,6949.818757282548
2018-02-13 11:00:00,6308.0,6102.724090780218,5628.0764078823195,6577.371773678116
2018-02-13 12:00:00,4917.0,4509.435289160329,4034.7876062624305,4984.082972058228
2018-02-13 13:00:00,3424.0,3156.2750916262835,2681.6274087283846,3630.9227745241824
2018-02-13 14:00:00,2979.0,2757.9908036069387,2283.34312070904,3232.6384865048376
2018-02-13 15:00:00,3680.0,2598.0964151466924,2123.4487322487935,3072.7440980445913
2018-02-13 16:00:00,2908.0,2057.9117641929097,1583.2640812950108,2532.5594470908086
2018-02-13 17:00:00,1107.0,1162.1291498757253,687.4814669778264,1636.7768327736242
2018-02-13 18:00:00,597.0,645.9158707861744,171.26818788827552,1120.5635536840732
2018-02-13 19:00:00,345.0,346.46606930601865,0.0,821.1137522039176
2018-02-13 20:00:00,283.0,301.357304973157,0.0,776.0049878710558
2018-02-13 21:00:00,348.0,365.6971457803527,0.0,840.3448286782516
2018-02-13 22:00:00,882.0,752.9340894293011,278.28640653140224,1227.5817723272
2018-02-13 23:00:00,2837.0,2651.5612606987484,2176.9135778008495,3126.2089435966473
2018-02-14 00:00:00,5402.0,5601.150492323125,5126.502809425227,6075.7981752210235
2018-02-14 01:00:00,5826.0,6289.766363941182,5815.118681043283,6764.4140468390815
2018-02-14 02:00:00,5572.0,5814.152951972231,5339.505269074332,6288.800634870129
2018-02-14 03:00:00,5194.0,5038.328224504773,4563.680541606875,5512.9759074026715
2018-02-14 04:00:00,4766.0,4375.226253490294,3900.578570592395,4849.873936388192
2018-02-14 05:00:00,4842.0,4663.938573723915,4189.290890826016,5138.586256621815
2018-02-14 06:00:00,4975.0,4983.125595535294,4508.477912637396,5457.773278433193
2018-02-14 07:00:00,5027.0,5015.277150325064,4540.629467427165,5489.924833222964
2018-02-14 08:00:00,5221.0,5313.456639435707,4838.808956537809,5788.1043223336055
2018-02-14 09:00:00,5696.0,5672.232734599772,5197.585051701873,6146.88041749767
2018-02-14 10:00:00,6660.0,6252.610793978863,5777.963111080964,6727.258476876761
2018-02-14 11:00:00,6154.0,5971.108635574257,5496.460952676358,6445.756318472157
2018-02-14 12:00:00,4607.0,4594.269839444015,4119.6221565461165,5068.917522341913
2018-02-14 13:00:00,3268.0,3362.390336668516,2887.742653770617,3837.0380195664147
2018-02-14 14:00:00,2775.0,2867.316723791226,2392.6690408933273,3341.964406689125
2018-02-14 15:00:00,2493.0,2704.147991510012,2229.5003086121133,3178.795674407911
2018-02-14 16:00:00,1772.0,2095.3266984743846,1620.6790155764857,2569.9743813722835
2018-02-14 17:00:00,1122.0,1230.7092671877822,756.0615842898833,1705.356950085681
2018-02-14 18:00:00,639.0,739.6343859133225,264.9867030154236,1214.2820688112215
2018-02-14 19:00:00,353.0,347.76728866658175,0.0,822.4149715644807
2018-02-14 20:00:00,253.0,298.343754758518,0.0,772.9914376564169
2018-02-14 21:00:00,353.0,315.72375134826234,0.0,790.3714342461612
2018-02-14 22:00:00,889.0,751.7787076451734,277.1310247472745,1226.4263905430723
2018-02-14 23:00:00,2862.0,2651.385804120992,2176.738121223093,3126.033487018891
2018-02-15 00:00:00,5454.0,5520.775704045568,5046.12802114767,5995.4233869434665
2018-02-15 01:00:00,6174.0,6264.892474592343,5790.244791694444,6739.540157490243
2018-02-15 02:00:00,5488.0,5532.771458202443,5058.123775304544,6007.419141100341
2018-02-15 03:00:00,5630.0,4942.685090997635,4468.037408099735,5417.332773895534
2018-02-15 04:00:00,4508.0,4398.951627714492,3924.3039448165932,4873.5993106123915
2018-02-15 05:00:00,4644.0,4686.849934681391,4212.202251783492,5161.497617579289
2018-02-15 06:00:00,5034.0,5037.4219718808745,4562.774288982975,5512.069654778774
2018-02-15 07:00:00,4960.0,5128.918162777757,4654.270479879859,5603.5658456756555
2018-02-15 08:00:00,5248.0,5358.813447670137,4884.165764772239,5833.4611305680355
2018-02-15 09:00:00,5844.0,5738.030001283992,5263.382318386093,6212.67768418189
2018-02-15 10:00:00,6807.0,6326.855637516706,5852.207954618807,6801.503320414606
2018-02-15 11:00:00,6262.0,5954.9986675294485,5480.35098463155,6429.646350427347
2018-02-15 12:00:00,4982.0,4689.25632401092,4214.608641113022,5163.904006908819
2018-02-15 13:00:00,3463.0,3273.5406973111917,2798.893014413293,3748.1883802090906
2018-02-15 14:00:00,3144.0,2946.8631287191406,2472.2154458212417,3421.5108116170395
2018-02-15 15:00:00,3916.0,2888.3807472049743,2413.7330643070754,3363.0284301028732
2018-02-15 16:00:00,2674.0,2591.8268049044173,2117.1791220065184,3066.474487802316
2018-02-15 17:00:00,1179.0,1308.5867216370027,833.9390387391038,1783.2344045349016
2018-02-15 18:00:00,674.0,806.7533236826841,332.10564078478524,1281.401006580583
2018-02-15 19:00:00,387.0,383.67085164905683,0.0,858.3185345469558
2018-02-15 20:00:00,273.0,329.642657929428,0.0,804.2903408273269
2018-02-15 21:00:00,369.0,392.84568136349475,0.0,867.4933642613937
2018-02-15 22:00:00,831.0,723.0427331759018,248.39505027800294,1197.6904160738009
2018-02-15 23:00:00,2676.0,2555.141368027062,2080.493685129163,3029.789050924961
2018-02-16 00:00:00,5122.0,5523.895936489063,5049.248253591164,5998.543619386963
2018-02-16 01:00:00,6444.0,6296.245962579775,5821.598279681875,6770.893645477674
2018-02-16 02:00:00,5589.0,5703.58135082318,5228.933667925281,6178.22903372108
2018-02-16 03:00:00,4764.0,4964.76235436541,4490.114671467511,5439.410037263309
2018-02-16 04:00:00,4646.0,4488.6766803513765,4014.0289974534776,4963.324363249276
2018-02-16 05:00:00,4947.0,4859.818027638319,4385.17034474042,5334.4657105362185
2018-02-16 06:00:00,5337.0,5309.977415945842,4835.329733047944,5784.6250988437405
2018-02-16 07:00:00,5333.0,5379.832603211505,4905.184920313606,5854.480286109403
2018-02-16 08:00:00,5224.0,5523.806978084924,5049.159295187024,5998.454660982823
2018-02-16 09:00:00,5921.0,5838.942117228469,5364.29443433057,6313.589800126369
2018-02-16 10:00:00,6371.0,6333.937744059259,5859.29006116136,6808.585426957157
2018-02-16 11:00:00,5731.0,5874.884662836016,5400.236979938118,6349.532345733915
2018-02-16 12:00:00,4896.0,4629.931006618392,4155.283323720492,5104.578689516291
2018-02-16 13:00:00,3687.0,3516.1432179959493,3041.4955350980504,3990.790900893848
2018-02-16 14:00:00,3027.0,3047.6763760530343,2573.0286931551354,3522.3240589509332
2018-02-16 15:00:00,2903.0,3069.204473257747,2594.556790359848,3543.852156155646
2018-02-16 16:00:00,2591.0,2722.5068642168726,2247.8591813189737,3197.1545471147715
2018-02-16 17:00:00,1725.0,1884.1777121506273,1409.5300292527284,2358.825395048526
2018-02-16 18:00:00,1068.0,1408.6238538622254,933.9761709643265,1883.2715367601243
2018-02-16 19:00:00,661.0,709.4052063396758,234.75752344177693,1184.0528892375746
2018-02-16 20:00:00,538.0,479.1773960666308,4.5297131687319165,953.8250789645297
2018-02-16 21:00:00,352.0,403.47946975804433,0.0,878.1271526559433
2018-02-16 22:00:00,386.0,471.0500540888104,0.0,945.6977369867093
2018-02-16 23:00:00,627.0,652.8498427315155,178.20215983361663,1127.4975256294144
2018-02-17 00:00:00,1226.0,1355.0885878290067,880.4409049311078,1829.7362707269056
2018-02-17 01:00:00,1831.0,1956.7755633995841,1482.1278805016852,2431.4232462974833
2018-02-17 02:00:00,2826.0,2684.6599859965804,2210.0123030986815,3159.3076688944793
2018-02-17 03:00:00,3514.0,3162.0838243543308,2687.436141456432,3636.7315072522297
2018-02-17 04:00:00,3977.0,3713.4779934395888,3238.83031054169,4188.125676337488
2018-02-17 05:00:00,4526.0,4036.2295347873073,3561.5818518894084,4510.877217685206
2018-02-17 06:00:00,4933.0,4651.892544654586,4177.244861756688,5126.540227552485
2018-02-17 07:00:00,4792.0,4533.622435165051,4058.974752267152,5008.27011806295
2018-02-17 08:00:00,4881.0,4497.511461554776,4022.8637786568775,4972.159144452675
2018-02-17 09:00:00,4912.0,4489.371444554132,4014.723761656233,4964.019127452031
2018-02-17 10:00:00,5935.0,4580.1583271778045,4105.510644279906,5054.806010075703
2018-02-17 11:00:00,4550.0,4410.585276110887,3935.9375932129883,4885.232959008787
2018-02-17 12:00:00,4284.0,3922.126643490677,3447.478960592778,4396.774326388576
2018-02-17 13:00:00,3489.0,3435.1541685736765,2960.5064856757776,3909.8018514715754
2018-02-17 14:00:00,2947.0,3001.6118090914156,2526.9641261935167,3476.2594919893145
2018-02-17 15:00:00,3089.0,3030.009152026086,2555.3614691281873,3504.656834923985
2018-02-17 16:00:00,2945.0,3210.109170854466,2735.461487956567,3684.756853752365
2018-02-17 17:00:00,1858.0,1996.4413914063082,1521.7937085084093,2471.0890743042073
2018-02-17 18:00:00,1169.0,1352.0999934637628,877.4523105658639,1826.7476763616617
2018-02-17 19:00:00,733.0,728.4219454664212,253.77426256852232,1203.0696283643201
2018-02-17 20:00:00,593.0,494.4780741765661,19.830391278667207,969.125757074465
2018-02-17 21:00:00,302.0,357.94936156048743,0.0,832.5970444583863
2018-02-17 22:00:00,284.0,389.90517539341766,0.0,864.5528582913166
2018-02-17 23:00:00,444.0,462.84532423328113,0.0,937.4930071311801
2018-02-18 00:00:00,742.0,826.5440599765076,351.8963770786087,1301.1917428744064
2018-02-18 01:00:00,1210.0,1064.169148952021,589.5214660541221,1538.81683184992
2018-02-18 02:00:00,1889.0,1602.5277179506743,1127.8800350527754,2077.175400848573
2018-02-18 03:00:00,2567.0,2378.11199929195,1903.464316394051,2852.7596821898487
2018-02-18 04:00:00,3505.0,3126.8568853520915,2652.2092024541926,3601.5045682499904
2018-02-18 05:00:00,3826.0,3403.0106192344924,2928.3629363365935,3877.6583021323913
2018-02-18 06:00:00,4279.0,3918.984440520333,3444.336757622434,4393.632123418232
2018-02-18 07:00:00,4388.0,4027.7611892208124,3553.1135063229135,4502.408872118711
2018-02-18 08:00:00,4263.0,4063.2545176855438,3588.606834787645,4537.902200583443
2018-02-18 09:00:00,4343.0,3956.9859806923246,3482.3382977944257,4431.6336635902235
2018-02-18 10:00:00,4424.0,4119.407989846029,3644.7603069481297,4594.055672743927
2018-02-18 11:00:00,4136.0,3930.414535440227,3455.7668525423283,4405.062218338126
2018-02-18 12:00:00,3587.0,3488.159158802669,3013.51147590477,3962.806841700568
2018-02-18 13:00:00,3038.0,3015.481483528301,2540.833800630402,3490.1291664262
2018-02-18 14:00:00,2522.0,2415.390526621565,1940.7428437236663,2890.038209519464
2018-02-18 15:00:00,2044.0,2244.152585536117,1769.504902638218,2718.800268434016
2018-02-18 16:00:00,1637.0,1983.062446534217,1508.4147636363182,2457.710129432116
2018-02-18 17:00:00,1152.0,1088.1986571264938,613.5509742285949,1562.8463400243927
2018-02-18 18:00:00,623.0,675.4363124296726,200.78862953177372,1150.0839953275715
2018-02-18 19:00:00,360.0,344.2833962320139,0.0,818.9310791299129
2018-02-18 20:00:00,281.0,322.2163154863701,0.0,796.863998384269
2018-02-18 21:00:00,340.0,339.4244915422749,0.0,814.0721744401737
2018-02-18 22:00:00,781.0,752.8397978766899,278.192114978791,1227.4874807745887
2018-02-18 23:00:00,2432.0,2473.120366032506,1998.472683134607,2947.768048930405
2018-02-19 00:00:00,4228.0,5368.437430671514,4893.789747773615,5843.085113569414
2018-02-19 01:00:00,4740.0,5972.331607163917,5497.683924266019,6446.979290061816
2018-02-19 02:00:00,3905.0,5348.400468319726,4873.752785421828,5823.048151217625
2018-02-19 03:00:00,3344.0,4499.0690098779205,4024.4213269800216,4973.716692775819
2018-02-19 04:00:00,3226.0,3884.326668772061,3409.678985874162,4358.97435166996
2018-02-19 05:00:00,3239.0,4116.426379918051,3641.778697020152,4591.074062815949
2018-02-19 06:00:00,3484.0,4346.646077972482,3871.998395074583,4821.293760870381
2018-02-19 07:00:00,3450.0,4509.197126917045,4034.5494440191464,4983.844809814944
2018-02-19 08:00:00,3490.0,4412.222888686651,3937.5752057887516,4886.87057158455
2018-02-19 09:00:00,3426.0,4547.129754531009,4072.48207163311,5021.777437428907
2018-02-19 10:00:00,3682.0,5180.60272497711,4705.955042079211,5655.250407875008
2018-02-19 11:00:00,3585.0,4787.287919702279,4312.64023680438,5261.935602600179
2018-02-19 12:00:00,2659.0,3318.0475703399434,2843.3998874420445,3792.6952532378423
2018-02-19 13:00:00,2087.0,2653.0946005137885,2178.4469176158896,3127.7422834116874
2018-02-19 14:00:00,1821.0,2108.638945245442,1633.991262347543,2583.2866281433407
2018-02-19 15:00:00,1593.0,1909.4609128827094,1434.8132299848105,2384.108595780608
2018-02-19 16:00:00,1354.0,1503.8323710453265,1029.1846881474276,1978.4800539432254
2018-02-19 17:00:00,817.0,1028.6869340802564,554.0392511823575,1503.3346169781553
2018-02-19 18:00:00,434.0,532.0530162926748,57.40533339477588,1006.7006991905737
2018-02-19 19:00:00,269.0,353.1901052484006,0.0,827.8377881462995
2018-02-19 20:00:00,234.0,358.0826101820882,0.0,832.7302930799872
2018-02-19 21:00:00,342.0,393.21700611498505,0.0,867.8646890128839
2018-02-19 22:00:00,825.0,790.7769492564961,316.1292663585972,1265.424632154395
2018-02-19 23:00:00,2690.0,2530.1972788053363,2055.5495959074374,3004.844961703235
2018-02-20 00:00:00,4705.0,5414.310204258566,4939.662521360668,5888.9578871564645
2018-02-20 01:00:00,4844.0,5643.769791823826,5169.122108925927,6118.417474721726
2018-02-20 02:00:00,4738.0,5318.339050196009,4843.69136729811,5792.986733093909
2018-02-20 03:00:00,4707.0,4831.672450020672,4357.0247671227735,5306.32013291857
2018-02-20 04:00:00,4062.0,4156.676076693592,3682.0283937956933,4631.323759591491
2018-02-20 05:00:00,4058.0,4358.089442744932,3883.441759847033,4832.7371256428305
2018-02-20 06:00:00,4407.0,4544.5321662605575,4069.8844833626586,5019.179849158456
2018-02-20 07:00:00,4439.0,4594.990384178398,4120.342701280499,5069.638067076297
2018-02-20 08:00:00,4786.0,4831.95448905206,4357.306806154162,5306.602171949959
2018-02-20 09:00:00,5620.0,5302.5441076771485,4827.89642477925,5777.191790575047
2018-02-20 10:00:00,6471.0,5784.32208867034,5309.674405772441,6258.96977156824
2018-02-20 11:00:00,5888.0,5508.0067208846485,5033.359037986749,5982.654403782548
2018-02-20 12:00:00,4226.0,4235.780541096467,3761.1328581985676,4710.428223994366
2018-02-20 13:00:00,3012.0,2930.871535323636,2456.2238524257373,3405.519218221535
2018-02-20 14:00:00,2601.0,2636.801793419007,2162.154110521108,3111.449476316906
2018-02-20 15:00:00,2591.0,2521.99421622945,2047.3465333315512,2996.641899127349
2018-02-20 16:00:00,1592.0,1881.1967319357882,1406.5490490378893,2355.844414833687
2018-02-20 17:00:00,965.0,1178.832397204757,704.184714306858,1653.4800801026558
2018-02-20 18:00:00,516.0,551.3095635214767,76.66188062357776,1025.9572464193757
2018-02-20 19:00:00,359.0,392.319870984202,0.0,866.9675538821009
2018-02-20 20:00:00,237.0,348.73516929112674,0.0,823.3828521890257
2018-02-20 21:00:00,354.0,366.3492329589621,0.0,840.996915856861
2018-02-20 22:00:00,886.0,760.6123913854657,285.9647084875668,1235.2600742833647
2018-02-20 23:00:00,2858.0,2636.3056532630185,2161.6579703651196,3110.9533361609174
2018-02-21 00:00:00,5569.0,5331.616006060725,4856.968323162826,5806.263688958625
2018-02-21 01:00:00,6045.0,6278.892489889734,5804.2448069918355,6753.540172787632
2018-02-21 02:00:00,5638.0,5782.001382926115,5307.353700028216,6256.6490658240145
2018-02-21 03:00:00,5062.0,5004.209397494888,4529.56171459699,5478.857080392787
2018-02-21 04:00:00,4553.0,4229.022227241464,3754.374544343565,4703.669910139362
2018-02-21 05:00:00,4837.0,4487.9637640929795,4013.3160811950806,4962.611446990879
2018-02-21 06:00:00,5091.0,4714.759692302352,4240.112009404453,5189.407375200251
2018-02-21 07:00:00,4632.0,4734.002704749184,4259.355021851285,5208.650387647083
2018-02-21 08:00:00,5130.0,5024.529981101554,4549.8822982036545,5499.177663999453
2018-02-21 09:00:00,5364.0,5627.188262310068,5152.540579412169,6101.835945207968
2018-02-21 10:00:00,6795.0,6352.786630146926,5878.138947249026,6827.434313044825
2018-02-21 11:00:00,6282.0,6025.511674675691,5550.863991777793,6500.15935757359
2018-02-21 12:00:00,4583.0,4571.835501235608,4097.187818337708,5046.483184133507
2018-02-21 13:00:00,3356.0,3161.1067611078124,2686.4590782099135,3635.7544440057113
2018-02-21 14:00:00,2959.0,2820.0876235923956,2345.4399406944967,3294.7353064902945
2018-02-21 15:00:00,2471.0,2641.030413162137,2166.382730264238,3115.678096060036
2018-02-21 16:00:00,1749.0,1953.9047005003276,1479.2570176024287,2428.5523833982265
2018-02-21 17:00:00,1029.0,1188.6054451431341,713.9577622452352,1663.253128041033
2018-02-21 18:00:00,528.0,571.5249997384126,96.87731684051369,1046.1726826363115
2018-02-21 19:00:00,338.0,330.44703027495297,0.0,805.0947131728519
2018-02-21 20:00:00,245.0,295.9419686434617,0.0,770.5896515413606
2018-02-21 21:00:00,339.0,320.3711407763458,0.0,795.0188236742447
2018-02-21 22:00:00,853.0,759.6630457855973,285.0153628876984,1234.310728683496
2018-02-21 23:00:00,2854.0,2654.3260558325665,2179.6783729346675,3128.9737387304654
2018-02-22 00:00:00,5466.0,5459.702422632738,4985.054739734838,5934.350105530637
2018-02-22 01:00:00,6559.0,6308.648831761338,5834.001148863439,6783.296514659238
2018-02-22 02:00:00,5837.0,5585.925582831309,5111.27789993341,6060.573265729208
2018-02-22 03:00:00,5428.0,5046.0545142338615,4571.406831335962,5520.702197131761
2018-02-22 04:00:00,4827.0,4420.189565786818,3945.541882888919,4894.8372486847165
2018-02-22 05:00:00,5108.0,4693.734873573654,4219.087190675755,5168.3825564715535
2018-02-22 06:00:00,4980.0,4994.982857407787,4520.335174509888,5469.630540305687
2018-02-22 07:00:00,5174.0,5032.271514857635,4557.623831959736,5506.919197755535
2018-02-22 08:00:00,5353.0,5254.575814741017,4779.9281318431185,5729.223497638915
2018-02-22 09:00:00,6263.0,5675.35728489735,5200.7096019994515,6150.004967795248
2018-02-22 10:00:00,6902.0,6499.259859108073,6024.612176210174,6973.907542005973
2018-02-22 11:00:00,5900.0,6118.151541209466,5643.5038583115675,6592.799224107364
2018-02-22 12:00:00,4514.0,4828.37178742818,4353.724104530282,5303.019470326079
2018-02-22 13:00:00,3048.0,3452.180035890326,2977.532352992427,3926.827718788225
2018-02-22 14:00:00,2736.0,2954.0683369969925,2479.4206540990936,3428.7160198948914
2018-02-22 15:00:00,2247.0,2872.297281841218,2397.6495989433192,3346.944964739117
2018-02-22 16:00:00,1905.0,2509.938359141647,2035.2906762437483,2984.586042039546
2018-02-22 17:00:00,1372.0,1302.6724383561002,828.0247554582013,1777.320121253999
2018-02-22 18:00:00,632.0,604.2352815208802,129.58759862298132,1078.882964418779
2018-02-22 19:00:00,390.0,381.95028087185045,0.0,856.5979637697494
2018-02-22 20:00:00,309.0,321.03348002363396,0.0,795.6811629215329
2018-02-22 21:00:00,368.0,377.9245645987458,0.0,852.5722474966446
2018-02-22 22:00:00,830.0,712.2407696970349,237.59308679913602,1186.8884525949338
2018-02-22 23:00:00,2451.0,2461.4598522012757,1986.8121693033768,2936.1075350991746
2018-02-23 00:00:00,4627.0,5387.903778489936,4913.256095592036,5862.551461387835
2018-02-23 01:00:00,5240.0,6138.839979439032,5664.192296541132,6613.487662336931
2018-02-23 02:00:00,4595.0,5791.343288005926,5316.695605108027,6265.990970903826
2018-02-23 03:00:00,4413.0,4930.4385570561735,4455.790874158274,5405.086239954073
2018-02-23 04:00:00,4140.0,4536.925700507564,4062.2780176096653,5011.573383405463
2018-02-23 05:00:00,4183.0,4912.458598298313,4437.810915400414,5387.106281196211
2018-02-23 06:00:00,4732.0,5116.443623976151,4641.795941078251,5591.09130687405
2018-02-23 07:00:00,4786.0,5107.414252811623,4632.766569913723,5582.061935709522
2018-02-23 08:00:00,5131.0,5248.641774206294,4773.994091308396,5723.2894571041925
2018-02-23 09:00:00,5631.0,5311.8683398651165,4837.220656967218,5786.516022763015
2018-02-23 10:00:00,6368.0,5417.318026683484,4942.670343785585,5891.965709581384
2018-02-23 11:00:00,5681.0,4915.938081948674,4441.290399050775,5390.5857648465735
2018-02-23 12:00:00,4876.0,4168.048415924075,3693.400733026176,4642.696098821974
2018-02-23 13:00:00,3751.0,3053.4936960741256,2578.8460131762267,3528.1413789720245
2018-02-23 14:00:00,3124.0,2806.5276749311397,2331.879992033241,3281.1753578290386
2018-02-23 15:00:00,3015.0,2923.1531683518897,2448.505485453991,3397.8008512497886
2018-02-23 16:00:00,2528.0,2574.709931597271,2100.062248699372,3049.35761449517
2018-02-23 17:00:00,2105.0,1819.393695017483,1344.746012119584,2294.041377915382
2018-02-23 18:00:00,1043.0,1194.805945477561,720.158262579662,1669.4536283754599
2018-02-23 19:00:00,712.0,718.9574954623714,244.3098125644725,1193.6051783602702
2018-02-23 20:00:00,490.0,476.9310714886327,2.283388590733807,951.5787543865316
2018-02-23 21:00:00,425.0,366.27680984621526,0.0,840.9244927441141
2018-02-23 22:00:00,404.0,463.70031225735835,0.0,938.3479951552572
2018-02-23 23:00:00,676.0,644.3166851538922,169.6690022559933,1118.964368051791
2018-02-24 00:00:00,1119.0,1396.4990994589764,921.8514165610775,1871.1467823568753
2018-02-24 01:00:00,1836.0,2063.6220235843484,1588.9743406864495,2538.2697064822473
2018-02-24 02:00:00,3018.0,3020.9837444435293,2546.3360615456304,3495.631427341428
2018-02-24 03:00:00,3753.0,3524.1576318472003,3049.5099489493014,3998.805314745099
2018-02-24 04:00:00,4373.0,3967.274094231725,3492.626411333826,4441.921777129624
2018-02-24 05:00:00,4487.0,4315.985094581721,3841.3374116838218,4790.632777479619
2018-02-24 06:00:00,4938.0,4587.096971860459,4112.44928896256,5061.744654758359
2018-02-24 07:00:00,4744.0,4636.065634683848,4161.417951785948,5110.713317581747
2018-02-24 08:00:00,4831.0,4622.439658214065,4147.791975316166,5097.087341111965
2018-02-24 09:00:00,3660.0,4628.844532856487,4154.196849958587,5103.492215754386
2018-02-24 10:00:00,3247.0,4622.0337688785075,4147.386085980608,5096.681451776407
2018-02-24 11:00:00,2709.0,4443.858321826278,3969.2106389283795,4918.506004724177
2018-02-24 12:00:00,2677.0,3941.976148247125,3467.328465349226,4416.623831145023
2018-02-24 13:00:00,2338.0,3337.6926297802625,2863.0449468823635,3812.3403126781614
2018-02-24 14:00:00,1520.0,2872.5560963028784,2397.9084134049795,3347.2037792007773
2018-02-24 15:00:00,1686.0,2518.0373019019244,2043.3896190040255,2992.6849847998233
2018-02-24 16:00:00,1786.0,2628.389761905638,2153.742079007739,3103.037444803537
2018-02-24 17:00:00,1162.0,1711.4980079216978,1236.8503250237989,2186.145690819597
2018-02-24 18:00:00,779.0,1087.964619825311,613.3169369274121,1562.61230272321
2018-02-24 19:00:00,510.0,592.3991226479105,117.75143975001163,1067.0468055458095
2018-02-24 20:00:00,381.0,431.43351601814993,0.0,906.0811989160488
2018-02-24 21:00:00,254.0,422.6572899994464,0.0,897.3049728973454
2018-02-24 22:00:00,251.0,282.18566883412507,0.0,756.833351732024
2018-02-24 23:00:00,407.0,1078.5876943253725,603.9400114274736,1553.2353772232714
2018-02-25 00:00:00,723.0,941.5065061711347,466.85882327323577,1416.1541890690337
2018-02-25 01:00:00,947.0,1197.6152221740783,722.9675392761794,1672.2629050719772
2018-02-25 02:00:00,1343.0,1716.8274168238734,1242.1797339259745,2191.4750997217725
2018-02-25 03:00:00,2014.0,2057.838855895196,1583.1911729972971,2532.486538793095
2018-02-25 04:00:00,2598.0,2689.5267762016824,2214.8790933037835,3164.1744590995813
2018-02-25 05:00:00,3073.0,3030.6122849867443,2555.9646020888454,3505.259967884643
2018-02-25 06:00:00,3719.0,3424.3247495246346,2949.6770666267357,3898.9724324225335
2018-02-25 07:00:00,3840.0,3602.6844084821687,3128.03672558427,4077.3320913800676
2018-02-25 08:00:00,3865.0,3582.664150090008,3108.0164671921093,4057.311832987907
2018-02-25 09:00:00,3974.0,3303.0554730486583,2828.4077901507594,3777.703155946557
2018-02-25 10:00:00,4262.0,3311.9413839607505,2837.2937010628516,3786.5890668586494
2018-02-25 11:00:00,4131.0,3304.8753141050147,2830.227631207116,3779.5229970029136
2018-02-25 12:00:00,3759.0,2845.600167961804,2370.952485063905,3320.247850859703
2018-02-25 13:00:00,2950.0,2718.4390638306254,2243.7913809327265,3193.0867467285243
2018-02-25 14:00:00,2604.0,2204.573984984994,1729.9263020870949,2679.2216678828927
2018-02-25 15:00:00,2507.0,2080.8906585020095,1606.2429756041106,2555.5383413999084
2018-02-25 16:00:00,3097.0,1810.7022843049026,1336.0546014070037,2285.3499672028015
2018-02-25 17:00:00,1239.0,1148.1777773107867,673.5300944128878,1622.8254602086856
2018-02-25 18:00:00,517.0,695.083004908993,220.43532201109406,1169.7306878068919
2018-02-25 19:00:00,348.0,389.47786495834964,0.0,864.1255478562485
2018-02-25 20:00:00,267.0,349.6184215045086,0.0,824.2661044024076
2018-02-25 21:00:00,336.0,338.62512620313055,0.0,813.2728091010295
2018-02-25 22:00:00,902.0,667.831964920217,193.18428202231814,1142.479647818116
2018-02-25 23:00:00,2665.0,2459.5964953342504,1984.9488124363515,2934.2441782321494
2018-02-26 00:00:00,5186.0,5289.676089191451,4815.028406293552,5764.32377208935
2018-02-26 01:00:00,6034.0,5796.291258511721,5321.643575613822,6270.93894140962
2018-02-26 02:00:00,5602.0,4867.458794851969,4392.81111195407,5342.106477749869
2018-02-26 03:00:00,5033.0,4396.783688654117,3922.1360057562183,4871.431371552017
2018-02-26 04:00:00,4472.0,4084.629903655445,3609.982220757546,4559.277586553344
2018-02-26 05:00:00,4371.0,4227.121737187506,3752.4740542896075,4701.769420085406
2018-02-26 06:00:00,4532.0,4474.981130157521,4000.333447259622,4949.62881305542
2018-02-26 07:00:00,4602.0,4584.693631727969,4110.045948830069,5059.341314625868
2018-02-26 08:00:00,4875.0,5006.321020634305,4531.673337736405,5480.968703532204
2018-02-26 09:00:00,5389.0,5452.781268086776,4978.133585188878,5927.428950984675
2018-02-26 10:00:00,6370.0,6113.823207978603,5639.175525080704,6588.470890876502
2018-02-26 11:00:00,5920.0,5802.803995893449,5328.15631299555,6277.451678791347
2018-02-26 12:00:00,4442.0,4271.537204534115,3796.8895216362157,4746.184887432013
2018-02-26 13:00:00,3086.0,2989.496821272832,2514.8491383749333,3464.144504170731
2018-02-26 14:00:00,2642.0,2455.873398452558,1981.225715554659,2930.521081350457
2018-02-26 15:00:00,2197.0,2307.291738750193,1832.644055852294,2781.939421648092
2018-02-26 16:00:00,1528.0,1690.9825805480627,1216.3348976501638,2165.6302634459616
2018-02-26 17:00:00,1008.0,1061.3720382017523,586.7243553038534,1536.0197210996512
2018-02-26 18:00:00,529.0,502.63786471056835,27.990181812669448,977.2855476084673
2018-02-26 19:00:00,329.0,284.6522632605681,0.0,759.299946158467
2018-02-26 20:00:00,255.0,276.0788272468859,0.0,750.7265101447848
2018-02-26 21:00:00,370.0,335.09501912836623,0.0,809.7427020262651
2018-02-26 22:00:00,878.0,822.0560697677058,347.4083868698069,1296.7037526656047
2018-02-26 23:00:00,2884.0,2662.6073157350525,2187.9596328371535,3137.2549986329514
2018-02-27 00:00:00,5418.0,5528.556229571033,5053.908546673134,6003.203912468933
2018-02-27 01:00:00,6318.0,6023.374003791781,5548.726320893882,6498.021686689681
2018-02-27 02:00:00,5876.0,5860.0507601066965,5385.403077208797,6334.698443004596
2018-02-27 03:00:00,5093.0,5125.366628780051,4650.718945882152,5600.014311677949
2018-02-27 04:00:00,4349.0,4370.565550674812,3895.9178677769128,4845.213233572711
2018-02-27 05:00:00,4607.0,4510.62107017778,4035.973387279881,4985.268753075679
2018-02-27 06:00:00,4901.0,4660.722035579725,4186.074352681826,5135.369718477625
2018-02-27 07:00:00,4912.0,4715.327348855519,4240.679665957619,5189.975031753418
2018-02-27 08:00:00,5221.0,5061.7076671352615,4587.059984237363,5536.35535003316
2018-02-27 09:00:00,5755.0,5607.455592164165,5132.8079092662665,6082.103275062063
2018-02-27 10:00:00,6445.0,6411.942957024222,5937.295274126323,6886.59063992212
2018-02-27 11:00:00,6202.0,6050.481125791724,5575.833442893825,6525.128808689622
2018-02-27 12:00:00,4430.0,4548.925956438795,4074.278273540896,5023.573639336693
2018-02-27 13:00:00,3376.0,3206.6032509681118,2731.955568070213,3681.2509338660107
2018-02-27 14:00:00,2891.0,2803.8631238983826,2329.2154410004837,3278.5108067962815
2018-02-27 15:00:00,3376.0,2646.3181270660166,2171.6704441681177,3120.9658099639155
2018-02-27 16:00:00,3003.0,1899.0919967404543,1424.4443138425554,2373.739679638353
2018-02-27 17:00:00,1151.0,1171.7306219419925,697.0829390440936,1646.3783048398914
2018-02-27 18:00:00,602.0,580.5088459219238,105.8611630240249,1055.1565288198226
2018-02-27 19:00:00,340.0,335.54884328078026,0.0,810.1965261786792
2018-02-27 20:00:00,294.0,277.35351920941645,0.0,752.0012021073153
2018-02-27 21:00:00,378.0,309.3329572471802,0.0,783.9806401450792
2018-02-27 22:00:00,887.0,743.2078592357843,268.5601763378854,1217.8555421336832
2018-02-27 23:00:00,2873.0,2639.415297917522,2164.767615019623,3114.062980815421
2018-02-28 00:00:00,5649.0,5590.54254323349,5115.894860335591,6065.190226131388
2018-02-28 01:00:00,6351.0,6563.083765657269,6088.43608275937,7037.731448555169
2018-02-28 02:00:00,6007.0,5975.7154755746915,5501.067792676793,6450.36315847259
2018-02-28 03:00:00,5230.0,5146.733659079296,4672.085976181397,5621.381341977194
2018-02-28 04:00:00,4561.0,4500.017407518019,4025.3697246201205,4974.665090415918
2018-02-28 05:00:00,4860.0,4739.607935984032,4264.960253086134,5214.255618881931
2018-02-28 06:00:00,4936.0,4992.867755276249,4518.22007237835,5467.515438174149
2018-02-28 07:00:00,5036.0,5005.828521075245,4531.180838177346,5480.476203973143
2018-02-28 08:00:00,5255.0,5289.776557904422,4815.128875006523,5764.42424080232
2018-02-28 09:00:00,5729.0,5730.46891427197,5255.821231374071,6205.116597169868
2018-02-28 10:00:00,6563.0,6480.694853937878,6006.04717103998,6955.342536835777
2018-02-28 11:00:00,6316.0,6187.964133683026,5713.316450785127,6662.611816580926
2018-02-28 12:00:00,4877.0,4611.102562891261,4136.454879993362,5085.7502457891605
2018-02-28 13:00:00,3267.0,3287.0975115769634,2812.4498286790645,3761.7451944748623
2018-02-28 14:00:00,2939.0,2845.0869358003324,2370.4392529024335,3319.7346186982313
2018-02-28 15:00:00,2629.0,2694.5872934073454,2219.9396105094465,3169.2349763052443
2018-02-28 16:00:00,1780.0,2122.5068930547545,1647.8592101568556,2597.1545759526534
2018-02-28 17:00:00,1102.0,1179.1280415488131,704.4803586509142,1653.775724446712
2018-02-28 18:00:00,600.0,707.7006282138244,233.0529453159255,1182.3483111117234
2018-02-28 19:00:00,369.0,343.353700763881,0.0,818.00138366178
2018-02-28 20:00:00,283.0,298.25870128037684,0.0,772.9063841782757
2018-02-28 21:00:00,385.0,312.81430899924163,0.0,787.4619918971405
2018-02-28 22:00:00,919.0,763.017648345949,288.36996544805015,1237.665331243848
2018-02-28 23:00:00,2872.0,2658.3843074864126,2183.7366245885137,3133.0319903843115
2018-03-01 00:00:00,5703.0,5639.4594489278625,5164.811766029963,6114.107131825762
2018-03-01 01:00:00,6275.0,6270.780447282684,5796.132764384785,6745.428130180582
2018-03-01 02:00:00,5728.0,5899.6799652321315,5425.032282334232,6374.327648130031
2018-03-01 03:00:00,5419.0,5060.091539481117,4585.443856583219,5534.739222379016
2018-03-01 04:00:00,4555.0,4592.5826372316005,4117.934954333701,5067.2303201295
2018-03-01 05:00:00,4875.0,4860.090991095261,4385.443308197362,5334.738673993161
2018-03-01 06:00:00,5080.0,5147.1167318547605,4672.469048956862,5621.764414752659
2018-03-01 07:00:00,5210.0,5117.329956958984,4642.682274061086,5591.977639856883
2018-03-01 08:00:00,5328.0,5370.057081708104,4895.409398810205,5844.704764606004
2018-03-01 09:00:00,5952.0,5739.346145921209,5264.698463023311,6213.993828819108
2018-03-01 10:00:00,6565.0,6470.054150607994,5995.406467710096,6944.701833505893
2018-03-01 11:00:00,6236.0,6036.862467042186,5562.2147841442875,6511.510149940084
2018-03-01 12:00:00,4800.0,4663.072777491493,4188.425094593595,5137.7204603893915
2018-03-01 13:00:00,3709.0,3421.622220336581,2946.974537438682,3896.26990323448
2018-03-01 14:00:00,3169.0,3037.255853016275,2562.608170118376,3511.903535914174
2018-03-01 15:00:00,2981.0,3032.122454629133,2557.474771731234,3506.7701375270317
2018-03-01 16:00:00,2166.0,2611.10272628092,2136.455043383021,3085.7504091788187
2018-03-01 17:00:00,1266.0,1363.7555961463622,889.1079132484633,1838.4032790442611
2018-03-01 18:00:00,644.0,808.5600238187715,333.91234092087257,1283.2077067166704
2018-03-01 19:00:00,416.0,459.08140985852503,0.0,933.7290927564239
2018-03-01 20:00:00,295.0,339.11175168353014,0.0,813.7594345814291
2018-03-01 21:00:00,364.0,355.9048785269864,0.0,830.5525614248853
2018-03-01 22:00:00,846.0,756.9431796268802,282.29549672898133,1231.5908625247791
2018-03-01 23:00:00,2670.0,2626.345291719456,2151.697608821557,3100.992974617355
2018-03-02 00:00:00,5165.0,5500.080285874612,5025.432602976713,5974.727968772511
2018-03-02 01:00:00,6497.0,6349.634475131537,5874.986792233638,6824.282158029437
2018-03-02 02:00:00,5636.0,5870.7783197998615,5396.130636901962,6345.426002697761
2018-03-02 03:00:00,4945.0,5039.167615375142,4564.519932477244,5513.815298273041
2018-03-02 04:00:00,4858.0,4677.265646012938,4202.617963115039,5151.913328910838
2018-03-02 05:00:00,5171.0,5045.7591790795195,4571.11149618162,5520.406861977419
2018-03-02 06:00:00,5391.0,5407.027644840651,4932.379961942752,5881.675327738551
2018-03-02 07:00:00,5390.0,5459.985355002833,4985.3376721049335,5934.633037900732
2018-03-02 08:00:00,5692.0,5627.6341206840225,5152.986437786123,6102.281803581922
2018-03-02 09:00:00,6057.0,5864.83190706915,5390.184224171251,6339.479589967048
2018-03-02 10:00:00,6730.0,6448.317679482821,5973.669996584922,6922.965362380721
2018-03-02 11:00:00,6070.0,5872.689380258092,5398.041697360193,6347.33706315599
2018-03-02 12:00:00,4954.0,4882.291502874511,4407.643819976613,5356.9391857724095
2018-03-02 13:00:00,3996.0,3676.096708440795,3201.449025542896,4150.744391338694
2018-03-02 14:00:00,3551.0,3138.698481939717,2664.050799041818,3613.346164837616
2018-03-02 15:00:00,3238.0,3089.12561326614,2614.4779303682412,3563.773296164039
2018-03-02 16:00:00,2453.0,2904.723390085281,2430.0757071873822,3379.37107298318
2018-03-02 17:00:00,1798.0,1982.9593643540902,1508.3116814561913,2457.607047251989
2018-03-02 18:00:00,1516.0,1391.0319233316336,916.3842404337347,1865.6796062295325
2018-03-02 19:00:00,751.0,770.7970870742325,296.14940417633363,1245.4447699721313
2018-03-02 20:00:00,497.0,642.6868593327251,168.03917643482623,1117.334542230624
2018-03-02 21:00:00,365.0,459.711809274898,0.0,934.3594921727969
2018-03-02 22:00:00,457.0,516.0162110140933,41.3685281161944,990.6638939119922
2018-03-02 23:00:00,686.0,734.8834733564191,260.2357904585202,1209.531156254318
2018-03-03 00:00:00,1174.0,1457.0484817585693,982.4007988606704,1931.6961646564682
2018-03-03 01:00:00,2050.0,2216.1437070099746,1741.4960241120757,2690.7913899078735
2018-03-03 02:00:00,3029.0,3090.782238555302,2616.134555657403,3565.4299214532007
2018-03-03 03:00:00,3911.0,3578.4925740041203,3103.8448911062214,4053.1402569020192
2018-03-03 04:00:00,4598.0,4087.989168559031,3613.341485661132,4562.636851456929
2018-03-03 05:00:00,4766.0,4500.1272031040135,4025.4795202061146,4974.774886001913
2018-03-03 06:00:00,5023.0,4795.943476208215,4321.295793310315,5270.591159106114
2018-03-03 07:00:00,5240.0,4834.5184735919465,4359.870790694047,5309.166156489846
2018-03-03 08:00:00,5040.0,4694.562781490065,4219.915098592166,5169.210464387965
2018-03-03 09:00:00,4945.0,4634.527438042053,4159.879755144155,5109.175120939952
2018-03-03 10:00:00,4855.0,4615.2647541395645,4140.617071241666,5089.912437037463
2018-03-03 11:00:00,4837.0,4504.915235511076,4030.2675526131775,4979.562918408976
2018-03-03 12:00:00,4396.0,4284.988551915795,3810.3408690178962,4759.636234813694
2018-03-03 13:00:00,3817.0,3508.468987442767,3033.821304544868,3983.1166703406657
2018-03-03 14:00:00,3169.0,3091.5389624274057,2616.891279529507,3566.1866453253047
2018-03-03 15:00:00,3632.0,3291.6734801813873,2817.0257972834884,3766.321163079286
2018-03-03 16:00:00,3148.0,3305.058025775781,2830.410342877882,3779.70570867368
2018-03-03 17:00:00,1934.0,2227.1437205188354,1752.4960376209365,2701.7914034167343
2018-03-03 18:00:00,1216.0,1445.4111298375215,970.7634469396226,1920.0588127354204
2018-03-03 19:00:00,756.0,840.6522592614509,366.004576363552,1315.29994215935
2018-03-03 20:00:00,543.0,568.8945388889271,94.24685599102816,1043.5422217868258
2018-03-03 21:00:00,351.0,535.1636735524817,60.515990654582765,1009.8113564503806
2018-03-03 22:00:00,299.0,451.7144141189034,0.0,926.3620970168023
2018-03-03 23:00:00,431.0,960.8539097745205,486.2062268766216,1435.5015926724195
2018-03-04 00:00:00,733.0,922.2018174369724,447.5541345390735,1396.8495003348712
2018-03-04 01:00:00,1149.0,1024.6521682226771,550.0044853247782,1499.299851120576
2018-03-04 02:00:00,1840.0,1967.559026399596,1492.911343501697,2442.206709297495
2018-03-04 03:00:00,2434.0,2582.9015441834026,2108.2538612855037,3057.5492270813015
2018-03-04 04:00:00,3193.0,3423.084779462061,2948.437096564162,3897.7324623599598
2018-03-04 05:00:00,3594.0,3810.5157225559924,3335.8680396580935,4285.163405453892
2018-03-04 06:00:00,4241.0,4237.722300051532,3763.0746171536334,4712.369982949431
2018-03-04 07:00:00,4328.0,4461.611007731837,3986.9633248339383,4936.2586906297365
2018-03-04 08:00:00,4341.0,4450.850761309762,3976.203078411863,4925.49844420766
2018-03-04 09:00:00,4226.0,4364.523897407622,3889.876214509723,4839.171580305521
2018-03-04 10:00:00,4537.0,4325.79238142585,3851.1446985279513,4800.4400643237495
2018-03-04 11:00:00,4093.0,3892.9977119902605,3418.3500290923616,4367.645394888159
2018-03-04 12:00:00,3910.0,3678.7714120372098,3204.123729139311,4153.419094935109
2018-03-04 13:00:00,2945.0,3087.3553120915285,2612.7076291936296,3562.0029949894274
2018-03-04 14:00:00,3258.0,2683.244094893837,2208.596411995938,3157.891777791736
2018-03-04 15:00:00,3017.0,2377.383080173442,1902.7353972755432,2852.030763071341
2018-03-04 16:00:00,1747.0,2020.267264964153,1545.619582066254,2494.914947862052
2018-03-04 17:00:00,1138.0,1373.096612862406,898.448929964507,1847.7442957603048
2018-03-04 18:00:00,703.0,754.860371431432,280.2126885335331,1229.508054329331
2018-03-04 19:00:00,471.0,417.9812541885255,0.0,892.6289370864245
2018-03-04 20:00:00,391.0,375.96746714683854,0.0,850.6151500447374
2018-03-04 21:00:00,486.0,373.4488812984841,0.0,848.096564196383
2018-03-04 22:00:00,976.0,687.561481319837,212.91379842193805,1162.2091642177359
2018-03-04 23:00:00,2704.0,2599.5384080711683,2124.8907251732694,3074.186090969067
2018-03-05 00:00:00,4879.0,5715.92892997775,5241.281247079851,6190.5766128756495
2018-03-05 01:00:00,5062.0,5937.248077212429,5462.60039431453,6411.895760110328
2018-03-05 02:00:00,4211.0,5602.017338358213,5127.369655460314,6076.665021256113
2018-03-05 03:00:00,3780.0,4937.652475188364,4463.004792290465,5412.300158086264
2018-03-05 04:00:00,3586.0,4353.556196307721,3878.908513409822,4828.203879205619
2018-03-05 05:00:00,3611.0,4497.546600230316,4022.8989173324167,4972.194283128214
2018-03-05 06:00:00,3719.0,4756.194401430606,4281.546718532707,5230.842084328506
2018-03-05 07:00:00,3682.0,4915.306729949499,4440.6590470516,5389.954412847397
2018-03-05 08:00:00,3928.0,4923.746367877883,4449.098684979985,5398.394050775782
2018-03-05 09:00:00,4151.0,4930.804265326503,4456.156582428604,5405.451948224401
2018-03-05 10:00:00,3260.0,5273.418054621407,4798.770371723507,5748.065737519306
2018-03-05 11:00:00,1953.0,4873.494655036098,4398.846972138199,5348.142337933998
2018-03-05 12:00:00,1389.0,3817.349490044854,3342.701807146955,4291.9971729427525
2018-03-05 13:00:00,1117.0,2756.9046135704098,2282.256930672511,3231.5522964683087
2018-03-05 14:00:00,844.0,2332.039500113734,1857.391817215835,2806.687183011633
2018-03-05 15:00:00,753.0,2147.420908505449,1672.77322560755,2622.068591403348
2018-03-05 16:00:00,694.0,1558.1099224899006,1083.4622395920017,2032.7576053877995
2018-03-05 17:00:00,599.0,993.657501155804,519.0098182579051,1468.3051840537028
2018-03-05 18:00:00,308.0,553.019597333608,78.37191443570907,1027.667280231507
2018-03-05 19:00:00,242.0,519.7645489101286,45.11686601222971,994.4122318080275
2018-03-05 20:00:00,231.0,468.61885705694203,0.0,943.2665399548409
2018-03-05 21:00:00,335.0,431.13540167259504,0.0,905.7830845704939
2018-03-05 22:00:00,807.0,652.5163093244382,177.86862642653932,1127.1639922223371
2018-03-05 23:00:00,2537.0,2026.5116366307975,1551.8639537328986,2501.1593195286964
2018-03-06 00:00:00,4601.0,5703.268429018793,5228.620746120894,6177.916111916691
2018-03-06 01:00:00,4848.0,5751.991906075017,5277.344223177119,6226.639588972916
2018-03-06 02:00:00,4623.0,5351.706011859459,4877.058328961561,5826.3536947573575
2018-03-06 03:00:00,4085.0,4749.438032583266,4274.790349685367,5224.085715481166
2018-03-06 04:00:00,3602.0,4090.7874203113256,3616.1397374134267,4565.4351032092245
2018-03-06 05:00:00,3781.0,4148.187973604824,3673.540290706925,4622.8356565027225
2018-03-06 06:00:00,4037.0,4506.756479947142,4032.108797049243,4981.404162845041
2018-03-06 07:00:00,4166.0,4472.846269125813,3998.198586227914,4947.493952023711
2018-03-06 08:00:00,4671.0,4681.528702343355,4206.881019445456,5156.176385241253
2018-03-06 09:00:00,5260.0,5003.443003973792,4528.795321075893,5478.09068687169
2018-03-06 10:00:00,6420.0,5181.515926811263,4706.8682439133645,5656.163609709161
2018-03-06 11:00:00,5874.0,4893.276469520312,4418.628786622414,5367.924152418211
2018-03-06 12:00:00,4400.0,4072.5650296478116,3597.9173467499127,4547.21271254571
2018-03-06 13:00:00,3188.0,3003.297197370282,2528.649514472383,3477.944880268181
2018-03-06 14:00:00,2600.0,2702.6598517920834,2228.0121688941845,3177.3075346899823
2018-03-06 15:00:00,3415.0,2595.343480502151,2120.695797604252,3069.99116340005
2018-03-06 16:00:00,2587.0,1879.8802011171315,1405.2325182192326,2354.5278840150304
2018-03-06 17:00:00,1144.0,1265.0277403342209,790.380057436322,1739.6754232321198
2018-03-06 18:00:00,591.0,706.2153538794488,231.5676709815499,1180.8630367773476
2018-03-06 19:00:00,376.0,472.94806542484895,0.0,947.5957483227478
2018-03-06 20:00:00,247.0,414.60990844587263,0.0,889.2575913437715
2018-03-06 21:00:00,378.0,417.5054440844039,0.0,892.1531269823029
2018-03-06 22:00:00,921.0,799.0079874414984,324.36030454359945,1273.6556703393971
2018-03-06 23:00:00,2875.0,2706.817076629894,2232.169393731995,3181.464759527793
2018-03-07 00:00:00,5670.0,5458.556139652301,4983.908456754401,5933.2038225502
2018-03-07 01:00:00,6121.0,6392.896231359078,5918.248548461179,6867.543914256978
2018-03-07 02:00:00,5896.0,5737.212927860693,5262.565244962794,6211.860610758591
2018-03-07 03:00:00,5343.0,4985.064646790754,4510.416963892854,5459.712329688653
2018-03-07 04:00:00,4619.0,4295.8732937444,3821.2256108465012,4770.5209766422995
2018-03-07 05:00:00,4819.0,4557.5985815223485,4082.9508986244496,5032.246264420248
2018-03-07 06:00:00,4879.0,4753.454148384118,4278.806465486219,5228.101831282016
2018-03-07 07:00:00,5093.0,4886.926179736465,4412.278496838566,5361.573862634365
2018-03-07 08:00:00,5160.0,5119.932066583031,4645.284383685132,5594.57974948093
2018-03-07 09:00:00,5886.0,5683.260816344214,5208.613133446315,6157.908499242112
2018-03-07 10:00:00,6849.0,6370.311005061922,5895.663322164022,6844.958687959821
2018-03-07 11:00:00,5951.0,6165.003179855363,5690.355496957463,6639.650862753262
2018-03-07 12:00:00,4637.0,4678.602543361505,4203.954860463606,5153.250226259404
2018-03-07 13:00:00,3367.0,3427.0505164454153,2952.4028335475164,3901.698199343314
2018-03-07 14:00:00,3297.0,2899.507285434443,2424.859602536544,3374.154968332342
2018-03-07 15:00:00,2451.0,2761.898226053973,2287.250543156074,3236.5459089518718
2018-03-07 16:00:00,1790.0,2123.1513154140334,1648.5036325161345,2597.7989983119323
2018-03-07 17:00:00,1352.0,1301.7579997586056,827.1103168607067,1776.4056826565045
2018-03-07 18:00:00,545.0,662.6393578300314,187.99167493213247,1137.2870407279302
2018-03-07 19:00:00,368.0,369.87140511897945,0.0,844.5190880168784
2018-03-07 20:00:00,260.0,302.0910282631235,0.0,776.7387111610224
2018-03-07 21:00:00,344.0,341.3185467857059,0.0,815.9662296836048
2018-03-07 22:00:00,887.0,787.3252295838288,312.6775466859299,1261.9729124817277
2018-03-07 23:00:00,2788.0,2675.2206124056215,2200.5729295077226,3149.8682953035204
2018-03-08 00:00:00,5661.0,5791.914598543464,5317.266915645565,6266.562281441364
2018-03-08 01:00:00,6280.0,6436.519085654917,5961.871402757019,6911.1667685528155
2018-03-08 02:00:00,6042.0,5847.729226799264,5373.081543901366,6322.376909697163
2018-03-08 03:00:00,5221.0,5080.636547295875,4605.988864397976,5555.284230193774
2018-03-08 04:00:00,4669.0,4580.635322704091,4105.9876398061915,5055.28300560199
2018-03-08 05:00:00,4922.0,4825.863219348285,4351.215536450387,5300.510902246184
2018-03-08 06:00:00,4946.0,5089.6054797682,4614.9577968703015,5564.253162666098
2018-03-08 07:00:00,5117.0,5097.470461537122,4622.8227786392235,5572.11814443502
2018-03-08 08:00:00,5349.0,5352.640862717242,4877.993179819343,5827.288545615142
2018-03-08 09:00:00,5983.0,5744.860462020355,5270.212779122456,6219.508144918254
2018-03-08 10:00:00,6738.0,6501.152932557785,6026.5052496598855,6975.800615455684
2018-03-08 11:00:00,6200.0,6132.876953868671,5658.229270970773,6607.5246367665695
2018-03-08 12:00:00,5136.0,4648.944488948541,4174.296806050643,5123.59217184644
2018-03-08 13:00:00,3509.0,3528.2644461008576,3053.6167632029587,4002.9121289987565
2018-03-08 14:00:00,3565.0,3004.4878646066736,2529.8401817087747,3479.1355475045725
2018-03-08 15:00:00,2951.0,2981.445334449095,2506.797651551196,3456.0930173469937
2018-03-08 16:00:00,2759.0,2590.678226837742,2116.030543939843,3065.325909735641
2018-03-08 17:00:00,2179.0,1355.1511169780697,880.5034340801708,1829.7987998759686
2018-03-08 18:00:00,665.0,763.1256082897839,288.47792539188504,1237.7732911876828
2018-03-08 19:00:00,415.0,424.6409171783885,0.0,899.2886000762874
2018-03-08 20:00:00,300.0,395.5850706060609,0.0,870.2327535039599
2018-03-08 21:00:00,389.0,377.348159920269,0.0,851.9958428181678
2018-03-08 22:00:00,839.0,753.0622621142451,278.41457921634617,1227.709945012144
2018-03-08 23:00:00,2711.0,2411.0975428763554,1936.4498599784565,2885.7452257742543
2018-03-09 00:00:00,5349.0,5614.8976239452195,5140.249941047321,6089.545306843118
2018-03-09 01:00:00,6520.0,6315.925334794066,5841.277651896167,6790.573017691964
2018-03-09 02:00:00,5947.0,5956.050597372901,5481.402914475002,6430.698280270801
2018-03-09 03:00:00,5174.0,5178.130941438157,4703.483258540258,5652.778624336055
2018-03-09 04:00:00,4876.0,4777.1329664704945,4302.485283572596,5251.780649368393
2018-03-09 05:00:00,5160.0,5096.296187817109,4621.648504919211,5570.9438707150075
2018-03-09 06:00:00,5257.0,5448.9068939967765,4974.259211098877,5923.554576894676
2018-03-09 07:00:00,5602.0,5450.168611740053,4975.520928842154,5924.8162946379525
2018-03-09 08:00:00,5763.0,5620.01288707563,5145.365204177731,6094.660569973528
2018-03-09 09:00:00,6001.0,5946.639036832039,5471.99135393414,6421.286719729938
2018-03-09 10:00:00,6641.0,6469.168305056818,5994.52062215892,6943.815987954717
2018-03-09 11:00:00,6062.0,6125.158604286431,5650.510921388532,6599.80628718433
2018-03-09 12:00:00,5207.0,4933.436321649672,4458.788638751774,5408.084004547571
2018-03-09 13:00:00,3864.0,3674.8068966882097,3200.159213790311,4149.454579586109
2018-03-09 14:00:00,3377.0,3169.8623600320507,2695.2146771341518,3644.5100429299496
2018-03-09 15:00:00,3118.0,3070.188071608779,2595.54038871088,3544.835754506678
2018-03-09 16:00:00,2649.0,2812.852052433696,2338.204369535797,3287.499735331595
2018-03-09 17:00:00,2989.0,2002.6302901823497,1527.9826072844508,2477.2779730802486
2018-03-09 18:00:00,1175.0,1423.1189039642097,948.4712210663108,1897.7665868621086
2018-03-09 19:00:00,685.0,735.2541818095114,260.60649891161245,1209.9018647074104
2018-03-09 21:00:00,358.0,413.8718270019982,0.0,888.5195098998971
2018-03-09 22:00:00,404.0,506.84618349762184,32.198500599722934,981.4938663955207
2018-03-09 23:00:00,696.0,727.6998008824338,253.0521179845349,1202.3474837803328
2018-03-10 00:00:00,1242.0,1506.1625915718305,1031.5149086739316,1980.8102744697294
2018-03-10 01:00:00,1911.0,2245.7659215722156,1771.1182386743167,2720.4136044701145
2018-03-10 03:00:00,4057.0,3843.8175771357924,3369.1698942378935,4318.465260033691
2018-03-10 04:00:00,4476.0,4211.353347556201,3736.705664658302,4686.001030454099
2018-03-10 05:00:00,4732.0,4550.272218538502,4075.624535640603,5024.9199014364
2018-03-10 06:00:00,5312.0,5013.08685783608,4538.439174938181,5487.734540733978
2018-03-10 07:00:00,4990.0,4901.291876713478,4426.644193815579,5375.939559611377
2018-03-10 08:00:00,5404.0,4665.416662890454,4190.768979992556,5140.0643457883525
2018-03-10 09:00:00,5548.0,4672.220611268955,4197.572928371055,5146.868294166854
2018-03-10 10:00:00,5194.0,4693.887645932931,4219.239963035032,5168.535328830831
2018-03-10 11:00:00,5142.0,4556.97776529135,4082.330082393451,5031.625448189248
2018-03-10 12:00:00,4776.0,4235.88529262881,3761.237609730911,4710.5329755267085
2018-03-10 13:00:00,4004.0,3564.336251759562,3089.688568861663,4038.983934657461
2018-03-10 14:00:00,3223.0,3169.184046328504,2694.536363430605,3643.831729226403
2018-03-10 15:00:00,3602.0,3232.276644912693,2757.628962014794,3706.924327810592
2018-03-10 16:00:00,4040.0,3273.052086975986,2798.4044040780873,3747.699769873885
2018-03-10 17:00:00,2433.0,2218.5958182563336,1743.9481353584347,2693.2435011542325
2018-03-10 18:00:00,1662.0,1585.266286990556,1110.618604092657,2059.9139698884546
2018-03-10 19:00:00,975.0,897.6157222052866,422.9680393073877,1372.2634051031855
2018-03-10 21:00:00,420.0,547.9114337656454,73.26375086774647,1022.5591166635443
2018-03-10 22:00:00,419.0,525.039618441003,50.39193554310407,999.6873013389019
2018-03-10 23:00:00,490.0,676.6010750190029,201.953392121104,1151.248757916902
2018-03-11 00:00:00,740.0,1111.032397359346,636.3847144614472,1585.680080257245
2018-03-11 01:00:00,1039.0,1442.1912907741585,967.5436078762596,1916.8389736720574
2018-03-11 03:00:00,2559.0,2877.4354988837913,2402.7878159858924,3352.08318178169
2018-03-11 04:00:00,3400.0,3511.939168840446,3037.2914859425473,3986.586851738345
2018-03-11 05:00:00,3810.0,3818.647518283293,3343.999835385394,4293.295201181192
2018-03-11 06:00:00,4339.0,4370.182945757214,3895.535262859315,4844.830628655112
2018-03-11 07:00:00,4840.0,4602.748153463448,4128.100470565549,5077.395836361347
2018-03-11 08:00:00,4749.0,4421.190390046831,3946.5427071489325,4895.838072944731
2018-03-11 09:00:00,4396.0,4569.778305183795,4095.130622285896,5044.4259880816935
2018-03-11 10:00:00,4242.0,4513.659447157899,4039.0117642600003,4988.307130055799
2018-03-11 11:00:00,4068.0,4298.495455703699,3823.8477728058,4773.1431386015975
2018-03-11 12:00:00,3571.0,4073.2853694191936,3598.6376865212947,4547.933052317092
2018-03-11 13:00:00,2939.0,3587.468097759194,3112.820414861295,4062.1157806570927
2018-03-11 14:00:00,2546.0,3004.8503387674805,2530.2026558695816,3479.4980216653794
2018-03-11 15:00:00,2118.0,2700.927269873468,2226.279586975569,3175.574952771367
2018-03-11 16:00:00,1523.0,2278.9703902002325,1804.3227073023336,2753.6180730981314
2018-03-11 17:00:00,1000.0,1434.4613841764683,959.8137012785694,1909.1090670743672
2018-03-11 18:00:00,528.0,953.6307733198665,478.98309042196763,1428.2784562177653
2018-03-11 19:00:00,360.0,422.83169134666775,0.0,897.4793742445667
2018-03-11 20:00:00,228.0,368.8643433526794,0.0,843.5120262505783
2018-03-11 21:00:00,356.0,372.9753086653849,0.0,847.6229915632838
2018-03-11 22:00:00,851.0,711.4956333567073,236.84795045880844,1186.1433162546064
2018-03-11 23:00:00,2742.0,2631.403452130903,2156.7557692330042,3106.051135028802
2018-03-12 00:00:00,5331.0,5612.978744549803,5138.331061651905,6087.626427447702
2018-03-12 01:00:00,6336.0,6332.503275639093,5857.855592741194,6807.150958536991
2018-03-12 02:00:00,5668.0,5763.864412424781,5289.216729526883,6238.51209532268
2018-03-12 03:00:00,4693.0,4703.184965920168,4228.53728302227,5177.832648818066
2018-03-12 04:00:00,4213.0,4164.2670485798335,3689.6193656819346,4638.914731477733
2018-03-12 05:00:00,4265.0,4434.813110721919,3960.16542782402,4909.460793619817
2018-03-12 06:00:00,4666.0,4702.40232515459,4227.75464225669,5177.050008052489
2018-03-12 07:00:00,4748.0,4739.382059495256,4264.7343765973565,5214.029742393155
2018-03-12 08:00:00,4554.0,5045.2122357925455,4570.564552894646,5519.859918690445
2018-03-12 09:00:00,5784.0,5421.497945876095,4946.850262978196,5896.145628773995
2018-03-12 10:00:00,6655.0,6226.230315962904,5751.582633065005,6700.877998860802
2018-03-12 11:00:00,6001.0,5726.224284423449,5251.57660152555,6200.871967321347
2018-03-12 12:00:00,4388.0,4265.454171207366,3790.806488309467,4740.101854105265
2018-03-12 13:00:00,3346.0,3040.9225970981,2566.2749142002012,3515.570279995999
2018-03-12 14:00:00,2806.0,2434.9318504442813,1960.2841675463824,2909.57953334218
2018-03-12 15:00:00,2301.0,2383.3905163299437,1908.7428334320448,2858.0381992278426
2018-03-12 16:00:00,2592.0,1785.469899685395,1310.822216787496,2260.117582583294
2018-03-12 17:00:00,2003.0,1137.6223554934863,662.9746725955874,1612.2700383913852
2018-03-12 18:00:00,666.0,703.9666808959342,229.31899799803534,1178.614363793833
2018-03-12 19:00:00,414.0,479.9259237043999,5.278240806501003,954.5736066022988
2018-03-12 20:00:00,301.0,398.2486039810736,0.0,872.8962868789724
2018-03-12 21:00:00,380.0,484.3841447993161,9.736461901417215,959.031827697215
2018-03-12 22:00:00,865.0,868.774418860238,394.1267359623391,1343.422101758137
2018-03-12 23:00:00,2872.0,2477.335263307081,2002.687580409182,2951.9829462049797
2018-03-13 00:00:00,5420.0,5686.947339214069,5212.2996563161705,6161.595022111967
2018-03-13 01:00:00,6404.0,6323.722258930213,5849.074576032313,6798.369941828112
2018-03-13 02:00:00,5880.0,5915.895454544027,5441.247771646129,6390.543137441926
2018-03-13 03:00:00,5093.0,5222.241576536993,4747.593893639094,5696.889259434893
2018-03-13 04:00:00,4410.0,4612.833659295258,4138.185976397359,5087.481342193158
2018-03-13 05:00:00,4591.0,4761.369639770627,4286.721956872729,5236.017322668526
2018-03-13 06:00:00,4749.0,5079.690196792627,4605.0425138947285,5554.337879690525
2018-03-13 07:00:00,5062.0,5087.4339600211515,4612.786277123252,5562.081642919051
2018-03-13 08:00:00,5187.0,5344.528364815993,4869.880681918094,5819.176047713892
2018-03-13 09:00:00,5895.0,5835.65428490074,5361.006602002841,6310.301967798639
2018-03-13 10:00:00,6366.0,6461.8216637591,5987.173980861202,6936.469346656999
2018-03-13 11:00:00,5413.0,6078.065934264287,5603.418251366387,6552.713617162186
2018-03-13 12:00:00,4470.0,4637.32855449019,4162.680871592291,5111.976237388089
2018-03-13 13:00:00,3436.0,3338.908618367316,2864.2609354694173,3813.556301265215
2018-03-13 14:00:00,2933.0,2844.001668810123,2369.3539859122243,3318.649351708022
2018-03-13 15:00:00,2736.0,2790.344149095881,2315.6964661979823,3264.99183199378
2018-03-13 16:00:00,3761.0,1950.3307754834013,1475.6830925855024,2424.9784583813002
2018-03-13 17:00:00,1287.0,1277.802524499539,803.1548416016401,1752.450207397438
2018-03-13 18:00:00,665.0,651.0900500574226,176.44236715952366,1125.7377329553215
2018-03-13 19:00:00,340.0,386.4001124802875,0.0,861.0477953781864
2018-03-13 20:00:00,285.0,321.5201593211655,0.0,796.1678422190644
2018-03-13 21:00:00,378.0,374.00680357083036,0.0,848.6544864687293
2018-03-13 22:00:00,903.0,756.5297693908481,281.88208649294916,1231.177452288747
2018-03-13 23:00:00,2785.0,2641.4045555933267,2166.756872695428,3116.0522384912256
2018-03-14 00:00:00,5526.0,5708.315231421292,5233.667548523394,6182.9629143191905
2018-03-14 01:00:00,6542.0,6586.787691796703,6112.140008898805,7061.435374694602
2018-03-14 02:00:00,5854.0,6003.317453873521,5528.669770975623,6477.96513677142
2018-03-14 03:00:00,5312.0,5193.699484971586,4719.051802073687,5668.347167869484
2018-03-14 04:00:00,4511.0,4649.273898974099,4174.6262160762,5123.921581871999
2018-03-14 05:00:00,4825.0,4982.736306317828,4508.08862341993,5457.383989215727
2018-03-14 06:00:00,4908.0,5207.345700171755,4732.698017273857,5681.993383069654
2018-03-14 07:00:00,5044.0,5177.852802030943,4703.205119133045,5652.500484928842
2018-03-14 08:00:00,5251.0,5403.026933273755,4928.379250375856,5877.674616171655
2018-03-14 09:00:00,5906.0,5824.937754237738,5350.290071339839,6299.585437135636
2018-03-14 10:00:00,6789.0,6466.497381416244,5991.849698518345,6941.145064314143
2018-03-14 11:00:00,6137.0,6079.812514688965,5605.164831791066,6554.4601975868645
2018-03-14 12:00:00,4718.0,4696.153709454715,4221.506026556815,5170.801392352614
2018-03-14 13:00:00,3426.0,3298.2793050521254,2823.6316221542265,3772.9269879500243
2018-03-14 14:00:00,3115.0,2926.906587602943,2452.258904705044,3401.554270500842
2018-03-14 15:00:00,2507.0,2789.944133520043,2315.296450622144,3264.591816417942
2018-03-14 16:00:00,1810.0,2159.593138812652,1684.945455914753,2634.240821710551
2018-03-14 17:00:00,1094.0,1336.231900391358,861.5842174934592,1810.879583289257
2018-03-14 18:00:00,577.0,730.7781172746364,256.1304343767375,1205.4258001725352
2018-03-14 19:00:00,354.0,397.0262048830196,0.0,871.6738877809184
2018-03-14 20:00:00,259.0,321.5922555097303,0.0,796.2399384076292
2018-03-14 22:00:00,910.0,795.8057347865974,321.15805188869854,1270.4534176844963
2018-03-14 23:00:00,2797.0,2754.959775983122,2280.3120930852233,3229.607458881021
2018-03-15 00:00:00,4965.0,5676.465580553661,5201.817897655763,6151.11326345156
2018-03-15 01:00:00,6537.0,6484.825106892732,6010.177423994834,6959.4727897906305
2018-03-15 02:00:00,5907.0,5834.73148612444,5360.083803226542,6309.379169022339
2018-03-15 04:00:00,4675.0,4802.519463251856,4327.871780353957,5277.167146149755
2018-03-15 05:00:00,4905.0,5097.9154592659015,4623.267776368002,5572.563142163801
2018-03-15 06:00:00,5113.0,5503.64245948907,5028.994776591171,5978.290142386968
2018-03-15 07:00:00,5165.0,5328.903916101552,4854.256233203652,5803.551598999451
2018-03-15 08:00:00,5448.0,5543.071079152385,5068.423396254486,6017.718762050285
2018-03-15 09:00:00,5960.0,5865.2166900915345,5390.569007193635,6339.864372989434
2018-03-15 10:00:00,6586.0,6504.543591356572,6029.895908458673,6979.19127425447
2018-03-15 11:00:00,6279.0,6140.535071155945,5665.8873882580465,6615.182754053843
2018-03-15 12:00:00,4771.0,4724.7739674642,4250.1262845663005,5199.421650362099
2018-03-15 13:00:00,3503.0,3561.4036228725486,3086.7559399746497,4036.0513057704475
2018-03-15 14:00:00,3093.0,3130.9152374167734,2656.2675545188745,3605.5629203146723
2018-03-15 15:00:00,2685.0,2884.291678890733,2409.643995992834,3358.9393617886317
2018-03-15 16:00:00,2157.0,2502.857949768179,2028.21026687028,2977.505632666078
2018-03-15 17:00:00,1205.0,1445.4598239275285,970.8121410296296,1920.1075068254274
2018-03-15 18:00:00,661.0,827.303951027854,352.65626812995515,1301.951633925753
2018-03-15 19:00:00,386.0,420.9762366795788,0.0,895.6239195774776
2018-03-15 20:00:00,287.0,351.95511873529586,0.0,826.6028016331948
2018-03-15 22:00:00,793.0,765.5316679707739,290.883985072875,1240.1793508686728
2018-03-15 23:00:00,2731.0,2630.178381785846,2155.530698887947,3104.826064683745
2018-03-16 00:00:00,4997.0,5739.326463927631,5264.678781029732,6213.974146825531
2018-03-16 01:00:00,6242.0,6578.429576763408,6103.781893865509,7053.077259661306
2018-03-16 02:00:00,5574.0,5898.609672844248,5423.961989946349,6373.257355742147
2018-03-16 04:00:00,4578.0,4887.8734047574135,4413.225721859515,5362.521087655312
2018-03-16 05:00:00,5056.0,5246.5704289013265,4771.922746003427,5721.218111799226
2018-03-16 06:00:00,5381.0,5619.321141183871,5144.673458285972,6093.96882408177
2018-03-16 07:00:00,5398.0,5471.707716334655,4997.0600334367555,5946.355399232554
2018-03-16 08:00:00,5594.0,5715.583647626963,5240.935964729064,6190.231330524863
2018-03-16 09:00:00,5999.0,5907.431643452816,5432.783960554918,6382.079326350715
2018-03-16 10:00:00,6607.0,6348.845960371763,5874.198277473864,6823.493643269661
2018-03-16 11:00:00,6023.0,5909.849569272945,5435.201886375045,6384.497252170844
2018-03-16 12:00:00,4952.0,4750.519577155318,4275.87189425742,5225.1672600532165
2018-03-16 13:00:00,4004.0,3575.9215227545587,3101.27383985666,4050.5692056524576
2018-03-16 14:00:00,3503.0,3163.6786953647347,2689.031012466836,3638.3263782626336
2018-03-16 15:00:00,3111.0,2988.3901168247526,2513.7424339268537,3463.0377997226515
2018-03-16 16:00:00,3079.0,2805.7415830153072,2331.0939001174083,3280.389265913206
2018-03-16 17:00:00,1903.0,1993.8620748056255,1519.2143919077266,2468.5097577035244
2018-03-16 18:00:00,1125.0,1395.4301477616875,920.7824648637886,1870.0778306595864
2018-03-16 19:00:00,621.0,742.1495446160428,267.5018617181439,1216.7972275139418
2018-03-16 20:00:00,498.0,542.6627615885652,68.01507869066631,1017.3104444864641
2018-03-16 21:00:00,386.0,433.35474685978255,0.0,908.0024297576815
2018-03-16 22:00:00,391.0,505.98407551527174,31.336392617372837,980.6317584131707
2018-03-16 23:00:00,681.0,738.4600526664078,263.8123697685089,1213.1077355643067
2018-03-17 00:00:00,1167.0,1627.080988499809,1152.4333056019102,2101.7286713977082
2018-03-17 01:00:00,1895.0,2402.965699127696,1928.3180162297972,2877.613382025595
2018-03-17 02:00:00,3095.0,3337.515945919341,2862.868263021442,3812.16362881724
2018-03-17 03:00:00,3956.0,4120.481786731008,3645.8341038331087,4595.129469628906
2018-03-17 04:00:00,4651.0,4197.019195192591,3722.371512294692,4671.666878090489
2018-03-17 05:00:00,5278.0,4590.367937704681,4115.720254806782,5065.01562060258
2018-03-17 06:00:00,5798.0,4889.949334489127,4415.301651591228,5364.597017387026
2018-03-17 07:00:00,5686.0,4919.846181249707,4445.198498351809,5394.493864147606
2018-03-17 08:00:00,5616.0,4771.165500178925,4296.5178172810265,5245.813183076823
2018-03-17 09:00:00,5217.0,4725.001499381803,4250.353816483905,5199.649182279702
2018-03-17 10:00:00,4708.0,4735.624716100002,4260.9770332021035,5210.2723989979
2018-03-17 11:00:00,4954.0,4570.006215335465,4095.358532437566,5044.653898233364
2018-03-17 12:00:00,4595.0,4181.967139352015,3707.319456454116,4656.614822249914
2018-03-17 13:00:00,3918.0,3633.3744187159805,3158.7267358180816,4108.022101613879
2018-03-17 14:00:00,3534.0,3246.979252381901,2772.331569484002,3721.6269352798
2018-03-17 15:00:00,3351.0,3235.228848095642,2760.5811651977433,3709.876530993541
2018-03-17 16:00:00,3739.0,3228.837157261324,2754.1894743634252,3703.484840159223
2018-03-17 17:00:00,2596.0,2267.065023142816,1792.4173402449169,2741.7127060407147
2018-03-17 18:00:00,1642.0,1557.7283798871326,1083.0806969892337,2032.3760627850315
2018-03-17 19:00:00,1075.0,873.9346807980147,399.2869979001158,1348.5823636959135
2018-03-17 20:00:00,719.0,622.8378504602648,148.1901675623659,1097.4855333581636
2018-03-17 21:00:00,417.0,425.38177137066305,0.0,900.029454268562
2018-03-17 22:00:00,321.0,491.76888878005286,17.12120588215396,966.4165716779518
2018-03-17 23:00:00,439.0,610.3942883187877,135.74660542088884,1085.0419712166868
2018-03-18 00:00:00,761.0,1121.1210689723378,646.4733860744388,1595.7687518702367
2018-03-18 01:00:00,1020.0,1413.0000758313163,938.3523929334174,1887.6477587292152
2018-03-18 02:00:00,1840.0,2166.0984895318998,1691.4508066340009,2640.7461724297987
2018-03-18 03:00:00,2776.0,3309.8799138626096,2835.2322309647107,3784.5275967605085
2018-03-18 04:00:00,3658.0,3844.074232948063,3369.426550050164,4318.721915845962
2018-03-18 05:00:00,4175.0,4079.8533615468273,3605.2056786489284,4554.501044444726
2018-03-18 06:00:00,4575.0,4515.262047967345,4040.614365069446,4989.909730865244
2018-03-18 07:00:00,4713.0,4787.01373380105,4312.366050903151,5261.661416698949
2018-03-18 08:00:00,4783.0,4668.168042172994,4193.520359275095,5142.815725070894
2018-03-18 09:00:00,4797.0,4679.646444446138,4204.998761548239,5154.294127344037
2018-03-18 10:00:00,4727.0,4563.346795834376,4088.6991129364774,5037.994478732275
2018-03-18 11:00:00,4649.0,4384.770635881715,3910.122952983816,4859.418318779613
2018-03-18 12:00:00,3868.0,4200.6849752622375,3726.0372923643386,4675.332658160136
2018-03-18 13:00:00,3174.0,3480.853580489054,3006.205897591155,3955.501263386953
2018-03-18 14:00:00,2692.0,2956.380022025424,2481.732339127525,3431.0277049233227
2018-03-18 15:00:00,2068.0,2687.2644734791943,2212.6167905812954,3161.912156377093
2018-03-18 16:00:00,1560.0,2182.9637623293684,1708.3160794314695,2657.6114452272673
2018-03-18 17:00:00,966.0,1541.4885202692878,1066.840837371389,2016.1362031671867
2018-03-18 18:00:00,540.0,793.2816792855762,318.63399638767726,1267.929362183475
2018-03-18 19:00:00,293.0,414.28767638915264,0.0,888.9353592870516
2018-03-18 20:00:00,254.0,380.10674027878537,0.0,854.7544231766842
2018-03-18 21:00:00,348.0,379.3273610858377,0.0,853.9750439837367
2018-03-18 22:00:00,819.0,711.7632503747054,237.11556747680652,1186.4109332726043
2018-03-18 23:00:00,2788.0,2684.900045123565,2210.2523622256663,3159.547728021464
2018-03-19 00:00:00,5370.0,5761.622375515251,5286.974692617352,6236.270058413151
2018-03-19 01:00:00,6710.0,6566.457875546707,6091.810192648809,7041.105558444606
2018-03-19 02:00:00,5983.0,5692.154837263238,5217.507154365339,6166.802520161136
2018-03-19 03:00:00,4958.0,4663.3675825596565,4188.719899661757,5138.015265457556
2018-03-19 04:00:00,4320.0,4141.575065354615,3666.927382456716,4616.222748252514
2018-03-19 05:00:00,4551.0,4381.604909217766,3906.9572263198675,4856.252592115665
2018-03-19 06:00:00,4636.0,4730.275463397983,4255.627780500085,5204.923146295881
2018-03-19 07:00:00,4712.0,4778.508408158957,4303.860725261058,5253.156091056855
2018-03-19 08:00:00,4974.0,5149.434345120984,4674.786662223085,5624.082028018884
2018-03-19 09:00:00,5694.0,5676.891948165605,5202.2442652677055,6151.539631063504
2018-03-19 10:00:00,6470.0,6300.78438063658,5826.136697738681,6775.432063534479
2018-03-19 11:00:00,5955.0,5976.497868298515,5501.850185400615,6451.145551196414
2018-03-19 12:00:00,4314.0,4424.063081700031,3949.415398802132,4898.71076459793
2018-03-19 13:00:00,3201.0,3079.041523129369,2604.39384023147,3553.689206027268
2018-03-19 14:00:00,2582.0,2648.8816469659696,2174.2339640680707,3123.5293298638685
2018-03-19 15:00:00,2628.0,2421.484866416314,1946.8371835184153,2896.132549314213
2018-03-19 16:00:00,3231.0,1733.4538982037543,1258.8062153058554,2208.101581101653
2018-03-19 17:00:00,1086.0,1131.3413489132333,656.6936660153344,1605.9890318111322
2018-03-19 18:00:00,556.0,628.5973367929809,153.94965389508195,1103.2450196908799
2018-03-19 19:00:00,337.0,331.00723754568304,0.0,805.6549204435819
2018-03-19 20:00:00,247.0,279.37241092148935,0.0,754.0200938193882
2018-03-19 21:00:00,353.0,330.9017278006159,0.0,805.5494106985147
2018-03-19 22:00:00,885.0,750.0038972980633,275.3562144001644,1224.6515801959622
2018-03-19 23:00:00,2867.0,2657.8789727508156,2183.2312898529167,3132.5266556487145
2018-03-20 00:00:00,5619.0,5856.829644609666,5382.181961711767,6331.477327507564
2018-03-20 01:00:00,6426.0,6544.815043297776,6070.167360399877,7019.462726195676
2018-03-20 02:00:00,5876.0,6121.379561426533,5646.731878528633,6596.027244324432
2018-03-20 03:00:00,5130.0,5187.50353193529,4712.855849037391,5662.151214833189
2018-03-20 04:00:00,4406.0,4600.903932710052,4126.256249812153,5075.55161560795
2018-03-20 05:00:00,4427.0,4798.581208749052,4323.933525851153,5273.2288916469515
2018-03-20 06:00:00,4600.0,5061.167228021827,4586.519545123929,5535.814910919726
2018-03-20 07:00:00,4696.0,5096.597188553047,4621.949505655148,5571.244871450946
2018-03-20 08:00:00,4958.0,5360.449979059978,4885.802296162079,5835.097661957878
2018-03-20 09:00:00,5690.0,5838.629004132625,5363.981321234725,6313.276687030524
2018-03-20 10:00:00,6609.0,6464.398927545259,5989.751244647359,6939.046610443158
2018-03-20 11:00:00,6097.0,6061.8005060481555,5587.152823150256,6536.448188946055
2018-03-20 12:00:00,4569.0,4619.735853279695,4145.088170381796,5094.383536177595
2018-03-20 13:00:00,3098.0,3153.462428928383,2678.814746030484,3628.110111826282
2018-03-20 14:00:00,2741.0,2773.2662677591334,2298.6185848612345,3247.9139506570323
2018-03-20 15:00:00,2517.0,2691.9611048755264,2217.3134219776275,3166.6087877734253
2018-03-20 16:00:00,1621.0,2082.6414352571983,1607.9937523592994,2557.289118155097
2018-03-20 17:00:00,1062.0,1332.3797322307664,857.7320493328675,1807.0274151286653
2018-03-20 18:00:00,578.0,675.2408596777689,200.59317677986996,1149.8885425756678
2018-03-20 19:00:00,335.0,389.41409412444636,0.0,864.0617770223453
2018-03-20 20:00:00,261.0,324.04034630951406,0.0,798.6880292074129
2018-03-20 21:00:00,353.0,350.0665527798931,0.0,824.714235677792
2018-03-20 22:00:00,893.0,784.5892993344379,309.941616436539,1259.2369822323367
2018-03-20 23:00:00,2950.0,2735.5877129815967,2260.940030083698,3210.2353958794956
2018-03-21 00:00:00,5538.0,5756.770113846185,5282.122430948286,6231.417796744085
2018-03-21 01:00:00,6840.0,6487.101668166771,6012.453985268872,6961.749351064669
2018-03-21 02:00:00,6218.0,5962.175331625983,5487.527648728084,6436.823014523881
2018-03-21 03:00:00,5356.0,5165.1655545640815,4690.517871666183,5639.81323746198
2018-03-21 04:00:00,4551.0,4581.695304028733,4107.047621130834,5056.342986926631
2018-03-21 05:00:00,4807.0,4861.2146540192825,4386.566971121383,5335.862336917182
2018-03-21 06:00:00,4993.0,5077.035827388606,4602.388144490707,5551.683510286504
2018-03-21 07:00:00,4879.0,5064.576894030583,4589.929211132685,5539.224576928482
2018-03-21 08:00:00,5173.0,5417.621225381481,4942.973542483582,5892.26890827938
2018-03-21 09:00:00,5863.0,5822.8819508624065,5348.234267964508,6297.529633760305
2018-03-21 10:00:00,6790.0,6533.663576516787,6059.015893618887,7008.311259414686
2018-03-21 11:00:00,6310.0,6319.197451039836,5844.5497681419365,6793.845133937735
2018-03-21 12:00:00,4591.0,4678.797423354663,4204.1497404567635,5153.445106252562
2018-03-21 13:00:00,3493.0,3222.078134210845,2747.430451312946,3696.7258171087437
2018-03-21 14:00:00,2991.0,2926.77540524714,2452.127722349241,3401.423088145039
2018-03-21 15:00:00,2592.0,2733.9858817142726,2259.3381988163737,3208.6335646121715
2018-03-21 16:00:00,1664.0,2181.920025779275,1707.272342881376,2656.567708677174
2018-03-21 17:00:00,1093.0,1280.697952832471,806.050269934572,1755.3456357303698
2018-03-21 18:00:00,609.0,714.2565119016759,239.60882900377703,1188.9041947995747
2018-03-21 19:00:00,346.0,396.0072812387449,0.0,870.6549641366438
2018-03-21 20:00:00,228.0,314.7079944821363,0.0,789.3556773800352
2018-03-21 21:00:00,330.0,344.5727016062556,0.0,819.2203845041545
2018-03-21 22:00:00,868.0,788.3398893847008,313.69220648680187,1262.9875722825996
2018-03-21 23:00:00,2903.0,2737.51457522054,2262.866892322641,3212.162258118439
2018-03-22 00:00:00,5530.0,5680.65363144744,5206.00594854954,6155.301314345339
2018-03-22 01:00:00,6833.0,6625.682011746814,6151.034328848915,7100.3296946447135
2018-03-22 02:00:00,6206.0,5696.992344523734,5222.344661625835,6171.640027421632
2018-03-22 03:00:00,5222.0,5161.946605316614,4687.298922418715,5636.594288214514
2018-03-22 04:00:00,4573.0,4583.865295849049,4109.21761295115,5058.512978746949
2018-03-22 05:00:00,5059.0,4874.347947562695,4399.700264664796,5348.995630460593
2018-03-22 06:00:00,5162.0,5202.936832500877,4728.289149602979,5677.584515398776
2018-03-22 07:00:00,5165.0,5229.943741843154,4755.296058945256,5704.591424741053
2018-03-22 08:00:00,5386.0,5545.2582918507005,5070.610608952802,6019.905974748599
2018-03-22 09:00:00,5963.0,5874.336724236952,5399.689041339054,6348.984407134851
2018-03-22 10:00:00,6918.0,6529.22112740741,6054.573444509511,7003.868810305308
2018-03-22 11:00:00,6374.0,6248.627038069924,5773.979355172025,6723.274720967824
2018-03-22 12:00:00,4694.0,4664.5641402259,4189.916457328001,5139.211823123798
2018-03-22 13:00:00,3737.0,3413.95246439919,2939.304781501291,3888.600147297089
2018-03-22 14:00:00,3510.0,3045.8615047092408,2571.213821811342,3520.5091876071397
2018-03-22 15:00:00,2896.0,2971.2573796397924,2496.6096967418935,3445.9050625376913
2018-03-22 16:00:00,2298.0,2579.1186428236815,2104.4709599257826,3053.7663257215804
2018-03-22 17:00:00,1235.0,1435.5735540098167,960.9258711119178,1910.2212369077156
2018-03-22 18:00:00,645.0,800.037746157481,325.3900632595821,1274.68542905538
2018-03-22 19:00:00,379.0,460.25932378620234,0.0,934.9070066841012
2018-03-22 20:00:00,285.0,354.7418606763376,0.0,829.3895435742365
2018-03-22 21:00:00,382.0,360.2224843774764,0.0,834.8701672753753
2018-03-22 22:00:00,800.0,747.3584719634548,272.7107890655559,1222.0061548613537
2018-03-22 23:00:00,2744.0,2594.956540309836,2120.308857411937,3069.604223207735
2018-03-23 00:00:00,5245.0,5732.522291124562,5257.8746082266625,6207.169974022461
2018-03-23 01:00:00,6407.0,6575.500827007196,6100.853144109296,7050.148509905095
2018-03-23 02:00:00,5885.0,5977.589056944637,5502.941374046739,6452.236739842536
2018-03-23 03:00:00,5294.0,5279.565439299904,4804.917756402005,5754.213122197803
2018-03-23 04:00:00,4876.0,4841.257654606314,4366.609971708414,5315.905337504213
2018-03-23 05:00:00,5230.0,5239.362293804089,4764.7146109061905,5714.009976701987
2018-03-23 06:00:00,5405.0,5510.105494367802,5035.457811469903,5984.7531772657
2018-03-23 07:00:00,5369.0,5553.139993069297,5078.492310171398,6027.787675967196
2018-03-23 08:00:00,5525.0,5685.605822118074,5210.958139220174,6160.253505015973
2018-03-23 09:00:00,6042.0,5958.599406487581,5483.951723589682,6433.247089385481
2018-03-23 10:00:00,6712.0,6458.290494878182,5983.642811980282,6932.938177776081
2018-03-23 11:00:00,6248.0,6010.924249843087,5536.276566945187,6485.571932740986
2018-03-23 12:00:00,5041.0,4964.811071646103,4490.163388748204,5439.458754544003
2018-03-23 13:00:00,4067.0,3665.715574086164,3191.067891188265,4140.363256984063
2018-03-23 14:00:00,3229.0,3168.3692318116173,2693.7215489137184,3643.016914709516
2018-03-23 15:00:00,2915.0,3091.820787622509,2617.1731047246103,3566.468470520408
2018-03-23 16:00:00,2928.0,2755.125493923728,2280.477811025829,3229.7731768216267
2018-03-23 17:00:00,2932.0,1966.301375342865,1491.653692444966,2440.949058240764
2018-03-23 18:00:00,1453.0,1297.179292780642,822.5316098827432,1771.826975678541
2018-03-23 19:00:00,950.0,746.0173349777887,271.36965207988976,1220.6650178756877
2018-03-24 08:00:00,4994.0,4876.349935031925,4401.702252134026,5350.997617929825
2018-03-24 09:00:00,5019.0,4878.539391341703,4403.8917084438035,5353.187074239602
2018-03-24 10:00:00,4874.0,4847.9674995974865,4373.319816699588,5322.615182495385
2018-03-24 11:00:00,4787.0,4788.950826093985,4314.303143196086,5263.598508991883
2018-03-24 12:00:00,4511.0,4545.686082655617,4071.038399757718,5020.333765553516
2018-03-24 13:00:00,3788.0,3798.038956160243,3323.391273262344,4272.686639058142
2018-03-24 14:00:00,3044.0,3249.482660045675,2774.834977147776,3724.130342943574
2018-03-24 15:00:00,3602.0,3134.0333255484475,2659.3856426505486,3608.6810084463464
2018-03-24 16:00:00,4409.0,2937.1767837837297,2462.5291008858308,3411.8244666816286
2018-03-24 17:00:00,2104.0,2199.5754057523427,1724.9277228544438,2674.2230886502416
2018-03-24 18:00:00,1324.0,1408.3997134783765,933.7520305804776,1883.0473963762754
2018-03-24 19:00:00,795.0,856.0963330316465,381.4486501337476,1330.7440159295454
2018-03-24 20:00:00,658.0,570.8435741809952,96.19589128309633,1045.4912570788943
2018-03-24 21:00:00,340.0,547.2885246755186,72.6408417776197,1021.9362075734175
2018-03-24 22:00:00,274.0,595.4602370359659,120.81255413806696,1070.1079199338647
2018-03-24 23:00:00,440.0,716.3669083776201,241.71922547972122,1191.014591275519
2018-03-25 00:00:00,771.0,1439.6018084360517,964.9541255381528,1914.2494913339506
2018-03-25 01:00:00,1158.0,2184.9689810710684,1710.3212981731695,2659.6166639689673
2018-03-25 02:00:00,1847.0,3144.866952769939,2670.21926987204,3619.514635667838
2018-03-25 03:00:00,2788.0,3915.190275216245,3440.542592318346,4389.8379581141435
2018-03-25 04:00:00,3617.0,4105.282598607052,3630.634915709153,4579.9302815049505
2018-03-25 05:00:00,3939.0,4176.603241951019,3701.9555590531204,4651.250924848919
2018-03-25 06:00:00,4628.0,4513.25825491919,4038.6105720212913,4987.90593781709
2018-03-25 07:00:00,4615.0,4727.303887541554,4252.656204643656,5201.951570439453
2018-03-25 08:00:00,4447.0,4704.659067132472,4230.011384234573,5179.306750030371
2018-03-25 09:00:00,4447.0,4621.195940539613,4146.548257641714,5095.843623437511
2018-03-25 10:00:00,4540.0,4606.511745591747,4131.864062693849,5081.1594284896455
2018-03-25 11:00:00,4345.0,4372.948937853206,3898.3012549553073,4847.596620751105
2018-03-25 12:00:00,3799.0,4004.9844936808427,3530.3368107829438,4479.632176578742
2018-03-25 13:00:00,2980.0,3310.3840424235573,2835.7363595256584,3785.031725321456
2018-03-25 14:00:00,2784.0,2829.0758154750083,2354.4281325771094,3303.723498372907
2018-03-25 15:00:00,3967.0,2488.7917829332837,2014.1441000353848,2963.4394658311826
2018-03-25 16:00:00,1794.0,2049.009370429565,1574.3616875316661,2523.657053327464
2018-03-25 17:00:00,984.0,1409.5396831934327,934.8920002955338,1884.1873660913316
2018-03-25 18:00:00,518.0,747.5413541332449,272.893671235346,1222.189037031144
2018-03-25 19:00:00,325.0,412.6037982794773,0.0,887.2514811773763
2018-03-25 20:00:00,248.0,374.2814063468281,0.0,848.929089244727
2018-03-25 21:00:00,336.0,409.4955670622834,0.0,884.1432499601823
2018-03-25 22:00:00,851.0,726.6172006872196,251.96951778932066,1201.2648835851185
2018-03-25 23:00:00,2625.0,2655.7859503859822,2181.1382674880833,3130.433633283881
2018-03-26 00:00:00,5213.0,5633.92693377147,5159.279250873571,6108.57461666937
2018-03-26 01:00:00,6382.0,6519.8522917804075,6045.204608882508,6994.499974678307
2018-03-26 02:00:00,5654.0,5938.6612981025355,5464.013615204636,6413.308981000435
2018-03-26 03:00:00,4843.0,4978.902681185173,4504.254998287273,5453.550364083072
2018-03-26 04:00:00,4129.0,4444.6031400347465,3969.9554571368476,4919.250822932645
2018-03-26 05:00:00,4370.0,4550.277323905059,4075.6296410071604,5024.925006802958
2018-03-26 06:00:00,4562.0,4842.8015375729465,4368.153854675047,5317.449220470846
2018-03-26 07:00:00,4661.0,4833.555784535427,4358.908101637528,5308.203467433326
2018-03-26 08:00:00,4992.0,5189.068121139377,4714.420438241477,5663.715804037276
2018-03-26 09:00:00,5494.0,5602.842841476037,5128.195158578139,6077.490524373936
2018-03-26 10:00:00,6402.0,6239.903143817832,5765.255460919932,6714.550826715731
2018-03-26 11:00:00,5956.0,5767.128566948366,5292.480884050467,6241.776249846265
2018-03-26 12:00:00,4041.0,4373.290069323385,3898.642386425486,4847.9377522212835
2018-03-26 13:00:00,3000.0,3014.418644764719,2539.77096186682,3489.066327662618
2018-03-26 14:00:00,2500.0,2553.9665360113904,2079.3188531134915,3028.6142189092893
2018-03-26 15:00:00,2012.0,2386.8779522294053,1912.2302693315064,2861.525635127304
2018-03-26 16:00:00,1413.0,1629.8878627580302,1155.2401798601313,2104.535545655929
2018-03-26 17:00:00,877.0,1148.0831696737105,673.4354867758116,1622.7308525716094
2018-03-26 18:00:00,516.0,589.363475375734,114.71579247783507,1064.0111582736329
2018-03-26 19:00:00,313.0,330.8461888495871,0.0,805.4938717474861
2018-03-26 20:00:00,249.0,284.6166649352421,0.0,759.2643478331411
2018-03-26 21:00:00,344.0,348.8144540062515,0.0,823.4621369041504
2018-03-26 22:00:00,879.0,840.8127439254039,366.165061027505,1315.460426823303
2018-03-26 23:00:00,2781.0,2701.087620724424,2226.4399378265252,3175.735303622323
2018-03-27 00:00:00,5421.0,5750.618454933724,5275.970772035826,6225.2661378316225
2018-03-27 01:00:00,6696.0,6423.580595866822,5948.932912968923,6898.22827876472
2018-03-27 02:00:00,5970.0,5706.434634756075,5231.786951858176,6181.082317653974
2018-03-27 03:00:00,5088.0,5111.877746123313,4637.230063225414,5586.525429021212
2018-03-27 04:00:00,4388.0,4365.898791681146,3891.2511087832468,4840.546474579045
2018-03-27 05:00:00,4466.0,4630.381666211043,4155.733983313145,5105.0293491089415
2018-03-27 06:00:00,5025.0,4885.435843397627,4410.788160499727,5360.083526295526
2018-03-27 07:00:00,4793.0,4936.038783602867,4461.391100704968,5410.686466500765
2018-03-27 08:00:00,5374.0,5299.175368633897,4824.527685735999,5773.8230515317955
2018-03-27 09:00:00,5801.0,5795.819015333682,5321.1713324357825,6270.466698231581
2018-03-27 10:00:00,6868.0,6463.846277713991,5989.198594816093,6938.49396061189
2018-03-27 11:00:00,6139.0,6135.109784214674,5660.462101316774,6609.757467112573
2018-03-27 12:00:00,4715.0,4609.582840502027,4134.935157604128,5084.230523399925
2018-03-27 13:00:00,3441.0,3234.640203344601,2759.992520446702,3709.2878862425
2018-03-27 14:00:00,2952.0,2987.5537693823835,2512.9060864844846,3462.2014522802824
2018-03-27 15:00:00,2415.0,2724.8633458637137,2250.2156629658148,3199.5110287616126
2018-03-27 16:00:00,2058.0,2122.5899357759877,1647.9422528780888,2597.2376186738866
2018-03-27 17:00:00,1060.0,1354.9617762914208,880.314093393522,1829.6094591893198
2018-03-27 18:00:00,600.0,666.3511495128915,191.70346661499264,1140.9988324107903
2018-03-27 19:00:00,380.0,400.6975202472263,0.0,875.3452031451252
2018-03-27 20:00:00,263.0,329.6524539232491,0.0,804.300136821148
2018-03-27 21:00:00,352.0,375.93667807231816,0.0,850.5843609702171
2018-03-27 22:00:00,859.0,829.5334813131306,354.88579841523165,1304.1811642110295
2018-03-27 23:00:00,2825.0,2761.307667866631,2286.6599849687323,3235.95535076453
2018-03-28 00:00:00,5355.0,5860.953226549086,5386.305543651188,6335.600909446985
2018-03-28 01:00:00,6650.0,6516.198695555221,6041.551012657323,6990.8463784531195
2018-03-28 02:00:00,6014.0,6130.044839817732,5655.397156919833,6604.692522715632
2018-03-28 03:00:00,5082.0,5289.4611657961,4814.813482898202,5764.108848693999
2018-03-28 04:00:00,4655.0,4619.687605318627,4145.0399224207285,5094.335288216525
2018-03-28 05:00:00,4775.0,4897.348748279097,4422.701065381198,5371.996431176996
2018-03-28 06:00:00,5066.0,5131.522372058024,4656.874689160126,5606.170054955923
2018-03-28 07:00:00,5197.0,5168.548236095767,4693.900553197867,5643.195918993666
2018-03-28 08:00:00,5484.0,5425.4899589207225,4950.842276022824,5900.137641818621
2018-03-28 09:00:00,5938.0,5792.59689233209,5317.949209434191,6267.244575229988
2018-03-28 10:00:00,6988.0,6472.105107002241,5997.457424104343,6946.75278990014
2018-03-28 11:00:00,6540.0,6162.970658830614,5688.322975932715,6637.618341728514
2018-03-28 12:00:00,4918.0,4657.476650511921,4182.828967614023,5132.12433340982
2018-03-28 13:00:00,3392.0,3447.868796376291,2973.221113478392,3922.51647927419
2018-03-28 14:00:00,3105.0,3003.248622515169,2528.60093961727,3477.8963054130677
2018-03-28 15:00:00,2616.0,2795.1991560481697,2320.551473150271,3269.8468389460686
2018-03-28 16:00:00,1736.0,2170.780510775961,1696.132827878062,2645.42819367386
2018-03-28 17:00:00,1132.0,1428.9343834729573,954.2867005750584,1903.5820663708562
2018-03-28 18:00:00,553.0,743.0962696590341,268.4485867611352,1217.743952556933
2018-03-28 19:00:00,354.0,402.93208661634844,0.0,877.5797695142473
2018-03-28 21:00:00,353.0,371.8323315578829,0.0,846.4800144557819
2018-03-28 22:00:00,859.0,815.8653623154363,341.2176794175374,1290.5130452133353
2018-03-28 23:00:00,2804.0,2771.0976603158674,2296.4499774179685,3245.7453432137663
2018-03-29 00:00:00,5405.0,5759.937582582523,5285.289899684623,6234.585265480422
2018-03-29 01:00:00,6460.0,6417.600083395359,5942.952400497461,6892.247766293258
2018-03-29 03:00:00,4995.0,5312.794206361208,4838.146523463309,5787.4418892591075
2018-03-29 04:00:00,4579.0,4908.091038026507,4433.443355128607,5382.738720924406
2018-03-29 05:00:00,5058.0,5150.2373058838575,4675.589622985959,5624.884988781756
2018-03-29 06:00:00,5252.0,5289.594666928266,4814.946984030366,5764.242349826165
2018-03-29 07:00:00,5338.0,5329.267163312094,4854.619480414196,5803.914846209993
2018-03-29 08:00:00,5562.0,5643.228721491864,5168.581038593966,6117.876404389763
2018-03-29 09:00:00,6040.0,5900.316978733028,5425.669295835129,6374.964661630927
2018-03-29 10:00:00,6573.0,6472.199491955134,5997.551809057235,6946.847174853034
2018-03-29 11:00:00,6034.0,6124.353662748105,5649.705979850207,6599.001345646004
2018-03-29 12:00:00,5050.0,4754.22207766206,4279.57439476416,5228.869760559959
2018-03-29 13:00:00,3656.0,3498.0644374839762,3023.4167545860773,3972.712120381875
2018-03-29 14:00:00,3373.0,3125.703733507659,2651.05605060976,3600.3514164055578
2018-03-29 15:00:00,3584.0,3023.1572316931197,2548.509548795221,3497.8049145910186
2018-03-29 16:00:00,3691.0,2549.534081228996,2074.886398331097,3024.181764126895
2018-03-29 17:00:00,1484.0,1414.9732286136048,940.3255457157059,1889.6209115115037
2018-03-29 18:00:00,817.0,906.874873624625,432.2271907267261,1381.522556522524
2018-03-29 19:00:00,413.0,468.95276151371576,0.0,943.6004444116147
2018-03-29 20:00:00,329.0,356.06925132597394,0.0,830.7169342238728
2018-03-29 21:00:00,359.0,464.3147311763955,0.0,938.9624140742944
2018-03-29 22:00:00,749.0,738.6395924098262,263.99190951192725,1213.287275307725
2018-03-29 23:00:00,2367.0,2410.676187850261,1936.0285049523623,2885.32387074816
2018-03-30 00:00:00,4463.0,5695.274741060227,5220.6270581623285,6169.922423958125
2018-03-30 01:00:00,5449.0,6600.217936534401,6125.5702536365025,7074.865619432299
2018-03-30 02:00:00,5227.0,5862.406331137192,5387.758648239293,6337.054014035091
2018-03-30 03:00:00,4964.0,5344.978611258935,4870.330928361036,5819.626294156835
2018-03-30 04:00:00,4892.0,4896.298403668108,4421.650720770209,5370.946086566008
2018-03-30 05:00:00,5350.0,5245.382403767532,4770.734720869634,5720.030086665431
2018-03-30 06:00:00,5783.0,5505.041264009792,5030.393581111894,5979.6889469076905
2018-03-30 07:00:00,5589.0,5459.171793730139,4984.524110832241,5933.819476628038
2018-03-30 08:00:00,5713.0,5667.539043237502,5192.891360339603,6142.1867261354
2018-03-30 09:00:00,5936.0,5864.7017110920015,5390.054028194103,6339.3493939899
2018-03-30 10:00:00,6137.0,5995.054686748779,5520.40700385088,6469.702369646679
2018-03-30 11:00:00,5289.0,5764.722711382586,5290.075028484687,6239.370394280484
2018-03-30 12:00:00,4573.0,4955.9718871186315,4481.324204220733,5430.61957001653
2018-03-30 13:00:00,3604.0,3640.4881429884526,3165.8404600905537,4115.135825886351
2018-03-30 14:00:00,3233.0,3174.7228229068614,2700.0751400089625,3649.3705058047603
2018-03-30 15:00:00,3024.0,3133.342345932114,2658.694663034215,3607.9900288300128
2018-03-30 16:00:00,2358.0,2790.198605028586,2315.550922130687,3264.846287926485
2018-03-30 17:00:00,1685.0,2249.4153047878353,1774.7676218899364,2724.0629876857342
2018-03-30 18:00:00,963.0,1430.179042069294,955.531359171395,1904.8267249671928
2018-03-30 19:00:00,580.0,777.2912192917445,302.6435363938456,1251.9389021896434
2018-03-30 20:00:00,485.0,511.5769693247264,36.9292864268275,986.2246522226253
2018-03-30 21:00:00,386.0,444.66667542278157,0.0,919.3143583206804
2018-03-30 22:00:00,352.0,546.5201610826334,71.87247818473452,1021.1678439805323
2018-03-30 23:00:00,588.0,698.4041992219031,223.75651632400422,1173.051882119802
2018-03-31 00:00:00,1045.0,1297.075300993799,822.4276180959,1771.7229838916978
2018-03-31 01:00:00,1556.0,2137.61522879453,1662.9675458966312,2612.262911692429
2018-03-31 02:00:00,2289.0,3111.4746934732166,2636.8270105753177,3586.1223763711155
2018-03-31 03:00:00,3092.0,3610.3854403699484,3135.7377574720495,4085.0331232678473
2018-03-31 04:00:00,3629.0,3950.645171411677,3475.997488513778,4425.292854309576
2018-03-31 05:00:00,4051.0,4348.9590589819545,3874.3113760840556,4823.606741879854
2018-03-31 06:00:00,4348.0,4810.859928309637,4336.212245411738,5285.507611207537
2018-03-31 07:00:00,4337.0,4636.993170159028,4162.345487261129,5111.640853056926
2018-03-31 08:00:00,4548.0,4679.639656732786,4204.991973834887,5154.287339630684
2018-03-31 09:00:00,4400.0,4579.010837579091,4104.363154681192,5053.658520476989
2018-03-31 10:00:00,4222.0,4579.262164210373,4104.614481312474,5053.9098471082725
2018-03-31 11:00:00,4155.0,4296.647318053962,3821.9996351560635,4771.295000951861
2018-03-31 12:00:00,3993.0,3812.9251048034234,3338.2774219055245,4287.572787701322
2018-03-31 13:00:00,3333.0,3198.0163230698736,2723.3686401719747,3672.6640059677725
2018-03-31 14:00:00,2910.0,2838.442359039796,2363.794676141897,3313.090041937695
2018-03-31 15:00:00,2761.0,2912.0091472262834,2437.3614643283845,3386.6568301241823
2018-03-31 16:00:00,2695.0,2770.3079951950226,2295.6603122971237,3244.9556780929215
2018-03-31 17:00:00,1771.0,1977.3860041406542,1502.7383212427553,2452.033687038553
2018-03-31 18:00:00,1128.0,1322.1416422856453,847.4939593877464,1796.7893251835442
2018-03-31 19:00:00,652.0,682.6959119117141,208.04822901381522,1157.343594809613
2018-03-31 20:00:00,520.0,507.09346043892225,32.44577754102335,981.7411433368211
2018-03-31 21:00:00,313.0,408.010352042815,0.0,882.6580349407138
2018-03-31 22:00:00,249.0,417.7725722681792,0.0,892.420255166078
2018-03-31 23:00:00,426.0,570.6434892907573,95.99580639285841,1045.2911721886562
2018-04-01 00:00:00,751.0,954.0144776228339,479.36679472493495,1428.6621605207329
2018-04-01 01:00:00,978.0,1302.2982180914357,827.6505351935368,1776.9459009893346
2018-04-01 02:00:00,1718.0,1979.0982623148318,1504.450579416933,2453.7459452127305
2018-04-01 03:00:00,2444.0,2602.0076505692828,2127.359967671384,3076.6553334671817
2018-04-01 04:00:00,3306.0,3263.5653767903336,2788.9176938924347,3738.2130596882325
2018-04-01 05:00:00,3641.0,3509.604321258955,3034.9566383610563,3984.252004156854
2018-04-01 06:00:00,3964.0,3793.7063120014163,3319.0586291035174,4268.353994899315
2018-04-01 07:00:00,4043.0,3958.287098254544,3483.6394153566453,4432.934781152443
2018-04-01 08:00:00,3996.0,4008.2544147799845,3533.6067318820856,4482.902097677883
2018-04-01 09:00:00,4102.0,4050.697336810491,3576.049653912592,4525.345019708389
2018-04-01 10:00:00,4679.0,4018.789698714671,3544.142015816772,4493.43738161257
2018-04-01 11:00:00,4569.0,3825.417162626058,3350.7694797281592,4300.064845523957
2018-04-01 12:00:00,4424.0,3587.4235630799776,3112.7758801820787,4062.0712459778765
2018-04-01 13:00:00,3892.0,3036.104425939368,2561.456743041469,3510.752108837267
2018-04-01 14:00:00,3320.0,2596.12905827408,2121.481375376181,3070.7767411719788
2018-04-01 15:00:00,2545.0,2337.716933944228,1863.069251046329,2812.364616842127
2018-04-01 16:00:00,1682.0,1994.4419695199106,1519.7942866220117,2469.0896524178097
2018-04-01 17:00:00,952.0,1350.5212679162207,875.8735850183218,1825.1689508141196
2018-04-01 18:00:00,543.0,742.7554380874386,268.1077551895397,1217.4031209853374
2018-04-01 19:00:00,311.0,456.22084225225916,0.0,930.8685251501581
2018-04-01 20:00:00,246.0,374.7962405918398,0.0,849.4439234897387
2018-04-01 21:00:00,352.0,375.5663079371354,0.0,850.2139908350343
2018-04-01 22:00:00,807.0,704.0365163501117,229.3888334522128,1178.6841992480106
2018-04-01 23:00:00,2683.0,2634.2987412673197,2159.6510583694208,3108.9464241652186
2018-04-02 00:00:00,5147.0,5650.103343064416,5175.455660166517,6124.751025962314
2018-04-02 01:00:00,6148.0,6586.893741055512,6112.246058157612,7061.541423953411
2018-04-02 02:00:00,5557.0,5828.212098719481,5353.564415821582,6302.859781617381
2018-04-02 03:00:00,4776.0,4926.350409200223,4451.702726302325,5400.998092098122
2018-04-02 04:00:00,4397.0,4351.5682551051295,3876.9205722072306,4826.215938003028
2018-04-02 05:00:00,4509.0,4516.050612293969,4041.40292939607,4990.698295191867
2018-04-02 06:00:00,4947.0,4698.079878903323,4223.432196005424,5172.727561801223
2018-04-02 07:00:00,4895.0,4683.070050298823,4208.4223674009245,5157.717733196721
2018-04-02 08:00:00,4750.0,5013.436206058373,4538.788523160474,5488.083888956271
2018-04-02 09:00:00,4949.0,5442.40758292144,4967.7599000235405,5917.055265819339
2018-04-02 10:00:00,6000.0,6319.099864350733,5844.452181452834,6793.747547248631
2018-04-02 11:00:00,5301.0,5793.89875474421,5319.251071846311,6268.54643764211
2018-04-02 12:00:00,3893.0,4321.109456168816,3846.461773270917,4795.757139066714
2018-04-02 13:00:00,2521.0,3081.9951298769433,2607.3474469790444,3556.6428127748422
2018-04-02 14:00:00,2159.0,2610.0359050078628,2135.388222109964,3084.6835879057617
2018-04-02 15:00:00,2702.0,2450.4984570097736,1975.8507741118747,2925.1461399076725
2018-04-02 16:00:00,2359.0,1737.2421344951297,1262.5944515972308,2211.8898173930284
2018-04-02 17:00:00,1040.0,1142.1517367426568,667.5040538447579,1616.7994196405557
2018-04-02 18:00:00,552.0,556.3986595056687,81.75097660776976,1031.0463424035675
2018-04-02 19:00:00,346.0,314.9953714079377,0.0,789.6430543058366
2018-04-02 20:00:00,277.0,296.3282000766737,0.0,770.9758829745726
2018-04-02 21:00:00,329.0,386.41975276328634,0.0,861.0674356611853
2018-04-02 22:00:00,836.0,807.4708981680333,332.82321527013437,1282.1185810659322
2018-04-02 23:00:00,2555.0,2644.0729633243627,2169.425280426464,3118.7206462222616
2018-04-03 00:00:00,4311.0,5537.228703365414,5062.5810204675145,6011.876386263313
2018-04-03 01:00:00,4096.0,6381.509468038337,5906.861785140438,6856.157150936237
2018-04-03 02:00:00,4790.0,5830.78153143118,5356.133848533282,6305.429214329079
2018-04-03 03:00:00,3893.0,5028.842026157415,4554.194343259516,5503.489709055313
2018-04-03 04:00:00,3403.0,4265.389748880735,3790.7420659828363,4740.037431778634
2018-04-03 05:00:00,3587.0,4587.765025551182,4113.117342653282,5062.412708449081
2018-04-03 06:00:00,3822.0,4417.762323067972,3943.114640170073,4892.41000596587
2018-04-03 07:00:00,3917.0,4329.720545807903,3855.0728629100045,4804.368228705802
2018-04-03 08:00:00,4058.0,4886.072617475645,4411.424934577746,5360.720300373543
2018-04-03 09:00:00,4689.0,4700.462265217053,4225.8145823191535,5175.109948114952
2018-04-03 10:00:00,4930.0,5422.0682980039455,4947.420615106046,5896.715980901845
2018-04-03 11:00:00,4207.0,5211.2942630108655,4736.646580112967,5685.941945908764
2018-04-03 12:00:00,2887.0,3807.4608214268956,3332.8131385289967,4282.108504324795
2018-04-03 13:00:00,1834.0,2869.202076508469,2394.55439361057,3343.849759406368
2018-04-03 14:00:00,1703.0,2484.9385304189627,2010.2908475210638,2959.5862133168616
2018-04-03 15:00:00,1450.0,2584.081821646825,2109.434138748926,3058.729504544724
2018-04-03 16:00:00,1511.0,1991.2385253844668,1516.590842486568,2465.8862082823657
2018-04-03 17:00:00,1271.0,1168.5411566282382,693.8934737303393,1643.1888395261371
2018-04-03 18:00:00,501.0,673.7813670633907,199.1336841654918,1148.4290499612896
2018-04-03 19:00:00,327.0,478.9775299046823,4.329847006783382,953.6252128025812
2018-04-03 20:00:00,259.0,392.05557893516715,0.0,866.7032618330661
2018-04-03 21:00:00,337.0,464.2718653650677,0.0,938.9195482629666
2018-04-03 22:00:00,821.0,701.8929563195483,227.24527342164936,1176.5406392174473
2018-04-03 23:00:00,2580.0,2554.4555549681713,2079.8078720702724,3029.1032378660702
2018-04-04 00:00:00,4551.0,5086.451682180026,4611.803999282127,5561.0993650779255
2018-04-04 01:00:00,4979.0,5627.766985575327,5153.119302677429,6102.414668473226
2018-04-04 02:00:00,4778.0,5472.019625089505,4997.371942191607,5946.667307987404
2018-04-04 03:00:00,5252.0,4711.6277389211555,4236.980056023256,5186.275421819055
2018-04-04 04:00:00,4717.0,4225.114288329,3750.4666054311015,4699.761971226899
2018-04-04 05:00:00,4590.0,4469.710022979758,3995.062340081859,4944.357705877657
2018-04-04 06:00:00,4749.0,4530.276361737195,4055.628678839296,5004.924044635094
2018-04-04 07:00:00,4793.0,4726.298146857765,4251.650463959866,5200.945829755663
2018-04-04 08:00:00,4903.0,4857.85679961642,4383.209116718521,5332.5044825143195
2018-04-04 09:00:00,5491.0,5348.388330719326,4873.740647821427,5823.036013617226
2018-04-04 10:00:00,6500.0,5928.5181031070715,5453.870420209172,6403.165786004971
2018-04-04 11:00:00,5898.0,5702.483577385611,5227.835894487713,6177.13126028351
2018-04-04 12:00:00,4539.0,4549.83783170076,4075.190148802861,5024.4855145986585
2018-04-04 13:00:00,3400.0,3345.752470137535,2871.104787239636,3820.400153035434
2018-04-04 14:00:00,3022.0,2787.7751533089845,2313.1274704110856,3262.4228362068834
2018-04-04 15:00:00,2444.0,2657.111162994505,2182.463480096606,3131.7588458924038
2018-04-04 16:00:00,1885.0,1963.0184114327767,1488.3707285348778,2437.6660943306756
2018-04-04 17:00:00,1097.0,1254.9906865400765,780.3430036421776,1729.6383694379754
2018-04-04 18:00:00,640.0,686.1242218600509,211.47653896215195,1160.7719047579499
2018-04-04 19:00:00,384.0,462.4268438974842,0.0,937.0745267953831
2018-04-04 20:00:00,280.0,377.4145011157733,0.0,852.0621840136722
2018-04-04 21:00:00,352.0,350.7136072113892,0.0,825.3612901092881
2018-04-04 22:00:00,910.0,794.0253484168493,319.3776655189504,1268.6730313147482
2018-04-04 23:00:00,2815.0,2707.713308481701,2233.065625583802,3182.3609913796
2018-04-05 00:00:00,5560.0,5531.368246599706,5056.720563701807,6006.015929497606
2018-04-05 01:00:00,6297.0,6357.942931872407,5883.295248974508,6832.590614770306
2018-04-05 02:00:00,5887.0,5982.699242305668,5508.05155940777,6457.346925203567
2018-04-05 03:00:00,5389.0,4967.800250499024,4493.152567601124,5442.447933396923
2018-04-05 04:00:00,4663.0,4415.705157094219,3941.0574741963205,4890.352839992118
2018-04-05 05:00:00,5078.0,4676.57443610079,4201.926753202892,5151.2221189986885
2018-04-05 06:00:00,5535.0,4929.3948564429875,4454.747173545089,5404.042539340886
2018-04-05 07:00:00,5492.0,5025.773229917069,4551.12554701917,5500.420912814969
2018-04-05 08:00:00,5535.0,5283.617424772347,4808.969741874447,5758.265107670246
2018-04-05 09:00:00,5705.0,5702.5883308181965,5227.940647920297,6177.236013716096
2018-04-05 10:00:00,6642.0,6476.898643374471,6002.250960476573,6951.54632627237
2018-04-05 11:00:00,6476.0,6139.38480070688,5664.737117808982,6614.0324836047785
2018-04-05 12:00:00,4992.0,4829.319074562432,4354.671391664533,5303.966757460332
2018-04-05 13:00:00,3322.0,3553.4008502353154,3078.7531673374165,4028.0485331332143
2018-04-05 14:00:00,3288.0,2980.5265907431576,2505.8789078452587,3455.1742736410565
2018-04-05 15:00:00,2888.0,2892.2555673765924,2417.6078844786934,3366.9032502744913
2018-04-05 16:00:00,2422.0,2432.3236274390415,1957.6759445411426,2906.9713103369404
2018-04-05 17:00:00,2390.0,1332.134068004459,857.4863851065602,1806.781750902358
2018-04-05 18:00:00,932.0,709.9686627980877,235.32097990018883,1184.6163456959866
2018-04-05 19:00:00,514.0,408.2739922879818,0.0,882.9216751858808
2018-04-05 20:00:00,312.0,349.9867988964741,0.0,824.634481794373
2018-04-05 21:00:00,363.0,365.30392137937366,0.0,839.9516042772725
2018-04-05 22:00:00,879.0,766.2411280122238,291.59344511432494,1240.8888109101226
2018-04-05 23:00:00,2687.0,2055.0058759848953,1580.3581930869964,2529.653558882794
2018-04-06 00:00:00,5211.0,5039.10482049102,4564.457137593121,5513.75250338892
2018-04-06 01:00:00,6253.0,5856.245557721436,5381.5978748235375,6330.893240619334
2018-04-06 02:00:00,5738.0,5736.3931721039025,5261.745489206003,6211.040855001802
2018-04-06 03:00:00,5067.0,5298.215944542895,4823.568261644996,5772.8636274407945
2018-04-06 04:00:00,4748.0,4864.70810523454,4390.060422336641,5339.35578813244
2018-04-06 05:00:00,5022.0,5163.044767870091,4688.397084972192,5637.6924507679905
2018-04-06 06:00:00,5409.0,5515.02639472329,5040.378711825391,5989.674077621188
2018-04-06 07:00:00,5298.0,5347.37809102727,4872.730408129371,5822.025773925168
2018-04-06 08:00:00,5363.0,5630.351021371734,5155.703338473835,6104.998704269632
2018-04-06 09:00:00,5786.0,5840.7811304073875,5366.133447509488,6315.428813305287
2018-04-06 10:00:00,6525.0,6380.723592127296,5906.075909229397,6855.371275025194
2018-04-06 11:00:00,5735.0,5883.2620196467815,5408.614336748882,6357.909702544681
2018-04-06 12:00:00,4863.0,4675.525872415068,4200.878189517169,5150.173555312967
2018-04-06 13:00:00,3923.0,3596.635488196467,3121.987805298568,4071.283171094366
2018-04-06 14:00:00,3193.0,3089.1027828536853,2614.4550999557864,3563.750465751584
2018-04-06 15:00:00,3031.0,3019.1222328232343,2544.4745499253354,3493.769915721133
2018-04-06 16:00:00,2992.0,2780.7826044848407,2306.134921586942,3255.4302873827396
2018-04-06 17:00:00,2205.0,1887.0885810328011,1412.4408981349022,2361.7362639307003
2018-04-06 18:00:00,1196.0,1438.0904294987529,963.442746600854,1912.7381123966518
2018-04-06 19:00:00,657.0,757.2727681679021,282.6250852700032,1231.920451065801
2018-04-06 20:00:00,496.0,507.2906060088234,32.64292311092447,981.9382889067223
2018-04-06 21:00:00,381.0,417.49037506185994,0.0,892.1380579597588
2018-04-06 22:00:00,342.0,511.99373909501526,37.346056197116354,986.6414219929142
2018-04-06 23:00:00,643.0,737.6754617158696,263.02777881797067,1212.3231446137684
2018-04-07 00:00:00,1221.0,1558.30503854671,1083.657355648811,2032.9527214446089
2018-04-07 01:00:00,1995.0,1969.1317027616403,1494.4840198637414,2443.779385659539
2018-04-07 02:00:00,3074.0,3086.644950783146,2611.9972678852473,3561.292633681045
2018-04-07 03:00:00,3960.0,3741.9937490606194,3267.3460661627205,4216.641431958518
2018-04-07 04:00:00,4304.0,4010.404057930262,3535.756375032363,4485.051740828161
2018-04-07 05:00:00,4771.0,4358.408781925513,3883.761099027614,4833.056464823412
2018-04-07 06:00:00,5298.0,4755.012842390219,4280.365159492319,5229.660525288118
2018-04-07 07:00:00,5126.0,4851.795415770222,4377.147732872323,5326.44309866812
2018-04-07 08:00:00,5237.0,4747.7424790625155,4273.094796164616,5222.390161960415
2018-04-07 09:00:00,4908.0,4670.775523717432,4196.127840819534,5145.423206615331
2018-04-07 10:00:00,5118.0,4642.660160054144,4168.012477156246,5117.307842952043
2018-04-07 11:00:00,5441.0,4488.754491533103,4014.106808635204,4963.402174431001
2018-04-07 12:00:00,5019.0,4190.86828111637,3716.220598218471,4665.515964014268
2018-04-07 13:00:00,3699.0,3537.262215523626,3062.614532625727,4011.9098984215248
2018-04-07 14:00:00,3079.0,3199.874166732265,2725.2264838343663,3674.521849630164
2018-04-07 15:00:00,4104.0,3275.9413217512215,2801.2936388533226,3750.5890046491204
2018-04-07 16:00:00,4107.0,3202.441002484556,2727.793319586657,3677.088685382455
2018-04-07 17:00:00,2740.0,2385.210386638584,1910.5627037406853,2859.858069536483
2018-04-07 18:00:00,1578.0,1592.189665190257,1117.5419822923582,2066.837348088156
2018-04-07 19:00:00,844.0,938.0784145213061,463.43073162340715,1412.726097419205
2018-04-07 20:00:00,649.0,616.4099537770902,141.7622708791913,1091.0576366749892
2018-04-07 21:00:00,401.0,562.5662971521422,87.91861425424327,1037.213980050041
2018-04-07 22:00:00,295.0,515.2111836824035,40.56350078450464,989.8588665803024
2018-04-07 23:00:00,441.0,653.8119969159502,179.1643140180513,1128.459679813849
2018-04-08 00:00:00,976.0,1115.7933729877598,641.1456900898609,1590.4410558856587
2018-04-08 01:00:00,1357.0,1360.4049145918857,885.7572316939868,1835.0525974897846
2018-04-08 02:00:00,1910.0,2084.809668135671,1610.1619852377721,2559.45735103357
2018-04-08 03:00:00,2736.0,3077.4861308978666,2602.8384479999677,3552.1338137957655
2018-04-08 04:00:00,3401.0,3664.7986236791794,3190.1509407812805,4139.446306577078
2018-04-08 05:00:00,3961.0,3797.5972916879823,3322.9496087900834,4272.244974585881
2018-04-08 06:00:00,4483.0,4421.284347323309,3946.63666442541,4895.932030221207
2018-04-08 07:00:00,4423.0,4571.508461517392,4096.860778619493,5046.15614441529
2018-04-08 08:00:00,4272.0,4573.97304003187,4099.325357133972,5048.620722929769
2018-04-08 09:00:00,4083.0,4542.426415529832,4067.7787326319335,5017.074098427731
2018-04-08 10:00:00,4389.0,4593.291144965015,4118.643462067115,5067.938827862914
2018-04-08 11:00:00,3687.0,4369.383206933906,3894.735524036007,4844.030889831805
2018-04-08 12:00:00,3224.0,4104.726646695773,3630.0789637978737,4579.374329593671
2018-04-08 13:00:00,2455.0,3385.3745657365275,2910.7268828386286,3860.0222486344264
2018-04-08 14:00:00,2145.0,2788.248343798812,2313.600660900913,3262.896026696711
2018-04-08 15:00:00,1799.0,2459.1637457617403,1984.5160628638414,2933.811428659639
2018-04-08 16:00:00,1425.0,2165.3687523874355,1690.7210694895366,2640.0164352853344
2018-04-08 17:00:00,992.0,1463.496650763572,988.8489678656731,1938.144333661471
2018-04-08 18:00:00,427.0,919.7834105151693,445.1357276172704,1394.431093413068
2018-04-08 19:00:00,315.0,402.881186299892,0.0,877.528869197791
2018-04-08 20:00:00,251.0,381.422251157251,0.0,856.0699340551499
2018-04-08 21:00:00,339.0,384.9939186501075,0.0,859.6416015480064
2018-04-08 22:00:00,869.0,772.5739228019164,297.9262399040175,1247.2216056998154
2018-04-08 23:00:00,2704.0,2589.382069307778,2114.734386409879,3064.0297522056767
2018-04-09 00:00:00,5192.0,5535.052027056645,5060.4043441587455,6009.699709954544
2018-04-09 01:00:00,6110.0,6037.65580794155,5563.008125043651,6512.303490839449
2018-04-09 02:00:00,5824.0,5545.59825456052,5070.950571662621,6020.24593745842
2018-04-09 03:00:00,4933.0,4761.595286955037,4286.947604057139,5236.242969852936
2018-04-09 04:00:00,4149.0,4143.496127498748,3668.8484446008492,4618.143810396647
2018-04-09 05:00:00,4276.0,4317.097754698543,3842.4500718006443,4791.745437596443
2018-04-09 06:00:00,4516.0,4696.176367270575,4221.528684372675,5170.824050168474
2018-04-09 07:00:00,4633.0,4702.5476298226,4227.899946924701,5177.1953127205
2018-04-09 08:00:00,5093.0,5031.224060621455,4556.576377723555,5505.871743519354
2018-04-09 09:00:00,5769.0,5507.371226413128,5032.723543515229,5982.0189093110275
2018-04-09 10:00:00,6719.0,6220.934477578132,5746.286794680233,6695.582160476031
2018-04-09 11:00:00,6244.0,5875.3185295640715,5400.670846666173,6349.96621246197
2018-04-09 12:00:00,4640.0,4200.115464493282,3725.4677815953833,4674.763147391181
2018-04-09 13:00:00,3073.0,3019.9149017246036,2545.2672188267047,3494.5625846225025
2018-04-09 14:00:00,2635.0,2591.6973165679024,2117.0496336700035,3066.3449994658013
2018-04-09 15:00:00,2048.0,2429.975425725801,1955.327742827902,2904.6231086237
2018-04-09 16:00:00,1521.0,1892.1603940473756,1417.5127111494767,2366.8080769452745
2018-04-09 17:00:00,983.0,1217.2536066424946,742.6059237445957,1691.9012895403935
2018-04-09 18:00:00,530.0,737.5642262467458,262.91654334884686,1212.2119091446448
2018-04-09 19:00:00,333.0,352.1254116289429,0.0,826.7730945268418
2018-04-09 20:00:00,235.0,304.8689314909122,0.0,779.5166143888111
2018-04-09 21:00:00,358.0,369.93293821142777,0.0,844.5806211093267
2018-04-09 22:00:00,905.0,788.2119530909432,313.5642701930443,1262.859635988842
2018-04-09 23:00:00,2902.0,2758.6934652692676,2284.0457823713687,3233.3411481671665
2018-04-10 00:00:00,5806.0,5676.666327348468,5202.018644450569,6151.314010246368
2018-04-10 01:00:00,6708.0,6420.300514592432,5945.652831694533,6894.94819749033
2018-04-10 02:00:00,6190.0,6006.962582519683,5532.314899621784,6481.610265417581
2018-04-10 03:00:00,5221.0,5138.3448970997,4663.6972142018,5612.992579997599
2018-04-10 04:00:00,4436.0,4451.376085182332,3976.728402284433,4926.023768080231
2018-04-10 05:00:00,4714.0,4564.040584027708,4089.392901129809,5038.6882669256065
2018-04-10 06:00:00,4850.0,4827.17738966955,4352.529706771651,5301.82507256745
2018-04-10 07:00:00,5099.0,5003.214847319798,4528.567164421898,5477.862530217697
2018-04-10 08:00:00,5315.0,5317.937233616628,4843.2895507187295,5792.584916514526
2018-04-10 09:00:00,5784.0,5845.611333748798,5370.963650850899,6320.259016646696
2018-04-10 10:00:00,7013.0,6574.353495361954,6099.705812464055,7049.001178259852
2018-04-10 11:00:00,6304.0,6263.653726757007,5789.006043859108,6738.301409654905
2018-04-10 12:00:00,4606.0,4566.613856761138,4091.966173863239,5041.261539659037
2018-04-10 13:00:00,3190.0,3296.832170198559,2822.1844873006603,3771.479853096458
2018-04-10 14:00:00,2829.0,2843.9134571223512,2369.2657742244523,3318.56114002025
2018-04-10 15:00:00,2337.0,2733.3435348261755,2258.6958519282766,3207.9912177240744
2018-04-10 16:00:00,1738.0,2080.1112800495343,1605.4635971516354,2554.7589629474332
2018-04-10 17:00:00,1007.0,1320.7071968325074,846.0595139346085,1795.3548797304063
2018-04-10 18:00:00,562.0,653.6464857662489,178.99880286835003,1128.294168664148
2018-04-10 19:00:00,344.0,381.100295868887,0.0,855.7479787667859
2018-04-10 20:00:00,259.0,334.5954181188594,0.0,809.2431010167584
2018-04-10 21:00:00,374.0,477.48582488431333,2.8381419864144277,952.1335077822123
2018-04-10 22:00:00,886.0,816.1043184717599,341.45663557386104,1290.752001369659
2018-04-10 23:00:00,2843.0,2740.3962602786364,2265.7485773807375,3215.0439431765353
2018-04-11 00:00:00,5670.0,5746.624209437288,5271.976526539389,6221.271892335188
2018-04-11 01:00:00,6495.0,6429.268166973465,5954.620484075565,6903.915849871364
2018-04-11 02:00:00,5887.0,6112.047718942014,5637.400036044115,6586.695401839914
2018-04-11 03:00:00,5581.0,5262.39506092583,4787.747378027931,5737.042743823729
2018-04-11 04:00:00,4791.0,4570.305837267552,4095.6581543696534,5044.953520165451
2018-04-11 05:00:00,5123.0,4840.716616735385,4366.068933837487,5315.364299633284
2018-04-11 06:00:00,4964.0,5082.866683861662,4608.219000963763,5557.51436675956
2018-04-11 07:00:00,4982.0,5108.4689571471545,4633.821274249256,5583.116640045053
2018-04-11 08:00:00,5169.0,5364.351303875512,4889.703620977612,5838.998986773411
2018-04-11 09:00:00,5768.0,5807.499474324912,5332.851791427012,6282.147157222811
2018-04-11 10:00:00,6988.0,6513.693670192387,6039.045987294488,6988.341353090285
2018-04-11 11:00:00,6744.0,6163.058740309343,5688.411057411444,6637.706423207243
2018-04-11 12:00:00,4955.0,4938.3418268885225,4463.694143990624,5412.989509786421
2018-04-11 13:00:00,3308.0,3406.480975852864,2931.833292954965,3881.128658750763
2018-04-11 14:00:00,2804.0,2945.242135831987,2470.594452934088,3419.889818729886
2018-04-11 15:00:00,2418.0,2774.336151607141,2299.688468709242,3248.98383450504
2018-04-11 16:00:00,1603.0,2107.0981435217873,1632.4504606238884,2581.745826419686
2018-04-11 17:00:00,1099.0,1460.7333903608787,986.0857074629798,1935.3810732587776
2018-04-11 18:00:00,531.0,792.4274370473761,317.7797541494772,1267.075119945275
2018-04-11 19:00:00,310.0,389.7906091864966,0.0,864.4382920843955
2018-04-11 20:00:00,291.0,328.747714336459,0.0,803.3953972343579
2018-04-11 21:00:00,331.0,331.3580616978883,0.0,806.0057445957872
2018-04-11 22:00:00,949.0,802.4134225686579,327.765739670759,1277.061105466557
2018-04-11 23:00:00,2857.0,2722.8253166373675,2248.1776337394685,3197.4729995352664
2018-04-12 00:00:00,5772.0,5792.49999700757,5317.85231410967,6267.147679905469
2018-04-12 01:00:00,6475.0,6358.895102504565,5884.247419606667,6833.542785402464
2018-04-12 02:00:00,6198.0,5831.941341828043,5357.293658930144,6306.589024725941
2018-04-12 03:00:00,5391.0,5073.828587582012,4599.180904684114,5548.47627047991
2018-04-12 04:00:00,4743.0,4640.103456538817,4165.455773640919,5114.751139436716
2018-04-12 05:00:00,4982.0,4915.355322501955,4440.707639604056,5390.003005399854
2018-04-12 06:00:00,5317.0,5170.909752335358,4696.262069437458,5645.557435233257
2018-04-12 07:00:00,5322.0,5273.137193994848,4798.489511096948,5747.784876892747
2018-04-12 08:00:00,5574.0,5584.619214597681,5109.971531699783,6059.2668974955795
2018-04-12 09:00:00,6252.0,5960.511291261359,5485.863608363459,6435.158974159258
2018-04-12 10:00:00,7213.0,6534.147575914605,6059.499893016706,7008.7952588125045
2018-04-12 11:00:00,6811.0,6231.9878687355695,5757.340185837671,6706.635551633468
2018-04-12 12:00:00,5064.0,4886.602620103936,4411.954937206037,5361.250303001834
2018-04-12 13:00:00,3697.0,3530.7743361263247,3056.1266532284258,4005.4220190242236
2018-04-12 14:00:00,3082.0,3129.261902438229,2654.61421954033,3603.9095853361277
2018-04-12 15:00:00,2762.0,2961.0118381144202,2486.3641552165213,3435.659521012319
2018-04-12 16:00:00,2053.0,2573.428473058765,2098.780790160866,3048.076155956664
2018-04-12 17:00:00,1168.0,1566.15000332638,1091.5023204284812,2040.797686224279
2018-04-12 18:00:00,633.0,869.2756673191278,394.6279844212289,1343.9233502170268
2018-04-12 19:00:00,387.0,467.29681042252975,0.0,941.9444933204286
2018-04-12 20:00:00,306.0,354.0278453400379,0.0,828.6755282379368
2018-04-12 21:00:00,356.0,405.687105181649,0.0,880.3347880795479
2018-04-12 22:00:00,846.0,766.2090379376901,291.56135503979124,1240.856720835589
2018-04-12 23:00:00,2721.0,2643.9895407515423,2169.3418578536434,3118.6372236494412
2018-04-13 00:00:00,5426.0,5807.29148234494,5332.643799447042,6281.9391652428385
2018-04-13 01:00:00,6585.0,6557.172600647352,6082.524917749453,7031.82028354525
2018-04-13 02:00:00,5894.0,5762.009238079682,5287.361555181784,6236.656920977581
2018-04-13 03:00:00,5227.0,5267.672868943626,4793.0251860457265,5742.320551841525
2018-04-13 04:00:00,4853.0,4866.602639621773,4391.954956723874,5341.250322519672
2018-04-13 05:00:00,5233.0,5255.358412945125,4780.710730047225,5730.006095843024
2018-04-13 06:00:00,5302.0,5554.035150860471,5079.3874679625715,6028.68283375837
2018-04-13 07:00:00,5174.0,5566.676361421788,5092.0286785238895,6041.324044319686
2018-04-13 08:00:00,5330.0,5720.59566146145,5245.94797856355,6195.243344359349
2018-04-13 09:00:00,5953.0,6020.562266378849,5545.91458348095,6495.209949276748
2018-04-13 10:00:00,6686.0,6423.850380538151,5949.202697640252,6898.498063436049
2018-04-13 11:00:00,5687.0,6010.201885372312,5535.554202474414,6484.8495682702105
2018-04-13 12:00:00,4167.0,4947.880817439479,4473.2331345415805,5422.528500337377
2018-04-13 13:00:00,2882.0,3654.737634921501,3180.089952023602,4129.3853178194
2018-04-13 14:00:00,2320.0,3150.1577664498286,2675.5100835519297,3624.8054493477275
2018-04-13 15:00:00,2158.0,3095.7365896896617,2621.088906791763,3570.3842725875606
2018-04-13 16:00:00,1773.0,2831.2829938566733,2356.6353109587744,3305.9306767545722
2018-04-13 17:00:00,1143.0,2030.2899880971847,1555.6423051992858,2504.937670995084
2018-04-13 18:00:00,625.0,1247.1203708567418,772.4726879588429,1721.7680537546407
2018-04-13 19:00:00,441.0,620.62882631619,145.98114341829114,1095.276509214089
2018-04-13 20:00:00,397.0,495.2968121991441,20.649129301245182,969.944495097043
2018-04-13 21:00:00,309.0,409.63821724990083,0.0,884.2859001477998
2018-04-13 22:00:00,300.0,576.8727628901072,102.2250799922083,1051.520445788006
2018-04-13 23:00:00,540.0,1649.975911423812,1175.3282285259131,2124.6235943217107
2018-04-14 00:00:00,986.0,1538.075702713554,1063.428019815655,2012.7233856114528
2018-04-14 01:00:00,1311.0,2244.783062755417,1770.1353798575183,2719.430745653316
2018-04-14 02:00:00,1489.0,2760.987109150299,2286.3394262524002,3235.634792048198
2018-04-14 03:00:00,1755.0,3250.998757554163,2776.3510746562642,3725.646440452062
2018-04-14 04:00:00,1978.0,3529.9883557029048,3055.340672805006,4004.6360386008037
2018-04-14 05:00:00,2153.0,3995.2396617578697,3520.591978859971,4469.887344655768
2018-04-14 06:00:00,2147.0,4174.7293519820105,3700.0816690841116,4649.37703487991
2018-04-14 07:00:00,1987.0,4337.2686060802525,3862.6209231823536,4811.916288978151
2018-04-14 08:00:00,1822.0,4026.0700328139524,3551.4223499160535,4500.717715711851
2018-04-14 09:00:00,1881.0,3564.0117049723617,3089.364022074463,4038.6593878702606
2018-04-14 10:00:00,1461.0,3329.7813364381655,2855.1336535402666,3804.4290193360644
2018-04-14 11:00:00,1478.0,2775.821523163537,2301.1738402656383,3250.469206061436
2018-04-14 12:00:00,1068.0,2114.4972594680144,1639.8495765701155,2589.1449423659133
2018-04-14 13:00:00,881.0,2075.192287250606,1600.5446043527072,2549.839970148505
2018-04-14 14:00:00,618.0,1766.9587969259696,1292.3111140280707,2241.6064798238685
2018-04-14 15:00:00,707.0,1940.2158325300784,1465.5681496321795,2414.8635154279773
2018-04-14 16:00:00,594.0,2186.918646084451,1712.2709631865523,2661.56632898235
2018-04-14 17:00:00,526.0,1480.743088516407,1006.095405618508,1955.3907714143058
2018-04-14 18:00:00,353.0,624.7340048483462,150.0863219504473,1099.381687746245
2018-04-14 19:00:00,259.0,454.58170456821193,0.0,929.2293874661109
2018-04-14 20:00:00,198.0,349.2401469541978,0.0,823.8878298520967
2018-04-14 21:00:00,151.0,433.12454579400946,0.0,907.7722286919084
2018-04-14 22:00:00,175.0,326.8340415286204,0.0,801.4817244265193
2018-04-14 23:00:00,301.0,1146.9011921391868,672.2535092412879,1621.5488750370857
2018-04-15 00:00:00,490.0,934.5435609987828,459.8958781008839,1409.1912438966817
2018-04-15 01:00:00,634.0,1339.9219518297487,865.2742689318497,1814.5696347276476
2018-04-15 02:00:00,674.0,1637.4287154484737,1162.7810325505748,2112.0763983463726
2018-04-15 03:00:00,984.0,1809.0505844557508,1334.402901557852,2283.6982673536495
2018-04-15 04:00:00,1494.0,2034.759146616483,1560.111463718584,2509.4068295143816
2018-04-15 05:00:00,1794.0,2055.5864705563163,1580.9387876584174,2530.234153454215
2018-04-15 06:00:00,2037.0,2261.333177641264,1786.6854947433649,2735.9808605391627
2018-04-15 07:00:00,2205.0,2006.5761051911165,1531.9284222932176,2481.223788089015
2018-04-15 08:00:00,2406.0,1183.0615388368765,708.4138559389776,1657.7092217347754
2018-04-15 09:00:00,2171.0,1302.645145923072,827.9974630251731,1777.292828820971
2018-04-15 10:00:00,2109.0,1219.0654414324665,744.4177585345676,1693.7131243303654
2018-04-15 11:00:00,1849.0,2489.2924437320216,2014.6447608341227,2963.9401266299205
2018-04-15 12:00:00,1659.0,2372.2206320349474,1897.5729491370485,2846.8683149328463
2018-04-15 13:00:00,1417.0,2214.5522339019813,1739.9045510040824,2689.19991679988
2018-04-15 14:00:00,1642.0,1953.3558479956635,1478.7081650977645,2428.003530893562
2018-04-15 15:00:00,2809.0,1942.0298689926979,1467.382186094799,2416.677551890597
2018-04-15 16:00:00,1203.0,1717.1068872202898,1242.4592043223909,2191.754570118189
2018-04-15 17:00:00,706.0,994.3679708024378,519.7202879045388,1469.0156537003368
2018-04-15 18:00:00,407.0,608.8669947054974,134.2193118075985,1083.5146776033962
2018-04-15 19:00:00,272.0,482.27521823110294,7.627535333204037,956.9229011290018
2018-04-15 20:00:00,247.0,316.5326728674297,0.0,791.1803557653286
2018-04-15 21:00:00,357.0,343.78188606358106,0.0,818.42956896148
2018-04-15 22:00:00,779.0,453.44573776126646,0.0,928.0934206591653
2018-04-15 23:00:00,2238.0,2160.055864962943,1685.408182065044,2634.703547860842
2018-04-16 00:00:00,4364.0,4785.3857698969005,4310.738086999001,5260.0334527948
2018-04-16 01:00:00,4963.0,5253.955156221364,4779.307473323464,5728.602839119263
2018-04-16 02:00:00,4463.0,4802.889187189649,4328.241504291751,5277.536870087548
2018-04-16 03:00:00,4045.0,4306.649080338715,3832.001397440816,4781.296763236614
2018-04-16 04:00:00,3626.0,3794.918466138731,3320.2707832408323,4269.56614903663
2018-04-16 05:00:00,3860.0,3963.966789844849,3489.31910694695,4438.614472742747
2018-04-16 06:00:00,4149.0,4179.071759658305,3704.4240767604065,4653.719442556205
2018-04-16 07:00:00,4110.0,4245.772990581535,3771.125307683636,4720.420673479433
2018-04-16 08:00:00,4387.0,4593.975993380802,4119.328310482902,5068.623676278701
2018-04-16 09:00:00,4942.0,4913.027452642613,4438.3797697447135,5387.675135540512
2018-04-16 10:00:00,5788.0,5100.5495046843525,4625.901821786454,5575.197187582251
2018-04-16 11:00:00,5567.0,4716.865377771708,4242.217694873809,5191.5130606696075
2018-04-16 12:00:00,4061.0,3979.2485840556724,3504.6009011577735,4453.896266953571
2018-04-16 13:00:00,2979.0,2843.620761275601,2368.973078377702,3318.2684441735
2018-04-16 14:00:00,2556.0,2456.0174316284733,1981.3697487305744,2930.6651145263722
2018-04-16 15:00:00,2100.0,2366.300942859188,1891.6532599612892,2840.948625757087
2018-04-16 16:00:00,1489.0,1736.630112603882,1261.9824297059831,2211.277795501781
2018-04-16 17:00:00,978.0,1109.081237507399,634.4335546095001,1583.728920405298
2018-04-16 18:00:00,524.0,620.7829201922921,146.13523729439316,1095.430603090191
2018-04-16 19:00:00,336.0,442.76162661901736,0.0,917.4093095169162
2018-04-16 20:00:00,271.0,407.94918211319305,0.0,882.596865011092
2018-04-16 21:00:00,347.0,386.2620753092707,0.0,860.9097582071696
2018-04-16 22:00:00,898.0,793.5975033427517,318.9498204448528,1268.2451862406506
2018-04-16 23:00:00,2848.0,2673.1540151693325,2198.5063322714336,3147.8016980672314
2018-04-17 00:00:00,5516.0,5418.6250986119085,4943.977415714009,5893.272781509808
2018-04-17 01:00:00,6208.0,5931.512105904467,5456.864423006567,6406.159788802366
2018-04-17 02:00:00,5892.0,5539.33003074033,5064.68234784243,6013.977713638229
2018-04-17 03:00:00,5677.0,4856.8184865295125,4382.170803631614,5331.466169427411
2018-04-17 04:00:00,4456.0,4259.721683692258,3785.074000794359,4734.369366590157
2018-04-17 05:00:00,4715.0,4466.901509365958,3992.2538264680593,4941.549192263858
2018-04-17 06:00:00,4962.0,4684.281036203129,4209.633353305229,5158.928719101028
2018-04-17 07:00:00,4913.0,4667.305693982311,4192.658011084412,5141.95337688021
2018-04-17 08:00:00,5220.0,5196.561090675459,4721.91340777756,5671.2087735733585
2018-04-17 09:00:00,5844.0,5575.37825815695,5100.730575259051,6050.02594105485
2018-04-17 10:00:00,6657.0,6369.263889845608,5894.616206947709,6843.911572743507
2018-04-17 11:00:00,6277.0,6059.501103635005,5584.853420737107,6534.148786532904
2018-04-17 12:00:00,4827.0,4686.44088238845,4211.79319949055,5161.088565286349
2018-04-17 13:00:00,3481.0,3279.2363952015453,2804.5887123036464,3753.884078099444
2018-04-17 14:00:00,2877.0,2848.9806522659833,2374.3329693680844,3323.628335163882
2018-04-17 15:00:00,3418.0,2511.701344224636,2037.0536613267373,2986.349027122535
2018-04-17 16:00:00,3294.0,1915.0939374202337,1440.4462545223348,2389.741620318133
2018-04-17 17:00:00,1297.0,1239.0975696684227,764.4498867705238,1713.7452525663216
2018-04-17 18:00:00,826.0,635.8968887472314,161.2492058493325,1110.5445716451304
2018-04-17 19:00:00,594.0,389.1414910638194,0.0,863.7891739617182
2018-04-17 20:00:00,431.0,324.3113711594794,0.0,798.9590540573784
2018-04-17 21:00:00,521.0,351.71467501730234,0.0,826.3623579152013
2018-04-17 22:00:00,975.0,805.3504754821984,330.70279258429946,1279.9981583800973
2018-04-17 23:00:00,2986.0,2736.8502331847744,2262.2025502868755,3211.4979160826733
2018-04-18 00:00:00,5943.0,5110.773618982335,4636.125936084436,5585.421301880235
2018-04-18 01:00:00,6871.0,5901.688538258336,5427.0408553604375,6376.336221156234
2018-04-18 02:00:00,6614.0,5278.494894208297,4803.847211310398,5753.142577106197
2018-04-18 03:00:00,5378.0,5090.809375657911,4616.161692760012,5565.45705855581
2018-04-18 04:00:00,4751.0,4825.109704265909,4350.46202136801,5299.757387163809
2018-04-18 05:00:00,4824.0,4977.807533593791,4503.159850695893,5452.4552164916895
2018-04-18 06:00:00,5013.0,5165.610836675269,4690.963153777369,5640.258519573168
2018-04-18 07:00:00,5017.0,5074.468242498604,4599.820559600705,5549.115925396503
2018-04-18 08:00:00,5437.0,5490.817567585721,5016.169884687823,5965.4652504836195
2018-04-18 09:00:00,5835.0,5852.855335535023,5378.207652637124,6327.5030184329225
2018-04-18 10:00:00,7022.0,6488.1457464609675,6013.498063563069,6962.793429358866
2018-04-18 11:00:00,6459.0,6233.5415810518225,5758.893898153923,6708.189263949722
2018-04-18 12:00:00,4663.0,4703.274475847259,4228.626792949361,5177.9221587451575
2018-04-18 13:00:00,3393.0,3393.791145451329,2919.1434625534303,3868.438828349228
2018-04-18 14:00:00,3034.0,2901.5327089836,2426.885026085701,3376.180391881499
2018-04-18 15:00:00,2604.0,2603.0748241706638,2128.427141272765,3077.7225070685627
2018-04-18 16:00:00,1726.0,1888.833623107303,1414.1859402094042,2363.481306005202
2018-04-18 17:00:00,1085.0,1232.466381466635,757.8186985687362,1707.114064364534
2018-04-18 18:00:00,561.0,610.017112946017,135.36943004811815,1084.664795843916
2018-04-18 19:00:00,351.0,363.06655731738715,0.0,837.714240215286
2018-04-18 20:00:00,275.0,304.1282170784924,0.0,778.7758999763913
2018-04-18 21:00:00,361.0,325.68142430123345,0.0,800.3291071991323
2018-04-18 22:00:00,909.0,766.9547240794609,292.307041181562,1241.6024069773598
2018-04-18 23:00:00,2885.0,2737.107062962291,2262.459380064392,3211.75474586019
2018-04-19 00:00:00,5715.0,5772.426390725496,5297.778707827598,6247.074073623395
2018-04-19 01:00:00,6461.0,6224.1135864119815,5749.465903514083,6698.76126930988
2018-04-19 02:00:00,6046.0,5626.1543087724385,5151.506625874539,6100.801991670338
2018-04-19 03:00:00,5842.0,5081.908951393747,4607.261268495848,5556.556634291646
2018-04-19 04:00:00,4882.0,4759.212263698713,4284.564580800814,5233.859946596613
2018-04-19 05:00:00,5035.0,4945.110276368431,4470.462593470533,5419.75795926633
2018-04-19 06:00:00,5027.0,5072.443283027054,4597.795600129155,5547.090965924954
2018-04-19 07:00:00,5110.0,5138.663296615793,4664.015613717895,5613.310979513692
2018-04-19 08:00:00,5444.0,5395.262871512656,4920.615188614756,5869.910554410555
2018-04-19 09:00:00,6188.0,5762.27704274576,5287.6293598478605,6236.924725643659
2018-04-19 10:00:00,6851.0,6451.420634573959,5976.772951676061,6926.068317471858
2018-04-19 11:00:00,6368.0,6136.627047962944,5661.9793650650445,6611.274730860843
2018-04-19 12:00:00,4978.0,4876.0335644988745,4401.385881600976,5350.681247396773
2018-04-19 13:00:00,3676.0,3470.363568651592,2995.715885753693,3945.0112515494907
2018-04-19 14:00:00,3471.0,2978.5118802202455,2503.8641973223466,3453.1595631181444
2018-04-19 15:00:00,3451.0,2925.7509762068194,2451.1032933089205,3400.3986591047183
2018-04-19 16:00:00,2148.0,2403.7881601925187,1929.1404772946198,2878.4358430904176
2018-04-19 17:00:00,1273.0,1272.0726300446347,797.4249471467358,1746.7203129425336
2018-04-19 18:00:00,712.0,766.7564862152338,292.10880331733495,1241.4041691131329
2018-04-19 19:00:00,417.0,465.22363579650886,0.0,939.8713186944078
2018-04-19 20:00:00,322.0,340.6413327603705,0.0,815.2890156582694
2018-04-19 21:00:00,393.0,385.6129742616019,0.0,860.2606571595009
2018-04-19 22:00:00,830.0,720.817269427638,246.16958652973915,1195.464952325537
2018-04-19 23:00:00,2691.0,2618.7848290127495,2144.1371461148506,3093.4325119106484
2018-04-20 00:00:00,5492.0,5619.699392027443,5145.051709129544,6094.347074925341
2018-04-20 01:00:00,6626.0,6283.649759288751,5809.002076390852,6758.297442186649
2018-04-20 02:00:00,6126.0,5738.118241670516,5263.470558772617,6212.765924568415
2018-04-20 03:00:00,5141.0,5114.270888224085,4639.6232053261865,5588.918571121983
2018-04-20 04:00:00,4670.0,4875.602867254356,4400.955184356457,5350.2505501522555
2018-04-20 05:00:00,5200.0,5197.799453760629,4723.151770862731,5672.447136658528
2018-04-20 06:00:00,5433.0,5325.096331048633,4850.448648150734,5799.7440139465325
2018-04-20 07:00:00,5370.0,5378.030794042159,4903.38311114426,5852.678476940058
2018-04-20 08:00:00,5803.0,5594.121508403998,5119.473825506098,6068.769191301897
2018-04-20 09:00:00,6383.0,5854.9873406572115,5380.339657759312,6329.635023555111
2018-04-20 10:00:00,6900.0,6316.827959138298,5842.180276240399,6791.475642036197
2018-04-20 11:00:00,6268.0,5943.174257530454,5468.526574632555,6417.821940428354
2018-04-20 12:00:00,4959.0,4759.1415452092,4284.493862311301,5233.789228107098
2018-04-20 13:00:00,4091.0,3524.6063907777793,3049.9587078798804,3999.2540736756782
2018-04-20 14:00:00,3552.0,3011.4473904874394,2536.7997075895405,3486.0950733853383
2018-04-20 15:00:00,3538.0,3000.445121413991,2525.797438516092,3475.0928043118897
2018-04-20 16:00:00,2842.0,2683.3732437824347,2208.7255608845358,3158.0209266803336
2018-04-20 17:00:00,1977.0,2037.4628103606415,1562.8151274627426,2512.1104932585404
2018-04-20 18:00:00,1291.0,1366.6293916208797,891.9817087229808,1841.2770745187786
2018-04-20 19:00:00,732.0,746.0445082684688,271.3968253705699,1220.6921911663676
2018-04-20 20:00:00,526.0,645.8332363485533,171.18555345065442,1120.4809192464522
2018-04-20 21:00:00,386.0,549.4797409528114,74.83205805491252,1024.1274238507103
2018-04-20 22:00:00,369.0,546.8798722797997,72.23218938190075,1021.5275551776986
2018-04-20 23:00:00,683.0,1142.7628896649626,668.1152067670637,1617.4105725628615
2018-04-21 00:00:00,1418.0,1393.5574599088316,918.9097770109327,1868.2051428067305
2018-04-21 01:00:00,2307.0,2312.488957589543,1837.8412746916442,2787.136640487442
2018-04-21 02:00:00,3392.0,3240.9080391307934,2766.2603562328945,3715.5557220286923
2018-04-21 03:00:00,4153.0,3809.993558478185,3335.3458755802862,4284.6412413760845
2018-04-21 04:00:00,4464.0,4129.188246977212,3654.540564079313,4603.835929875111
2018-04-21 05:00:00,4985.0,4581.204816112549,4106.55713321465,5055.852499010449
2018-04-21 06:00:00,5263.0,4838.558957218113,4363.911274320215,5313.206640116012
2018-04-21 07:00:00,5307.0,4954.365504040274,4479.717821142374,5429.013186938173
2018-04-21 08:00:00,5296.0,4832.500632663269,4357.852949765371,5307.148315561168
2018-04-21 09:00:00,5340.0,4716.52005995993,4241.872377062031,5191.16774285783
2018-04-21 10:00:00,5027.0,4723.785146993552,4249.137464095653,5198.432829891452
2018-04-21 11:00:00,5007.0,4590.3454494952675,4115.697766597368,5064.993132393167
2018-04-21 12:00:00,4541.0,4244.907440466711,3770.259757568812,4719.555123364609
2018-04-21 13:00:00,3892.0,3627.3867351422,3152.739052244301,4102.034418040099
2018-04-21 14:00:00,3346.0,3200.081312032311,2725.433629134412,3674.72899493021
2018-04-21 15:00:00,3199.0,3347.62750112954,2872.9798182316413,3822.275184027439
2018-04-21 16:00:00,3814.0,3202.41368732237,2727.7660044244712,3677.061370220269
2018-04-21 17:00:00,2760.0,2262.118510306727,1787.470827408828,2736.766193204626
2018-04-21 18:00:00,1447.0,1491.5124403260802,1016.8647574281813,1966.160123223979
2018-04-21 19:00:00,945.0,988.7724430880353,514.1247601901364,1463.4201259859342
2018-04-21 20:00:00,671.0,640.4363874819927,165.7887045840938,1115.0840703798917
2018-04-21 21:00:00,465.0,529.6705635143375,55.022880616438556,1004.3182464122364
2018-04-21 22:00:00,368.0,580.9464882730691,106.29880537517022,1055.594171170968
2018-04-21 23:00:00,563.0,1031.4711714335924,556.8234885356935,1506.1188543314913
2018-04-22 00:00:00,904.0,1016.0781482258434,541.4304653279445,1490.7258311237424
2018-04-22 01:00:00,1289.0,1092.4570901389595,617.8094072410606,1567.1047730368584
2018-04-22 02:00:00,2200.0,1623.9946432014565,1149.3469603035576,2098.642326099355
2018-04-22 03:00:00,3219.0,2821.562349108464,2346.914666210565,3296.210032006363
2018-04-22 04:00:00,4088.0,3675.4942098489887,3200.84652695109,4150.141892746888
2018-04-22 05:00:00,4541.0,4043.9435215398103,3569.2958386419114,4518.591204437709
2018-04-22 06:00:00,4781.0,4448.193403872885,3973.545720974986,4922.841086770784
2018-04-22 07:00:00,4761.0,4755.4454388516515,4280.797755953752,5230.093121749551
2018-04-22 08:00:00,4753.0,4578.708977666239,4104.06129476834,5053.356660564137
2018-04-22 09:00:00,4866.0,4505.456403381516,4030.808720483617,4980.104086279414
2018-04-22 10:00:00,4713.0,4596.473735066754,4121.826052168855,5071.121417964652
2018-04-22 11:00:00,4303.0,4424.349679113751,3949.7019962158524,4898.997362011651
2018-04-22 12:00:00,3787.0,4081.7010248429633,3607.0533419450644,4556.348707740863
2018-04-22 13:00:00,3228.0,3596.0462327382743,3121.3985498403754,4070.693915636173
2018-04-22 14:00:00,3139.0,3038.323551472187,2563.675868574288,3512.9712343700858
2018-04-22 15:00:00,2412.0,2802.6396655967237,2327.991982698825,3277.2873484946226
2018-04-22 16:00:00,1906.0,2421.266897600889,1946.6192147029901,2895.914580498788
2018-04-22 17:00:00,1356.0,1454.4943574219008,979.8466745240019,1929.1420403197997
2018-04-22 18:00:00,614.0,794.5625802576197,319.91489735972084,1269.2102631555185
2018-04-22 19:00:00,349.0,558.3045769100031,83.6568940121042,1032.952259807902
2018-04-22 20:00:00,259.0,391.6248840503898,0.0,866.2725669482887
2018-04-22 21:00:00,373.0,373.2832266836957,0.0,847.9309095815946
2018-04-22 22:00:00,900.0,805.5255219140236,330.87783901612465,1280.1732048119225
2018-04-22 23:00:00,2864.0,2337.2249601040103,1862.5772772061114,2811.872643001909
2018-04-23 00:00:00,5769.0,5580.857907333796,5106.2102244358975,6055.505590231694
2018-04-23 01:00:00,6574.0,6557.437472288281,6082.789789390383,7032.08515518618
2018-04-23 02:00:00,5970.0,5960.878980593371,5486.231297695473,6435.52666349127
2018-04-23 03:00:00,5325.0,4945.256008613543,4470.608325715644,5419.903691511441
2018-04-23 04:00:00,4547.0,4456.703318828073,3982.055635930174,4931.351001725972
2018-04-23 05:00:00,4577.0,4663.724992559617,4189.077309661718,5138.372675457516
2018-04-23 06:00:00,4739.0,4817.084287997758,4342.43660509986,5291.731970895657
2018-04-23 07:00:00,4803.0,4858.49081560126,4383.843132703361,5333.138498499158
2018-04-23 08:00:00,5243.0,5329.476364375346,4854.828681477447,5804.124047273244
2018-04-23 09:00:00,5852.0,5813.589851448844,5338.942168550944,6288.237534346743
2018-04-23 10:00:00,6883.0,6365.215815855627,5890.568132957727,6839.863498753526
2018-04-23 11:00:00,6188.0,6112.144288244656,5637.496605346758,6586.791971142555
2018-04-23 12:00:00,4660.0,4495.871995093364,4021.224312195465,4970.519677991262
2018-04-23 13:00:00,3243.0,3181.9870821294267,2707.3393992315278,3656.6347650273256
2018-04-23 14:00:00,2759.0,2721.9079676997894,2247.2602848018905,3196.5556505976883
2018-04-23 15:00:00,2183.0,2447.8746061014062,1973.2269232035073,2922.522288999305
2018-04-23 16:00:00,1537.0,1851.3976635836718,1376.749980685773,2326.045346481571
2018-04-23 17:00:00,963.0,1177.3434624959507,702.6957795980518,1651.9911453938496
2018-04-23 18:00:00,530.0,691.5480427209384,216.90035982303948,1166.1957256188373
2018-04-23 19:00:00,330.0,350.0227138903298,0.0,824.6703967882287
2018-04-23 20:00:00,248.0,305.24154363297674,0.0,779.8892265308757
2018-04-23 21:00:00,346.0,325.3087594925341,0.0,799.956442390433
2018-04-23 22:00:00,911.0,802.0848299717536,327.4371470738547,1276.7325128696525
2018-04-23 23:00:00,2936.0,2776.87269903929,2302.2250161413913,3251.520381937189
2018-04-24 00:00:00,5886.0,5904.182837231229,5429.535154333331,6378.830520129128
2018-04-24 01:00:00,6535.0,6622.531495452754,6147.8838125548555,7097.179178350652
2018-04-24 02:00:00,5905.0,6152.054820893142,5677.407137995244,6626.702503791041
2018-04-24 03:00:00,5509.0,5248.069119801542,4773.421436903644,5722.71680269944
2018-04-24 04:00:00,4540.0,4662.418504615392,4187.770821717493,5137.06618751329
2018-04-24 05:00:00,4957.0,4856.446410709501,4381.798727811602,5331.0940936074
2018-04-24 06:00:00,4881.0,5096.3582107363845,4621.710527838486,5571.005893634283
2018-04-24 07:00:00,4960.0,5160.059628027565,4685.4119451296665,5634.707310925463
2018-04-24 08:00:00,5353.0,5480.343100436922,5005.695417539024,5954.990783334821
2018-04-24 09:00:00,6010.0,5911.845243625113,5437.197560727214,6386.492926523011
2018-04-24 10:00:00,7149.0,6508.197675876664,6033.549992978766,6982.845358774563
2018-04-24 11:00:00,6253.0,6227.145407616421,5752.497724718522,6701.79309051432
2018-04-24 12:00:00,4513.0,4860.997386801895,4386.349703903996,5335.6450696997945
2018-04-24 13:00:00,3325.0,3289.5057046246625,2814.8580217267636,3764.1533875225614
2018-04-24 14:00:00,3115.0,2954.371771812133,2479.724088914234,3429.019454710032
2018-04-24 15:00:00,2497.0,2760.313735337545,2285.666052439646,3234.961418235444
2018-04-24 16:00:00,1589.0,2045.3689164051814,1570.7212335072825,2520.0165993030805
2018-04-24 17:00:00,988.0,1298.1112002153677,823.4635173174688,1772.7588831132666
2018-04-24 18:00:00,532.0,608.8957343073407,134.2480514094418,1083.5434172052396
2018-04-24 19:00:00,310.0,397.8181655233321,0.0,872.4658484212309
2018-04-24 20:00:00,237.0,328.7434668300818,0.0,803.3911497279807
2018-04-24 21:00:00,341.0,377.0346112543862,0.0,851.6822941522851
2018-04-24 22:00:00,904.0,809.7501015898063,335.10241869190736,1284.3977844877052
2018-04-24 23:00:00,2917.0,2791.9196932648697,2317.272010366971,3266.5673761627686
2018-04-25 00:00:00,5866.0,5915.873386097172,5441.225703199274,6390.521068995071
2018-04-25 01:00:00,6303.0,6732.224747195832,6257.577064297933,7206.87243009373
2018-04-25 02:00:00,5850.0,6119.0380536474395,5644.390370749541,6593.685736545338
2018-04-25 03:00:00,5455.0,5275.364816369177,4800.717133471278,5750.012499267075
2018-04-25 04:00:00,4524.0,4695.530252534339,4220.88256963644,5170.177935432237
2018-04-25 05:00:00,4891.0,4921.029675085725,4446.381992187826,5395.6773579836245
2018-04-25 06:00:00,5067.0,5132.779093042468,4658.13141014457,5607.4267759403665
2018-04-25 07:00:00,5020.0,5153.340393482498,4678.692710584599,5627.988076380398
2018-04-25 08:00:00,5276.0,5494.443248700115,5019.7955658022165,5969.090931598013
2018-04-25 09:00:00,6002.0,5910.6574133170125,5436.009730419113,6385.305096214912
2018-04-25 10:00:00,6816.0,6434.354589905115,5959.706907007216,6909.002272803014
2018-04-25 11:00:00,6420.0,6074.9655007253,5600.317817827401,6549.6131836232
2018-04-25 12:00:00,4695.0,4650.439842956354,4175.792160058456,5125.087525854253
2018-04-25 13:00:00,3543.0,3286.793593421703,2812.145910523804,3761.441276319602
2018-04-25 14:00:00,3225.0,2974.2062644370467,2499.558581539148,3448.8539473349456
2018-04-25 15:00:00,2560.0,2769.1355281207534,2294.4878452228545,3243.7832110186523
2018-04-25 16:00:00,1618.0,2109.9888120583614,1635.3411291604625,2584.6364949562603
2018-04-25 17:00:00,1023.0,1315.4471625754468,840.7994796775479,1790.0948454733457
2018-04-25 18:00:00,551.0,788.9124034877624,314.2647205898635,1263.5600863856612
2018-04-25 19:00:00,358.0,426.13078913178373,0.0,900.7784720296827
2018-04-25 20:00:00,255.0,331.4342669977721,0.0,806.081949895671
2018-04-25 21:00:00,350.0,361.30738355522914,0.0,835.955066453128
2018-04-25 22:00:00,899.0,799.9514291624984,325.30374626459945,1274.5991120603971
2018-04-25 23:00:00,2953.0,2763.064915606186,2288.417232708287,3237.712598504085
2018-04-26 00:00:00,5813.0,5719.618694140003,5244.9710112421035,6194.266377037902
2018-04-26 01:00:00,6493.0,6545.214083533375,6070.566400635476,7019.861766431273
2018-04-26 02:00:00,5890.0,5949.7057432750435,5475.058060377145,6424.353426172942
2018-04-26 03:00:00,5495.0,5171.1591862248515,4696.511503326952,5645.806869122751
2018-04-26 04:00:00,4675.0,4704.375937082292,4229.728254184392,5179.023619980191
2018-04-26 05:00:00,5110.0,4967.579098607123,4492.931415709225,5442.226781505022
2018-04-26 06:00:00,5078.0,5192.147636311148,4717.499953413249,5666.795319209046
2018-04-26 07:00:00,5281.0,5259.7747059969415,4785.127023099043,5734.42238889484
2018-04-26 08:00:00,5661.0,5608.694334793212,5134.046651895313,6083.342017691111
2018-04-26 09:00:00,6257.0,5985.320070920969,5510.672388023069,6459.967753818868
2018-04-26 10:00:00,7139.0,6480.902092463505,6006.254409565607,6955.549775361404
2018-04-26 11:00:00,6372.0,6106.600099543136,5631.9524166452375,6581.247782441034
2018-04-26 12:00:00,5068.0,4869.495631262157,4394.847948364259,5344.1433141600555
2018-04-26 13:00:00,3813.0,3533.357536591151,3058.709853693252,4008.00521948905
2018-04-26 14:00:00,3338.0,3092.906615828055,2618.258932930156,3567.5542987259537
2018-04-26 15:00:00,3058.0,2981.7348127571413,2507.0871298592424,3456.38249565504
2018-04-26 16:00:00,2171.0,2522.459060421,2047.8113775231009,2997.1067433188987
2018-04-26 17:00:00,1253.0,1403.6232619462962,928.9755790483973,1878.2709448441951
2018-04-26 18:00:00,683.0,790.7408948576842,316.0932119597853,1265.3885777555831
2018-04-26 19:00:00,422.0,470.97442061920464,0.0,945.6221035171036
2018-04-26 20:00:00,328.0,361.6565688092192,0.0,836.304251707118
2018-04-26 21:00:00,380.0,403.4212363896455,0.0,878.0689192875444
2018-04-26 22:00:00,849.0,755.8122490382923,281.1645661403934,1230.4599319361912
2018-04-26 23:00:00,2744.0,2632.7745420526226,2158.1268591547237,3107.4222249505215
2018-04-27 00:00:00,5573.0,5805.810929999255,5331.163247101356,6280.458612897153
2018-04-27 01:00:00,6712.0,6610.911042128805,6136.263359230907,7085.5587250267035
2018-04-27 02:00:00,6109.0,5902.458189986853,5427.810507088954,6377.105872884751
2018-04-27 03:00:00,5414.0,5269.174174061671,4794.526491163771,5743.82185695957
2018-04-27 04:00:00,4946.0,4894.434326098925,4419.786643201027,5369.082008996824
2018-04-27 05:00:00,5365.0,5297.502451837865,4822.854768939966,5772.150134735764
2018-04-27 06:00:00,5622.0,5581.959897313059,5107.31221441516,6056.607580210957
2018-04-27 07:00:00,5487.0,5534.607556743956,5059.959873846057,6009.255239641854
2018-04-27 08:00:00,6005.0,5782.614280525933,5307.966597628034,6257.261963423833
2018-04-27 09:00:00,6560.0,6071.7693954353235,5597.121712537424,6546.417078333223
2018-04-27 10:00:00,6471.0,6454.873706495401,5980.226023597503,6929.5213893933
2018-04-27 11:00:00,6459.0,6105.276688317073,5630.629005419174,6579.924371214973
2018-04-27 12:00:00,5355.0,5013.341495426472,4538.693812528572,5487.989178324371
2018-04-27 13:00:00,4083.0,3692.369009725457,3217.721326827558,4167.016692623356
2018-04-27 14:00:00,3319.0,3184.7818573313466,2710.1341744334477,3659.4295402292455
2018-04-27 15:00:00,3384.0,3166.6088120829213,2691.9611291850224,3641.25649498082
2018-04-27 16:00:00,2709.0,2721.2511352862334,2246.6034523883345,3195.8988181841323
2018-04-27 17:00:00,1942.0,2188.816472145854,1714.168789247955,2663.4641550437527
2018-04-27 18:00:00,1097.0,1392.3435698618289,917.69588696393,1866.9912527597278
2018-04-27 19:00:00,725.0,756.4176512128727,281.76996831497377,1231.0653341107716
2018-04-27 20:00:00,531.0,529.8305752760194,55.18289237812053,1004.4782581739183
2018-04-27 21:00:00,382.0,464.98303617724724,0.0,939.6307190751461
2018-04-27 22:00:00,365.0,507.6874234406847,33.03974054278581,982.3351063385836
2018-04-27 23:00:00,744.0,771.4117538824194,296.76407098452046,1246.0594367803183
2018-04-28 00:00:00,1366.0,1521.4675352151075,1046.8198523172086,1996.1152181130064
2018-04-28 01:00:00,2330.0,2457.001949711847,1982.354266813948,2931.649632609746
2018-04-28 02:00:00,3737.0,3216.3177716178284,2741.6700887199295,3690.9654545157273
2018-04-28 03:00:00,4509.0,3934.700040669362,3460.052357771463,4409.347723567261
2018-04-28 04:00:00,4752.0,4339.171216967959,3864.5235340700597,4813.818899865857
2018-04-28 05:00:00,5130.0,4706.431003090699,4231.783320192801,5181.0786859885975
2018-04-28 06:00:00,5453.0,5105.254918570726,4630.607235672827,5579.902601468624
2018-04-28 07:00:00,5529.0,4979.230021455166,4504.582338557268,5453.8777043530645
2018-04-28 08:00:00,5191.0,4816.4109338515,4341.7632509536015,5291.058616749398
2018-04-28 09:00:00,4925.0,4749.000895172238,4274.35321227434,5223.648578070137
2018-04-28 10:00:00,5034.0,4691.342480293761,4216.694797395861,5165.99016319166
2018-04-28 11:00:00,4991.0,4568.495293061224,4093.8476101633255,5043.142975959123
2018-04-28 12:00:00,4300.0,4193.481972299233,3718.8342894013344,4668.129655197132
2018-04-28 13:00:00,3764.0,3583.232635744758,3108.5849528468593,4057.880318642657
2018-04-28 14:00:00,3189.0,3293.2419461103373,2818.5942632124384,3767.889629008236
2018-04-28 15:00:00,3076.0,3293.848205980695,2819.2005230827963,3768.495888878594
2018-04-28 16:00:00,2900.0,3176.92068063939,2702.272997741491,3651.568363537289
2018-04-28 17:00:00,3360.0,2174.247906403045,1699.600223505146,2648.895589300944
2018-04-28 18:00:00,1532.0,1343.8342280878585,869.1865451899596,1818.4819109857574
2018-04-28 19:00:00,821.0,861.2893290221227,386.6416461242238,1335.9370119200216
2018-04-28 20:00:00,601.0,544.3807449845591,69.7330620866602,1019.028427882458
2018-04-28 21:00:00,347.0,399.189205653646,0.0,873.8368885515449
2018-04-28 22:00:00,280.0,440.40733864218686,0.0,915.0550215400858
2018-04-28 23:00:00,427.0,584.7442054527212,110.09652255482229,1059.39188835062
2018-04-29 00:00:00,839.0,1199.3525621129068,724.7048792150078,1674.0002450108057
2018-04-29 01:00:00,1397.0,1538.9273194375248,1064.279636539626,2013.5750023354237
2018-04-29 02:00:00,2153.0,2168.5775711823826,1693.9298882844837,2643.2252540802815
2018-04-29 03:00:00,3258.0,3141.743250988404,2667.095568090505,3616.3909338863027
2018-04-29 04:00:00,3848.0,3866.6988956165187,3392.05121271862,4341.346578514418
2018-04-29 05:00:00,4381.0,4148.888467941868,3674.240785043969,4623.536150839767
2018-04-29 06:00:00,4886.0,4596.054106381479,4121.4064234835805,5070.701789279377
2018-04-29 07:00:00,4828.0,4751.603861358202,4276.956178460303,5226.251544256102
2018-04-29 08:00:00,4715.0,4689.156581590559,4214.50889869266,5163.804264488457
2018-04-29 09:00:00,4570.0,4636.281781684956,4161.634098787057,5110.929464582854
2018-04-29 10:00:00,4886.0,4587.510884435506,4112.863201537608,5062.158567333405
2018-04-29 11:00:00,4390.0,4433.880504303703,3959.232821405804,4908.528187201602
2018-04-29 12:00:00,3903.0,4204.527325236629,3729.87964233873,4679.175008134527
2018-04-29 13:00:00,3351.0,3365.8185581722123,2891.1708752743134,3840.466241070111
2018-04-29 14:00:00,3026.0,3023.7462752762794,2549.0985923783805,3498.3939581741784
2018-04-29 15:00:00,2367.0,2665.727027589261,2191.079344691362,3140.37471048716
2018-04-29 16:00:00,1703.0,2313.274421699452,1838.626738801553,2787.922104597351
2018-04-29 17:00:00,1035.0,1614.005509969394,1139.3578270714952,2088.653192867293
2018-04-29 18:00:00,541.0,754.1079133208843,279.46023042298543,1228.7555962187832
2018-04-29 19:00:00,327.0,414.21979389671435,0.0,888.8674767946133
2018-04-29 20:00:00,275.0,375.48051645648434,0.0,850.1281993543832
2018-04-29 21:00:00,355.0,372.4574808983115,0.0,847.1051637962104
2018-04-29 22:00:00,891.0,709.8991481990076,235.25146530110874,1184.5468310969065
2018-04-29 23:00:00,2871.0,2650.7258341279908,2176.078151230092,3125.3735170258897
2018-04-30 00:00:00,5730.0,5803.324676541673,5328.676993643774,6277.972359439573
2018-04-30 01:00:00,6633.0,6622.021356853839,6147.373673955941,7096.669039751738
2018-04-30 02:00:00,5724.0,5873.956021859379,5399.30833896148,6348.603704757277
2018-04-30 03:00:00,5171.0,4948.407764787976,4473.760081890077,5423.055447685874
2018-04-30 04:00:00,4523.0,4465.0845131052165,3990.4368302073176,4939.732196003115
2018-04-30 05:00:00,4619.0,4697.052886241839,4222.40520334394,5171.700569139737
2018-04-30 06:00:00,4825.0,4853.940553195103,4379.292870297204,5328.588236093003
2018-04-30 07:00:00,4837.0,4876.883117860109,4402.235434962211,5351.530800758008
2018-04-30 08:00:00,5147.0,5312.095508458507,4837.447825560608,5786.743191356405
2018-04-30 09:00:00,5792.0,5761.950098398366,5287.302415500468,6236.597781296265
2018-04-30 10:00:00,6901.0,6325.471411976272,5850.823729078373,6800.119094874171
2018-04-30 11:00:00,6184.0,5912.206427157241,5437.558744259342,6386.854110055139
2018-04-30 12:00:00,4568.0,4466.113015626295,3991.4653327283963,4940.760698524195
2018-04-30 13:00:00,3259.0,3158.5547382883224,2683.9070553904235,3633.2024211862213
2018-04-30 14:00:00,2673.0,2712.95870668995,2238.311023792051,3187.6063895878488
2018-04-30 15:00:00,2329.0,2425.797669593148,1951.149986695249,2900.445352491047
2018-04-30 16:00:00,1594.0,1876.448632592085,1401.800949694186,2351.0963154899837
2018-04-30 17:00:00,1061.0,1174.9715964820896,700.3239135841907,1649.6192793799885
2018-04-30 18:00:00,576.0,622.3705510583903,147.72286816049143,1097.0182339562894
2018-04-30 19:00:00,395.0,348.1274543041341,0.0,822.775137202033
2018-04-30 20:00:00,275.0,305.8154979418033,0.0,780.4631808397022
2018-04-30 21:00:00,370.0,337.31974456974285,0.0,811.9674274676418
2018-04-30 22:00:00,916.0,792.0834169474842,317.43573404958534,1266.7310998453831
2018-04-30 23:00:00,2893.0,2756.0553353989017,2281.4076525010028,3230.7030182968006
2018-05-01 00:00:00,5653.0,5892.586997858032,5417.939314960133,6367.234680755932
2018-05-01 01:00:00,6046.0,6742.927849267286,6268.280166369386,7217.575532165185
2018-05-01 02:00:00,6140.0,6118.85284831887,5644.205165420972,6593.500531216769
2018-05-01 03:00:00,5420.0,5255.887285928389,4781.23960303049,5730.534968826289
2018-05-01 04:00:00,4468.0,4674.208185041099,4199.5605021432,5148.855867938997
2018-05-01 05:00:00,4473.0,4875.501089758536,4400.853406860637,5350.1487726564355
2018-05-01 06:00:00,5111.0,5096.780762436412,4622.133079538513,5571.428445334312
2018-05-01 07:00:00,4988.0,5189.038946226439,4714.39126332854,5663.686629124339
2018-05-01 08:00:00,4926.0,5386.7039308979365,4912.056248000037,5861.351613795836
2018-05-01 09:00:00,5802.0,5791.809785665383,5317.162102767485,6266.4574685632815
2018-05-01 10:00:00,6900.0,6429.930192367363,5955.282509469464,6904.577875265262
2018-05-01 11:00:00,6410.0,6231.711805267063,5757.064122369164,6706.359488164962
2018-05-01 12:00:00,4866.0,4657.552661957034,4182.904979059134,5132.200344854933
2018-05-01 13:00:00,3411.0,3302.8647756735304,2828.2170927756315,3777.5124585714293
2018-05-01 14:00:00,2907.0,2833.3862952216004,2358.7386123237015,3308.0339781194994
2018-05-01 15:00:00,2287.0,2780.292713207324,2305.6450303094252,3254.940396105223
2018-05-01 16:00:00,1438.0,1999.6773777162784,1525.0296948183795,2474.3250606141773
2018-05-01 17:00:00,1093.0,1250.8058281072545,776.1581452093556,1725.4535110051534
2018-05-01 18:00:00,517.0,696.4609766046198,221.81329370672086,1171.1086595025185
2018-05-01 19:00:00,324.0,423.51170555433265,0.0,898.1593884522315
2018-05-01 20:00:00,253.0,350.41112978237453,0.0,825.0588126802734
2018-05-01 21:00:00,351.0,376.2331776949513,0.0,850.8808605928502
2018-05-01 22:00:00,915.0,885.2019473370689,410.55426443916997,1359.8496302349677
2018-05-01 23:00:00,2959.0,2843.9808922345705,2369.3332093366716,3318.6285751324695
2018-05-02 00:00:00,5910.0,5833.28865317841,5358.64097028051,6307.936336076309
2018-05-02 01:00:00,6606.0,6482.5613957171545,6007.913712819256,6957.209078615053
2018-05-02 02:00:00,5676.0,6135.912520089256,5661.2648371913565,6610.560202987155
2018-05-02 03:00:00,5638.0,5228.180536018209,4753.53285312031,5702.828218916107
2018-05-02 04:00:00,4815.0,4623.969952426145,4149.322269528246,5098.617635324044
2018-05-02 05:00:00,4999.0,4895.76945575424,4421.121772856341,5370.417138652139
2018-05-02 06:00:00,5088.0,5134.950265199854,4660.302582301954,5609.597948097753
2018-05-02 07:00:00,5034.0,5119.009057800953,4644.361374903054,5593.656740698852
2018-05-02 08:00:00,5179.0,5486.145642800638,5011.497959902739,5960.793325698536
2018-05-02 09:00:00,5913.0,5959.277541522975,5484.629858625076,6433.925224420875
2018-05-02 10:00:00,6935.0,6462.901098794105,5988.253415896206,6937.548781692003
2018-05-02 11:00:00,6291.0,6096.895128425943,5622.247445528044,6571.542811323841
2018-05-02 12:00:00,4763.0,4887.781240113415,4413.133557215517,5362.428923011314
2018-05-02 13:00:00,3518.0,3402.4854164277226,2927.8377335298237,3877.1330993256215
2018-05-02 14:00:00,3114.0,2920.9336191790358,2446.285936281137,3395.5813020769347
2018-05-02 15:00:00,2634.0,2775.9479577582615,2301.3002748603626,3250.5956406561604
2018-05-02 16:00:00,1721.0,2081.04252213373,1606.3948392358311,2555.690205031629
2018-05-02 17:00:00,1074.0,1246.2794958425368,771.6318129446379,1720.9271787404357
2018-05-02 18:00:00,591.0,821.3244590801212,346.6767761822223,1295.97214197802
2018-05-02 19:00:00,373.0,448.37253234053355,0.0,923.0202152384325
2018-05-02 20:00:00,259.0,348.14653492912527,0.0,822.7942178270241
2018-05-02 21:00:00,345.0,362.65276004518,0.0,837.3004429430789
2018-05-02 22:00:00,937.0,815.2533698849551,340.6056869870562,1289.901052782854
2018-05-02 23:00:00,3025.0,2846.4056685821724,2371.7579856842735,3321.0533514800713
2018-05-03 00:00:00,5893.0,5714.242246049134,5239.594563151235,6188.889928947034
2018-05-03 01:00:00,6457.0,6636.423043874532,6161.775360976633,7111.07072677243
2018-05-03 02:00:00,6084.0,5895.797957232581,5421.150274334683,6370.44564013048
2018-05-03 03:00:00,5289.0,5210.477211291406,4735.829528393508,5685.1248941893045
2018-05-03 04:00:00,4763.0,4737.045821260596,4262.398138362698,5211.693504158495
2018-05-03 05:00:00,4987.0,5004.319916587039,4529.67223368914,5478.967599484939
2018-05-03 06:00:00,5210.0,5215.767866936541,4741.120184038642,5690.415549834441
2018-05-03 07:00:00,5332.0,5292.2686081353995,4817.620925237501,5766.916291033298
2018-05-03 08:00:00,5462.0,5616.917768147158,5142.27008524926,6091.565451045057
2018-05-03 09:00:00,6103.0,5981.641354789594,5506.993671891694,6456.289037687493
2018-05-03 10:00:00,6977.0,6436.153251915155,5961.505569017256,6910.8009348130545
2018-05-03 11:00:00,6630.0,6140.462092633579,5665.81440973568,6615.109775531479
2018-05-03 12:00:00,5019.0,4832.476087305759,4357.828404407861,5307.123770203658
2018-05-03 13:00:00,3664.0,3541.0234686730228,3066.375785775124,4015.6711515709217
2018-05-03 14:00:00,3325.0,3069.051435920624,2594.403753022725,3543.699118818523
2018-05-03 15:00:00,2716.0,2999.6799446295063,2525.0322617316074,3474.327627527405
2018-05-03 16:00:00,1918.0,2544.43489316752,2069.787210269621,3019.082576065419
2018-05-03 17:00:00,1308.0,1585.3969287129628,1110.749245815064,2060.0446116108615
2018-05-03 18:00:00,655.0,854.4291766698772,379.78149377197826,1329.076859567776
2018-05-03 19:00:00,393.0,489.05818254570846,14.410499647809559,963.7058654436073
2018-05-03 20:00:00,338.0,373.9275785997281,0.0,848.575261497627
2018-05-03 21:00:00,409.0,414.83271427234547,0.0,889.4803971702444
2018-05-03 22:00:00,882.0,779.2788118142939,304.631128916395,1253.9264947121928
2018-05-03 23:00:00,2841.0,2744.197470244398,2269.549787346499,3218.845153142297
2018-05-04 00:00:00,5503.0,5808.628748546874,5333.981065648975,6283.276431444772
2018-05-04 01:00:00,6587.0,6568.5508028660415,6093.903119968143,7043.19848576394
2018-05-04 02:00:00,5771.0,5964.208250764467,5489.560567866569,6438.855933662366
2018-05-04 03:00:00,5156.0,5289.462478194411,4814.814795296512,5764.110161092311
2018-05-04 04:00:00,4982.0,4900.97581921973,4426.32813632183,5375.623502117629
2018-05-04 05:00:00,5275.0,5294.349601119841,4819.701918221943,5768.99728401774
2018-05-04 06:00:00,5528.0,5527.777565998387,5053.129883100488,6002.425248896287
2018-05-04 07:00:00,5557.0,5461.645213869068,4986.99753097117,5936.292896766967
2018-05-04 08:00:00,5869.0,5728.904691637471,5254.2570087395725,6203.552374535369
2018-05-04 09:00:00,6262.0,5984.146191111253,5509.4985082133535,6458.793874009152
2018-05-04 10:00:00,6662.0,6350.770574188203,5876.122891290304,6825.418257086101
2018-05-04 11:00:00,6014.0,5941.849018060099,5467.201335162201,6416.496700957998
2018-05-04 12:00:00,5024.0,4978.574363778141,4503.926680880242,5453.222046676039
2018-05-04 13:00:00,4000.0,3678.9237070608697,3204.2760241629708,4153.571389958768
2018-05-04 14:00:00,3541.0,3179.088738332754,2704.441055434855,3653.736421230653
2018-05-04 15:00:00,3323.0,3085.607392626561,2610.959709728662,3560.2550755244597
2018-05-04 16:00:00,2718.0,2722.6079521589418,2247.960269261043,3197.2556350568407
2018-05-04 17:00:00,2103.0,2029.2724986317116,1554.6248157338127,2503.9201815296105
2018-05-04 18:00:00,1446.0,1401.84115451416,927.1934716162611,1876.488837412059
2018-05-04 19:00:00,691.0,776.8280269021241,302.18034400422516,1251.475709800023
2018-05-04 21:00:00,345.0,464.318466609814,0.0,938.9661495077129
2018-05-04 22:00:00,399.0,530.4751491267338,55.82746622883485,1005.1228320246327
2018-05-04 23:00:00,687.0,759.1154081712608,284.4677252733619,1233.7630910691596
2018-05-05 00:00:00,1382.0,1482.007349448092,1007.3596665501932,1956.655032345991
2018-05-05 01:00:00,2248.0,2389.997977234071,1915.3502943361723,2864.64566013197
2018-05-05 03:00:00,3848.0,3837.4630316734647,3362.815348775566,4312.110714571363
2018-05-05 04:00:00,3915.0,4323.723213589782,3849.075530691883,4798.3708964876805
2018-05-05 05:00:00,4280.0,4622.516304490194,4147.868621592295,5097.163987388092
2018-05-05 06:00:00,4775.0,4963.597645189868,4488.949962291968,5438.245328087767
2018-05-05 07:00:00,4730.0,4902.653484348264,4428.005801450365,5377.3011672461635
2018-05-05 08:00:00,4394.0,4710.267149611,4235.6194667131,5184.914832508899
2018-05-05 09:00:00,4699.0,4674.020639226503,4199.372956328603,5148.668322124402
2018-05-05 10:00:00,4580.0,4506.4631533412,4031.8154704433014,4981.110836239099
2018-05-05 11:00:00,4539.0,4397.689593819289,3923.0419109213904,4872.337276717188
2018-05-05 12:00:00,4156.0,4209.644540405401,3734.996857507502,4684.2922233033005
2018-05-05 13:00:00,3146.0,3511.1436032580955,3036.4959203601966,3985.7912861559944
2018-05-05 14:00:00,2767.0,2987.696476559396,2513.0487936614973,3462.344159457295
2018-05-05 15:00:00,2922.0,3045.5042631202323,2570.8565802223334,3520.151946018131
2018-05-05 16:00:00,3145.0,3034.2161134576163,2559.5684305597174,3508.863796355515
2018-05-05 17:00:00,2432.0,2258.1138263187904,1783.4661434208915,2732.7615092166893
2018-05-05 18:00:00,1674.0,1466.5520005571727,991.9043176592738,1941.1996834550716
2018-05-05 19:00:00,784.0,730.6200171469624,255.97233424906346,1205.2677000448612
2018-05-05 20:00:00,509.0,547.6524884826094,73.00480558471054,1022.3001713805083
2018-05-05 21:00:00,346.0,420.1483585931746,0.0,894.7960414910735
2018-05-05 22:00:00,269.0,457.9445904839766,0.0,932.5922733818754
2018-05-05 23:00:00,459.0,600.7205362392775,126.07285334137862,1075.3682191371763
2018-05-06 00:00:00,998.0,1074.177452907501,599.5297700096021,1548.8251358054
2018-05-06 01:00:00,1332.0,1331.9554501879263,857.3077672900274,1806.6031330858252
2018-05-06 02:00:00,2390.0,1904.9269915704156,1430.2793086725167,2379.5746744683147
2018-05-06 03:00:00,3000.0,2654.4797880002848,2179.832105102386,3129.1274708981837
2018-05-06 04:00:00,3568.0,3455.8311080527524,2981.1834251548535,3930.4787909506513
2018-05-06 05:00:00,3914.0,3801.0884170584695,3326.4407341605706,4275.736099956368
2018-05-06 06:00:00,4053.0,4295.009543801382,3820.3618609034834,4769.657226699281
2018-05-06 07:00:00,4237.0,4241.257125790731,3766.6094428928322,4715.9048086886305
2018-05-06 08:00:00,4295.0,4306.207794012754,3831.560111114855,4780.855476910652
2018-05-06 09:00:00,4332.0,4299.517368558997,3824.869685661098,4774.1650514568955
2018-05-06 10:00:00,4181.0,4298.519649334864,3823.871966436965,4773.167332232762
2018-05-06 11:00:00,3739.0,4178.164792931225,3703.517110033326,4652.812475829123
2018-05-06 12:00:00,3778.0,3855.453182761707,3380.805499863808,4330.100865659606
2018-05-06 13:00:00,3041.0,3190.822607255644,2716.174924357745,3665.470290153543
2018-05-06 14:00:00,2658.0,2844.6044078717296,2369.9567249738307,3319.2520907696285
2018-05-06 15:00:00,2350.0,2518.3361817804293,2043.6884988825304,2992.9838646783282
2018-05-06 16:00:00,1717.0,1974.4166048453021,1499.7689219474032,2449.064287743201
2018-05-06 17:00:00,1248.0,1317.3142947179567,842.6666118200578,1791.9619776158556
2018-05-06 18:00:00,597.0,788.534986144166,313.88730324626715,1263.1826690420648
2018-05-06 19:00:00,353.0,491.4811190671929,16.833436169293975,966.1288019650917
2018-05-06 20:00:00,244.0,395.4845093090727,0.0,870.1321922069716
2018-05-06 21:00:00,326.0,397.14167474243567,0.0,871.7893576403346
2018-05-06 22:00:00,875.0,749.0420311778518,274.39434827995285,1223.6897140757505
2018-05-06 23:00:00,2729.0,2713.9373259649724,2239.2896430670735,3188.5850088628713
2018-05-07 00:00:00,5780.0,5536.709608953055,5062.061926055156,6011.357291850954
2018-05-07 01:00:00,6339.0,6505.056576112415,6030.408893214517,6979.704259010314
2018-05-07 02:00:00,5793.0,5862.191968220958,5387.54428532306,6336.839651118857
2018-05-07 03:00:00,4932.0,4874.887084981564,4400.2394020836655,5349.534767879462
2018-05-07 04:00:00,4369.0,4373.070826780143,3898.423143882244,4847.718509678041
2018-05-07 05:00:00,4608.0,4477.335200512309,4002.68751761441,4951.982883410208
2018-05-07 06:00:00,4792.0,4827.973927466391,4353.326244568492,5302.621610364289
2018-05-07 07:00:00,4815.0,4832.2768288178195,4357.62914591992,5306.924511715719
2018-05-07 08:00:00,4969.0,5190.144837249599,4715.4971543517,5664.792520147497
2018-05-07 09:00:00,5799.0,5752.029452894356,5277.381769996457,6226.677135792255
2018-05-07 10:00:00,6663.0,6266.355159630373,5791.707476732474,6741.002842528273
2018-05-07 11:00:00,6197.0,5970.470232115901,5495.822549218003,6445.1179150138
2018-05-07 12:00:00,4502.0,4380.48421117324,3905.8365282753407,4855.131894071139
2018-05-07 13:00:00,3292.0,3119.6888292994286,2645.0411464015297,3594.3365121973275
2018-05-07 14:00:00,2791.0,2629.383365844604,2154.7356829467053,3104.031048742503
2018-05-07 15:00:00,2494.0,2381.4296048869946,1906.7819219890957,2856.0772877848935
2018-05-07 16:00:00,1591.0,1849.6304823936384,1374.9827994957395,2324.2781652915373
2018-05-07 17:00:00,1010.0,1174.1133679630045,699.4656850651056,1648.7610508609034
2018-05-07 18:00:00,585.0,606.1052753575402,131.45759245964132,1080.7529582554391
2018-05-07 19:00:00,356.0,377.5105003231123,0.0,852.1581832210112
2018-05-07 20:00:00,264.0,334.71482654407407,0.0,809.362509441973
2018-05-07 21:00:00,331.0,396.539240873691,0.0,871.1869237715899
2018-05-07 22:00:00,868.0,832.8609877140435,358.2133048161446,1307.5086706119423
2018-05-07 23:00:00,2849.0,2853.8932868253937,2379.245603927495,3328.5409697232926
2018-05-08 00:00:00,5958.0,5775.86291163489,5301.215228736992,6250.510594532789
2018-05-08 01:00:00,6651.0,6625.4920006885695,6150.84431779067,7100.139683586469
2018-05-08 02:00:00,6203.0,6159.599031792293,5684.951348894394,6634.246714690193
2018-05-08 03:00:00,5428.0,5255.7550737063475,4781.107390808449,5730.402756604246
2018-05-08 04:00:00,4500.0,4629.387640604617,4154.739957706719,5104.035323502516
2018-05-08 05:00:00,4614.0,4780.965029600921,4306.317346703023,5255.61271249882
2018-05-08 06:00:00,4601.0,5050.597148809591,4575.949465911692,5525.24483170749
2018-05-08 07:00:00,4583.0,5105.873237137655,4631.225554239756,5580.520920035555
2018-05-08 08:00:00,5196.0,5476.5480831570985,5001.900400259199,5951.195766054998
2018-05-08 09:00:00,5855.0,5978.498233357409,5503.8505504595105,6453.145916255307
2018-05-08 10:00:00,6578.0,6566.229200523877,6091.581517625978,7040.876883421775
2018-05-08 11:00:00,6279.0,6327.064394186763,5852.4167112888645,6801.712077084661
2018-05-08 12:00:00,4545.0,4647.61051957887,4172.96283668097,5122.258202476769
2018-05-08 13:00:00,3274.0,3199.058804365101,2724.411121467202,3673.706487263
2018-05-08 14:00:00,3044.0,2829.799192096361,2355.151509198462,3304.44687499426
2018-05-08 15:00:00,2334.0,2685.6223994339707,2210.974716536072,3160.2700823318696
2018-05-08 16:00:00,1513.0,2027.6198404948648,1552.9721575969659,2502.267523392764
2018-05-08 17:00:00,1027.0,1276.9510138026108,802.3033309047119,1751.5986967005097
2018-05-08 18:00:00,516.0,670.7084994581263,196.0608165602274,1145.3561823560253
2018-05-08 19:00:00,319.0,413.0751724285651,0.0,887.722855326464
2018-05-08 20:00:00,261.0,344.65275694320695,0.0,819.3004398411058
2018-05-08 21:00:00,340.0,374.59898995001896,0.0,849.2466728479178
2018-05-08 22:00:00,885.0,936.38105695766,461.7333740597611,1411.0287398555588
2018-05-08 23:00:00,2881.0,2848.8886429499694,2374.2409600520705,3323.5363258478683
2018-05-09 00:00:00,6008.0,5828.993397238319,5354.345714340419,6303.641080136218
2018-05-09 01:00:00,6523.0,6529.571566870034,6054.923883972135,7004.219249767933
2018-05-09 02:00:00,6254.0,6073.737816922939,5599.09013402504,6548.385499820837
2018-05-09 03:00:00,5210.0,5185.139117442627,4710.491434544729,5659.786800340526
2018-05-09 04:00:00,4720.0,4612.146226004716,4137.498543106816,5086.793908902615
2018-05-09 05:00:00,4693.0,4859.920422800026,4385.272739902128,5334.568105697925
2018-05-09 06:00:00,4840.0,5101.489396571307,4626.841713673408,5576.137079469207
2018-05-09 07:00:00,4933.0,5131.08335294309,4656.435670045192,5605.731035840989
2018-05-09 08:00:00,5109.0,5482.652802973211,5008.005120075311,5957.30048587111
2018-05-09 09:00:00,6159.0,5951.122579894255,5476.474896996357,6425.7702627921535
2018-05-09 10:00:00,6844.0,6516.607953691894,6041.960270793996,6991.255636589793
2018-05-09 11:00:00,6436.0,6255.671410739251,5781.0237278413515,6730.31909363715
2018-05-09 12:00:00,4768.0,4644.05688815443,4169.409205256532,5118.704571052329
2018-05-09 13:00:00,3511.0,3332.469177254363,2857.821494356464,3807.116860152262
2018-05-09 14:00:00,3287.0,2867.0271799479283,2392.3794970500294,3341.674862845827
2018-05-09 15:00:00,2734.0,2727.9473758125664,2253.2996929146675,3202.5950587104653
2018-05-09 16:00:00,1736.0,2118.6490448145346,1644.0013619166357,2593.2967277124335
2018-05-09 17:00:00,1466.0,1360.5726240469496,885.9249411490507,1835.2203069448485
2018-05-09 18:00:00,633.0,762.0955075895125,287.4478246916136,1236.7431904874115
2018-05-09 19:00:00,364.0,429.86914934842997,0.0,904.5168322463289
2018-05-09 20:00:00,270.0,348.3019438820501,0.0,822.9496267799491
2018-05-09 21:00:00,374.0,416.56681026078456,0.0,891.2144931586835
2018-05-09 22:00:00,928.0,819.4165609491168,344.76887805121794,1294.0642438470159
2018-05-09 23:00:00,2881.0,2766.246244404389,2291.59856150649,3240.893927302288
2018-05-10 00:00:00,5840.0,5801.441561929161,5326.793879031262,6276.089244827061
2018-05-10 01:00:00,6197.0,6603.466818473001,6128.819135575102,7078.114501370899
2018-05-10 02:00:00,5690.0,5924.0706712539095,5449.422988356011,6398.718354151808
2018-05-10 03:00:00,5568.0,5164.421512231066,4689.773829333168,5639.069195128965
2018-05-10 04:00:00,4691.0,4737.645660619348,4262.9979777214485,5212.293343517247
2018-05-10 05:00:00,5120.0,4989.504726341964,4514.857043444064,5464.152409239863
2018-05-10 06:00:00,5268.0,5270.297599373497,4795.649916475599,5744.945282271396
2018-05-10 07:00:00,5140.0,5243.750869691679,4769.10318679378,5718.398552589579
2018-05-10 08:00:00,5599.0,5568.422702438686,5093.775019540788,6043.070385336585
2018-05-10 09:00:00,6364.0,5941.96179374149,5467.31411084359,6416.609476639389
2018-05-10 10:00:00,7074.0,6386.285361687382,5911.637678789482,6860.933044585281
2018-05-10 11:00:00,6722.0,6080.6778780718805,5606.030195173982,6555.325560969779
2018-05-10 12:00:00,5110.0,4979.4183148055,4504.770631907601,5454.065997703399
2018-05-10 13:00:00,3824.0,3592.794289543881,3118.146606645982,4067.44197244178
2018-05-10 14:00:00,3310.0,3065.5390513964767,2590.891368498578,3540.1867342943756
2018-05-10 15:00:00,2906.0,2963.238310961338,2488.590628063439,3437.885993859237
2018-05-10 16:00:00,2014.0,2566.945594222683,2092.2979113247843,3041.593277120582
2018-05-10 17:00:00,1287.0,1522.4573901675815,1047.8097072696826,1997.1050730654804
2018-05-10 18:00:00,660.0,859.876358052752,385.22867515485314,1334.524040950651
2018-05-10 19:00:00,379.0,493.62701048335606,18.979327585457156,968.274693381255
2018-05-10 20:00:00,302.0,381.66521351732587,0.0,856.3128964152247
2018-05-10 21:00:00,342.0,416.00092102555163,0.0,890.6486039234505
2018-05-10 22:00:00,814.0,789.1874244630889,314.53974156518996,1263.8351073609879
2018-05-10 23:00:00,2640.0,2705.0718496067575,2230.4241667088586,3179.7195325046564
2018-05-11 00:00:00,5561.0,5810.21048597973,5335.562803081832,6284.8581688776285
2018-05-11 01:00:00,6472.0,6486.417767907172,6011.770085009273,6961.06545080507
2018-05-11 02:00:00,5594.0,5885.01409071696,5410.366407819061,6359.661773614858
2018-05-11 03:00:00,5189.0,5192.95958782742,4718.311904929522,5667.607270725319
2018-05-11 04:00:00,4978.0,4869.875195681729,4395.227512783829,5344.522878579628
2018-05-11 05:00:00,5292.0,5220.947600765174,4746.299917867274,5695.595283663073
2018-05-11 06:00:00,5530.0,5518.445706692274,5043.798023794376,5993.093389590173
2018-05-11 07:00:00,5323.0,5533.20144312938,5058.553760231482,6007.8491260272785
2018-05-11 08:00:00,5648.0,5720.7005112181705,5246.052828320271,6195.34819411607
2018-05-11 09:00:00,6354.0,5976.659267213827,5502.011584315927,6451.306950111726
2018-05-11 10:00:00,6858.0,6319.185684458068,5844.5380015601695,6793.833367355966
2018-05-11 11:00:00,5773.0,5862.148482211124,5387.500799313226,6336.796165109023
2018-05-11 12:00:00,5138.0,4984.666760533742,4510.019077635843,5459.31444343164
2018-05-11 13:00:00,3863.0,3671.0520502671743,3196.4043673692754,4145.699733165073
2018-05-11 14:00:00,3108.0,3156.5949942730363,2681.9473113751374,3631.242677170935
2018-05-11 15:00:00,3134.0,3128.4968838631535,2653.8492009652546,3603.1445667610524
2018-05-11 16:00:00,2436.0,2776.0179255961834,2301.3702426982845,3250.6656084940823
2018-05-11 17:00:00,1740.0,2070.7595046143288,1596.1118217164299,2545.4071875122277
2018-05-11 18:00:00,1107.0,1401.0605136029253,926.4128307050264,1875.7081965008242
2018-05-11 19:00:00,642.0,782.3997130095217,307.75203011162284,1257.0473959074207
2018-05-11 20:00:00,427.0,546.8524450368976,72.20476213899872,1021.5001279347965
2018-05-11 21:00:00,482.0,451.53581204913405,0.0,926.183494947033
2018-05-11 22:00:00,440.0,534.0023835008709,59.354700602972,1008.6500663987698
2018-05-11 23:00:00,809.0,766.0427206539326,291.39503775603373,1240.6904035518314
2018-05-12 00:00:00,1428.0,1484.945478875072,1010.2977959771731,1959.593161772971
2018-05-12 01:00:00,2113.0,2381.3409561951457,1906.6932732972468,2855.9886390930446
2018-05-12 02:00:00,3110.0,3130.304895948608,2655.6572130507093,3604.952578846507
2018-05-12 03:00:00,3792.0,3812.561695508966,3337.914012611067,4287.209378406865
2018-05-12 04:00:00,4455.0,4224.440982808406,3749.7932999105074,4699.088665706306
2018-05-12 05:00:00,4818.0,4523.685955761566,4049.0382728636673,4998.333638659466
2018-05-12 06:00:00,5167.0,4908.466594046606,4433.818911148706,5383.114276944505
2018-05-12 07:00:00,4769.0,4774.099579862596,4299.451896964698,5248.747262760495
2018-05-12 08:00:00,4631.0,4660.114254665747,4185.466571767847,5134.761937563646
2018-05-12 09:00:00,4283.0,4658.584476700021,4183.936793802122,5133.232159597919
2018-05-12 10:00:00,4148.0,4594.706409561548,4120.0587266636485,5069.354092459447
2018-05-12 11:00:00,3972.0,4537.131282905004,4062.483600007105,5011.778965802903
2018-05-12 12:00:00,3736.0,4129.099205498638,3654.4515226007393,4603.7468883965375
2018-05-12 13:00:00,3060.0,3522.1913935004163,3047.5437106025174,3996.8390763983152
2018-05-12 14:00:00,2718.0,3181.0574379459367,2706.409755048038,3655.7051208438356
2018-05-12 15:00:00,2727.0,3146.213127006862,2671.565444108963,3620.860809904761
2018-05-12 16:00:00,2527.0,2923.3631276979236,2448.7154448000247,3398.0108105958225
2018-05-12 17:00:00,2033.0,2273.613858855057,1798.9661759571582,2748.261541752956
2018-05-12 18:00:00,1191.0,1402.8786170726648,928.2309341747659,1877.5262999705637
2018-05-12 19:00:00,756.0,692.3919270906989,217.7442441928,1167.039609988598
2018-05-12 20:00:00,622.0,504.48949434143645,29.84181144353755,979.1371772393354
2018-05-12 21:00:00,353.0,434.7013091082685,0.0,909.3489920061675
2018-05-12 22:00:00,342.0,464.8061257606996,0.0,939.4538086585985
2018-05-12 23:00:00,460.0,615.4478169497661,140.8001340518672,1090.095499847665
2018-05-13 00:00:00,868.0,992.362581888228,517.7148989903291,1467.0102647861268
2018-05-13 01:00:00,1304.0,1323.184424857968,848.5367419600691,1797.832107755867
2018-05-13 02:00:00,1965.0,2135.496670975903,1660.848988078004,2610.1443538738017
2018-05-13 03:00:00,3117.0,2671.03756053165,2196.389877633751,3145.685243429549
2018-05-13 04:00:00,3725.0,3515.281446147702,3040.633763249803,3989.929129045601
2018-05-13 05:00:00,3983.0,3795.595511310543,3320.947828412644,4270.243194208442
2018-05-13 06:00:00,4088.0,4196.795928364203,3722.148245466304,4671.443611262102
2018-05-13 07:00:00,4184.0,4275.18904298985,3800.5413600919514,4749.83672588775
2018-05-13 08:00:00,4091.0,4217.566156167163,3742.9184732692643,4692.213839065062
2018-05-13 09:00:00,4072.0,4275.593280921055,3800.9455980231564,4750.240963818955
2018-05-13 10:00:00,4169.0,4258.244055157209,3783.59637225931,4732.891738055108
2018-05-13 11:00:00,3827.0,4051.2988054793,3576.651122581401,4525.946488377199
2018-05-13 12:00:00,3555.0,3648.5050165235875,3173.8573336256886,4123.152699421486
2018-05-13 13:00:00,3256.0,3183.6986943724983,2709.0510114745994,3658.346377270397
2018-05-13 14:00:00,3049.0,2696.6668846745015,2222.0192017766026,3171.3145675724004
2018-05-13 15:00:00,2586.0,2396.979054025959,1922.3313711280603,2871.626736923858
2018-05-13 16:00:00,1759.0,1992.9518061604906,1518.3041232625917,2467.5994890583897
2018-05-13 17:00:00,1077.0,1251.6506065785368,777.0029236806379,1726.2982894764357
2018-05-13 18:00:00,598.0,758.452591218013,283.8049083201141,1233.1002741159118
2018-05-13 19:00:00,366.0,459.9897663595435,0.0,934.6374492574424
2018-05-13 20:00:00,243.0,401.957237981468,0.0,876.6049208793669
2018-05-13 21:00:00,308.0,389.77127176456383,0.0,864.4189546624627
2018-05-13 22:00:00,875.0,725.7940813738498,251.14639847595095,1200.4417642717488
2018-05-13 23:00:00,2816.0,2655.223949217125,2180.5762663192263,3129.871632115024
2018-05-14 00:00:00,5792.0,5636.595854594247,5161.948171696347,6111.243537492146
2018-05-14 01:00:00,6559.0,6365.229635302555,5890.5819524046565,6839.877318200453
2018-05-14 02:00:00,5870.0,5894.284074652381,5419.636391754482,6368.931757550279
2018-05-14 03:00:00,5052.0,4811.961343419747,4337.313660521848,5286.609026317647
2018-05-14 04:00:00,4392.0,4408.823031122605,3934.1753482247063,4883.470714020505
2018-05-14 05:00:00,4573.0,4540.491566960323,4065.8438840624244,5015.139249858223
2018-05-14 06:00:00,4794.0,4813.902056540194,4339.254373642296,5288.549739438093
2018-05-14 07:00:00,4831.0,4884.25939656821,4409.611713670311,5358.907079466109
2018-05-14 08:00:00,5025.0,5303.544323135037,4828.896640237139,5778.192006032936
2018-05-14 09:00:00,5598.0,5803.814324716537,5329.166641818638,6278.4620076144365
2018-05-14 10:00:00,6463.0,6308.40601746883,5833.758334570932,6783.053700366729
2018-05-14 11:00:00,5971.0,5953.560857329629,5478.913174431729,6428.208540227528
2018-05-14 12:00:00,4545.0,4390.818207908394,3916.1705250104947,4865.465890806292
2018-05-14 13:00:00,3113.0,3114.739541778438,2640.091858880539,3589.3872246763367
2018-05-14 14:00:00,2681.0,2634.3168088394036,2159.6691259415047,3108.9644917373025
2018-05-14 15:00:00,2293.0,2396.410744767245,1921.763061869346,2871.058427665144
2018-05-14 16:00:00,2107.0,1820.2665575533788,1345.6188746554799,2294.9142404512777
2018-05-14 17:00:00,1022.0,1128.3741178117098,653.7264349138109,1603.0218007096087
2018-05-14 18:00:00,555.0,581.8151690220727,107.16748612417382,1056.4628519199716
2018-05-14 19:00:00,309.0,368.0789506588207,0.0,842.7266335567197
2018-05-14 20:00:00,248.0,326.14118123995326,0.0,800.7888641378522
2018-05-14 21:00:00,349.0,355.7045927591303,0.0,830.3522756570292
2018-05-14 22:00:00,934.0,822.3191230284707,347.6714401305718,1296.9668059263695
2018-05-14 23:00:00,3020.0,2817.46098636655,2342.813303468651,3292.108669264449
2018-05-15 00:00:00,5914.0,5803.58297504221,5328.9352921443115,6278.230657940108
2018-05-15 01:00:00,6264.0,6641.6738074146415,6167.026124516742,7116.321490312541
2018-05-15 02:00:00,5433.0,6150.63925355622,5675.9915706583215,6625.286936454118
2018-05-15 03:00:00,5399.0,5194.788018293951,4720.140335396052,5669.435701191849
2018-05-15 04:00:00,4528.0,4564.826911763562,4090.179228865663,5039.47459466146
2018-05-15 05:00:00,4808.0,4791.729745506046,4317.082062608148,5266.377428403945
2018-05-15 06:00:00,4967.0,5032.4980030521565,4557.850320154257,5507.145685950056
2018-05-15 07:00:00,5017.0,5164.775836717531,4690.128153819633,5639.4235196154295
2018-05-15 08:00:00,5380.0,5432.880142000037,4958.232459102139,5907.527824897936
2018-05-15 09:00:00,6033.0,5949.541839049114,5474.894156151215,6424.189521947013
2018-05-15 10:00:00,6888.0,6384.811194502724,5910.1635116048255,6859.458877400622
2018-05-15 11:00:00,6548.0,6035.852821871855,5561.205138973955,6510.500504769754
2018-05-15 12:00:00,4953.0,4693.289487128475,4218.641804230576,5167.937170026375
2018-05-15 13:00:00,3602.0,3288.8541793322624,2814.2064964343635,3763.5018622301614
2018-05-15 14:00:00,3050.0,2926.124132670848,2451.4764497729493,3400.771815568747
2018-05-15 15:00:00,2773.0,2761.841850596184,2287.194167698285,3236.489533494083
2018-05-15 16:00:00,3335.0,2039.6282285619213,1564.9805456640224,2514.2759114598202
2018-05-15 17:00:00,2286.0,1392.8344283354352,918.1867454375363,1867.482111233334
2018-05-15 18:00:00,720.0,699.618301696396,224.97061879849707,1174.2659845942949
2018-05-15 19:00:00,442.0,464.05632802291495,0.0,938.7040109208139
2018-05-15 20:00:00,352.0,359.8500884413252,0.0,834.4977713392241
2018-05-15 21:00:00,367.0,389.3377757742664,0.0,863.9854586721654
2018-05-15 22:00:00,895.0,817.5935144211516,342.94583152325265,1292.2411973190506
2018-05-15 23:00:00,3014.0,2682.931636751759,2208.28395385386,3157.579319649658
2018-05-16 00:00:00,5844.0,5929.849170444677,5455.201487546778,6404.496853342576
2018-05-16 01:00:00,5988.0,6645.503565716617,6170.855882818718,7120.151248614517
2018-05-16 02:00:00,5293.0,6040.542796662781,5565.895113764882,6515.190479560681
2018-05-16 03:00:00,5122.0,5411.208752007667,4936.561069109768,5885.856434905565
2018-05-16 04:00:00,4941.0,4934.682439305062,4460.0347564071635,5409.33012220296
2018-05-16 05:00:00,5110.0,5111.414315397038,4636.766632499139,5586.061998294937
2018-05-16 06:00:00,5042.0,5349.534105009417,4874.886422111518,5824.181787907315
2018-05-16 07:00:00,4952.0,5214.0934583797025,4739.445775481803,5688.741141277602
2018-05-16 08:00:00,5286.0,5557.841446873899,5083.193763976,6032.489129771799
2018-05-16 09:00:00,5871.0,5933.948243097346,5459.300560199446,6408.595925995245
2018-05-16 10:00:00,6775.0,6289.268592190262,5814.620909292364,6763.916275088161
2018-05-16 11:00:00,6123.0,5990.289081479421,5515.641398581522,6464.93676437732
2018-05-16 12:00:00,4717.0,4924.386358645847,4449.738675747949,5399.034041543746
2018-05-16 13:00:00,3697.0,3449.4956132380603,2974.8479303401614,3924.143296135959
2018-05-16 14:00:00,3387.0,3045.527524007707,2570.8798411098082,3520.175206905606
2018-05-16 15:00:00,3187.0,2778.5633407979967,2303.915657900098,3253.2110236958956
2018-05-16 16:00:00,2443.0,2102.236904197584,1627.589221299685,2576.884587095483
2018-05-16 17:00:00,2291.0,1253.4297926497964,778.7821097518975,1728.0774755476953
2018-05-16 18:00:00,684.0,833.1062175511146,358.4585346532157,1307.7539004490136
2018-05-16 19:00:00,495.0,477.40778450425154,2.7601016063526345,952.0554674021505
2018-05-16 20:00:00,294.0,379.1681020877768,0.0,853.8157849856757
2018-05-16 21:00:00,364.0,392.1930546708516,0.0,866.8407375687505
2018-05-16 22:00:00,929.0,809.7179381554416,335.0702552575427,1284.3656210533404
2018-05-16 23:00:00,2935.0,2575.3625595261005,2100.7148766282016,3050.0102424239994
2018-05-17 00:00:00,5846.0,5810.134299380214,5335.486616482314,6284.781982278113
2018-05-17 01:00:00,6323.0,6286.421254070353,5811.7735711724545,6761.068936968251
2018-05-17 02:00:00,5494.0,5875.173092274603,5400.5254093767035,6349.820775172502
2018-05-17 03:00:00,5299.0,5310.373787714797,4835.726104816898,5785.021470612695
2018-05-17 04:00:00,4444.0,4872.577070219773,4397.929387321874,5347.224753117673
2018-05-17 05:00:00,4913.0,5118.069661620858,4643.4219787229595,5592.717344518756
2018-05-17 06:00:00,5120.0,5324.443419539973,4849.795736642074,5799.091102437871
2018-05-17 07:00:00,5096.0,5307.032270516904,4832.384587619004,5781.679953414803
2018-05-17 08:00:00,5480.0,5695.715841845377,5221.068158947479,6170.363524743276
2018-05-17 09:00:00,6289.0,5992.606703353552,5517.959020455653,6467.25438625145
2018-05-17 10:00:00,6594.0,6314.792418737143,5840.144735839243,6789.440101635042
2018-05-17 11:00:00,6171.0,5944.504204370151,5469.856521472251,6419.15188726805
2018-05-17 12:00:00,4989.0,4729.291215201752,4254.643532303853,5203.93889809965
2018-05-17 13:00:00,3647.0,3471.550602881132,2996.902919983233,3946.198285779031
2018-05-17 14:00:00,3400.0,3106.1171466465657,2631.469463748667,3580.7648295444646
2018-05-17 15:00:00,3238.0,3013.352317113901,2538.704634216002,3488.0000000118
2018-05-17 16:00:00,2677.0,2480.8577643096046,2006.2100814117057,2955.5054472075035
2018-05-17 17:00:00,1852.0,1506.6836373788485,1032.0359544809496,1981.3313202767474
2018-05-17 18:00:00,736.0,863.268126521353,388.6204436234541,1337.915809419252
2018-05-17 19:00:00,453.0,496.04479064552044,21.397107747621533,970.6924735434193
2018-05-17 20:00:00,365.0,391.7789983026123,0.0,866.4266812005112
2018-05-17 21:00:00,351.0,425.4658520187482,0.0,900.113534916647
2018-05-17 22:00:00,846.0,782.5973358362317,307.94965293833275,1257.2450187341306
2018-05-17 23:00:00,2786.0,2522.08942441096,2047.441741513061,2996.737107308859
2018-05-18 00:00:00,5552.0,5744.510730210916,5269.863047313018,6219.158413108815
2018-05-18 01:00:00,6583.0,6458.836601896822,5984.188918998923,6933.48428479472
2018-05-18 02:00:00,5321.0,5813.712558702456,5339.064875804557,6288.360241600354
2018-05-18 03:00:00,4984.0,5289.764687728801,4815.117004830901,5764.4123706267
2018-05-18 04:00:00,4736.0,4947.8070761708295,4473.15939327293,5422.454759068729
2018-05-18 05:00:00,5133.0,5220.712983160344,4746.065300262446,5695.360666058243
2018-05-18 06:00:00,5337.0,5496.985616318382,5022.337933420484,5971.633299216281
2018-05-18 07:00:00,5316.0,5478.36459267295,5003.71690977505,5953.012275570849
2018-05-18 08:00:00,5810.0,5738.280735052091,5263.633052154191,6212.92841794999
2018-05-18 09:00:00,6400.0,5962.12618343446,5487.478500536561,6436.773866332358
2018-05-18 10:00:00,6496.0,6308.788620991734,5834.140938093835,6783.436303889634
2018-05-18 11:00:00,6197.0,5848.447253968877,5373.799571070978,6323.094936866775
2018-05-18 12:00:00,5241.0,4748.275428449229,4273.62774555133,5222.923111347129
2018-05-18 13:00:00,3850.0,3667.724459625515,3193.076776727616,4142.372142523414
2018-05-18 14:00:00,3441.0,3186.6468545299667,2711.999171632068,3661.2945374278656
2018-05-18 15:00:00,3196.0,3125.607623546737,2650.9599406488383,3600.255306444636
2018-05-18 16:00:00,2728.0,2749.080290775718,2274.432607877819,3223.727973673617
2018-05-18 17:00:00,1797.0,2008.181640735189,1533.53395783729,2482.829323633088
2018-05-18 18:00:00,1420.0,1416.604961673207,941.9572787753082,1891.252644571106
2018-05-18 19:00:00,855.0,782.4957457725822,307.84806287468325,1257.1434286704812
2018-05-18 20:00:00,639.0,533.2074238190758,58.559740921176854,1007.8551067169747
2018-05-18 21:00:00,494.0,483.2929592547684,8.645276356869488,957.9406421526674
2018-05-18 22:00:00,477.0,536.1627923404261,61.515109442527205,1010.810475238325
2018-05-18 23:00:00,806.0,831.9528270390505,357.3051441411516,1306.6005099369495
2018-05-19 00:00:00,1430.0,1658.3543396463333,1183.7066567484344,2133.002022544232
2018-05-19 01:00:00,2062.0,2332.1091422913796,1857.4614593934807,2806.7568251892785
2018-05-19 02:00:00,3277.0,3137.413290117648,2662.765607219749,3612.060973015547
2018-05-19 03:00:00,3569.0,3751.141163586687,3276.493480688788,4225.7888464845855
2018-05-19 04:00:00,3857.0,4258.95819810921,3784.3105152113108,4733.605881007108
2018-05-19 05:00:00,4112.0,4627.956029298395,4153.308346400496,5102.6037121962945
2018-05-19 06:00:00,4259.0,4912.2524105122875,4437.604727614389,5386.900093410186
2018-05-19 07:00:00,4542.0,4809.155762026254,4334.508079128354,5283.803444924153
2018-05-19 08:00:00,4802.0,4714.470359567591,4239.822676669692,5189.11804246549
2018-05-19 09:00:00,4598.0,4631.493358003562,4156.845675105664,5106.141040901461
2018-05-19 10:00:00,4398.0,4645.372692488637,4170.725009590738,5120.020375386535
2018-05-19 11:00:00,4133.0,4390.458447360689,3915.8107644627903,4865.106130258588
2018-05-19 12:00:00,3640.0,4037.9212533287464,3563.2735704308475,4512.568936226646
2018-05-19 13:00:00,2979.0,3501.7347401543175,3027.0870572564186,3976.3824230522164
2018-05-19 14:00:00,2706.0,3066.4279954346184,2591.7803125367195,3541.0756783325173
2018-05-19 15:00:00,2705.0,3090.995705419146,2616.348022521247,3565.643388317045
2018-05-19 16:00:00,2714.0,3002.7100835190513,2528.0624006211524,3477.35776641695
2018-05-19 17:00:00,2047.0,2124.988835512798,1650.3411526148989,2599.6365184106967
2018-05-19 18:00:00,1216.0,1451.2289159882464,976.5812330903475,1925.8765988861453
2018-05-19 19:00:00,761.0,712.0164927807716,237.3688098828727,1186.6641756786705
2018-05-19 20:00:00,525.0,504.48949434143645,29.84181144353755,979.1371772393354
2018-05-19 21:00:00,324.0,433.5701500314566,0.0,908.2178329293555
2018-05-19 22:00:00,273.0,466.31934295234936,0.0,940.9670258502483
2018-05-19 23:00:00,433.0,633.5945315176098,158.94684861971086,1108.2422144155087
2018-05-20 00:00:00,850.0,1050.2688937535659,575.621210855667,1524.9165766514648
2018-05-20 01:00:00,1242.0,1332.5260990818301,857.8784161839312,1807.173781979729
2018-05-20 02:00:00,1829.0,1943.8253020104637,1469.1776191125648,2418.4729849083624
2018-05-20 03:00:00,2638.0,2705.7126047692104,2231.0649218713115,3180.3602876671093
2018-05-20 04:00:00,3501.0,3498.643191159578,3023.995508261679,3973.2908740574767
2018-05-20 05:00:00,4300.0,3812.230259227989,3337.58257633009,4286.877942125888
2018-05-20 06:00:00,4661.0,4143.733866613195,3669.0861837152956,4618.381549511094
2018-05-20 07:00:00,3956.0,4227.432984143677,3752.7853012457776,4702.080667041575
2018-05-20 08:00:00,3932.0,4219.545333028129,3744.89765013023,4694.193015926028
2018-05-20 09:00:00,3920.0,4145.996160819319,3671.34847792142,4620.643843717218
2018-05-20 10:00:00,3938.0,4199.21622806249,3724.568545164591,4673.863910960388
2018-05-20 11:00:00,3768.0,4060.7381606316267,3586.0904777337278,4535.385843529526
2018-05-20 12:00:00,3378.0,3839.2608282646056,3364.6131453667067,4313.9085111625045
2018-05-20 13:00:00,2842.0,3171.862513536441,2697.214830638542,3646.51019643434
2018-05-20 14:00:00,2692.0,2761.3360704312604,2286.6883875333615,3235.9837533291593
2018-05-20 15:00:00,2194.0,2399.1740120092472,1924.5263291113483,2873.821694907146
2018-05-20 16:00:00,1696.0,1938.3842645346087,1463.7365816367098,2413.031947432508
2018-05-20 17:00:00,1107.0,1290.7051727025032,816.0574898046043,1765.352855600402
2018-05-20 18:00:00,652.0,714.8053582632738,240.15767536537487,1189.4530411611727
2018-05-20 19:00:00,350.0,423.53760977942375,0.0,898.1852926773226
2018-05-20 20:00:00,321.0,402.35828328594334,0.0,877.0059661838422
2018-05-20 21:00:00,333.0,386.48092196000147,0.0,861.1286048579004
2018-05-20 22:00:00,860.0,747.0702881385553,272.42260524065637,1221.7179710364542
2018-05-20 23:00:00,2796.0,2685.790415196951,2211.142732299052,3160.43809809485
2018-05-21 00:00:00,5721.0,5511.120251372882,5036.472568474983,5985.767934270782
2018-05-21 01:00:00,6799.0,5951.839236813781,5477.191553915882,6426.4869197116805
2018-05-21 02:00:00,5726.0,5669.988463651935,5195.340780754035,6144.636146549834
2018-05-21 03:00:00,4865.0,4629.044989996347,4154.397307098448,5103.692672894245
2018-05-21 04:00:00,4254.0,4215.755284488046,3741.1076015901467,4690.402967385944
2018-05-21 05:00:00,4454.0,4351.850833066917,3877.2031501690185,4826.498515964817
2018-05-21 06:00:00,4810.0,4848.304187289344,4373.656504391445,5322.951870187242
2018-05-21 07:00:00,2040.0,4875.710672216989,4401.062989319091,5350.358355114888
2018-05-21 08:00:00,4224.0,5298.184691089238,4823.537008191339,5772.8323739871375
2018-05-21 09:00:00,5895.0,5718.573617067512,5243.925934169612,6193.221299965411
2018-05-21 10:00:00,6968.0,6286.839967493014,5812.192284595116,6761.487650390913
2018-05-21 11:00:00,6134.0,5848.441787814051,5373.794104916153,6323.08947071195
2018-05-21 12:00:00,4586.0,4336.883057784993,3862.235374887094,4811.530740682892
2018-05-21 13:00:00,3249.0,2780.6239407457933,2305.9762578478944,3255.2716236436922
2018-05-21 14:00:00,2699.0,2491.354484453192,2016.7068015552932,2966.002167351091
2018-05-21 15:00:00,2318.0,2383.9011648560986,1909.2534819581997,2858.5488477539975
2018-05-21 16:00:00,1668.0,1763.796378298462,1289.1486954005632,2238.444061196361
2018-05-21 17:00:00,1060.0,1121.784110653137,647.1364277552382,1596.431793551036
2018-05-21 18:00:00,554.0,583.3891827635917,108.74149986569284,1058.0368656614905
2018-05-21 19:00:00,333.0,358.80896065016134,0.0,833.4566435480602
2018-05-21 20:00:00,249.0,325.2832768797825,0.0,799.9309597776814
2018-05-21 21:00:00,337.0,390.70782558853176,0.0,865.3555084864306
2018-05-21 22:00:00,886.0,816.4275118562309,341.779828958332,1291.0751947541298
2018-05-21 23:00:00,3026.0,2828.9680829478025,2354.3204000499036,3303.6157658457014
2018-05-22 00:00:00,5875.0,5761.789224343846,5287.141541445948,6236.436907241745
2018-05-22 01:00:00,6019.0,6459.937036388377,5985.289353490478,6934.584719286277
2018-05-22 02:00:00,5752.0,6048.191879355885,5573.544196457986,6522.839562253785
2018-05-22 03:00:00,5085.0,5051.457204077781,4576.809521179883,5526.10488697568
2018-05-22 04:00:00,4450.0,4430.492883396716,3955.845200498817,4905.1405662946145
2018-05-22 05:00:00,4631.0,4636.899447438289,4162.25176454039,5111.547130336188
2018-05-22 06:00:00,4760.0,4850.717789855572,4376.0701069576735,5325.36547275347
2018-05-22 07:00:00,4840.0,4889.300174239372,4414.652491341472,5363.947857137271
2018-05-22 08:00:00,5197.0,5326.744348407478,4852.09666550958,5801.392031305377
2018-05-22 09:00:00,5901.0,5818.080830564567,5343.433147666668,6292.728513462465
2018-05-22 10:00:00,6907.0,6347.585455678762,5872.937772780862,6822.233138576661
2018-05-22 11:00:00,6371.0,6021.75294081821,5547.1052579203115,6496.400623716108
2018-05-22 12:00:00,4649.0,4538.822188234888,4064.174505336989,5013.469871132787
2018-05-22 13:00:00,3367.0,3281.592991981152,2806.945309083253,3756.240674879051
2018-05-22 14:00:00,3028.0,2851.0902346609755,2376.4425517630766,3325.7379175588744
2018-05-22 15:00:00,3047.0,2678.1208352054723,2203.4731523075734,3152.768518103371
2018-05-22 16:00:00,1953.0,2008.2840230165566,1533.6363401186577,2482.9317059144555
2018-05-22 17:00:00,1084.0,1273.8472579512274,799.1995750533285,1748.4949408491264
2018-05-22 18:00:00,599.0,666.0740254134585,191.42634251555955,1140.7217083113574
2018-05-22 19:00:00,363.0,408.3151936814996,0.0,882.9628765793984
2018-05-22 20:00:00,303.0,338.1171772024907,0.0,812.7648601003896
2018-05-22 21:00:00,349.0,379.8133589487894,0.0,854.4610418466883
2018-05-22 22:00:00,919.0,802.9590451088734,328.3113622109745,1277.6067280067723
2018-05-22 23:00:00,2989.0,2810.089627103505,2335.441944205606,3284.737310001404
2018-05-23 00:00:00,5979.0,5739.519251008603,5264.871568110704,6214.166933906501
2018-05-23 01:00:00,6641.0,6640.225994921471,6165.578312023572,7114.873677819371
2018-05-23 02:00:00,5557.0,5948.07728304494,5473.429600147041,6422.724965942838
2018-05-23 03:00:00,5217.0,5222.571446759843,4747.923763861943,5697.219129657742
2018-05-23 04:00:00,4728.0,4594.713996623203,4120.066313725303,5069.361679521102
2018-05-23 05:00:00,4956.0,4869.081719522918,4394.43403662502,5343.729402420817
2018-05-23 06:00:00,4760.0,5078.174338033989,4603.526655136091,5552.822020931888
2018-05-23 07:00:00,4912.0,5117.790477427853,4643.142794529955,5592.438160325752
2018-05-23 08:00:00,5221.0,5468.95505337786,4994.307370479961,5943.6027362757595
2018-05-23 09:00:00,5959.0,5938.601649665886,5463.953966767987,6413.249332563784
2018-05-23 10:00:00,6897.0,6425.386392710788,5950.738709812889,6900.034075608686
2018-05-23 11:00:00,6228.0,5974.97265375645,5500.324970858552,6449.620336654349
2018-05-23 12:00:00,4632.0,4645.0933112289495,4170.44562833105,5119.740994126849
2018-05-23 13:00:00,3359.0,3378.683567818904,2904.035884921005,3853.331250716803
2018-05-23 14:00:00,2993.0,2889.8546995464426,2415.2070166485437,3364.5023824443415
2018-05-23 15:00:00,2888.0,2682.978051110651,2208.330368212752,3157.62573400855
2018-05-23 16:00:00,2028.0,2070.634164163858,1595.986481265959,2545.2818470617567
2018-05-23 17:00:00,1215.0,1316.8511382606134,842.2034553627145,1791.4988211585123
2018-05-23 18:00:00,628.0,771.3658364596299,296.718153561731,1246.0135193575288
2018-05-23 19:00:00,356.0,407.7162632898467,0.0,882.3639461877456
2018-05-23 20:00:00,261.0,346.59246499910125,0.0,821.2401478970002
2018-05-23 21:00:00,363.0,363.99816479752104,0.0,838.6458476954199
2018-05-23 22:00:00,883.0,799.2567361696022,324.60905327170326,1273.904419067501
2018-05-23 23:00:00,3012.0,2804.565611269449,2329.9179283715503,3279.213294167348
2018-05-24 00:00:00,5763.0,5709.081905329069,5234.4342224311695,6183.729588226968
2018-05-24 01:00:00,6298.0,6457.376500901994,5982.728818004096,6932.024183799893
2018-05-24 02:00:00,5695.0,5857.382704916342,5382.7350220184435,6332.03038781424
2018-05-24 03:00:00,5232.0,5158.552259244181,4683.904576346282,5633.1999421420805
2018-05-24 04:00:00,4532.0,4652.768876476936,4178.121193579038,5127.416559374835
2018-05-24 05:00:00,4923.0,4968.172797147712,4493.525114249813,5442.8204800456115
2018-05-24 06:00:00,4969.0,5214.053749757588,4739.4060668596885,5688.701432655487
2018-05-24 07:00:00,5036.0,5137.307399108587,4662.659716210688,5611.955082006485
2018-05-24 08:00:00,5414.0,5486.208635850493,5011.560952952594,5960.856318748392
2018-05-24 09:00:00,6184.0,5856.095662560492,5381.447979662593,6330.743345458392
2018-05-24 10:00:00,6193.0,6335.715373907892,5861.067691009994,6810.363056805791
2018-05-24 11:00:00,6107.0,5914.07518640045,5439.427503502551,6388.722869298348
2018-05-24 12:00:00,4787.0,4629.805635355852,4155.157952457954,5104.453318253751
2018-05-24 13:00:00,3746.0,3350.942378202171,2876.294695304272,3825.5900611000698
2018-05-24 14:00:00,2938.0,2974.2326378258817,2499.584954927983,3448.8803207237806
2018-05-24 15:00:00,2626.0,2985.6891406882883,2511.0414577903894,3460.336823586187
2018-05-24 16:00:00,1938.0,2347.8518240315425,1873.2041411336436,2822.4995069294414
2018-05-24 17:00:00,1261.0,1424.7834014988184,950.1357186009195,1899.4310843967173
2018-05-24 18:00:00,648.0,805.5498404916317,330.9021575937328,1280.1975233895305
2018-05-24 19:00:00,430.0,490.5964484505738,15.9487655526749,965.2441313484727
2018-05-24 20:00:00,300.0,372.1938375837958,0.0,846.8415204816947
2018-05-24 21:00:00,329.0,419.58833840160804,0.0,894.236021299507
2018-05-24 22:00:00,788.0,760.3307494996909,285.683066601792,1234.9784323975898
2018-05-24 23:00:00,2645.0,2674.6906937134854,2200.0430108155865,3149.3383766113843
2018-05-25 00:00:00,5111.0,5502.702234124523,5028.0545512266235,5977.349917022422
2018-05-25 01:00:00,6075.0,6341.740181597732,5867.0924986998325,6816.387864495631
2018-05-25 02:00:00,5206.0,5606.6907314273,5132.043048529402,6081.338414325199
2018-05-25 03:00:00,4859.0,4984.51743252592,4509.869749628022,5459.165115423819
2018-05-25 04:00:00,4534.0,4609.811730113854,4135.164047215954,5084.459413011753
2018-05-25 05:00:00,4928.0,5031.648924105601,4557.001241207701,5506.2966070035
2018-05-25 06:00:00,5139.0,5252.499798503168,4777.852115605268,5727.147481401067
2018-05-25 07:00:00,5148.0,5168.07693389802,4693.429251000121,5642.724616795918
2018-05-25 08:00:00,5403.0,5402.590232051641,4927.942549153742,5877.237914949539
2018-05-25 09:00:00,6083.0,5639.619776517019,5164.972093619121,6114.2674594149175
2018-05-25 10:00:00,5753.0,6155.984687159588,5681.33700426169,6630.632370057487
2018-05-25 11:00:00,4904.0,5584.492289334481,5109.844606436582,6059.13997223238
2018-05-25 12:00:00,4023.0,4523.002655625033,4048.3549727271343,4997.650338522932
2018-05-25 13:00:00,3334.0,3419.1086561737707,2944.4609732758718,3893.7563390716696
2018-05-25 14:00:00,3026.0,3018.436602088074,2543.788919190175,3493.0842849859728
2018-05-25 15:00:00,2953.0,2989.9255931135986,2515.2779102156996,3464.5732760114975
2018-05-25 16:00:00,2863.0,2649.911237263959,2175.26355436606,3124.5589201618577
2018-05-25 17:00:00,1828.0,1955.8433789687442,1481.1956960708453,2430.491061866643
2018-05-25 18:00:00,1300.0,1261.6359836867152,786.9883007888163,1736.2836665846141
2018-05-25 19:00:00,719.0,639.407052884068,164.75936998616908,1114.0547357819669
2018-05-25 20:00:00,579.0,506.6787036926428,32.03102079474388,981.3263865905417
2018-05-25 21:00:00,363.0,450.97735700021735,0.0,925.6250398981163
2018-05-25 22:00:00,376.0,502.98754186123136,28.33985896333246,977.6352247591303
2018-05-25 23:00:00,649.0,745.916630684002,271.2689477861031,1220.564313581901
2018-05-26 00:00:00,1263.0,1369.3396057609336,894.6919228630347,1843.9872886588325
2018-05-26 01:00:00,1690.0,2011.5433851707116,1536.8957022728127,2486.1910680686105
2018-05-26 02:00:00,2392.0,2765.5146964949904,2290.8670135970915,3240.1623793928893
2018-05-26 03:00:00,3360.0,3293.2598642990906,2818.6121814011917,3767.9075471969895
2018-05-26 04:00:00,3540.0,3891.4745486982274,3416.8268658003285,4366.122231596126
2018-05-26 05:00:00,3937.0,4264.197512257526,3789.549829359627,4738.845195155425
2018-05-26 06:00:00,4176.0,4558.7001916049085,4084.0525087070096,5033.347874502808
2018-05-26 07:00:00,4130.0,4357.7998294097615,3883.1521465118626,4832.447512307661
2018-05-26 08:00:00,3887.0,4324.234126616327,3849.5864437184277,4798.881809514225
2018-05-26 09:00:00,3761.0,4339.81038137134,3865.1626984734407,4814.458064269238
2018-05-26 10:00:00,3970.0,4531.99947642058,4057.3517935226814,5006.64715931848
2018-05-26 11:00:00,3858.0,4263.643953098078,3788.996270200179,4738.291635995976
2018-05-26 12:00:00,3714.0,3837.9143466681458,3363.266663770247,4312.562029566045
2018-05-26 13:00:00,2965.0,3138.00075104295,2663.353068145051,3612.648433940849
2018-05-26 14:00:00,2855.0,2725.881456457551,2251.233773559652,3200.52913935545
2018-05-26 15:00:00,2956.0,2899.4201593092207,2424.772476411322,3374.0678422071196
2018-05-26 16:00:00,3036.0,2651.273891566982,2176.626208669083,3125.921574464881
2018-05-26 17:00:00,2141.0,2072.6347956513464,1597.9871127534475,2547.2824785492453
2018-05-26 18:00:00,1633.0,1192.9259970089458,718.2783141110469,1667.5736799068447
2018-05-26 19:00:00,829.0,638.2891881185125,163.64150522061357,1112.9368710164113
2018-05-26 20:00:00,712.0,495.45914736458667,20.811464466687767,970.1068302624856
2018-05-26 21:00:00,486.0,414.3507525206804,0.0,888.9984354185792
2018-05-26 22:00:00,401.0,447.0189428152638,0.0,921.6666257131627
2018-05-26 23:00:00,844.0,545.8739646347982,71.2262817368993,1020.5216475326971
2018-05-27 00:00:00,1192.0,891.6517770640788,417.0040941661799,1366.2994599619778
2018-05-27 01:00:00,1205.0,1088.3589771576335,613.7112942597346,1563.0066600555324
2018-05-27 02:00:00,1819.0,1724.747133359541,1250.0994504616422,2199.3948162574397
2018-05-27 03:00:00,2660.0,2513.42349126937,2038.7758083714712,2988.071174167269
2018-05-27 04:00:00,3431.0,3392.1427200000658,2917.495037102167,3866.7904028979647
2018-05-27 05:00:00,3782.0,3740.146705137341,3265.499022239442,4214.7943880352395
2018-05-27 06:00:00,4190.0,3894.6848081158923,3420.0371252179934,4369.332491013791
2018-05-27 07:00:00,4139.0,4040.8048695857083,3566.1571866878094,4515.452552483607
2018-05-27 08:00:00,3963.0,3941.707121174109,3467.05943827621,4416.354804072008
2018-05-27 09:00:00,3821.0,4067.5228346493045,3592.8751517514056,4542.170517547203
2018-05-27 10:00:00,3739.0,4134.3371420661915,3659.6894591682926,4608.984824964091
2018-05-27 11:00:00,3266.0,3871.570901600868,3396.9232187029693,4346.218584498767
2018-05-27 12:00:00,3127.0,3651.7051606611417,3177.057477763243,4126.352843559041
2018-05-27 13:00:00,2830.0,3126.334842293657,2651.687159395758,3600.982525191556
2018-05-27 14:00:00,2825.0,2639.0831585678584,2164.4354756699595,3113.7308414657573
2018-05-27 15:00:00,2656.0,2426.323398602784,1951.675715704885,2900.971081500683
2018-05-27 16:00:00,2565.0,1981.2297249884825,1506.5820420905836,2455.8774078863817
2018-05-27 17:00:00,1660.0,1163.0291304006473,688.3814475027484,1637.6768132985462
2018-05-27 18:00:00,1088.0,569.8846721924499,95.236989294551,1044.5323550903488
2018-05-27 19:00:00,559.0,433.26099130741017,0.0,907.9086742053091
2018-05-27 20:00:00,440.0,394.9472082722779,0.0,869.5948911701769
2018-05-27 21:00:00,332.0,379.9277513065068,0.0,854.5754342044057
2018-05-27 22:00:00,314.0,704.880753620568,230.23307072266914,1179.528436518467
2018-05-27 23:00:00,488.0,1703.941911134002,1229.2942282361032,2178.589594031901
2018-05-28 00:00:00,882.0,3102.988274610283,2628.340591712384,3577.635957508182
2018-05-28 01:00:00,989.0,4381.070132443787,3906.422449545888,4855.717815341686
2018-05-28 02:00:00,1294.0,4879.9801333074165,4405.332450409518,5354.627816205315
2018-05-28 03:00:00,1873.0,4583.231237865199,4108.583554967299,5057.878920763098
2018-05-28 04:00:00,2576.0,3364.4423575146016,2889.7946746167027,3839.0900404125005
2018-05-28 05:00:00,3037.0,3330.773910241289,2856.12622734339,3805.4215931391877
2018-05-28 06:00:00,3375.0,3785.4938419643363,3310.8461590664374,4260.141524862235
2018-05-28 07:00:00,3611.0,3814.965114782844,3340.317431884945,4289.612797680743
2018-05-28 08:00:00,4032.0,3663.825108281894,3189.177425383995,4138.472791179793
2018-05-28 09:00:00,3812.0,3528.070569797207,3053.422886899308,4002.718252695106
2018-05-28 10:00:00,3810.0,3568.8608791365386,3094.2131962386397,4043.5085620344375
2018-05-28 11:00:00,3822.0,3639.992751153234,3165.3450682553353,4114.640434051133
2018-05-28 12:00:00,3749.0,3431.0307075297615,2956.3830246318626,3905.6783904276604
2018-05-28 13:00:00,3145.0,2784.6969507984727,2310.049267900574,3259.3446336963716
2018-05-28 14:00:00,2611.0,2502.8241823220674,2028.1764994241685,2977.4718652199663
2018-05-28 15:00:00,2338.0,2210.3076946843576,1735.6600117864587,2684.9553775822565
2018-05-28 16:00:00,1936.0,1825.6116626664364,1350.9639797685375,2300.2593455643355
2018-05-28 17:00:00,1141.0,1185.2886498460214,710.6409669481225,1659.9363327439203
2018-05-28 18:00:00,565.0,690.0001041624625,215.35242126456365,1164.6477870603615
2018-05-28 19:00:00,347.0,524.0989124996827,49.45122960178378,998.7465953975816
2018-05-28 20:00:00,239.0,471.5048814190372,0.0,946.1525643169362
2018-05-28 21:00:00,340.0,449.63956912230356,0.0,924.2872520202025
2018-05-28 22:00:00,828.0,800.4280499032491,325.7803670053502,1275.075732801148
2018-05-28 23:00:00,2911.0,2679.141231976853,2204.493549078954,3153.7889148747518
2018-05-29 00:00:00,5723.0,5024.386090379291,4549.738407481393,5499.0337732771895
2018-05-29 01:00:00,6106.0,5741.027181443439,5266.379498545541,6215.6748643413375
2018-05-29 02:00:00,5530.0,5415.229905325799,4940.5822224279,5889.877588223699
2018-05-29 03:00:00,5117.0,4794.807794641768,4320.1601117438695,5269.455477539666
2018-05-29 04:00:00,4530.0,4196.661344628461,3722.013661730562,4671.30902752636
2018-05-29 05:00:00,4436.0,4455.23002158804,3980.5823386901407,4929.877704485938
2018-05-29 06:00:00,4866.0,4581.420858950622,4106.773176052722,5056.068541848521
2018-05-29 07:00:00,4973.0,4625.748501897012,4151.1008189991135,5100.39618479491
2018-05-29 08:00:00,5159.0,5084.78798267408,4610.140299776182,5559.4356655719785
2018-05-29 09:00:00,6018.0,5578.987552648944,5104.339869751046,6053.6352355468425
2018-05-29 10:00:00,6820.0,6103.931910325139,5629.284227427241,6578.579593223038
2018-05-29 11:00:00,5990.0,5819.881895442934,5345.234212545036,6294.529578340833
2018-05-29 12:00:00,4267.0,4458.026481686703,3983.378798788804,4932.674164584601
2018-05-29 13:00:00,3036.0,3280.095719748189,2805.44803685029,3754.743402646088
2018-05-29 14:00:00,2466.0,2810.8448962122766,2336.1972133143777,3285.4925791101755
2018-05-29 15:00:00,2154.0,2587.4705392948413,2112.8228563969424,3062.11822219274
2018-05-29 16:00:00,1595.0,2057.6682094503653,1583.0205265524664,2532.3158923482642
2018-05-29 17:00:00,969.0,1289.274485359535,814.6268024616361,1763.922168257434
2018-05-29 18:00:00,527.0,481.71433894388184,7.066656045982938,956.3620218417807
2018-05-29 19:00:00,351.0,416.279211145791,0.0,890.9268940436899
2018-05-29 20:00:00,306.0,351.67922001801907,0.0,826.326902915918
2018-05-29 21:00:00,329.0,410.20826195299634,0.0,884.8559448508952
2018-05-29 22:00:00,893.0,819.3782795552988,344.73059665739993,1294.0259624531977
2018-05-29 23:00:00,3023.0,2824.381753938857,2349.734071040958,3299.029436836756
2018-05-30 00:00:00,6046.0,5688.661192609335,5214.013509711436,6163.308875507233
2018-05-30 01:00:00,6326.0,6358.944500411843,5884.296817513945,6833.592183309742
2018-05-30 02:00:00,5716.0,5740.621126661746,5265.973443763847,6215.268809559644
2018-05-30 03:00:00,5283.0,4991.284322421086,4516.636639523187,5465.932005318984
2018-05-30 04:00:00,4554.0,4695.35542412037,4220.707741222472,5170.003107018269
2018-05-30 05:00:00,4744.0,4760.552533092126,4285.904850194227,5235.200215990026
2018-05-30 06:00:00,4923.0,4905.79626484721,4431.148581949312,5380.443947745109
2018-05-30 07:00:00,4823.0,4983.9666740999955,4509.318991202097,5458.614356997894
2018-05-30 08:00:00,5343.0,5337.836669333962,4863.188986436064,5812.484352231861
2018-05-30 09:00:00,6062.0,5828.06051713823,5353.412834240331,6302.70820003613
2018-05-30 10:00:00,7042.0,6289.009563569873,5814.361880671973,6763.657246467772
2018-05-30 11:00:00,6429.0,6008.8430746044005,5534.195391706502,6483.490757502299
2018-05-30 12:00:00,4621.0,4557.924181360583,4083.2764984626842,5032.571864258482
2018-05-30 13:00:00,3555.0,3205.5924902007355,2730.9448073028366,3680.2401730986344
2018-05-30 14:00:00,2788.0,2879.679744343684,2405.032061445785,3354.327427241583
2018-05-30 15:00:00,2612.0,2672.1890258663707,2197.541342968472,3146.8367087642696
2018-05-30 16:00:00,1932.0,1960.2350161086138,1485.5873332107149,2434.8826990065127
2018-05-30 17:00:00,1233.0,1273.2203064844468,798.5726235865479,1747.8679893823457
2018-05-30 18:00:00,695.0,561.9972463083519,87.34956341045302,1036.6449292062507
2018-05-30 19:00:00,382.0,468.7289388056732,0.0,943.376621703572
2018-05-30 20:00:00,307.0,352.2553334399237,0.0,826.9030163378226
2018-05-30 21:00:00,343.0,400.7345551691683,0.0,875.3822380670672
2018-05-30 22:00:00,922.0,784.8504987169769,310.20281581907795,1259.4981816148756
2018-05-30 23:00:00,3013.0,2816.7304127051675,2342.0827298072686,3291.3780956030664
2018-05-31 00:00:00,6007.0,5653.523646267886,5178.8759633699865,6128.171329165785
2018-05-31 01:00:00,6420.0,6370.008096279263,5895.360413381364,6844.655779177161
2018-05-31 02:00:00,5912.0,5850.106123470715,5375.4584405728165,6324.753806368613
2018-05-31 03:00:00,5313.0,5023.756881159295,4549.109198261396,5498.404564057193
2018-05-31 04:00:00,4734.0,4792.237740874358,4317.590057976458,5266.885423772257
2018-05-31 05:00:00,5008.0,4961.669945674323,4487.022262776423,5436.317628572222
2018-05-31 06:00:00,5031.0,5123.00298834876,4648.355305450861,5597.650671246658
2018-05-31 07:00:00,5199.0,5111.516606156801,4636.868923258902,5586.164289054699
2018-05-31 08:00:00,5407.0,5469.196359853117,4994.548676955219,5943.844042751016
2018-05-31 09:00:00,5950.0,5900.238433279127,5425.590750381229,6374.8861161770255
2018-05-31 10:00:00,6860.0,6471.6823253838,5997.034642485902,6946.330008281699
2018-05-31 11:00:00,6358.0,6161.832080897921,5687.184398000021,6636.47976379582
2018-05-31 12:00:00,5042.0,4772.8792497066115,4298.231566808712,5247.526932604511
2018-05-31 13:00:00,3671.0,3504.0022175192817,3029.3545346213828,3978.6499004171806
2018-05-31 14:00:00,3037.0,3037.5155811698755,2562.8678982719766,3512.1632640677744
2018-05-31 15:00:00,3102.0,2934.272456533714,2459.624773635815,3408.920139431613
2018-05-31 16:00:00,2222.0,2524.9564809913663,2050.3087980934674,2999.6041638892652
2018-05-31 17:00:00,1446.0,1377.8277268217134,903.1800439238145,1852.4754097196123
2018-05-31 18:00:00,786.0,748.127529981934,273.4798470840351,1222.775212879833
2018-05-31 19:00:00,497.0,472.85183235527035,0.0,947.4995152531692
2018-05-31 20:00:00,346.0,381.0573502809711,0.0,855.70503317887
2018-05-31 21:00:00,395.0,398.2701590231734,0.0,872.9178419210723
2018-05-31 22:00:00,872.0,780.8948701759721,306.24718727807317,1255.542553073871
2018-05-31 23:00:00,2965.0,2639.302977457204,2164.6552945593053,3113.950660355103
2018-06-01 00:00:00,5345.0,5525.733920738365,5051.086237840465,6000.381603636264
2018-06-01 01:00:00,6658.0,5961.181692689262,5486.534009791363,6435.82937558716
2018-06-01 02:00:00,5639.0,5495.998581475476,5021.350898577577,5970.646264373376
2018-06-01 03:00:00,5132.0,5188.737989111794,4714.090306213895,5663.385672009694
2018-06-01 04:00:00,4739.0,4914.43673174499,4439.789048847091,5389.084414642888
2018-06-01 05:00:00,5043.0,5221.138960380793,4746.491277482894,5695.786643278692
2018-06-01 06:00:00,5387.0,5412.872372728944,4938.224689831046,5887.520055626843
2018-06-01 07:00:00,5381.0,5349.009491715957,4874.361808818057,5823.657174613856
2018-06-01 08:00:00,5742.0,5623.950056540867,5149.302373642968,6098.597739438766
2018-06-01 09:00:00,6352.0,5796.0995946454805,5321.451911747581,6270.74727754338
2018-06-01 10:00:00,6860.0,6342.639826715893,5867.992143817994,6817.287509613792
2018-06-01 11:00:00,5983.0,5780.743981833839,5306.09629893594,6255.391664731738
2018-06-01 12:00:00,4926.0,4738.16095226971,4263.5132693718115,5212.808635167608
2018-06-01 13:00:00,3804.0,3660.954228538248,3186.306545640349,4135.601911436147
2018-06-01 14:00:00,3446.0,3127.154388277629,2652.50670537973,3601.802071175528
2018-06-01 15:00:00,3519.0,3073.71075957945,2599.063076681551,3548.358442477349
2018-06-01 16:00:00,2865.0,2784.470342274831,2309.8226593769323,3259.11802517273
2018-06-01 17:00:00,2218.0,2072.233790792957,1597.586107895058,2546.8814736908557
2018-06-01 18:00:00,1601.0,1454.4107188275646,979.7630359296656,1929.0584017254635
2018-06-01 19:00:00,830.0,818.2926023782825,343.6449194803836,1292.9402852761814
2018-06-01 21:00:00,446.0,565.3722085893735,90.72452569147458,1040.0198914872724
2018-06-01 22:00:00,424.0,555.415337851185,80.76765495328607,1030.063020749084
2018-06-01 23:00:00,746.0,894.9758622759266,420.3281793780277,1369.6235451738255
2018-06-02 00:00:00,1385.0,1553.2372894463574,1078.5896065484585,2027.8849723442563
2018-06-02 01:00:00,1928.0,2164.7255525875985,1690.0778696896996,2639.3732354854974
2018-06-02 03:00:00,3707.0,3856.9595785523825,3382.3118956544836,4331.607261450281
2018-06-02 04:00:00,3864.0,4230.183538511774,3755.535855613875,4704.831221409673
2018-06-02 05:00:00,4260.0,4583.171550891321,4108.523867993423,5057.81923378922
2018-06-02 06:00:00,4671.0,4868.054865615723,4393.407182717825,5342.702548513622
2018-06-02 07:00:00,4741.0,4724.906287855957,4250.258604958059,5199.5539707538555
2018-06-02 08:00:00,4896.0,4619.131002097987,4144.483319200088,5093.778684995887
2018-06-02 09:00:00,4509.0,4616.012351997064,4141.3646690991645,5090.660034894963
2018-06-02 10:00:00,4560.0,4558.876504499174,4084.2288216012753,5033.524187397074
2018-06-02 11:00:00,4221.0,4388.0812413397,3913.433558441801,4862.728924237599
2018-06-02 12:00:00,4013.0,4274.387458537768,3799.739775639869,4749.035141435666
2018-06-02 13:00:00,3480.0,3508.2567059335533,3033.6090230356544,3982.9043888314523
2018-06-02 14:00:00,3074.0,3068.4024765112026,2593.7547936133037,3543.0501594091015
2018-06-02 15:00:00,2905.0,3106.3337316920365,2631.6860487941376,3580.9814145899354
2018-06-02 16:00:00,2808.0,3017.789364719975,2543.141681822076,3492.4370476178738
2018-06-02 17:00:00,2103.0,2163.378996958404,1688.7313140605052,2638.026679856303
2018-06-02 18:00:00,1516.0,1487.1595932098428,1012.5119103119439,1961.8072761077417
2018-06-02 19:00:00,905.0,780.9480429094586,306.30036001155975,1255.5957258073577
2018-06-02 20:00:00,647.0,544.4799885243993,69.83230562650044,1019.1276714222982
2018-06-02 21:00:00,477.0,434.17635984227405,0.0,908.8240427401729
2018-06-02 22:00:00,419.0,468.6955994431129,0.0,943.3432823410118
2018-06-02 23:00:00,643.0,642.9727740854031,168.3250911875042,1117.6204569833021
2018-06-03 00:00:00,1103.0,998.9086454688835,524.2609625709846,1473.5563283667825
2018-06-03 01:00:00,1519.0,1264.779335938438,790.131653040539,1739.4270188363369
2018-06-03 02:00:00,2380.0,1870.465795694795,1395.818112796896,2345.113478592694
2018-06-03 03:00:00,3350.0,2728.926778253792,2254.279095355893,3203.5744611516907
2018-06-03 04:00:00,3820.0,3546.819795565783,3072.172112667884,4021.467478463682
2018-06-03 05:00:00,4453.0,3936.6370613481827,3461.9893784502838,4411.284744246082
2018-06-03 06:00:00,4858.0,4144.409309989791,3669.761627091892,4619.05699288769
2018-06-03 07:00:00,4563.0,4312.881611462123,3838.2339285642242,4787.529294360022
2018-06-03 08:00:00,4458.0,4278.242933878846,3803.595250980947,4752.890616776745
2018-06-03 09:00:00,4554.0,4321.651430242527,3847.0037473446278,4796.299113140425
2018-06-03 10:00:00,4547.0,4322.797531107064,3848.149848209165,4797.445214004963
2018-06-03 11:00:00,4262.0,4150.685831063098,3676.038148165199,4625.333513960997
2018-06-03 12:00:00,3972.0,3937.9942014406824,3463.3465185427835,4412.641884338582
2018-06-03 13:00:00,3527.0,3508.1099697146124,3033.4622868167135,3982.7576526125113
2018-06-03 14:00:00,3043.0,2873.16863126986,2398.520948371961,3347.8163141677587
2018-06-03 15:00:00,2490.0,2608.1018523337534,2133.4541694358545,3082.7495352316523
2018-06-03 16:00:00,2051.0,2200.811149439849,1726.1634665419501,2675.458832337748
2018-06-03 17:00:00,1166.0,1204.6917541711232,730.0440712732243,1679.339437069022
2018-06-03 18:00:00,667.0,745.3397510062484,270.69206810834953,1219.9874339041473
2018-06-03 19:00:00,377.0,489.93599073343984,15.288307835540934,964.5836736313388
2018-06-03 20:00:00,285.0,410.06923831890407,0.0,884.716921216803
2018-06-03 21:00:00,375.0,399.5935483307485,0.0,874.2412312286474
2018-06-03 22:00:00,928.0,718.7078160990125,244.06013320111356,1193.3554989969114
2018-06-03 23:00:00,3021.0,2684.9235390790886,2210.2758561811897,3159.5712219769875
2018-06-04 00:00:00,5765.0,5577.237132829574,5102.589449931675,6051.884815727473
2018-06-04 01:00:00,6081.0,6330.0600500079245,5855.412367110026,6804.707732905823
2018-06-04 02:00:00,5546.0,5824.873280779636,5350.2255978817375,6299.520963677534
2018-06-04 03:00:00,5108.0,4930.380074710172,4455.732391812273,5405.027757608072
2018-06-04 04:00:00,4334.0,4449.81563269033,3975.167949792431,4924.463315588229
2018-06-04 05:00:00,4489.0,4686.830995542736,4212.183312644836,5161.478678440635
2018-06-04 06:00:00,4741.0,4790.312727274925,4315.665044377027,5264.960410172824
2018-06-04 07:00:00,4873.0,4864.822673654727,4390.174990756828,5339.470356552625
2018-06-04 08:00:00,5170.0,5116.809203385739,4642.16152048784,5591.456886283639
2018-06-04 09:00:00,5797.0,5635.973968006839,5161.32628510894,6110.621650904737
2018-06-04 10:00:00,7024.0,6228.677101285969,5754.029418388071,6703.324784183867
2018-06-04 11:00:00,6234.0,5925.164104910932,5450.516422013034,6399.811787808831
2018-06-04 12:00:00,4374.0,4357.625466694294,3882.977783796395,4832.273149592193
2018-06-04 13:00:00,3279.0,3179.860010625652,2705.2123277277533,3654.507693523551
2018-06-04 14:00:00,2941.0,2705.5254657982796,2230.8777829003807,3180.1731486961785
2018-06-04 15:00:00,2776.0,2494.6152357175033,2019.9675528196044,2969.262918615402
2018-06-04 16:00:00,1871.0,1809.7578921801241,1335.1102092822252,2284.405575078023
2018-06-04 17:00:00,1115.0,1160.5442750738862,685.8965921759873,1635.191957971785
2018-06-04 18:00:00,635.0,597.4352176523354,122.78753475443648,1072.0829005502342
2018-06-04 19:00:00,399.0,397.2330938577234,0.0,871.8807767556223
2018-06-04 20:00:00,297.0,340.86638461812663,0.0,815.5140675160255
2018-06-04 21:00:00,355.0,359.82420488659193,0.0,834.4718877844908
2018-06-04 22:00:00,952.0,847.7455556178968,373.0978727199979,1322.3932385157957
2018-06-04 23:00:00,3078.0,2951.761044211102,2477.1133613132033,3426.408727109001
2018-06-05 00:00:00,5970.0,5810.058185545206,5335.410502647306,6284.705868443105
2018-06-05 01:00:00,5972.0,6536.64370823914,6061.996025341241,7011.29139113704
2018-06-05 02:00:00,5645.0,6092.556129514706,5617.908446616808,6567.203812412605
2018-06-05 03:00:00,5046.0,5205.55634120693,4730.90865830903,5680.204024104829
2018-06-05 04:00:00,4592.0,4627.836096565049,4153.188413667151,5102.4837794629475
2018-06-05 05:00:00,4778.0,4825.650348702319,4351.002665804421,5300.298031600218
2018-06-05 06:00:00,5256.0,5128.798357573456,4654.150674675557,5603.446040471355
2018-06-05 07:00:00,5285.0,5143.563319394272,4668.915636496373,5618.2110022921715
2018-06-05 08:00:00,5340.0,5455.795565684553,4981.147882786654,5930.443248582453
2018-06-05 09:00:00,6102.0,5945.735437013427,5471.087754115528,6420.3831199113265
2018-06-05 10:00:00,7037.0,6372.924054450871,5898.276371552973,6847.57173734877
2018-06-05 11:00:00,6431.0,6007.987664832696,5533.339981934798,6482.635347730595
2018-06-05 12:00:00,4582.0,4690.40889749403,4215.76121459613,5165.056580391929
2018-06-05 13:00:00,3510.0,3393.9971043653964,2919.3494214674975,3868.6447872632953
2018-06-05 14:00:00,3012.0,2954.7697041957726,2480.1220212978737,3429.4173870936716
2018-06-05 15:00:00,2754.0,2785.0353477843373,2310.3876648864384,3259.683030682236
2018-06-05 16:00:00,2212.0,1969.8263238600116,1495.1786409621127,2444.4740067579105
2018-06-05 17:00:00,1227.0,1318.4099129771917,843.7622300792927,1793.0575958750906
2018-06-05 18:00:00,663.0,696.9787234773407,222.33104057944183,1171.6264063752396
2018-06-05 19:00:00,415.0,438.17027460589577,0.0,912.8179575037947
2018-06-05 20:00:00,318.0,355.67344538005966,0.0,830.3211282779586
2018-06-05 21:00:00,362.0,430.4634944856557,0.0,905.1111773835546
2018-06-05 22:00:00,934.0,845.088031831714,370.44034893381513,1319.735714729613
2018-06-05 23:00:00,2980.0,2949.771867978849,2475.12418508095,3424.419550876748
2018-06-06 00:00:00,5195.0,5615.8698250358,5141.222142137902,6090.517507933699
2018-06-06 01:00:00,6083.0,6575.420100803058,6100.772417905158,7050.067783700957
2018-06-06 02:00:00,5301.0,6082.51938163918,5607.871698741281,6557.16706453708
2018-06-06 03:00:00,5324.0,5298.742540675296,4824.094857777398,5773.390223573195
2018-06-06 04:00:00,4621.0,4771.5888825137745,4296.941199615876,5246.236565411673
2018-06-06 05:00:00,4915.0,5005.935085867106,4531.287402969207,5480.582768765005
2018-06-06 06:00:00,5098.0,5230.111826604477,4755.464143706578,5704.759509502375
2018-06-06 07:00:00,4799.0,5206.325686470114,4731.678003572215,5680.973369368014
2018-06-06 08:00:00,5226.0,5479.267825368489,5004.6201424705905,5953.915508266387
2018-06-06 09:00:00,6264.0,5739.880568808182,5265.232885910284,6214.5282517060805
2018-06-06 10:00:00,6925.0,6283.274537432959,5808.6268545350595,6757.922220330858
2018-06-06 11:00:00,6637.0,6025.325497352897,5550.677814454999,6499.973180250796
2018-06-06 12:00:00,5055.0,4687.869517925246,4213.221835027347,5162.517200823146
2018-06-06 13:00:00,3648.0,3309.6409981956986,2834.9933152977997,3784.2886810935975
2018-06-06 14:00:00,3157.0,2992.503774839997,2517.856091942098,3467.1514577378957
2018-06-06 15:00:00,2723.0,2726.6449754948717,2251.997292596973,3201.2926583927706
2018-06-06 16:00:00,2224.0,2064.5052788238813,1589.8575959259824,2539.1529617217802
2018-06-06 17:00:00,1303.0,1339.3827483546534,864.7350654567545,1814.0304312525523
2018-06-06 18:00:00,685.0,790.4094942741867,315.7618113762878,1265.0571771720856
2018-06-06 19:00:00,439.0,496.1731016118448,21.525418713945896,970.8207845097437
2018-06-06 20:00:00,328.0,371.10946758371756,0.0,845.7571504816165
2018-06-06 21:00:00,380.0,430.27781957038536,0.0,904.9255024682843
2018-06-06 22:00:00,977.0,819.2416738662346,344.5939909683357,1293.8893567641335
2018-06-06 23:00:00,3018.0,2949.455362822307,2474.807679924408,3424.103045720206
2018-06-07 00:00:00,5885.0,5644.869083991949,5170.22140109405,6119.516766889848
2018-06-07 01:00:00,6097.0,6453.918329473813,5979.270646575915,6928.566012371712
2018-06-07 02:00:00,5871.0,5912.011622768221,5437.363939870322,6386.65930566612
2018-06-07 03:00:00,5136.0,5083.638456664291,4608.9907737663925,5558.286139562189
2018-06-07 04:00:00,4691.0,4775.866991695038,4301.219308797139,5250.514674592938
2018-06-07 05:00:00,5168.0,5019.992712206517,4545.345029308619,5494.640395104416
2018-06-07 06:00:00,5220.0,5317.0295431658515,4842.381860267953,5791.67722606375
2018-06-07 07:00:00,5094.0,5271.985086710332,4797.337403812433,5746.632769608232
2018-06-07 08:00:00,5399.0,5659.387522236348,5184.739839338448,6134.035205134247
2018-06-07 09:00:00,6202.0,5995.679455148397,5521.031772250499,6470.327138046296
2018-06-07 10:00:00,6858.0,6320.0600429602555,5845.412360062357,6794.707725858154
2018-06-07 11:00:00,6286.0,6018.490966671032,5543.8432837731325,6493.138649568931
2018-06-07 12:00:00,4858.0,4914.0659242862,4439.418241388301,5388.7136071841
2018-06-07 13:00:00,3715.0,3636.3235235998495,3161.6758407019506,4110.971206497748
2018-06-07 14:00:00,3222.0,3167.2632409453877,2692.615558047489,3641.9109238432866
2018-06-07 15:00:00,2912.0,3072.404159566555,2597.756476668656,3547.051842464454
2018-06-07 16:00:00,2215.0,2543.636690002311,2068.989007104412,3018.2843729002097
2018-06-07 17:00:00,1398.0,1509.8808895946495,1035.2332066967506,1984.5285724925484
2018-06-07 18:00:00,800.0,878.0236867177504,403.37600381985146,1352.6713696156494
2018-06-07 19:00:00,480.0,519.4622704478909,44.814587549991984,994.1099533457898
2018-06-07 20:00:00,354.0,379.613265802119,0.0,854.2609487000179
2018-06-07 21:00:00,364.0,465.54145085899796,0.0,940.1891337568968
2018-06-07 22:00:00,884.0,796.1579262129638,321.51024331506494,1270.8056091108629
2018-06-07 23:00:00,2793.0,2778.3827781047753,2303.7350952068764,3253.030461002674
2018-06-08 00:00:00,5554.0,5638.600546213662,5163.952863315762,6113.248229111561
2018-06-08 01:00:00,6584.0,6243.020074479077,5768.372391581179,6717.667757376976
2018-06-08 02:00:00,5442.0,5699.6437508867475,5224.996067988848,6174.291433784647
2018-06-08 03:00:00,5011.0,5221.7886213220545,4747.140938424156,5696.436304219953
2018-06-08 04:00:00,4681.0,4941.169707131728,4466.522024233829,5415.817390029626
2018-06-08 05:00:00,4996.0,5250.200623456075,4775.5529405581765,5724.848306353973
2018-06-08 06:00:00,5415.0,5526.714594881893,5052.066911983995,6001.362277779792
2018-06-08 07:00:00,5563.0,5471.017187683698,4996.369504785798,5945.664870581597
2018-06-08 08:00:00,5936.0,5747.3531725714865,5272.705489673588,6222.000855469385
2018-06-08 09:00:00,6290.0,5968.675875335135,5494.028192437236,6443.323558233034
2018-06-08 10:00:00,6727.0,6309.171232991473,5834.523550093574,6783.818915889371
2018-06-08 11:00:00,5865.0,5782.066656066688,5307.418973168789,6256.714338964586
2018-06-08 12:00:00,4959.0,4703.98428285222,4229.33659995432,5178.631965750119
2018-06-08 13:00:00,3792.0,3656.3407090145406,3181.6930261166417,4130.9883919124395
2018-06-08 14:00:00,3251.0,3178.9078725944046,2704.2601896965057,3653.5555554923035
2018-06-08 15:00:00,3050.0,3168.247857298426,2693.600174400527,3642.895540196325
2018-06-08 16:00:00,3360.0,2769.1584166646544,2294.5107337667555,3243.8060995625533
2018-06-08 17:00:00,2903.0,2201.4838419695193,1726.8361590716204,2676.131524867418
2018-06-08 18:00:00,1511.0,1400.9172210319489,926.26953813405,1875.5649039298478
2018-06-08 19:00:00,1110.0,809.5006178620642,334.85293496416534,1284.1483007599631
2018-06-08 20:00:00,866.0,553.373195864853,78.72551296695406,1028.0208787627519
2018-06-08 21:00:00,614.0,488.4974843335993,13.849801435700385,963.1451672314981
2018-06-08 22:00:00,517.0,551.0874514976362,76.43976859973725,1025.7351343955352
2018-06-08 23:00:00,795.0,909.2225870054009,434.574904107502,1383.8702699032997
2018-06-09 00:00:00,1398.0,1518.9753200570412,1044.3276371591423,1993.6230029549401
2018-06-09 01:00:00,2172.0,2137.773005318966,1663.1253224210673,2612.420688216865
2018-06-09 02:00:00,2686.0,3215.6865447676287,2741.0388618697298,3690.3342276655276
2018-06-09 03:00:00,3367.0,3961.748201062303,3487.100518164404,4436.395883960202
2018-06-09 04:00:00,3684.0,4428.728888026327,3954.081205128428,4903.376570924225
2018-06-09 05:00:00,4085.0,4700.254698903756,4225.607016005857,5174.902381801656
2018-06-09 06:00:00,4257.0,4845.000288252983,4370.352605355085,5319.647971150882
2018-06-09 07:00:00,4186.0,4772.678928841379,4298.031245943481,5247.326611739278
2018-06-09 08:00:00,4196.0,4696.530339048547,4221.8826561506485,5171.178021946445
2018-06-09 09:00:00,3957.0,4641.8229666698435,4167.175283771945,5116.470649567742
2018-06-09 10:00:00,3940.0,4634.501134456703,4159.8534515588035,5109.148817354602
2018-06-09 11:00:00,3589.0,4521.714500006754,4047.066817108855,4996.362182904653
2018-06-09 12:00:00,3571.0,4124.666394018596,3650.0187111206974,4599.314076916495
2018-06-09 13:00:00,3128.0,3447.6735162986542,2973.0258334007553,3922.321199196553
2018-06-09 14:00:00,2782.0,2888.272549959533,2413.624867061634,3362.920232857432
2018-06-09 15:00:00,2835.0,2936.722748274004,2462.075065376105,3411.370431171903
2018-06-09 16:00:00,2863.0,2857.728283785808,2383.080600887909,3332.375966683707
2018-06-09 17:00:00,1928.0,2079.8926261306397,1605.2449432327408,2554.5403090285386
2018-06-09 18:00:00,1226.0,1409.5593763523038,934.9116934544049,1884.2070592502027
2018-06-09 19:00:00,777.0,714.0571013157577,239.40941841785877,1188.7047842136567
2018-06-09 20:00:00,570.0,510.98438812430385,36.336705226404945,985.6320710222028
2018-06-09 21:00:00,350.0,441.1962028911363,0.0,915.8438857890352
2018-06-09 22:00:00,293.0,474.8033001721999,0.1556172743009938,949.4509830700988
2018-06-09 23:00:00,427.0,649.9633342075347,175.31565130963577,1124.6110171054336
2018-06-10 00:00:00,808.0,1045.7538764520637,571.1061935541647,1520.4015593499626
2018-06-10 01:00:00,1012.0,1335.5796435808686,860.9319606829697,1810.2273264787675
2018-06-10 02:00:00,1617.0,1949.050522608065,1474.402839710166,2423.698205505964
2018-06-10 03:00:00,2417.0,2723.5645767115107,2248.9168938136118,3198.2122596094096
2018-06-10 04:00:00,3075.0,3440.190270447778,2965.542587549879,3914.837953345677
2018-06-10 05:00:00,3656.0,3758.2130356140156,3283.5653527161166,4232.8607185119145
2018-06-10 06:00:00,3993.0,4077.587292462456,3602.939609564557,4552.234975360355
2018-06-10 07:00:00,3888.0,4074.419589856951,3599.771906959052,4549.06727275485
2018-06-10 08:00:00,4125.0,4022.077744598157,3547.430061700258,4496.725427496056
2018-06-10 09:00:00,4062.0,3981.430906554379,3506.78322365648,4456.078589452278
2018-06-10 10:00:00,3901.0,4069.9280493525807,3595.280366454682,4544.57573225048
2018-06-10 11:00:00,3584.0,3945.5172064366234,3470.8695235387245,4420.164889334523
2018-06-10 12:00:00,3477.0,3717.3497310902535,3242.7020481923546,4191.997413988152
2018-06-10 13:00:00,3010.0,3196.751646351088,2722.103963453189,3671.3993292489868
2018-06-10 14:00:00,2979.0,2750.302853899833,2275.655171001934,3224.9505367977317
2018-06-10 15:00:00,2353.0,2512.0442234296274,2037.3965405317285,2986.6919063275263
2018-06-10 16:00:00,1834.0,1916.9843794526398,1442.336696554741,2391.632062350539
2018-06-10 17:00:00,1101.0,1341.0110168837004,866.3633339858015,1815.6586997815994
2018-06-10 18:00:00,642.0,755.1733236797897,280.52564078189084,1229.8210065776886
2018-06-10 19:00:00,396.0,498.3197588990323,23.672076001133405,972.9674417969312
2018-06-10 20:00:00,291.0,412.8209978242074,0.0,887.4686807221062
2018-06-10 21:00:00,310.0,405.13815556818633,0.0,879.7858384660852
2018-06-10 22:00:00,873.0,729.9800606628731,255.33237776497424,1204.6277435607722
2018-06-10 23:00:00,2947.0,2644.269138115136,2169.621455217237,3118.9168210130347
2018-06-11 00:00:00,5476.0,4816.300710462537,4341.653027564638,5290.948393360435
2018-06-11 01:00:00,6336.0,5374.571586111041,4899.923903213143,5849.21926900894
2018-06-11 02:00:00,5676.0,5392.729330558407,4918.081647660509,5867.377013456306
2018-06-11 03:00:00,4588.0,4415.59189141563,3940.944208517731,4890.239574313529
2018-06-11 04:00:00,4270.0,3958.1855980391,3483.537915141201,4432.833280936999
2018-06-11 05:00:00,4435.0,4143.581213960826,3668.933531062927,4618.228896858725
2018-06-11 06:00:00,4763.0,4734.189744042469,4259.54206114457,5208.8374269403685
2018-06-11 07:00:00,4658.0,4761.141657744823,4286.493974846924,5235.789340642721
2018-06-11 08:00:00,4923.0,5141.134108418191,4666.486425520292,5615.781791316091
2018-06-11 09:00:00,5691.0,5433.307576049201,4958.659893151302,5907.9552589471
2018-06-11 10:00:00,6556.0,6227.543924096706,5752.896241198807,6702.1916069946055
2018-06-11 11:00:00,5922.0,5666.437779799296,5191.790096901397,6141.085462697194
2018-06-11 12:00:00,4512.0,4197.407036728232,3722.759353830333,4672.0547196261305
2018-06-11 13:00:00,3078.0,3045.1828836605555,2570.5352007626566,3519.8305665584544
2018-06-11 14:00:00,2611.0,2564.55453238037,2089.906849482471,3039.202215278269
2018-06-11 15:00:00,2240.0,2396.0320680588707,1921.3843851609718,2870.6797509567696
2018-06-11 16:00:00,1861.0,1810.8708922038513,1336.2232093059524,2285.5185751017502
2018-06-11 17:00:00,1109.0,1169.0529537139362,694.4052708160373,1643.700636611835
2018-06-11 18:00:00,621.0,602.0199533881763,127.3722704902774,1076.6676362860753
2018-06-11 19:00:00,396.0,394.7425818252215,0.0,869.3902647231205
2018-06-11 20:00:00,314.0,337.7425377176117,0.0,812.3902206155105
2018-06-11 21:00:00,362.0,400.62635831380925,0.0,875.2740412117082
2018-06-11 22:00:00,912.0,850.6133722220792,375.9656893241803,1325.2610551199782
2018-06-11 23:00:00,3013.0,2910.6305855668506,2435.9829026689517,3385.2782684647495
2018-06-12 00:00:00,5905.0,5641.750851845787,5167.103168947888,6116.3985347436865
2018-06-12 01:00:00,6283.0,6298.240953129961,5823.593270232062,6772.888636027859
2018-06-12 02:00:00,5656.0,5940.092591354362,5465.444908456464,6414.740274252261
2018-06-12 03:00:00,4948.0,5127.21199798936,4652.56431509146,5601.859680887259
2018-06-12 04:00:00,4574.0,4434.997492610442,3960.3498097125434,4909.645175508342
2018-06-12 05:00:00,4531.0,4670.574234909779,4195.926552011881,5145.2219178076775
2018-06-12 06:00:00,4911.0,4976.655299992477,4502.007617094578,5451.302982890376
2018-06-12 07:00:00,4777.0,4970.0434551798635,4495.395772281965,5444.691138077762
2018-06-12 08:00:00,5185.0,5347.992769222578,4873.34508632468,5822.640452120477
2018-06-12 09:00:00,6092.0,5928.372289771472,5453.724606873573,6403.019972669372
2018-06-12 10:00:00,6777.0,6435.6583269536895,5961.01064405579,6910.306009851589
2018-06-12 11:00:00,6366.0,5914.448658080376,5439.8009751824775,6389.096340978274
2018-06-12 12:00:00,4701.0,4554.030308158695,4079.3826252607964,5028.677991056595
2018-06-12 13:00:00,3235.0,3259.183449694431,2784.5357667965322,3733.83113259233
2018-06-12 14:00:00,2975.0,2858.415141085466,2383.767458187567,3333.062823983365
2018-06-12 15:00:00,2990.0,2691.6801882547866,2217.0325053568877,3166.3278711526855
2018-06-12 16:00:00,2332.0,2014.2606457853178,1539.612962887419,2488.9083286832165
2018-06-12 17:00:00,1250.0,1300.983674122571,826.3359912246722,1775.63135702047
2018-06-12 18:00:00,684.0,698.9871982909659,224.33951539306702,1173.6348811888647
2018-06-12 19:00:00,439.0,430.30725393067434,0.0,904.9549368285732
2018-06-12 20:00:00,328.0,351.0111607507307,0.0,825.6588436486296
2018-06-12 21:00:00,387.0,452.1287885357822,0.0,926.7764714336811
2018-06-12 22:00:00,922.0,835.9269895747289,361.27930667682995,1310.5746724726278
2018-06-12 23:00:00,3022.0,2928.4958525549173,2453.8481696570184,3403.143535452816
2018-06-13 00:00:00,5767.0,5733.212993476808,5258.56531057891,6207.860676374707
2018-06-13 01:00:00,6127.0,6323.575149348303,5848.927466450405,6798.2228322462015
2018-06-13 02:00:00,5664.0,5900.465446930733,5425.817764032834,6375.113129828633
2018-06-13 03:00:00,5157.0,5213.210593937098,4738.562911039198,5687.858276834997
2018-06-13 04:00:00,4579.0,4630.061959852265,4155.414276954367,5104.709642750164
2018-06-13 05:00:00,4687.0,4918.738957292248,4444.09127439435,5393.386640190147
2018-06-13 06:00:00,5110.0,5142.522536655772,4667.874853757872,5617.170219553671
2018-06-13 07:00:00,4998.0,5102.78283600239,4628.135153104491,5577.430518900288
2018-06-13 08:00:00,5227.0,5434.316252315681,4959.668569417781,5908.96393521358
2018-06-13 09:00:00,6188.0,5842.066677376637,5367.418994478738,6316.714360274536
2018-06-13 10:00:00,6781.0,6335.310271412045,5860.662588514146,6809.957954309944
2018-06-13 11:00:00,5644.0,5998.608158323026,5523.960475425127,6473.2558412209255
2018-06-13 12:00:00,4617.0,4635.13299875676,4160.485315858861,5109.780681654658
2018-06-13 13:00:00,3560.0,3354.999693944026,2880.3520110461272,3829.647376841925
2018-06-13 14:00:00,3277.0,2960.7885900868046,2486.1409071889057,3435.4362729847035
2018-06-13 15:00:00,2777.0,2750.7121374898143,2276.0644545919154,3225.359820387713
2018-06-13 16:00:00,2123.0,2041.342613224291,1566.694930326392,2515.9902961221896
2018-06-13 17:00:00,1283.0,1313.2509235776213,838.6032406797224,1787.8986064755202
2018-06-13 18:00:00,724.0,787.304159097691,312.6564761997921,1261.9518419955898
2018-06-13 19:00:00,424.0,492.4695723518786,17.82188945397968,967.1172552497775
2018-06-13 20:00:00,308.0,351.0926244496476,0.0,825.7403073475465
2018-06-13 21:00:00,368.0,435.34904499528955,0.0,909.9967278931884
2018-06-13 22:00:00,928.0,812.3627652965652,337.71508239866625,1287.010448194464
2018-06-13 23:00:00,3013.0,2825.195258871876,2350.547575973977,3299.842941769775
2018-06-14 00:00:00,5824.0,5525.450105894058,5050.802422996159,6000.097788791956
2018-06-14 01:00:00,6438.0,6334.373912895418,5859.726229997519,6809.021595793316
2018-06-14 02:00:00,5778.0,5830.1315007824305,5355.483817884531,6304.77918368033
2018-06-14 03:00:00,4983.0,5064.667072229721,4590.019389331823,5539.31475512762
2018-06-14 04:00:00,4510.0,4614.438447693113,4139.790764795214,5089.086130591011
2018-06-14 05:00:00,4810.0,4933.781866331707,4459.134183433807,5408.429549229606
2018-06-14 06:00:00,5062.0,5179.104284305811,4704.456601407912,5653.751967203711
2018-06-14 07:00:00,5018.0,5211.16414014385,4736.516457245951,5685.811823041749
2018-06-14 08:00:00,5434.0,5566.675362331354,5092.027679433455,6041.323045229254
2018-06-14 09:00:00,6192.0,5927.954266920555,5453.306584022655,6402.601949818454
2018-06-14 10:00:00,6890.0,6444.319966838303,5969.672283940405,6918.967649736202
2018-06-14 11:00:00,6049.0,5969.604753773227,5494.957070875327,6444.252436671126
2018-06-14 12:00:00,4819.0,4671.024825867249,4196.37714296935,5145.672508765148
2018-06-14 13:00:00,3709.0,3451.9438308996228,2977.296148001724,3926.5915137975217
2018-06-14 14:00:00,3274.0,3068.0601572143196,2593.4124743164207,3542.7078401122185
2018-06-14 15:00:00,2922.0,2967.367370751734,2492.7196878538352,3442.015053649633
2018-06-14 16:00:00,2284.0,2499.2567713031867,2024.6090884052878,2973.9044542010856
2018-06-14 17:00:00,1388.0,1446.064905899897,971.4172230019981,1920.712588797796
2018-06-14 18:00:00,830.0,834.4581290664217,359.81044616852284,1309.1058119643208
2018-06-14 19:00:00,500.0,519.430373271457,44.782690373558125,994.0780561693559
2018-06-14 20:00:00,358.0,377.0608587036368,0.0,851.7085416015357
2018-06-14 21:00:00,384.0,474.47562412939357,0.0,949.1233070272924
2018-06-14 22:00:00,866.0,801.3236593599788,326.6759764620799,1275.9713422578777
2018-06-14 23:00:00,2843.0,2779.7049657064567,2305.057282808558,3254.3526486043556
2018-06-15 00:00:00,5432.0,5399.302945124291,4924.655262226392,5873.95062802219
2018-06-15 01:00:00,6361.0,5858.100369561002,5383.452686663102,6332.748052458901
2018-06-15 02:00:00,5671.0,5324.287654556191,4849.639971658293,5798.93533745409
2018-06-15 03:00:00,4977.0,5011.809208325346,4537.1615254274475,5486.456891223244
2018-06-15 04:00:00,4801.0,4713.310624325181,4238.662941427283,5187.95830722308
2018-06-15 05:00:00,5025.0,5128.359731440995,4653.712048543097,5603.007414338894
2018-06-15 06:00:00,5396.0,5427.816229843075,4953.168546945177,5902.463912740974
2018-06-15 07:00:00,5168.0,5377.1763833289515,4902.528700431052,5851.824066226851
2018-06-15 08:00:00,5614.0,5516.784117835878,5042.136434937978,5991.431800733777
2018-06-15 09:00:00,5993.0,5807.334647747039,5332.686964849139,6281.982330644938
2018-06-15 10:00:00,6333.0,6371.190954705334,5896.543271807435,6845.838637603232
2018-06-15 11:00:00,5165.0,5816.813518183288,5342.165835285388,6291.461201081187
2018-06-15 12:00:00,4369.0,4681.49052206487,4206.842839166971,5156.138204962768
2018-06-15 13:00:00,3688.0,3609.473254528297,3134.825571630398,4084.1209374261957
2018-06-15 14:00:00,3123.0,3117.385205562103,2642.737522664204,3592.0328884600017
2018-06-15 15:00:00,3118.0,3043.997312661812,2569.349629763913,3518.644995559711
2018-06-15 16:00:00,2778.0,2705.4399917169344,2230.7923088190355,3180.0876746148333
2018-06-15 17:00:00,2666.0,2019.4719971467152,1544.8243142488163,2494.119680044614
2018-06-15 18:00:00,1386.0,1264.8707516533523,790.2230687554534,1739.5184345512512
2018-06-15 19:00:00,825.0,810.703073657485,336.0553907595861,1285.350756555384
2018-06-15 20:00:00,587.0,529.5305038831189,54.88282098521995,1004.1781867810178
2018-06-15 21:00:00,391.0,474.2044405698812,0.0,948.8521234677801
2018-06-15 22:00:00,402.0,553.9843347569364,79.33665185903749,1028.6320176548352
2018-06-15 23:00:00,772.0,731.402800607499,256.7551177096001,1206.050483505398
2018-06-16 00:00:00,1196.0,1462.0923170060123,987.4446341081134,1936.7399999039112
2018-06-16 01:00:00,1651.0,2165.176466590246,1690.5287836923471,2639.824149488145
2018-06-16 02:00:00,2329.0,2986.104643502561,2511.456960604662,3460.75232640046
2018-06-16 03:00:00,3017.0,3666.316954782439,3191.66927188454,4140.964637680338
2018-06-16 04:00:00,3514.0,4135.290341661185,3660.6426587632864,4609.938024559084
2018-06-16 05:00:00,3907.0,4518.592680810718,4043.944997912819,4993.240363708617
2018-06-16 06:00:00,4494.0,4680.27930434291,4205.631621445011,5154.9269872408095
2018-06-16 07:00:00,4834.0,4480.66924971596,4006.0215668180613,4955.3169326138595
2018-06-16 08:00:00,4900.0,4495.03890586829,4020.3912229703915,4969.68658876619
2018-06-16 09:00:00,4363.0,4436.2012276096175,3961.5535447117186,4910.848910507517
2018-06-16 10:00:00,4495.0,4478.441143552486,4003.7934606545873,4953.088826450385
2018-06-16 11:00:00,4053.0,4309.25699093614,3834.609308038241,4783.9046738340385
2018-06-16 12:00:00,3987.0,3962.4060760930674,3487.7583931951685,4437.053758990966
2018-06-16 13:00:00,3223.0,3468.300613544291,2993.652930646392,3942.94829644219
2018-06-16 14:00:00,2928.0,2995.6840369967513,2521.0363540988524,3470.33171989465
2018-06-16 15:00:00,2887.0,3009.639613652066,2534.9919307541672,3484.287296549965
2018-06-16 16:00:00,2606.0,3009.5334705610535,2534.8857876631546,3484.1811534589524
2018-06-16 17:00:00,2047.0,2093.9313626847756,1619.2836797868767,2568.5790455826746
2018-06-16 18:00:00,1332.0,1283.8848376482501,809.2371547503512,1758.532520546149
2018-06-16 19:00:00,866.0,728.9849262427772,254.3372433448783,1203.632609140676
2018-06-16 20:00:00,659.0,539.7147853053992,65.06710240750033,1014.3624682032981
2018-06-16 21:00:00,413.0,435.83493455533824,0.0,910.4826174532371
2018-06-16 22:00:00,393.0,470.35417415617707,0.0,945.001857054076
2018-06-16 23:00:00,552.0,654.7046228499692,180.05693995207025,1129.352305747868
2018-06-17 00:00:00,885.0,942.2045345946657,467.5568516967668,1416.8522174925647
2018-06-17 01:00:00,1185.0,1265.9930380862495,791.3453551883506,1740.6407209841484
2018-06-17 02:00:00,1724.0,1829.1181451301431,1354.4704622322442,2303.765828028042
2018-06-17 03:00:00,2723.0,2686.5299577930004,2211.8822748951015,3161.1776406908994
2018-06-17 04:00:00,3488.0,3471.2218808366506,2996.5741979387517,3945.8695637345495
2018-06-17 05:00:00,3790.0,3843.6816023366555,3369.0339194387566,4318.329285234555
2018-06-17 06:00:00,4260.0,4098.96070036456,3624.3130174666608,4573.608383262459
2018-06-17 07:00:00,4365.0,4200.100920093242,3725.4532371953433,4674.7486029911415
2018-06-17 08:00:00,4192.0,4125.82462024167,3651.1769373437714,4600.47230313957
2018-06-17 09:00:00,4234.0,4110.814574462281,3636.166891564382,4585.462257360179
2018-06-17 10:00:00,4404.0,4146.195472982279,3671.5477900843803,4620.8431558801785
2018-06-17 11:00:00,4175.0,3992.7424133153677,3518.094730417469,4467.390096213267
2018-06-17 12:00:00,3843.0,3703.2778066811584,3228.6301237832595,4177.925489579057
2018-06-17 13:00:00,3613.0,3336.3355584220567,2861.687875524158,3810.9832413199556
2018-06-17 14:00:00,3185.0,2746.6558840145854,2272.0082011166865,3221.3035669124843
2018-06-17 15:00:00,2568.0,2567.888440026144,2093.240757128245,3042.536122924043
2018-06-17 16:00:00,2045.0,2022.1438556029882,1547.4961727050893,2496.7915385008873
2018-06-17 17:00:00,1218.0,1249.0678243190343,774.4201414211354,1723.7155072169332
2018-06-17 18:00:00,627.0,723.9620601189529,249.31437722105397,1198.6097430168518
2018-06-17 19:00:00,367.0,521.806284597687,47.15860169978805,996.4539674955859
2018-06-17 20:00:00,272.0,424.36996713101695,0.0,899.0176500289158
2018-06-17 21:00:00,365.0,400.63503160730323,0.0,875.2827145052022
2018-06-17 22:00:00,802.0,729.7821819525179,255.13449905461903,1204.4298648504168
2018-06-17 23:00:00,2891.0,2692.563393923103,2217.915711025204,3167.211076821002
2018-06-18 00:00:00,5541.0,5506.107897521065,5031.460214623166,5980.755580418963
2018-06-18 01:00:00,6386.0,6345.876975969317,5871.2292930714175,6820.524658867216
2018-06-18 02:00:00,5765.0,5796.951320260846,5322.3036373629475,6271.599003158744
2018-06-18 03:00:00,4767.0,4898.112833211745,4423.465150313847,5372.7605161096435
2018-06-18 04:00:00,4161.0,4231.720848153822,3757.073165255923,4706.368531051721
2018-06-18 05:00:00,4435.0,4514.629416128101,4039.9817332302023,4989.277099026
2018-06-18 06:00:00,4829.0,4790.91912354866,4316.27144065076,5265.566806446559
2018-06-18 07:00:00,4743.0,4781.705045282258,4307.057362384359,5256.352728180156
2018-06-18 08:00:00,4935.0,5164.721059100215,4690.073376202316,5639.368741998114
2018-06-18 09:00:00,5558.0,5597.874662274185,5123.226979376286,6072.522345172083
2018-06-18 10:00:00,6757.0,6342.525652733547,5867.877969835648,6817.173335631445
2018-06-18 11:00:00,6306.0,5820.545458740365,5345.897775842466,6295.193141638263
2018-06-18 12:00:00,4352.0,4304.941618196964,3830.2939352990647,4779.589301094862
2018-06-18 13:00:00,3248.0,3103.617668741866,2628.969985843967,3578.265351639765
2018-06-18 14:00:00,2762.0,2577.410359868719,2102.76267697082,3052.0580427666177
2018-06-18 15:00:00,2460.0,2439.9536821731795,1965.3059992752806,2914.6013650710784
2018-06-18 16:00:00,1710.0,1779.6831284179768,1305.035445520078,2254.3308113158755
2018-06-18 17:00:00,1012.0,1150.742664780522,676.0949818826232,1625.390347678421
2018-06-18 18:00:00,592.0,594.1487607941685,119.50107789626963,1068.7964436920674
2018-06-18 19:00:00,373.0,393.62637125406576,0.0,868.2740541519647
2018-06-18 20:00:00,269.0,337.5882785103629,0.0,812.2359614082618
2018-06-18 21:00:00,369.0,392.3982262844968,0.0,867.0459091823957
2018-06-18 22:00:00,893.0,858.2107061185925,383.5630232206936,1332.8583890164914
2018-06-18 23:00:00,3038.0,2933.5004964303416,2458.8528135324427,3408.1481793282405
2018-06-19 00:00:00,5483.0,5678.199969831709,5203.552286933809,6152.847652729608
2018-06-19 01:00:00,5506.0,6473.057844274524,5998.410161376625,6947.705527172422
2018-06-19 02:00:00,4851.0,5971.341342500763,5496.6936596028645,6445.989025398661
2018-06-19 03:00:00,4792.0,5217.241654863291,4742.5939719653925,5691.889337761189
2018-06-19 04:00:00,4244.0,4498.621475664905,4023.973792767006,4973.269158562804
2018-06-19 05:00:00,4346.0,4751.373949872934,4276.726266975034,5226.021632770833
2018-06-19 06:00:00,4585.0,4957.939368785189,4483.29168588729,5432.587051683087
2018-06-19 07:00:00,4728.0,4975.888654275448,4501.240971377549,5450.536337173347
2018-06-19 08:00:00,5109.0,5180.30890985769,4705.661226959792,5654.956592755589
2018-06-19 09:00:00,5852.0,5669.009769660978,5194.36208676308,6143.657452558877
2018-06-19 10:00:00,6821.0,6126.966068567182,5652.318385669283,6601.613751465082
2018-06-19 11:00:00,6085.0,5741.961240361907,5267.313557464007,6216.608923259806
2018-06-19 12:00:00,4546.0,4424.935062808345,3950.287379910446,4899.582745706244
2018-06-19 13:00:00,3263.0,3196.203580691796,2721.555897793897,3670.851263589695
2018-06-19 14:00:00,2804.0,2804.627498330495,2329.9798154325963,3279.275181228394
2018-06-19 15:00:00,2454.0,2683.853921073795,2209.206238175896,3158.501603971694
2018-06-19 16:00:00,1796.0,2004.9065530467153,1530.2588701488164,2479.5542359446144
2018-06-19 17:00:00,1190.0,1304.4373024018614,829.7896195039625,1779.0849852997603
2018-06-19 18:00:00,663.0,685.8842697656947,211.23658686779584,1160.5319526635935
2018-06-19 19:00:00,406.0,431.04455995669895,0.0,905.6922428545979
2018-06-19 20:00:00,301.0,410.4720329583383,0.0,885.1197158562372
2018-06-19 21:00:00,385.0,432.70718841807036,0.0,907.3548713159693
2018-06-19 22:00:00,935.0,846.1509849383988,371.5033020404999,1320.7986678362977
2018-06-19 23:00:00,3134.0,2917.386306892153,2442.738623994254,3392.0339897900517
2018-06-20 00:00:00,5769.0,5568.338651419178,5093.6909685212795,6042.986334317076
2018-06-20 01:00:00,6295.0,6251.13401338699,5776.486330489091,6725.781696284888
2018-06-20 02:00:00,5540.0,5811.431881653856,5336.784198755957,6286.0795645517555
2018-06-20 03:00:00,4890.0,5029.497251013276,4554.849568115376,5504.144933911175
2018-06-20 04:00:00,4544.0,4405.764171908257,3931.116489010358,4880.411854806156
2018-06-20 05:00:00,4675.0,4666.032984607243,4191.385301709344,5140.680667505141
2018-06-20 06:00:00,4824.0,4847.28580920234,4372.63812630444,5321.933492100239
2018-06-20 07:00:00,4941.0,4946.251440042948,4471.603757145049,5420.8991229408475
2018-06-20 08:00:00,5161.0,5297.750839112452,4823.103156214553,5772.398522010351
2018-06-20 09:00:00,5864.0,5749.240510789654,5274.5928278917545,6223.888193687553
2018-06-20 10:00:00,6811.0,6403.958103059176,5929.310420161277,6878.605785957076
2018-06-20 11:00:00,6439.0,5921.820591236995,5447.1729083390965,6396.468274134893
2018-06-20 12:00:00,4622.0,4573.760526865808,4099.112843967909,5048.408209763707
2018-06-20 13:00:00,3418.0,3298.3708739123012,2823.7231910144023,3773.0185568102
2018-06-20 14:00:00,3024.0,2844.696336992134,2370.048654094235,3319.344019890033
2018-06-20 15:00:00,2758.0,2691.6677783284667,2217.020095430568,3166.3154612263656
2018-06-20 16:00:00,1956.0,2038.7593934685653,1564.1117105706664,2513.407076366464
2018-06-20 17:00:00,1209.0,1316.280699465835,841.633016567936,1790.9283823637338
2018-06-20 18:00:00,634.0,731.0644170921411,256.41673419424217,1205.7120999900399
2018-06-20 19:00:00,462.0,442.4482677131727,0.0,917.0959506110717
2018-06-20 20:00:00,348.0,353.6791538666474,0.0,828.3268367645463
2018-06-20 21:00:00,426.0,430.02629265298316,0.0,904.673975550882
2018-06-20 22:00:00,938.0,839.3720636934985,364.7243807955996,1314.0197465913975
2018-06-20 23:00:00,3112.0,2917.4319070505276,2442.7842241526287,3392.0795899484265
2018-06-21 00:00:00,5778.0,5609.997033735494,5135.349350837596,6084.644716633393
2018-06-21 01:00:00,6557.0,6134.84838181873,5660.200698920831,6609.496064716628
2018-06-21 02:00:00,5490.0,5669.669577481872,5195.021894583973,6144.31726037977
2018-06-21 03:00:00,4982.0,4910.351001467406,4435.703318569507,5384.998684365304
2018-06-21 04:00:00,4951.0,4616.743193376357,4142.095510478459,5091.390876274256
2018-06-21 05:00:00,5167.0,4877.864140931488,4403.216458033588,5352.511823829387
2018-06-21 06:00:00,5083.0,5109.052706309284,4634.405023411386,5583.7003892071825
2018-06-21 07:00:00,4942.0,5152.262812896251,4677.615129998352,5626.910495794149
2018-06-21 08:00:00,5025.0,5478.408946253449,5003.761263355551,5953.056629151348
2018-06-21 09:00:00,5768.0,5787.165745447623,5312.518062549723,6261.813428345522
2018-06-21 10:00:00,6511.0,6432.896153970576,5958.248471072677,6907.543836868475
2018-06-21 11:00:00,5997.0,5892.056436233482,5417.408753335583,6366.70411913138
2018-06-21 12:00:00,4592.0,4890.777085531483,4416.129402633584,5365.424768429382
2018-06-21 13:00:00,3823.0,3509.9189856649677,3035.271302767069,3984.5666685628667
2018-06-21 14:00:00,3385.0,3053.488294110897,2578.8406112129983,3528.135977008796
2018-06-21 15:00:00,3446.0,2907.9212373553205,2433.2735544574216,3382.5689202532194
2018-06-21 16:00:00,2583.0,2483.9481879926193,2009.3005050947204,2958.595870890518
2018-06-21 17:00:00,1455.0,1458.7489773324394,984.1012944345405,1933.3966602303383
2018-06-21 18:00:00,805.0,813.4660629446796,338.8183800467807,1288.1137458425785
2018-06-21 19:00:00,471.0,517.260079616975,42.61239671907606,991.9077625148739
2018-06-21 20:00:00,364.0,393.071753931165,0.0,867.7194368290639
2018-06-21 21:00:00,384.0,440.14047096216194,0.0,914.7881538600609
2018-06-21 22:00:00,876.0,778.3268846530542,303.6792017551553,1252.974567550953
2018-06-21 23:00:00,3056.0,2698.4298532254265,2223.7821703275276,3173.0775361233254
2018-06-22 00:00:00,5460.0,5355.933591806324,4881.285908908425,5830.581274704224
2018-06-22 01:00:00,6222.0,6075.061476417112,5600.413793519214,6549.709159315011
2018-06-22 02:00:00,5604.0,5662.848663923454,5188.200981025555,6137.496346821354
2018-06-22 03:00:00,5053.0,5097.671888708616,4623.024205810718,5572.319571606515
2018-06-22 04:00:00,4765.0,4816.417851326861,4341.770168428962,5291.065534224759
2018-06-22 05:00:00,5128.0,5151.667022539001,4677.019339641101,5626.3147054369
2018-06-22 06:00:00,5225.0,5343.450946542794,4868.803263644895,5818.098629440692
2018-06-22 07:00:00,5104.0,5275.284785683766,4800.637102785868,5749.932468581665
2018-06-22 08:00:00,5351.0,5529.796069009764,5055.148386111865,6004.443751907664
2018-06-22 09:00:00,5843.0,5788.291287082638,5313.643604184739,6262.938969980536
2018-06-22 10:00:00,6010.0,6240.407742001849,5765.76005910395,6715.055424899749
2018-06-22 11:00:00,5120.0,5804.368409867285,5329.720726969386,6279.016092765183
2018-06-22 12:00:00,4676.0,4743.982951447888,4269.3352685499885,5218.630634345787
2018-06-22 13:00:00,3976.0,3617.750125128617,3143.102442230718,4092.397808026516
2018-06-22 14:00:00,3535.0,3098.697347668368,2624.049664770469,3573.345030566267
2018-06-22 15:00:00,3473.0,3064.4144375792735,2589.7667546813746,3539.0621204771724
2018-06-22 16:00:00,3529.0,2778.922868635199,2304.2751857373,3253.570551533098
2018-06-22 17:00:00,3654.0,2091.43058343279,1616.7829005348913,2566.078266330689
2018-06-22 18:00:00,1540.0,1213.7272816470636,739.0795987491647,1688.3749645449625
2018-06-22 19:00:00,872.0,812.8334291785499,338.18574628065096,1287.4811120764489
2018-06-22 20:00:00,629.0,610.7615678190052,136.11388492110632,1085.4092507169041
2018-06-22 21:00:00,407.0,489.1270251279858,14.4793422300869,963.7747080258847
2018-06-22 22:00:00,513.0,581.2577943179116,106.61011142001269,1055.9054772158106
2018-06-22 23:00:00,966.0,721.3092620163462,246.66157911844732,1195.956944914245
2018-06-23 00:00:00,1495.0,1546.7370295584553,1072.0893466605564,2021.3847124563542
2018-06-23 01:00:00,2474.0,2114.380854638634,1639.733171740735,2589.028537536533
2018-06-23 02:00:00,3353.0,3161.3410121434395,2686.6933292455406,3635.9886950413384
2018-06-23 03:00:00,4065.0,3759.7517178169783,3285.1040349190794,4234.399400714878
2018-06-23 04:00:00,4318.0,4170.20462263066,3695.5569397327613,4644.852305528559
2018-06-23 05:00:00,4621.0,4603.879384318457,4129.231701420558,5078.527067216355
2018-06-23 06:00:00,5018.0,4691.117937492437,4216.470254594538,5165.765620390335
2018-06-23 07:00:00,4560.0,4806.586130307017,4331.938447409118,5281.233813204915
2018-06-23 08:00:00,4620.0,4641.8775105952855,4167.229827697387,5116.525193493184
2018-06-23 09:00:00,4417.0,4595.293686916591,4120.646004018692,5069.941369814489
2018-06-23 10:00:00,4372.0,4605.150811610367,4130.5031287124675,5079.798494508266
2018-06-23 11:00:00,4510.0,4492.755058682497,4018.1073757845984,4967.402741580396
2018-06-23 12:00:00,3945.0,4234.021436315923,3759.373753418024,4708.669119213822
2018-06-23 13:00:00,3660.0,3529.501763523534,3054.854080625635,4004.149446421433
2018-06-23 14:00:00,3362.0,3069.010124535049,2594.36244163715,3543.6578074329477
2018-06-23 15:00:00,3504.0,3068.9786533955535,2594.3309704976546,3543.6263362934524
2018-06-23 16:00:00,3572.0,2905.911783921757,2431.264101023858,3380.559466819656
2018-06-23 17:00:00,2484.0,2059.2783553631016,1584.6306724652027,2533.9260382610005
2018-06-23 18:00:00,1515.0,1346.6438747023365,871.9961918044376,1821.2915576002354
2018-06-23 19:00:00,1016.0,847.0306159898616,372.38293309196274,1321.6782988877605
2018-06-23 20:00:00,684.0,565.6491827887389,91.00149989084002,1040.2968656866378
2018-06-23 21:00:00,409.0,443.05405652725796,0.0,917.7017394251568
2018-06-23 22:00:00,373.0,552.9183907891904,78.27070789129152,1027.5660736870893
2018-06-23 23:00:00,614.0,648.4813110951475,173.83362819724857,1123.1289939930464
2018-06-24 00:00:00,1091.0,1025.154739506717,550.5070566088182,1499.802422404616
2018-06-24 01:00:00,1499.0,1223.1533403170781,748.5056574191792,1697.801023214977
2018-06-24 02:00:00,2362.0,1856.7530161283137,1382.1053332304148,2331.4006990262124
2018-06-24 03:00:00,3560.0,2944.8253339856774,2470.1776510877785,3419.4730168835763
2018-06-24 04:00:00,4187.0,3741.268040161809,3266.62035726391,4215.915723059708
2018-06-24 05:00:00,4186.0,4175.238715081599,3700.5910321837005,4649.886397979499
2018-06-24 06:00:00,4302.0,4571.922089154914,4097.274406257015,5046.569772052813
2018-06-24 07:00:00,4235.0,4687.611688686324,4212.964005788424,5162.259371584223
2018-06-24 08:00:00,4317.0,4579.038541882439,4104.39085898454,5053.686224780338
2018-06-24 09:00:00,4313.0,4571.089972182721,4096.4422892848215,5045.73765508062
2018-06-24 10:00:00,4256.0,4575.475596693957,4100.827913796058,5050.123279591857
2018-06-24 11:00:00,4118.0,4390.913599509513,3916.265916611614,4865.561282407412
2018-06-24 12:00:00,4022.0,3926.6454425393454,3451.9977596414465,4401.293125437244
2018-06-24 13:00:00,3438.0,3450.2293507676877,2975.581667869789,3924.8770336655866
2018-06-24 14:00:00,3187.0,2886.464981906018,2411.817299008119,3361.1126648039167
2018-06-24 15:00:00,2556.0,2562.322862203321,2087.6751793054223,3036.97054510122
2018-06-24 16:00:00,1962.0,2024.664641118222,1550.0169582203232,2499.3123240161212
2018-06-24 17:00:00,1209.0,1279.7021067747519,805.054423876853,1754.3497896726508
2018-06-24 18:00:00,652.0,781.8914732726264,307.2437903747275,1256.5391561705253
2018-06-24 19:00:00,422.0,492.38573910564253,17.738056207743625,967.0334220035414
2018-06-24 20:00:00,331.0,415.34408806263804,0.0,889.991770960537
2018-06-24 21:00:00,406.0,410.0569745950573,0.0,884.7046574929561
2018-06-24 22:00:00,902.0,736.9902856402393,262.34260274234043,1211.6379685381382
2018-06-24 23:00:00,2982.0,2714.8813493658686,2240.2336664679697,3189.5290322637675
2018-06-25 00:00:00,5588.0,5589.600590952773,5114.952908054875,6064.2482738506715
2018-06-25 01:00:00,6146.0,6259.9304078577325,5785.282724959834,6734.578090755631
2018-06-25 02:00:00,5383.0,5888.745803747537,5414.098120849638,6363.3934866454365
2018-06-25 03:00:00,4654.0,4977.363161345304,4502.715478447406,5452.010844243203
2018-06-25 04:00:00,4310.0,4446.435701476376,3971.7880185784775,4921.083384374275
2018-06-25 05:00:00,4530.0,4675.289759988269,4200.64207709037,5149.937442886168
2018-06-25 06:00:00,4748.0,4853.488269450299,4378.8405865524,5328.135952348199
2018-06-25 07:00:00,4673.0,4819.56855094158,4344.9208680436805,5294.216233839479
2018-06-25 08:00:00,4877.0,5228.576523672756,4753.928840774857,5703.224206570654
2018-06-25 09:00:00,5605.0,5657.252904545754,5182.605221647855,6131.900587443653
2018-06-25 10:00:00,6232.0,6244.939423394985,5770.291740497087,6719.587106292884
2018-06-25 11:00:00,5772.0,5757.492107899472,5282.844425001573,6232.1397907973715
2018-06-25 12:00:00,4086.0,4335.442876496209,3860.7951935983097,4810.090559394108
2018-06-25 13:00:00,3288.0,3110.602371606782,2635.954688708883,3585.250054504681
2018-06-25 14:00:00,2944.0,2615.6280745764943,2140.9803916785954,3090.2757574743932
2018-06-25 15:00:00,2559.0,2468.5378763103163,1993.8901934124174,2943.185559208215
2018-06-25 16:00:00,1974.0,1804.870814537677,1330.223131639778,2279.518497435576
2018-06-25 17:00:00,1136.0,1145.5550736805164,670.9073907826175,1620.2027565784153
2018-06-25 18:00:00,624.0,594.990512944781,120.34283004688211,1069.63819584268
2018-06-25 19:00:00,417.0,403.550805079224,0.0,878.1984879771229
2018-06-25 20:00:00,297.0,354.7021026760548,0.0,829.3497855739537
2018-06-25 21:00:00,353.0,409.1903969413925,0.0,883.8380798392914
2018-06-25 22:00:00,887.0,858.0795869218977,383.43190402399875,1332.7272698197967
2018-06-25 23:00:00,2973.0,2917.1560093211797,2442.508326423281,3391.8036922190786
2018-06-26 00:00:00,5381.0,5765.330769641136,5290.683086743236,6239.978452539035
2018-06-26 01:00:00,6350.0,6443.994489671926,5969.346806774027,6918.642172569826
2018-06-26 02:00:00,5756.0,6000.124486912049,5525.47680401415,6474.7721698099485
2018-06-26 03:00:00,4872.0,5128.756128351712,4654.108445453812,5603.403811249611
2018-06-26 04:00:00,4452.0,4486.084276342614,4011.4365934447155,4960.731959240513
2018-06-26 05:00:00,4713.0,4699.3965387989365,4224.748855901038,5174.044221696835
2018-06-26 06:00:00,5083.0,4922.689782668874,4448.042099770975,5397.337465566772
2018-06-26 07:00:00,4849.0,4929.545403176192,4454.8977202782935,5404.19308607409
2018-06-26 08:00:00,4905.0,5318.743931329842,4844.0962484319425,5793.391614227741
2018-06-26 09:00:00,5875.0,5751.750928151863,5277.103245253964,6226.398611049763
2018-06-26 10:00:00,6765.0,6426.914340346568,5952.266657448668,6901.562023244467
2018-06-26 11:00:00,6054.0,6027.185123502476,5552.537440604578,6501.8328064003745
2018-06-26 12:00:00,4473.0,4645.025800665799,4170.378117767899,5119.673483563698
2018-06-26 13:00:00,3316.0,3317.575662123722,2842.927979225823,3792.223345021621
2018-06-26 14:00:00,2910.0,2860.166576949255,2385.5188940513563,3334.814259847154
2018-06-26 15:00:00,2674.0,2733.2090265178867,2258.561343619988,3207.8567094157856
2018-06-26 16:00:00,2083.0,2052.6643146123706,1578.0166317144717,2527.3119975102695
2018-06-26 17:00:00,1161.0,1348.0587032930969,873.411020395198,1822.7063861909958
2018-06-26 18:00:00,678.0,672.0167321210942,197.36904922319525,1146.6644150189932
2018-06-26 19:00:00,411.0,435.0081233224321,0.0,909.655806220331
2018-06-26 20:00:00,313.0,362.78876896718845,0.0,837.4364518650873
2018-06-26 21:00:00,414.0,438.99013234229847,0.0,913.6378152401974
2018-06-26 22:00:00,898.0,869.6130989357947,394.9654160378958,1344.2607818336937
2018-06-26 23:00:00,3151.0,2934.927028537032,2460.279345639133,3409.574711434931
2018-06-27 00:00:00,5883.0,5752.22385263578,5277.57616973788,6226.871535533679
2018-06-27 01:00:00,6414.0,6537.941579119539,6063.293896221639,7012.589262017438
2018-06-27 02:00:00,5717.0,5946.604597037076,5471.956914139177,6421.252279934975
2018-06-27 03:00:00,5134.0,5219.708272755111,4745.060589857212,5694.355955653009
2018-06-27 04:00:00,4614.0,4667.4482135813705,4192.800530683471,5142.09589647927
2018-06-27 05:00:00,4964.0,4915.148424306288,4440.500741408388,5389.796107204187
2018-06-27 06:00:00,5102.0,5149.158272461594,4674.510589563695,5623.805955359492
2018-06-27 07:00:00,4901.0,5118.020454539897,4643.372771641998,5592.668137437797
2018-06-27 08:00:00,5036.0,5497.048208621558,5022.400525723659,5971.695891519457
2018-06-27 09:00:00,5867.0,5893.717765700077,5419.070082802178,6368.365448597975
2018-06-27 10:00:00,6666.0,6449.26003051825,5974.61234762035,6923.907713416149
2018-06-27 11:00:00,6095.0,6033.493805704067,5558.846122806168,6508.141488601967
2018-06-27 12:00:00,4563.0,4672.036037311598,4197.388354413699,5146.683720209498
2018-06-27 13:00:00,3497.0,3354.310716022272,2879.663033124373,3828.958398920171
2018-06-27 14:00:00,3126.0,2948.006977337473,2473.359294439574,3422.654660235372
2018-06-27 15:00:00,3116.0,2784.6085772415104,2309.9608943436115,3259.2562601394093
2018-06-27 16:00:00,2292.0,1957.439332238294,1482.791649340395,2432.087015136193
2018-06-27 17:00:00,1339.0,1320.8097757466835,846.1620928487846,1795.4574586445824
2018-06-27 18:00:00,778.0,710.2201033284468,235.57242043054794,1184.8677862263457
2018-06-27 19:00:00,457.0,454.3817195196526,0.0,929.0294024175515
2018-06-27 20:00:00,309.0,358.7502822827087,0.0,833.3979651806076
2018-06-27 21:00:00,365.0,407.4688213458888,0.0,882.1165042437876
2018-06-27 22:00:00,921.0,819.5416775547083,344.89399465680935,1294.1893604526072
2018-06-27 23:00:00,3121.0,2933.441721409971,2458.794038512072,3408.0894043078697
2018-06-28 00:00:00,5691.0,5649.865649396822,5175.2179664989235,6124.51333229472
2018-06-28 01:00:00,6264.0,6399.367018659166,5924.719335761267,6874.014701557066
2018-06-28 02:00:00,5683.0,5911.328900467816,5436.681217569918,6385.976583365715
2018-06-28 03:00:00,4983.0,5118.423603031443,4643.775920133545,5593.071285929342
2018-06-28 04:00:00,4678.0,4760.865143843266,4286.217460945367,5235.512826741166
2018-06-28 05:00:00,4866.0,5017.563592086224,4542.915909188325,5492.2112749841235
2018-06-28 06:00:00,5109.0,5276.00633921924,4801.358656321341,5750.654022117138
2018-06-28 07:00:00,5011.0,5241.1917045417595,4766.54402164386,5715.839387439659
2018-06-28 08:00:00,5300.0,5619.377532312757,5144.729849414858,6094.025215210655
2018-06-28 09:00:00,5945.0,5870.990561596877,5396.342878698979,6345.638244494776
2018-06-28 10:00:00,6568.0,6362.5551474593985,5887.9074645615,6837.202830357297
2018-06-28 11:00:00,5930.0,5912.4766534016035,5437.828970503704,6387.124336299503
2018-06-28 12:00:00,4668.0,4696.8270686573505,4222.179385759451,5171.47475155525
2018-06-28 13:00:00,3794.0,3566.541005835076,3091.893322937177,4041.1886887329747
2018-06-28 14:00:00,3127.0,3059.9030444573787,2585.2553615594798,3534.5507273552776
2018-06-28 15:00:00,2908.0,3013.684387263686,2539.036704365787,3488.332070161585
2018-06-28 16:00:00,2190.0,2532.350102252106,2057.702419354207,3006.997785150005
2018-06-28 17:00:00,1475.0,1454.7836808309762,980.1359979330773,1929.431363728875
2018-06-28 18:00:00,841.0,778.8898031669628,304.2421202690639,1253.5374860648617
2018-06-28 19:00:00,510.0,523.3053329843361,48.65765008643723,997.953015882235
2018-06-28 20:00:00,385.0,389.5453337119867,0.0,864.1930166098856
2018-06-28 21:00:00,453.0,454.1814336912418,0.0,928.8291165891408
2018-06-28 22:00:00,984.0,801.6521105433537,327.0044276454548,1276.2997934412526
2018-06-28 23:00:00,2909.0,2758.4414165429575,2283.7937336450586,3233.0890994408564
2018-06-29 00:00:00,5427.0,5281.006327195396,4806.358644297497,5755.654010093294
2018-06-29 01:00:00,6051.0,5918.588282866745,5443.940599968846,6393.235965764645
2018-06-29 02:00:00,5204.0,5730.640493239474,5255.992810341575,6205.288176137374
2018-06-29 03:00:00,4842.0,5122.207072040084,4647.559389142185,5596.854754937984
2018-06-29 04:00:00,4626.0,4842.248522664327,4367.600839766428,5316.896205562225
2018-06-29 05:00:00,5114.0,5142.045361701106,4667.397678803207,5616.693044599006
2018-06-29 06:00:00,5222.0,5380.2404164096615,4905.592733511763,5854.88809930756
2018-06-29 07:00:00,5236.0,5451.349557107763,4976.701874209864,5925.997240005661
2018-06-29 08:00:00,5319.0,5627.21509135936,5152.56740846146,6101.862774257259
2018-06-29 09:00:00,5903.0,5813.902998403124,5339.255315505225,6288.550681301023
2018-06-29 10:00:00,5902.0,6149.4024689281105,5674.754786030211,6624.05015182601
2018-06-29 11:00:00,5314.0,5737.815469523377,5263.167786625478,6212.463152421276
2018-06-29 12:00:00,4798.0,4638.240899179699,4163.593216281801,5112.888582077598
2018-06-29 13:00:00,3705.0,3516.3237461555455,3041.6760632576465,3990.9714290534444
2018-06-29 14:00:00,3340.0,3147.0597310329754,2672.4120481350765,3621.7074139308743
2018-06-29 15:00:00,3247.0,3110.4110459963927,2635.7633630984938,3585.0587288942916
2018-06-29 16:00:00,2781.0,2711.284380062362,2236.636697164463,3185.9320629602607
2018-06-29 17:00:00,2465.0,2025.6935410096355,1551.0458581117366,2500.341223907534
2018-06-29 18:00:00,1423.0,1248.1195538965942,773.4718709986953,1722.767236794493
2018-06-29 19:00:00,869.0,818.5933467593094,343.9456638614105,1293.2410296572084
2018-06-29 20:00:00,617.0,565.1587588481486,90.51107595024973,1039.8064417460475
2018-06-29 21:00:00,429.0,469.04389983471583,0.0,943.6915827326147
2018-06-29 22:00:00,429.0,532.7619351351242,58.11425223722529,1007.4096180330231
2018-06-29 23:00:00,822.0,736.2369229528989,261.589240055,1210.884605850798
2018-06-30 00:00:00,1489.0,1574.9145413824956,1100.2668584845967,2049.5622242803947
2018-06-30 01:00:00,2048.0,2131.74486973833,1657.0971868404313,2606.392552636229
2018-06-30 02:00:00,2840.0,3081.4819897861794,2606.8343068882805,3556.1296726840783
2018-06-30 03:00:00,3627.0,3794.357497666169,3319.70981476827,4269.005180564068
2018-06-30 04:00:00,3922.0,4224.761246303032,3750.113563405133,4699.40892920093
2018-06-30 05:00:00,4253.0,4602.944186990673,4128.296504092774,5077.591869888573
2018-06-30 06:00:00,4776.0,4767.359939954331,4292.712257056432,5242.00762285223
2018-06-30 07:00:00,4675.0,4666.928558602674,4192.280875704775,5141.576241500572
2018-06-30 08:00:00,4533.0,4637.543427603698,4162.895744705798,5112.191110501597
2018-06-30 09:00:00,4425.0,4618.069400161832,4143.421717263933,5092.7170830597315
2018-06-30 10:00:00,4707.0,4551.702825798828,4077.055142900929,5026.350508696727
2018-06-30 11:00:00,4469.0,4412.1165451963525,3937.4688622984536,4886.764228094251
2018-06-30 12:00:00,3871.0,4086.1792503101847,3611.5315674122858,4560.826933208084
2018-06-30 13:00:00,3247.0,3564.6526607996357,3090.0049779017368,4039.3003436975346
2018-06-30 14:00:00,2936.0,2991.503600148434,2516.855917250535,3466.151283046333
2018-06-30 15:00:00,2700.0,3073.4463298540873,2598.7986469561883,3548.094012751986
2018-06-30 16:00:00,2760.0,3041.4090620966003,2566.7613791987014,3516.0567449944992
2018-06-30 17:00:00,2017.0,2121.3753546450675,1646.7276717471686,2596.0230375429664
2018-06-30 18:00:00,1314.0,1455.5310565530713,980.8833736551724,1930.1787394509702
2018-06-30 19:00:00,848.0,779.9646700126373,305.31698711473837,1254.6123529105362
2018-06-30 20:00:00,703.0,557.0200391448844,82.37235624698553,1031.6677220427832
2018-06-30 21:00:00,419.0,438.36990437855746,0.0,913.0175872764564
2018-06-30 22:00:00,372.0,473.542701287241,0.0,948.1903841851399
2018-06-30 23:00:00,529.0,645.762507875279,171.11482497738007,1120.4101907731779
2018-07-01 00:00:00,979.0,975.6384869129963,500.9908040150974,1450.2861698108952
2018-07-01 01:00:00,1237.0,1278.8859227976077,804.2382398997088,1753.5336056955066
2018-07-01 02:00:00,1682.0,1857.8997042590725,1383.2520213611735,2332.547387156971
2018-07-01 03:00:00,2495.0,2698.441702393034,2223.794019495135,3173.089385290933
2018-07-01 04:00:00,2924.0,3574.0714984780443,3099.4238155801454,4048.719181375943
2018-07-01 05:00:00,3323.0,3880.092473818705,3405.444790920806,4354.740156716603
2018-07-01 06:00:00,3696.0,4227.99349107542,3753.345808177521,4702.641173973319
2018-07-01 07:00:00,4084.0,4253.445942397167,3778.7982594992677,4728.093625295065
2018-07-01 08:00:00,4187.0,4179.322321496831,3704.6746385989322,4653.9700043947305
2018-07-01 09:00:00,4365.0,4079.825513732014,3605.177830834115,4554.473196629913
2018-07-01 10:00:00,4380.0,4170.595309327625,3695.947626429726,4645.242992225523
2018-07-01 11:00:00,4049.0,3813.4100527204637,3338.762369822565,4288.057735618362
2018-07-01 12:00:00,3680.0,3386.0335350627433,2911.3858521648444,3860.6812179606422
2018-07-01 13:00:00,3404.0,3251.2633555394004,2776.6156726415015,3725.9110384372993
2018-07-01 14:00:00,3018.0,2744.3771634055042,2269.7294805076053,3219.024846303403
2018-07-01 15:00:00,2640.0,2614.8654341679053,2140.2177512700064,3089.513117065804
2018-07-01 16:00:00,2152.0,2040.9540604755844,1566.3063775776855,2515.6017433734833
2018-07-01 17:00:00,3078.0,1281.4105186245913,806.7628357266924,1756.0582015224902
2018-07-01 18:00:00,1043.0,769.0533607086462,294.4056778107473,1243.7010436065452
2018-07-01 19:00:00,523.0,476.2711194175103,1.6234365196114027,950.9188023154093
2018-07-01 20:00:00,425.0,412.9962917997053,0.0,887.6439746976042
2018-07-01 21:00:00,398.0,400.81032558280117,0.0,875.4580084807001
2018-07-01 22:00:00,896.0,719.9245933510649,245.276910453166,1194.5722762489638
2018-07-01 23:00:00,2931.0,2106.1444181750335,1631.4967352771346,2580.7921010729324
2018-07-02 00:00:00,5305.0,4290.55466778751,3815.906984889611,4765.202350685409
2018-07-02 01:00:00,5936.0,5522.295716178739,5047.6480332808405,5996.943399076637
2018-07-02 02:00:00,4859.0,5150.873246956299,4676.225564058401,5625.520929854198
2018-07-02 03:00:00,4473.0,4795.498984259926,4320.851301362027,5270.1466671578255
2018-07-02 04:00:00,4172.0,4227.967027904447,3753.319345006548,4702.614710802345
2018-07-02 05:00:00,4498.0,4528.594341388738,4053.946658490839,5003.242024286637
2018-07-02 06:00:00,4617.0,4784.15902099307,4309.511338095172,5258.8067038909685
2018-07-02 07:00:00,4667.0,4722.245767056826,4247.598084158926,5196.893449954725
2018-07-02 08:00:00,4728.0,5121.338468438169,4646.69078554027,5595.986151336068
2018-07-02 09:00:00,5115.0,5371.761988172649,4897.11430527475,5846.409671070547
2018-07-02 10:00:00,5853.0,6027.549362707423,5552.901679809524,6502.197045605322
2018-07-02 11:00:00,5241.0,5594.376826108986,5119.729143211087,6069.024509006886
2018-07-02 12:00:00,3922.0,4186.510053200346,3711.8623703024473,4661.157736098245
2018-07-02 13:00:00,3183.0,3106.548041211262,2631.900358313363,3581.195724109161
2018-07-02 14:00:00,2792.0,2622.1882110862307,2147.540528188332,3096.8358939841296
2018-07-02 15:00:00,2552.0,2441.011779958554,1966.3640970606552,2915.659462856453
2018-07-02 16:00:00,2118.0,1707.6108816043716,1232.9631987064727,2182.2585645022705
2018-07-02 17:00:00,1461.0,1140.9920770524095,666.3443941545106,1615.6397599503084
2018-07-02 18:00:00,722.0,591.4462203881058,116.79853749020685,1066.0939032860047
2018-07-02 19:00:00,455.0,387.75650493706576,0.0,862.4041878349647
2018-07-02 20:00:00,340.0,383.7912016831855,0.0,858.4388845810844
2018-07-02 21:00:00,391.0,399.9971048187424,0.0,874.6447877166413
2018-07-02 22:00:00,863.0,785.1690884230632,310.52140552516425,1259.816771320962
2018-07-02 23:00:00,2836.0,2644.7836160828897,2170.135933184991,3119.4312989807886
2018-07-03 00:00:00,5264.0,5466.804417407444,4992.156734509545,5941.452100305343
2018-07-03 01:00:00,5737.0,5993.939092658046,5519.291409760148,6468.586775555945
2018-07-03 02:00:00,5017.0,5547.6185434362,5072.9708605383,6022.266226334099
2018-07-03 03:00:00,4373.0,4898.4395801871215,4423.791897289222,5373.087263085021
2018-07-03 04:00:00,4099.0,4302.865539722739,3828.2178568248405,4777.513222620639
2018-07-03 05:00:00,4415.0,4596.229864833079,4121.58218193518,5070.877547730977
2018-07-03 06:00:00,4775.0,4748.602166759993,4273.954483862095,5223.249849657892
2018-07-03 07:00:00,4799.0,4708.359047229646,4233.711364331748,5183.006730127545
2018-07-03 08:00:00,4968.0,5040.430816247759,4565.78313334986,5515.0784991456585
2018-07-03 09:00:00,5526.0,5369.593532367363,4894.9458494694645,5844.241215265261
2018-07-03 10:00:00,6135.0,6098.98560871883,5624.337925820932,6573.6332916167285
2018-07-03 11:00:00,5092.0,5646.2936988794845,5171.646015981585,6120.941381777384
2018-07-03 12:00:00,4313.0,4365.139666971843,3890.4919840739444,4839.787349869743
2018-07-03 13:00:00,3308.0,3224.167760024107,2749.520077126208,3698.815442922006
2018-07-03 14:00:00,3055.0,2823.0379119364134,2348.3902290385145,3297.6855948343123
2018-07-03 15:00:00,2700.0,2592.108806994589,2117.46112409669,3066.756489892488
2018-07-03 16:00:00,2176.0,1998.6209848389037,1523.9733019410048,2473.268667736803
2018-07-03 17:00:00,1741.0,1254.585429735131,779.937746837232,1729.2331126330298
2018-07-03 18:00:00,1021.0,648.1579638390417,173.5102809411428,1122.8056467369406
2018-07-03 19:00:00,605.0,425.8416869645665,0.0,900.4893698624654
2018-07-03 20:00:00,573.0,400.1873487461018,0.0,874.8350316440008
2018-07-03 21:00:00,353.0,419.45140692045237,0.0,894.0990898183513
2018-07-03 22:00:00,354.0,813.5731313797404,338.9254484818415,1288.2208142776394
2018-07-03 23:00:00,698.0,2524.7665244129093,2050.1188415150104,2999.4142073108083
2018-07-04 00:00:00,1141.0,4576.513086365912,4101.865403468013,5051.160769263812
2018-07-04 01:00:00,1128.0,5394.094932360998,4919.447249463099,5868.742615258898
2018-07-04 02:00:00,1275.0,5366.242205695203,4891.594522797304,5840.889888593101
2018-07-04 03:00:00,1687.0,4960.339004275179,4485.6913213772805,5434.986687173077
2018-07-04 04:00:00,1920.0,3820.786926830933,3346.1392439330343,4295.434609728833
2018-07-04 05:00:00,2603.0,4243.434140847163,3768.786457949264,4718.081823745062
2018-07-04 06:00:00,2761.0,3460.5200770255087,2985.87239412761,3935.1677599234076
2018-07-04 07:00:00,2929.0,2992.9331908011777,2518.285507903279,3467.5808736990766
2018-07-04 08:00:00,3318.0,2923.4670633140454,2448.8193804161465,3398.1147462119443
2018-07-04 09:00:00,3070.0,3743.0318306801255,3268.3841477822266,4217.679513578025
2018-07-04 10:00:00,3224.0,3510.0645254229753,3035.4168425250764,3984.712208320874
2018-07-04 11:00:00,3045.0,3384.579281009171,2909.9315981112723,3859.22696390707
2018-07-04 12:00:00,2664.0,3083.297178526109,2608.64949562821,3557.9448614240077
2018-07-04 13:00:00,2596.0,2658.8664123861718,2184.218729488273,3133.5140952840707
2018-07-04 14:00:00,2503.0,2360.734864253624,1886.087181355725,2835.382547151523
2018-07-04 15:00:00,2582.0,2493.2287040773294,2018.5810211794305,2967.8763869752283
2018-07-04 16:00:00,2030.0,2060.2534422675594,1585.6057593696605,2534.9011251654583
2018-07-04 17:00:00,1936.0,1405.2477545184247,930.6000716205258,1879.8954374163236
2018-07-04 18:00:00,971.0,735.8017097877333,261.1540268898344,1210.4493926856321
2018-07-04 19:00:00,476.0,569.786039249169,95.13835635127009,1044.4337221470678
2018-07-04 20:00:00,317.0,451.08345961179924,0.0,925.7311425096982
2018-07-04 21:00:00,338.0,433.686849147688,0.0,908.3345320455869
2018-07-04 22:00:00,754.0,735.0121060602502,260.3644231623513,1209.659788958149
2018-07-04 23:00:00,2412.0,2006.8851158084929,1532.237432910594,2481.532798706392
2018-07-05 00:00:00,4500.0,2640.3227602009974,2165.6750773030985,3114.9704430988963
2018-07-05 01:00:00,4966.0,3831.528471533785,3356.880788635886,4306.176154431683
2018-07-05 02:00:00,4440.0,3953.8639054624623,3479.2162225645634,4428.511588360361
2018-07-05 03:00:00,4205.0,3846.5780142122703,3371.9303313143714,4321.225697110169
2018-07-05 04:00:00,4154.0,3623.32060818608,3148.672925288181,4097.968291083978
2018-07-05 05:00:00,4201.0,4049.2688956089514,3574.6212127110525,4523.916578506851
2018-07-05 06:00:00,4416.0,4544.669132443253,4070.0214495453542,5019.316815341152
2018-07-05 07:00:00,4491.0,4522.959042000324,4048.3113591024253,4997.606724898224
2018-07-05 08:00:00,4708.0,4666.596223713602,4191.948540815703,5141.2439066115
2018-07-05 09:00:00,5066.0,5106.749279308691,4632.101596410792,5581.396962206591
2018-07-05 10:00:00,5908.0,5575.761971444139,5101.11428854624,6050.409654342038
2018-07-05 11:00:00,5223.0,5269.849961996839,4795.2022790989395,5744.497644894738
2018-07-05 12:00:00,4115.0,4112.4118630091125,3637.7641801112136,4587.059545907012
2018-07-05 13:00:00,3099.0,3218.0772188522174,2743.4295359543185,3692.7249017501163
2018-07-05 14:00:00,2713.0,2764.83265928462,2290.1849763867212,3239.480342182519
2018-07-05 15:00:00,2633.0,2854.500510360176,2379.852827462277,3329.148193258075
2018-07-05 16:00:00,2002.0,2396.04935684401,1921.4016739461113,2870.697039741909
2018-07-05 17:00:00,1287.0,1432.2676797122954,957.6199968143965,1906.9153626101943
2018-07-05 18:00:00,743.0,762.2745477170369,287.62686481913795,1236.9222306149359
2018-07-05 19:00:00,435.0,518.18403135791,43.53634846001114,992.831714255809
2018-07-05 20:00:00,372.0,438.9552708989978,0.0,913.6029537968967
2018-07-05 21:00:00,343.0,439.1679107899591,0.0,913.8155936878579
2018-07-05 22:00:00,752.0,795.4583080880275,320.8106251901286,1270.1059909859264
2018-07-05 23:00:00,2453.0,2672.3609887255116,2197.7133058276127,3147.0086716234105
2018-07-06 00:00:00,4489.0,5126.645542224752,4651.997859326853,5601.29322512265
2018-07-06 01:00:00,5069.0,5546.0098020804935,5071.362119182595,6020.657484978392
2018-07-06 02:00:00,4489.0,5019.475279460744,4544.827596562845,5494.122962358642
2018-07-06 03:00:00,4305.0,4266.1857925443755,3791.5381096464766,4740.833475442274
2018-07-06 04:00:00,4215.0,4163.89890892227,3689.2512260243707,4638.546591820168
2018-07-06 05:00:00,4547.0,4582.729294831242,4108.081611933343,5057.376977729142
2018-07-06 06:00:00,4684.0,4763.305213193406,4288.657530295508,5237.952896091305
2018-07-06 07:00:00,4594.0,4816.701950491904,4342.054267594005,5291.349633389804
2018-07-06 08:00:00,4818.0,5133.586951491787,4658.939268593887,5608.234634389686
2018-07-06 09:00:00,5182.0,5413.47489969146,4938.827216793561,5888.12258258936
2018-07-06 10:00:00,5353.0,5625.475199024801,5150.827516126903,6100.1228819227
2018-07-06 11:00:00,4822.0,5403.0932493272185,4928.44556642932,5877.740932225117
2018-07-06 12:00:00,4089.0,4265.218360095258,3790.5706771973587,4739.866042993157
2018-07-06 13:00:00,3390.0,3254.2410125381907,2779.593329640292,3728.8886954360896
2018-07-06 14:00:00,2966.0,2789.11884228082,2314.471159382921,3263.766525178719
2018-07-06 15:00:00,2903.0,2777.3190529575973,2302.6713700596983,3251.966735855496
2018-07-06 16:00:00,2533.0,2599.3976106497284,2124.7499277518295,3074.0452935476274
2018-07-06 17:00:00,2227.0,1863.9696390758393,1389.3219561779404,2338.6173219737384
2018-07-06 18:00:00,1233.0,1081.6630397694132,607.0153568715143,1556.3107226673121
2018-07-06 19:00:00,689.0,728.0769117794067,253.4292288815078,1202.7245946773055
2018-07-06 20:00:00,604.0,584.0226861285074,109.37500323060851,1058.6703690264062
2018-07-06 21:00:00,382.0,450.4554019480062,0.0,925.1030848459052
2018-07-06 22:00:00,429.0,509.2677227214433,34.6200398235444,983.9154056193422
2018-07-06 23:00:00,769.0,793.909829610587,319.26214671268815,1268.557512508486
2018-07-07 00:00:00,1246.0,1318.5879860479863,843.9403031500874,1793.2356689458852
2018-07-07 01:00:00,1710.0,1859.0202845301571,1384.3726016322582,2333.667967428056
2018-07-07 02:00:00,2428.0,2323.1078067312974,1848.4601238333985,2797.7554896291963
2018-07-07 03:00:00,3029.0,2847.129543855703,2372.481860957804,3321.777226753602
2018-07-07 04:00:00,3386.0,3636.607808655689,3161.96012575779,4111.2554915535875
2018-07-07 05:00:00,4045.0,4146.009212422565,3671.361529524666,4620.656895320464
2018-07-07 06:00:00,4160.0,4322.416849459788,3847.769166561889,4797.064532357686
2018-07-07 07:00:00,4118.0,4121.1330299204055,3646.4853470225066,4595.780712818305
2018-07-07 08:00:00,3992.0,4345.8826429399805,3871.2349600420816,4820.530325837879
2018-07-07 09:00:00,4022.0,4406.335121003623,3931.6874381057237,4880.982803901521
2018-07-07 10:00:00,4289.0,4349.661104921303,3875.0134220234045,4824.308787819202
2018-07-07 11:00:00,4085.0,4119.855613238705,3645.207930340806,4594.503296136603
2018-07-07 12:00:00,3986.0,3695.9313651688476,3221.2836822709487,4170.5790480667465
2018-07-07 13:00:00,3416.0,3161.8174118021507,2687.1697289042518,3636.4650947000496
2018-07-07 14:00:00,3191.0,2599.9546123446667,2125.3069294467678,3074.6022952425656
2018-07-07 15:00:00,3616.0,2498.4399194375496,2023.7922365396507,2973.0876023354485
2018-07-07 16:00:00,3055.0,2515.2214071926965,2040.5737242947976,2989.8690900905954
2018-07-07 17:00:00,2246.0,1927.9396483618425,1453.2919654639436,2402.5873312597414
2018-07-07 18:00:00,1423.0,1107.336189420895,632.688506522996,1581.9838723187938
2018-07-07 19:00:00,786.0,727.945759406563,253.29807650866405,1202.5934423044619
2018-07-07 20:00:00,693.0,531.5602008703357,56.91251797243683,1006.2078837682346
2018-07-07 21:00:00,357.0,537.9439014805009,63.29621858260202,1012.5915843783998
2018-07-07 22:00:00,327.0,465.3957685621552,0.0,940.043451460054
2018-07-07 23:00:00,476.0,642.6778497167363,168.03016681883742,1117.3255326146352
2018-07-08 00:00:00,876.0,996.6553394042029,522.007656506304,1471.303022302102
2018-07-08 01:00:00,1084.0,1321.136867724122,846.4891848262232,1795.784550622021
2018-07-08 02:00:00,1920.0,1811.1763539486249,1336.528671050726,2285.824036846524
2018-07-08 03:00:00,2584.0,2631.0900551090235,2156.4423722111246,3105.7377380069224
2018-07-08 04:00:00,3236.0,3320.0984088490663,2845.4507259511674,3794.7460917469652
2018-07-08 05:00:00,3837.0,3563.419506811304,3088.771823913405,4038.067189709203
2018-07-08 06:00:00,4075.0,4038.12377172325,3563.476088825351,4512.771454621148
2018-07-08 07:00:00,4211.0,4130.384830967507,3655.737148069608,4605.032513865406
2018-07-08 08:00:00,4470.0,4093.816699322855,3619.169016424956,4568.4643822207545
2018-07-08 09:00:00,4397.0,4109.520188765553,3634.872505867654,4584.167871663452
2018-07-08 10:00:00,4514.0,4281.794987857759,3807.1473049598603,4756.442670755658
2018-07-08 11:00:00,4297.0,4140.5535305272615,3665.9058476293626,4615.20121342516
2018-07-08 12:00:00,3953.0,3813.307895952321,3338.660213054422,4287.95557885022
2018-07-08 13:00:00,3969.0,3355.5727712079124,2880.9250883100135,3830.2204541058113
2018-07-08 14:00:00,3571.0,2770.6558044951616,2296.0081215972627,3245.3034873930605
2018-07-08 15:00:00,2948.0,2507.4113116677695,2032.7636287698706,2982.0589945656684
2018-07-08 16:00:00,2039.0,1946.8416592839035,1472.1939763860046,2421.4893421818024
2018-07-08 17:00:00,1339.0,1245.0689267943417,770.4212438964428,1719.7166096922406
2018-07-08 18:00:00,676.0,671.7188826118675,197.07119971396855,1146.3665655097664
2018-07-08 19:00:00,423.0,553.369874277324,78.72219137942511,1028.017557175223
2018-07-08 20:00:00,320.0,478.9640477574289,4.316364859529983,953.6117306553278
2018-07-08 21:00:00,348.0,419.40815869391633,0.0,894.0558415918152
2018-07-08 22:00:00,903.0,735.2152465139629,260.56756361606404,1209.8629294118618
2018-07-08 23:00:00,2977.0,2652.4722013978185,2177.8245184999196,3127.1198842957174
2018-07-09 00:00:00,5679.0,5426.723049717085,4952.0753668191865,5901.370732614983
2018-07-09 01:00:00,6178.0,5897.429553286057,5422.7818703881585,6372.077236183955
2018-07-09 02:00:00,5656.0,5373.384067281307,4898.736384383408,5848.031750179205
2018-07-09 03:00:00,4586.0,4582.847532428188,4108.199849530289,5057.495215326087
2018-07-09 04:00:00,4266.0,4238.572856867237,3763.9251739693377,4713.220539765136
2018-07-09 05:00:00,4448.0,4394.306110751218,3919.6584278533187,4868.953793649116
2018-07-09 06:00:00,4689.0,4612.882794079161,4138.235111181262,5087.530476977059
2018-07-09 07:00:00,4621.0,4566.68910099509,4092.0414180971907,5041.336783892988
2018-07-09 08:00:00,4836.0,5085.252112187518,4610.604429289619,5559.899795085417
2018-07-09 09:00:00,5429.0,5392.318107578897,4917.670424680999,5866.9657904767955
2018-07-09 10:00:00,6311.0,6199.487938107397,5724.840255209498,6674.135621005296
2018-07-09 11:00:00,5805.0,5688.22228798712,5213.574605089221,6162.869970885018
2018-07-09 12:00:00,4290.0,4277.692844733948,3803.045161836049,4752.340527631846
2018-07-09 13:00:00,3240.0,3127.562183536395,2652.914500638496,3602.209866434294
2018-07-09 14:00:00,2861.0,2565.6214506048345,2090.9737677069356,3040.2691335027334
2018-07-09 15:00:00,2633.0,2387.8825688371653,1913.2348859392664,2862.530251735064
2018-07-09 16:00:00,2071.0,1735.8133271872673,1261.1656442893684,2210.461010085166
2018-07-09 17:00:00,1189.0,1116.3876608765027,641.7399779786037,1591.0353437744016
2018-07-09 18:00:00,688.0,612.9442442760641,138.29656137816517,1087.591927173963
2018-07-09 19:00:00,389.0,410.4440100813269,0.0,885.0916929792259
2018-07-09 20:00:00,295.0,366.0804269469919,0.0,840.7281098448908
2018-07-09 21:00:00,364.0,413.3768750071616,0.0,888.0245579050604
2018-07-09 22:00:00,898.0,842.5379383743209,367.890255476422,1317.1856212722198
2018-07-09 23:00:00,3137.0,2917.646860900113,2442.999178002214,3392.294543798012
2018-07-10 00:00:00,5886.0,5625.295301417128,5150.64761851923,6099.9429843150265
2018-07-10 01:00:00,6134.0,6047.338189308178,5572.690506410279,6521.985872206076
2018-07-10 02:00:00,5786.0,5663.747364329799,5189.0996814319005,6138.395047227697
2018-07-10 03:00:00,4843.0,4966.979170857452,4492.331487959553,5441.6268537553515
2018-07-10 04:00:00,4442.0,4513.625232351916,4038.9775494540168,4988.272915249814
2018-07-10 05:00:00,4586.0,4645.74194076791,4171.094257870011,5120.389623665809
2018-07-10 06:00:00,4865.0,4823.690762095951,4349.0430791980525,5298.338444993849
2018-07-10 07:00:00,4719.0,4776.882416829899,4302.234733932,5251.530099727797
2018-07-10 08:00:00,4789.0,5236.2543101410465,4761.606627243147,5710.901993038946
2018-07-10 09:00:00,5681.0,5717.755726791816,5243.108043893917,6192.403409689716
2018-07-10 10:00:00,6566.0,6284.979789132691,5810.332106234791,6759.62747203059
2018-07-10 11:00:00,6081.0,5934.6040499545825,5459.956367056684,6409.251732852481
2018-07-10 12:00:00,4404.0,4504.567170476828,4029.9194875789294,4979.214853374728
2018-07-10 13:00:00,3219.0,3194.225692856353,2719.578009958454,3668.873375754252
2018-07-10 14:00:00,3053.0,2678.2710780452016,2203.6233951473027,3152.9187609431006
2018-07-10 15:00:00,3060.0,2623.582611574877,2148.934928676978,3098.2302944727758
2018-07-10 16:00:00,2203.0,1902.2240482853435,1427.5763653874446,2376.8717311832424
2018-07-10 17:00:00,1311.0,1229.7595962106636,755.1119133127647,1704.4072791085625
2018-07-10 18:00:00,661.0,698.6530537611613,224.00537086326244,1173.3007366590602
2018-07-10 19:00:00,401.0,417.6499796412397,0.0,892.2976625391386
2018-07-10 20:00:00,321.0,373.6490397830981,0.0,848.2967226809969
2018-07-10 21:00:00,384.0,445.68855746093516,0.0,920.3362403588341
2018-07-10 22:00:00,948.0,831.1282403388936,356.48055744099474,1305.7759232367926
2018-07-10 23:00:00,3193.0,2894.590353217321,2419.942670319422,3369.23803611522
2018-07-11 00:00:00,5179.0,5716.9567219512355,5242.309039053336,6191.604404849135
2018-07-11 01:00:00,6295.0,6128.775988412197,5654.128305514298,6603.423671310096
2018-07-11 02:00:00,5930.0,5702.324482145487,5227.676799247589,6176.972165043386
2018-07-11 03:00:00,5025.0,4984.861370460481,4510.213687562582,5459.509053358381
2018-07-11 04:00:00,4829.0,4532.69047787753,4058.042794979631,5007.338160775429
2018-07-11 05:00:00,5052.0,4706.924054712139,4232.27637181424,5181.571737610038
2018-07-11 06:00:00,4974.0,4956.262168439626,4481.614485541728,5430.909851337525
2018-07-11 07:00:00,4779.0,5042.674596001101,4568.026913103202,5517.322278899001
2018-07-11 08:00:00,4974.0,5307.6603926403195,4833.012709742421,5782.308075538218
2018-07-11 09:00:00,5817.0,5606.324066275875,5131.676383377977,6080.971749173774
2018-07-11 10:00:00,6522.0,6363.275159724642,5888.627476826743,6837.922842622542
2018-07-11 11:00:00,5935.0,6109.579320599343,5634.931637701444,6584.227003497243
2018-07-11 12:00:00,4568.0,4579.752897348626,4105.105214450727,5054.400580246525
2018-07-11 13:00:00,3412.0,3367.8405217190552,2893.1928388211563,3842.488204616954
2018-07-11 14:00:00,3033.0,2855.6518297831763,2381.0041468852774,3330.299512681075
2018-07-11 15:00:00,2687.0,2653.4723425504253,2178.8246596525264,3128.120025448324
2018-07-11 16:00:00,1960.0,1966.7445064529381,1492.0968235550392,2441.392189350837
2018-07-11 17:00:00,1294.0,1371.9112112345122,897.2635283366133,1846.558894132411
2018-07-11 18:00:00,699.0,752.9035760005632,278.25589310266434,1227.551258898462
2018-07-11 19:00:00,408.0,432.8445906403676,0.0,907.4922735382665
2018-07-11 20:00:00,296.0,352.56024490755004,0.0,827.2079278054489
2018-07-11 21:00:00,364.0,420.8828730145602,0.0,895.530555912459
2018-07-11 22:00:00,940.0,833.0492181478813,358.40153524998243,1307.6969010457801
2018-07-11 23:00:00,3070.0,2828.626089525246,2353.978406627347,3303.2737724231447
2018-07-12 00:00:00,5702.0,5544.137832606896,5069.490149708998,6018.785515504795
2018-07-12 01:00:00,6456.0,6152.913076130437,5678.2653932325375,6627.560759028336
2018-07-12 02:00:00,5583.0,5697.544797810484,5222.897114912585,6172.192480708383
2018-07-12 03:00:00,4958.0,4962.77194034454,4488.124257446641,5437.419623242438
2018-07-12 04:00:00,4610.0,4465.990164232404,3991.342481334505,4940.637847130303
2018-07-12 05:00:00,4848.0,4726.358810483642,4251.711127585742,5201.006493381541
2018-07-12 06:00:00,4891.0,5016.789462615665,4542.1417797177655,5491.437145513564
2018-07-12 07:00:00,5188.0,5114.039799509071,4639.392116611172,5588.687482406969
2018-07-12 08:00:00,5139.0,5444.201088282636,4969.553405384737,5918.848771180536
2018-07-12 09:00:00,5743.0,5732.459247850376,5257.811564952477,6207.106930748276
2018-07-12 10:00:00,6612.0,6346.143491454234,5871.495808556336,6820.791174352133
2018-07-12 11:00:00,5795.0,5788.17881963362,5313.531136735721,6262.8265025315195
2018-07-12 12:00:00,3890.0,4561.45669646101,4086.8090135631114,5036.104379358909
2018-07-12 13:00:00,3237.0,3467.1057480807754,2992.4580651828765,3941.7534309786743
2018-07-12 14:00:00,2727.0,2938.6552636641045,2464.0075807662056,3413.3029465620034
2018-07-12 15:00:00,2497.0,2959.1636185069974,2484.5159356090985,3433.8113014048963
2018-07-12 16:00:00,1870.0,2509.039629234865,2034.3919463369662,2983.687312132764
2018-07-12 17:00:00,1320.0,1418.6600832322954,944.0124003343965,1893.3077661301943
2018-07-12 18:00:00,705.0,743.1789049596226,268.5312220617237,1217.8265878575216
2018-07-12 19:00:00,439.0,444.64336123833704,0.0,919.291044136236
2018-07-12 20:00:00,350.0,368.01391166792433,0.0,842.6615945658232
2018-07-12 21:00:00,373.0,422.62494465277564,0.0,897.2726275506745
2018-07-12 22:00:00,888.0,831.7756563933484,357.1279734954495,1306.4233392912474
2018-07-12 23:00:00,2917.0,2767.6016921773507,2292.954009279452,3242.2493750752496
2018-07-13 00:00:00,5268.0,5355.562043693911,4880.914360796012,5830.209726591809
2018-07-13 01:00:00,5994.0,5677.033377642581,5202.385694744682,6151.681060540481
2018-07-13 02:00:00,5288.0,5171.372720912427,4696.725038014529,5646.020403810326
2018-07-13 03:00:00,4543.0,4656.347790738983,4181.700107841085,5130.995473636882
2018-07-13 04:00:00,4392.0,4430.843976375819,3956.19629347792,4905.491659273717
2018-07-13 05:00:00,4740.0,4875.246200687018,4400.59851778912,5349.893883584917
2018-07-13 06:00:00,5123.0,5149.255706313331,4674.608023415432,5623.903389211229
2018-07-13 07:00:00,5059.0,5103.081560074425,4628.433877176527,5577.729242972324
2018-07-13 08:00:00,5363.0,5352.170507793077,4877.522824895179,5826.818190690976
2018-07-13 09:00:00,5914.0,5547.6631228138895,5073.015439915991,6022.310805711788
2018-07-13 10:00:00,6153.0,6078.638643239359,5603.99096034146,6553.286326137259
2018-07-13 11:00:00,5257.0,5490.723920422635,5016.076237524736,5965.371603320535
2018-07-13 12:00:00,4664.0,4412.157294625513,3937.509611727614,4886.804977523412
2018-07-13 13:00:00,3664.0,3434.1920837112752,2959.5444008133763,3908.839766609174
2018-07-13 14:00:00,3260.0,3030.249392108489,2555.60170921059,3504.8970750063877
2018-07-13 15:00:00,3064.0,3033.954864896148,2559.3071819982492,3508.602547794047
2018-07-13 16:00:00,2835.0,2677.2014227364757,2202.553739838577,3151.8491056343746
2018-07-13 17:00:00,1971.0,1962.1590533375706,1487.5113704396717,2436.8067362354695
2018-07-13 18:00:00,1233.0,1142.2770169088164,667.6293340109175,1616.9246998067154
2018-07-13 19:00:00,696.0,784.0748285373578,309.4271456394589,1258.7225114352568
2018-07-13 20:00:00,646.0,527.0525010225377,52.40481812463884,1001.7001839204366
2018-07-13 21:00:00,437.0,459.2193574976211,0.0,933.86704039552
2018-07-13 22:00:00,444.0,553.811293432095,79.1636105341961,1028.458976329994
2018-07-13 23:00:00,858.0,765.7831678350515,291.13548493715257,1240.4308507329504
2018-07-14 00:00:00,1422.0,1262.7130248303447,788.0653419324458,1737.3607077282436
2018-07-14 01:00:00,1991.0,2089.8878008743222,1615.2401179764233,2564.535483772221
2018-07-14 02:00:00,2714.0,2672.5129891281463,2197.8653062302474,3147.160672026045
2018-07-14 03:00:00,3471.0,3193.378291014017,2718.730608116118,3668.025973911916
2018-07-14 04:00:00,3718.0,3815.595431883568,3340.947748985669,4290.243114781467
2018-07-14 05:00:00,4213.0,4322.6400711150145,3847.9923882171156,4797.287754012914
2018-07-14 06:00:00,4524.0,4515.266513744021,4040.618830846122,4989.914196641919
2018-07-14 07:00:00,4218.0,4565.438887377448,4090.791204479549,5040.086570275347
2018-07-14 08:00:00,4242.0,4558.920760863734,4084.2730779658355,5033.568443761633
2018-07-14 09:00:00,4306.0,4559.9159759494005,4085.2682930515016,5034.563658847299
2018-07-14 10:00:00,4317.0,4502.853353943511,4028.2056710456122,4977.50103684141
2018-07-14 11:00:00,4354.0,4329.373932603813,3854.726249705914,4804.0216155017115
2018-07-14 12:00:00,4109.0,3958.3004398436206,3483.6527569457216,4432.94812274152
2018-07-14 13:00:00,3446.0,3381.561249494901,2906.913566597002,3856.2089323928
2018-07-14 14:00:00,3192.0,2914.3553798527405,2439.7076969548416,3389.0030627506394
2018-07-14 15:00:00,3272.0,2983.1388695670553,2508.4911866691564,3457.786552464954
2018-07-14 16:00:00,3074.0,2937.091161571155,2462.4434786732563,3411.738844469054
2018-07-14 17:00:00,2275.0,2075.4244785529795,1600.7767956550806,2550.0721614508784
2018-07-14 18:00:00,1350.0,1154.510873724419,679.8631908265202,1629.158556622318
2018-07-14 19:00:00,826.0,784.2706641577646,309.6229812598657,1258.9183470556636
2018-07-14 20:00:00,699.0,541.3476316919734,66.69994879407454,1015.9953145898724
2018-07-14 21:00:00,435.0,433.6142280048643,0.0,908.2619109027632
2018-07-14 22:00:00,366.0,468.759421451729,0.0,943.4071043496278
2018-07-14 23:00:00,508.0,628.0940888042138,153.4464059063149,1102.7417717021126
2018-07-15 00:00:00,933.0,909.032720816046,434.3850379181471,1383.680403713945
2018-07-15 01:00:00,1195.0,1190.8651255695133,716.2174426716144,1665.5128084674122
2018-07-15 02:00:00,1814.0,1764.0375098316201,1289.3898269337212,2238.6851927295193
2018-07-15 03:00:00,2911.0,2641.059876597504,2166.4121936996053,3115.707559495403
2018-07-15 04:00:00,3310.0,3425.5879728954837,2950.940289997585,3900.2356557933826
2018-07-15 05:00:00,3655.0,3711.413191925858,3236.765509027959,4186.060874823757
2018-07-15 06:00:00,4245.0,4039.8017167316457,3565.154033833747,4514.449399629544
2018-07-15 07:00:00,4233.0,4119.5659791169155,3644.9182962190166,4594.213662014814
2018-07-15 08:00:00,4129.0,4092.4585805609063,3617.8108976630074,4567.106263458805
2018-07-15 09:00:00,4063.0,4202.370514305329,3727.7228314074305,4677.018197203228
2018-07-15 10:00:00,4438.0,4237.535346367628,3762.8876634697294,4712.183029265527
2018-07-15 11:00:00,4321.0,4083.3953676736924,3608.7476847757935,4558.043050571591
2018-07-15 12:00:00,3836.0,3809.3187586479435,3334.6710757500446,4283.966441545843
2018-07-15 13:00:00,3535.0,3265.2394123791382,2790.5917294812393,3739.887095277037
2018-07-15 14:00:00,3015.0,2723.4385507759484,2248.7908678780495,3198.0862336738473
2018-07-15 15:00:00,2671.0,2449.3107749589567,1974.6630920610578,2923.9584578568556
2018-07-15 16:00:00,2009.0,2016.3919804568934,1541.7442975589945,2491.0396633547925
2018-07-15 17:00:00,1244.0,1272.672085546601,798.0244026487021,1747.3197684445
2018-07-15 18:00:00,721.0,783.6184496090538,308.97076671115485,1258.2661325069525
2018-07-15 19:00:00,458.0,508.14346045148403,33.49577755358513,982.791143349383
2018-07-15 20:00:00,297.0,433.9587234585472,0.0,908.6064063564461
2018-07-15 21:00:00,368.0,401.74904339189345,0.0,876.3967262897924
2018-07-15 22:00:00,935.0,723.5604594523629,248.91277655446402,1198.2081423502618
2018-07-15 23:00:00,3048.0,2705.5616605568052,2230.9139776589063,3180.209343454704
2018-07-16 00:00:00,5593.0,5582.0343299176375,5107.386647019739,6056.682012815536
2018-07-16 01:00:00,5793.0,6005.869929537158,5531.2222466392595,6480.517612435056
2018-07-16 02:00:00,5647.0,5436.89403315039,4962.2463502524915,5911.541716048288
2018-07-16 03:00:00,4603.0,4741.292034030944,4266.644351133045,5215.939716928842
2018-07-16 04:00:00,4346.0,4286.349585234677,3811.701902336778,4760.997268132576
2018-07-16 05:00:00,4504.0,4514.4185893775575,4039.7709064796586,4989.066272275457
2018-07-16 06:00:00,4588.0,4745.86982546779,4271.222142569892,5220.517508365689
2018-07-16 07:00:00,4558.0,4823.936707443229,4349.289024545331,5298.584390341128
2018-07-16 08:00:00,4794.0,5045.482991302527,4570.835308404628,5520.130674200425
2018-07-16 09:00:00,5558.0,5369.310503590895,4894.662820692996,5843.958186488793
2018-07-16 10:00:00,6269.0,6194.725865068451,5720.078182170551,6669.37354796635
2018-07-16 11:00:00,5708.0,5744.537180239944,5269.889497342045,6219.184863137843
2018-07-16 12:00:00,4203.0,4184.582823063628,3709.935140165729,4659.230505961526
2018-07-16 13:00:00,3277.0,3103.351552991178,2628.703870093279,3577.9992358890768
2018-07-16 14:00:00,2900.0,2526.090678734759,2051.44299583686,3000.738361632658
2018-07-16 15:00:00,2424.0,2431.97018839242,1957.322505494521,2906.617871290319
2018-07-16 16:00:00,1965.0,1768.2295569809694,1293.5818740830705,2242.8772398788683
2018-07-16 17:00:00,1096.0,1138.7366299585829,664.088947060684,1613.3843128564818
2018-07-16 18:00:00,595.0,580.6808726388629,106.03318974096396,1055.3285555367618
2018-07-16 19:00:00,407.0,390.31322021356186,0.0,864.9609031114608
2018-07-16 20:00:00,274.0,334.4451016294888,0.0,809.0927845273877
2018-07-16 21:00:00,356.0,400.15200739059384,0.0,874.7996902884927
2018-07-16 22:00:00,930.0,842.2685513269133,367.6208684290144,1316.9162342248123
2018-07-16 23:00:00,3171.0,2873.9961781906345,2399.3484952927356,3348.6438610885334
2018-07-17 00:00:00,5870.0,5563.616970896364,5088.969287998465,6038.264653794264
2018-07-17 01:00:00,6417.0,6095.763175813802,5621.115492915904,6570.410858711701
2018-07-17 02:00:00,5455.0,5760.78411124846,5286.136428350561,6235.43179414636
2018-07-17 03:00:00,5030.0,4917.332288145903,4442.684605248003,5391.979971043802
2018-07-17 04:00:00,4346.0,4296.749254677592,3822.101571779693,4771.396937575491
2018-07-17 05:00:00,4540.0,4537.160490431179,4062.51280753328,5011.808173329078
2018-07-17 06:00:00,4952.0,4742.139449781663,4267.491766883764,5216.787132679561
2018-07-17 07:00:00,4576.0,4912.2125517489885,4437.56486885109,5386.860234646887
2018-07-17 08:00:00,5011.0,5307.318907335531,4832.671224437632,5781.966590233429
2018-07-17 09:00:00,5573.0,5796.602150232797,5321.954467334897,6271.249833130696
2018-07-17 10:00:00,6358.0,6427.982986601615,5953.335303703716,6902.630669499515
2018-07-17 11:00:00,5698.0,5940.742999072412,5466.095316174513,6415.390681970312
2018-07-17 12:00:00,4360.0,4530.931901067406,4056.2842181695073,5005.579583965306
2018-07-17 13:00:00,3337.0,3258.787091615502,2784.139408717603,3733.434774513401
2018-07-17 14:00:00,3113.0,2837.4227471757204,2362.7750642778215,3312.0704300736193
2018-07-17 15:00:00,2754.0,2663.2958687398796,2188.6481858419806,3137.9435516377785
2018-07-17 16:00:00,2209.0,1981.6108440948972,1506.9631611969983,2456.258526992796
2018-07-17 17:00:00,1242.0,1293.7962219095184,819.1485390116195,1768.4439048074173
2018-07-17 18:00:00,657.0,639.1331967152099,164.48551381731102,1113.780879613109
2018-07-17 19:00:00,410.0,417.9671703596956,0.0,892.6148532575945
2018-07-17 20:00:00,313.0,354.38857868481927,0.0,829.0362615827182
2018-07-17 21:00:00,377.0,396.5650869507295,0.0,871.2127698486283
2018-07-17 22:00:00,894.0,841.0222242650185,366.3745413671196,1315.6699071629173
2018-07-17 23:00:00,3189.0,2842.373189991588,2367.725507093689,3317.020872889487
2018-07-18 00:00:00,5769.0,5624.83304884857,5150.1853659506705,6099.480731746469
2018-07-18 01:00:00,6200.0,6169.659617778394,5695.011934880495,6644.307300676293
2018-07-18 02:00:00,5696.0,5821.794964676152,5347.147281778252,6296.442647574051
2018-07-18 03:00:00,5129.0,5018.209869781973,4543.5621868840735,5492.857552679872
2018-07-18 04:00:00,4560.0,4511.900768230439,4037.25308533254,4986.548451128338
2018-07-18 05:00:00,4752.0,4721.563325380104,4246.915642482205,5196.211008278004
2018-07-18 06:00:00,4916.0,4986.171539212992,4511.523856315092,5460.819222110891
2018-07-18 07:00:00,4714.0,4925.252966848924,4450.605283951025,5399.900649746824
2018-07-18 08:00:00,5138.0,5337.97279021549,4863.325107317591,5812.620473113389
2018-07-18 09:00:00,5677.0,5731.579065122881,5256.931382224982,6206.226748020779
2018-07-18 10:00:00,6606.0,6367.097645698276,5892.449962800378,6841.745328596175
2018-07-18 11:00:00,6084.0,5974.007770610548,5499.360087712648,6448.655453508447
2018-07-18 12:00:00,4941.0,4516.207222929402,4041.559540031503,4990.8549058273
2018-07-18 13:00:00,3461.0,3260.750570289466,2786.102887391567,3735.398253187365
2018-07-18 14:00:00,3177.0,2892.218494582993,2417.570811685094,3366.866177480892
2018-07-18 15:00:00,2949.0,2694.793670789714,2220.145987891815,3169.4413536876127
2018-07-18 16:00:00,2200.0,1974.9649480073692,1500.3172651094703,2449.612630905268
2018-07-18 17:00:00,1271.0,1318.374322913262,843.726640015363,1793.0220058111609
2018-07-18 18:00:00,697.0,741.7145589617812,267.0668760638823,1216.3622418596801
2018-07-18 19:00:00,423.0,443.3852653181619,0.0,918.0329482160607
2018-07-18 20:00:00,303.0,352.923460089542,0.0,827.5711429874409
2018-07-18 21:00:00,369.0,379.9313583526814,0.0,854.5790412505803
2018-07-18 22:00:00,896.0,838.0482979927436,363.40061509484474,1312.6959808906427
2018-07-18 23:00:00,3110.0,2908.375321129653,2433.727638231754,3383.023004027552
2018-07-19 00:00:00,5752.0,5599.858559455892,5125.210876557992,6074.506242353791
2018-07-19 01:00:00,6246.0,6242.988227095781,5768.340544197883,6717.63590999368
2018-07-19 02:00:00,5702.0,5546.056657478997,5071.408974581098,6020.704340376897
2018-07-19 03:00:00,4855.0,4857.156653697593,4382.508970799694,5331.804336595493
2018-07-19 04:00:00,4492.0,4506.6271965669275,4031.9795136690286,4981.274879464827
2018-07-19 05:00:00,4677.0,4855.4794042292315,4380.831721331333,5330.12708712713
2018-07-19 06:00:00,4861.0,5162.58650124876,4687.938818350862,5637.234184146659
2018-07-19 07:00:00,4734.0,5074.1849616451045,4599.537278747206,5548.832644543003
2018-07-19 08:00:00,5135.0,5443.661534672527,4969.013851774627,5918.309217570426
2018-07-19 09:00:00,5704.0,5747.860582025182,5273.212899127284,6222.508264923081
2018-07-19 10:00:00,6459.0,6397.4193513310065,5922.771668433108,6872.067034228905
2018-07-19 11:00:00,5872.0,5865.53327099222,5390.885588094321,6340.18095389012
2018-07-19 12:00:00,4497.0,4533.882596828359,4059.23491393046,5008.5302797262575
2018-07-19 13:00:00,3419.0,3287.821249589723,2813.173566691824,3762.4689324876217
2018-07-19 14:00:00,2991.0,2926.453704510128,2451.806021612229,3401.1013874080268
2018-07-19 15:00:00,2613.0,2892.6346021770496,2417.9869192791507,3367.2822850749485
2018-07-19 16:00:00,2282.0,2432.8012194899966,1958.1535365920977,2907.4489023878955
2018-07-19 17:00:00,1454.0,1428.5846401515973,953.9369572536984,1903.2323230494962
2018-07-19 18:00:00,693.0,747.9575987848455,273.30991588694656,1222.6052816827444
2018-07-19 19:00:00,460.0,453.51793731995565,0.0,928.1656202178546
2018-07-19 20:00:00,360.0,374.20945888029877,0.0,848.8571417781977
2018-07-19 21:00:00,376.0,420.5177165489843,0.0,895.1653994468832
2018-07-19 22:00:00,873.0,832.1252415225932,357.4775586246943,1306.772924420492
2018-07-19 23:00:00,2822.0,2752.5783154154406,2277.9306325175417,3227.2259983133395
2018-07-20 00:00:00,5266.0,5407.12843957123,4932.480756673331,5881.776122469129
2018-07-20 01:00:00,5821.0,6001.776573989606,5527.1288910917065,6476.424256887505
2018-07-20 02:00:00,5339.0,5282.504449486101,4807.856766588202,5757.152132384001
2018-07-20 03:00:00,4816.0,4705.468713283183,4230.821030385285,5180.116396181082
2018-07-20 04:00:00,4592.0,4425.108250141328,3950.4605672434295,4899.755933039227
2018-07-20 05:00:00,4823.0,4863.075059841743,4388.427376943844,5337.722742739641
2018-07-20 06:00:00,5253.0,5126.627440973341,4651.979758075442,5601.275123871241
2018-07-20 07:00:00,5169.0,5131.394444557605,4656.746761659706,5606.042127455505
2018-07-20 08:00:00,5413.0,5376.614338169432,4901.966655271533,5851.26202106733
2018-07-20 09:00:00,5602.0,5645.843372575838,5171.195689677939,6120.491055473736
2018-07-20 10:00:00,6086.0,6091.7430025557405,5617.095319657841,6566.39068545364
2018-07-20 11:00:00,4987.0,5630.881262400544,5156.233579502645,6105.528945298443
2018-07-20 12:00:00,4465.0,4523.2511512268975,4048.6034683289986,4997.898834124797
2018-07-20 13:00:00,3574.0,3479.904581343457,3005.256898445558,3954.5522642413557
2018-07-20 14:00:00,3124.0,3065.1145649939854,2590.4668820960865,3539.7622478918843
2018-07-20 15:00:00,3121.0,3045.953808603485,2571.306125705586,3520.601491501384
2018-07-20 16:00:00,3032.0,2757.3744038454624,2282.7267209475635,3232.0220867433613
2018-07-20 17:00:00,2030.0,1940.7145436641035,1466.0668607662046,2415.3622265620024
2018-07-20 18:00:00,1235.0,1210.9934896922987,736.3458067943998,1685.6411725901976
2018-07-20 19:00:00,781.0,787.3364829597635,312.68880006186464,1261.9841658576624
2018-07-20 20:00:00,648.0,524.859518959032,50.21183606113311,999.5072018569309
2018-07-20 21:00:00,418.0,448.5034820268085,0.0,923.1511649247075
2018-07-20 22:00:00,478.0,545.7536272385253,71.10594434062637,1020.4013101364242
2018-07-20 23:00:00,903.0,748.0219899731914,273.37430707529245,1222.6696728710904
2018-07-21 00:00:00,1500.0,1120.316281819114,645.6685989212151,1594.963964717013
2018-07-21 01:00:00,2236.0,1880.189033062782,1405.5413501648832,2354.836715960681
2018-07-21 02:00:00,3031.0,2598.926497940745,2124.278815042846,3073.5741808386438
2018-07-21 03:00:00,3883.0,3249.2070930104023,2774.5594101125034,3723.8547759083012
2018-07-21 04:00:00,4045.0,3802.2949115417387,3327.6472286438398,4276.942594439637
2018-07-21 05:00:00,4418.0,4439.437731854943,3964.7900489570443,4914.085414752843
2018-07-21 06:00:00,4505.0,4505.914061673335,4031.266378775436,4980.561744571234
2018-07-21 07:00:00,4644.0,4536.398171657657,4061.7504887597584,5011.045854555556
2018-07-21 08:00:00,4796.0,4543.41666895538,4068.7689860574815,5018.06435185328
2018-07-21 09:00:00,4674.0,4515.871305527945,4041.223622630046,4990.518988425843
2018-07-21 10:00:00,4788.0,4521.676468324601,4047.028785426702,4996.3241512224995
2018-07-21 11:00:00,4562.0,4418.761483190205,3944.1138002923058,4893.409166088104
2018-07-21 12:00:00,4253.0,4006.229584930795,3531.5819020328963,4480.877267828694
2018-07-21 13:00:00,3815.0,3463.786650382848,2989.1389674849493,3938.434333280747
2018-07-21 14:00:00,3434.0,2997.1570809041914,2522.5093980062925,3471.8047638020903
2018-07-21 15:00:00,3435.0,3041.6765114556188,2567.02882855772,3516.3241943535177
2018-07-21 16:00:00,3131.0,3003.399056415039,2528.75137351714,3478.046739312938
2018-07-21 17:00:00,2292.0,2244.284647258437,1769.636964360538,2718.932330156336
2018-07-21 18:00:00,1408.0,1262.8382259599707,788.1905430620718,1737.4859088578696
2018-07-21 19:00:00,969.0,902.4180744749763,427.77039157707736,1377.0657573728752
2018-07-21 20:00:00,749.0,592.7633509199152,118.11566802201628,1067.411033817814
2018-07-21 21:00:00,344.0,440.32062632428455,0.0,914.9683092221835
2018-07-21 22:00:00,355.0,470.8292983376332,0.0,945.4769812355321
2018-07-21 23:00:00,525.0,631.2356613003586,156.58797840245973,1105.8833441982574
2018-07-22 00:00:00,902.0,993.1911991126879,518.543516214789,1467.8388820105868
2018-07-22 01:00:00,1297.0,1180.679234098398,706.031551200499,1655.3269169962969
2018-07-22 02:00:00,2009.0,1823.1517062455662,1348.5040233476673,2297.7993891434653
2018-07-22 03:00:00,2927.0,2759.2423529774983,2284.5946700795994,3233.890035875397
2018-07-22 04:00:00,3711.0,3512.618076631946,3037.9703937340473,3987.265759529845
2018-07-22 05:00:00,4021.0,3942.385435938959,3467.73775304106,4417.033118836858
2018-07-22 06:00:00,4250.0,4418.908527213613,3944.2608443157137,4893.556210111512
2018-07-22 07:00:00,4491.0,4451.99749815458,3977.3498152566813,4926.6451810524795
2018-07-22 08:00:00,4463.0,4437.471090063165,3962.8234071652664,4912.118772961065
2018-07-22 09:00:00,4657.0,4407.753271450649,3933.10558855275,4882.400954348548
2018-07-22 10:00:00,4875.0,4327.440704243209,3852.7930213453105,4802.088387141108
2018-07-22 11:00:00,4657.0,4150.568945379976,3675.921262482077,4625.216628277874
2018-07-22 12:00:00,4098.0,3838.6529437030795,3364.0052608051806,4313.300626600978
2018-07-22 13:00:00,3661.0,3437.6807140742485,2963.0330311763496,3912.3283969721474
2018-07-22 14:00:00,3135.0,2862.2537053459755,2387.6060224480766,3336.9013882438744
2018-07-22 15:00:00,2803.0,2608.298558335919,2133.65087543802,3082.946241233818
2018-07-22 16:00:00,2224.0,2099.3262080169325,1624.6785251190336,2573.9738909148314
2018-07-22 17:00:00,1397.0,1324.3506697175546,849.7029868196557,1798.9983526154535
2018-07-22 18:00:00,714.0,758.9146116156669,284.266928717768,1233.5622945135658
2018-07-22 19:00:00,402.0,518.0841238595791,43.436440961680205,992.731806757478
2018-07-22 20:00:00,354.0,422.74106638493697,0.0,897.3887492828359
2018-07-22 21:00:00,355.0,401.74904339189345,0.0,876.3967262897924
2018-07-22 22:00:00,957.0,707.6339963268375,232.98631342893862,1182.2816792247363
2018-07-22 23:00:00,3008.0,2234.0918858557297,1759.4442029578308,2708.7395687536286
2018-07-23 00:00:00,5617.0,5687.000279009734,5212.352596111836,6161.647961907633
2018-07-23 01:00:00,6306.0,6271.846676626942,5797.198993729044,6746.494359524841
2018-07-23 02:00:00,5522.0,5553.32636292131,5078.678680023411,6027.974045819208
2018-07-23 03:00:00,4735.0,4847.355132328213,4372.707449430314,5322.002815226111
2018-07-23 04:00:00,4209.0,4314.894281605771,3840.2465987078717,4789.541964503669
2018-07-23 05:00:00,4485.0,4596.7738276423115,4122.126144744412,5071.421510540211
2018-07-23 06:00:00,4800.0,4787.436452772056,4312.788769874158,5262.084135669955
2018-07-23 07:00:00,4475.0,4822.546856514222,4347.8991736163225,5297.194539412121
2018-07-23 08:00:00,4677.0,5238.146652440793,4763.498969542894,5712.794335338693
2018-07-23 09:00:00,5413.0,5570.723700723297,5096.076017825399,6045.3713836211955
2018-07-23 10:00:00,6317.0,6264.583620672177,5789.9359377742785,6739.231303570075
2018-07-23 11:00:00,5701.0,5813.304191236127,5338.656508338228,6287.951874134025
2018-07-23 12:00:00,4293.0,4450.183440076139,3975.53575717824,4924.8311229740375
2018-07-23 13:00:00,3143.0,3165.615954208513,2690.968271310614,3640.263637106412
2018-07-23 14:00:00,2833.0,2634.901828530783,2160.254145632884,3109.549511428682
2018-07-23 15:00:00,2492.0,2419.9938836714787,1945.3462007735798,2894.6415665693776
2018-07-23 16:00:00,1690.0,1743.8978038489154,1269.2501209510165,2218.5454867468143
2018-07-23 17:00:00,1182.0,1201.6358775472306,726.9881946493317,1676.2835604451295
2018-07-23 18:00:00,638.0,632.7091840000958,158.06150110219687,1107.3568668979947
2018-07-23 19:00:00,391.0,389.78413069824705,0.0,864.431813596146
2018-07-23 20:00:00,297.0,335.0813595356762,0.0,809.7290424335752
2018-07-23 21:00:00,390.0,392.5735202599947,0.0,867.2212031578936
2018-07-23 22:00:00,891.0,844.7158349540051,370.0681520561062,1319.363517851904
2018-07-23 23:00:00,3184.0,2845.69002324579,2371.0423403478912,3320.337706143689
2018-07-24 00:00:00,5782.0,5618.522572737622,5143.8748898397225,6093.170255635521
2018-07-24 01:00:00,6409.0,6304.91376873811,5830.2660858402105,6779.561451636009
2018-07-24 02:00:00,5658.0,5849.001247196743,5374.3535642988445,6323.648930094641
2018-07-24 03:00:00,4984.0,4986.829313671203,4512.181630773304,5461.476996569101
2018-07-24 04:00:00,4386.0,4321.813766875049,3847.16608397715,4796.461449772947
2018-07-24 05:00:00,4634.0,4611.146339725553,4136.4986568276545,5085.794022623451
2018-07-24 06:00:00,4805.0,4832.235040072388,4357.587357174489,5306.882722970287
2018-07-24 07:00:00,4664.0,4832.141656670313,4357.493973772414,5306.789339568211
2018-07-24 08:00:00,4944.0,5353.72361471702,4879.075931819121,5828.371297614918
2018-07-24 09:00:00,5699.0,5858.254057235508,5383.606374337609,6332.901740133408
2018-07-24 10:00:00,6558.0,6447.556551126083,5972.908868228184,6922.204234023982
2018-07-24 11:00:00,5636.0,5947.927943493938,5473.280260596039,6422.575626391837
2018-07-24 12:00:00,4430.0,4545.862616763049,4071.21493386515,5020.510299660948
2018-07-24 13:00:00,3371.0,3249.0747610424105,2774.4270781445116,3723.7224439403094
2018-07-24 14:00:00,3266.0,2761.4089349603064,2286.7612520624075,3236.0566178582053
2018-07-24 15:00:00,2727.0,2680.3165593278313,2205.6688764299324,3154.9642422257302
2018-07-24 16:00:00,2178.0,1976.1144292802378,1501.466746382339,2450.7621121781367
2018-07-24 17:00:00,1269.0,1324.982236937191,850.334554039292,1799.6299198350898
2018-07-24 18:00:00,664.0,682.6029814208312,207.95529852293225,1157.25066431873
2018-07-24 19:00:00,388.0,425.8416869645665,0.0,900.4893698624654
2018-07-24 20:00:00,290.0,348.2972659759717,0.0,822.9449488738705
2018-07-24 21:00:00,372.0,412.47383376908965,0.0,887.1215166669886
2018-07-24 22:00:00,955.0,843.0811520941135,368.43346919621456,1317.7288349920123
2018-07-24 23:00:00,3121.0,2834.5163750089596,2359.8686921110607,3309.1640579068585
2018-07-25 00:00:00,5926.0,5659.102911208452,5184.455228310553,6133.75059410635
2018-07-25 01:00:00,6595.0,6307.354870177151,5832.707187279251,6782.00255307505
2018-07-25 02:00:00,5651.0,5926.183711556775,5451.536028658877,6400.8313944546735
2018-07-25 03:00:00,4974.0,5027.308731169693,4552.661048271793,5501.956414067592
2018-07-25 04:00:00,4545.0,4502.639052280869,4027.99136938297,4977.286735178768
2018-07-25 05:00:00,4879.0,4790.7405666007335,4316.092883702835,5265.388249498632
2018-07-25 06:00:00,4799.0,5039.942140036914,4565.294457139014,5514.589822934813
2018-07-25 07:00:00,4860.0,5041.395685536824,4566.748002638926,5516.043368434723
2018-07-25 08:00:00,5032.0,5420.258838059285,4945.611155161387,5894.906520957184
2018-07-25 09:00:00,5826.0,5909.000536146852,5434.352853248953,6383.648219044751
2018-07-25 10:00:00,6668.0,6420.514484024936,5945.8668011270365,6895.162166922835
2018-07-25 11:00:00,6108.0,5896.891031368097,5422.243348470198,6371.5387142659965
2018-07-25 12:00:00,4459.0,4585.25527325651,4110.607590358612,5059.9029561544085
2018-07-25 13:00:00,3473.0,3275.875313712303,2801.227630814404,3750.522996610202
2018-07-25 14:00:00,3053.0,2840.4249554855805,2365.7772725876816,3315.0726383834794
2018-07-25 15:00:00,3072.0,2695.50328950745,2220.855606609551,3170.150972405349
2018-07-25 16:00:00,2422.0,1963.582722166817,1488.935039268918,2438.230405064716
2018-07-25 17:00:00,1922.0,1326.6187492282802,851.9710663303813,1801.266432126179
2018-07-25 18:00:00,750.0,717.3411539911291,242.6934710932302,1191.9888368890279
2018-07-25 19:00:00,411.0,443.3852653181619,0.0,918.0329482160607
2018-07-25 20:00:00,306.0,351.54930713626766,0.0,826.1969900341666
2018-07-25 21:00:00,409.0,429.8463471913486,0.0,904.4940300892475
2018-07-25 22:00:00,911.0,809.4650947095462,334.8174118116473,1284.112777607445
2018-07-25 23:00:00,3147.0,2803.760657113786,2329.112974215887,3278.4083400116847
2018-07-26 00:00:00,5813.0,5636.351411021657,5161.703728123759,6110.999093919556
2018-07-26 01:00:00,6299.0,6345.079386941191,5870.4317040432925,6819.727069839089
2018-07-26 02:00:00,5866.0,5826.954566981634,5352.306884083735,6301.602249879534
2018-07-26 03:00:00,4925.0,5009.766961310046,4535.119278412147,5484.4146442079455
2018-07-26 04:00:00,4390.0,4649.717807510339,4175.070124612441,5124.365490408238
2018-07-26 05:00:00,4654.0,4961.9581634218375,4487.310480523938,5436.605846319737
2018-07-26 06:00:00,4806.0,5239.781214473443,4765.133531575544,5714.428897371341
2018-07-26 07:00:00,5029.0,5207.189503423971,4732.541820526072,5681.837186321869
2018-07-26 08:00:00,5264.0,5567.796758256446,5093.149075358548,6042.4444411543445
2018-07-26 09:00:00,5752.0,5935.4667424452045,5460.819059547306,6410.114425343103
2018-07-26 10:00:00,6566.0,6454.372328602302,5979.724645704404,6929.020011500201
2018-07-26 11:00:00,5905.0,5950.838600837459,5476.190917939561,6425.486283735358
2018-07-26 12:00:00,4555.0,4628.243529700567,4153.595846802667,5102.891212598466
2018-07-26 13:00:00,3707.0,3416.8613117750497,2942.2136288771508,3891.5089946729486
2018-07-26 14:00:00,3154.0,2981.5621209272704,2506.9144380293715,3456.2098038251693
2018-07-26 15:00:00,3206.0,2962.5466903403326,2487.8990074424337,3437.1943732382315
2018-07-26 16:00:00,2959.0,2487.3800279860357,2012.7323450881368,2962.0277108839346
2018-07-26 17:00:00,1412.0,1422.102881647349,947.4551987494501,1896.750564545248
2018-07-26 18:00:00,774.0,753.3503698914968,278.7026869935979,1227.9980527893958
2018-07-26 19:00:00,456.0,511.1662720558504,36.51858915795151,985.8139549537493
2018-07-26 20:00:00,344.0,377.22242767342783,0.0,851.8701105713267
2018-07-26 21:00:00,390.0,424.8014509431417,0.0,899.4491338410405
2018-07-26 22:00:00,836.0,797.3509186702229,322.703235772324,1271.9986015681218
2018-07-26 23:00:00,2945.0,2729.7041178858854,2255.0564349879864,3204.3518007837843
2018-07-27 00:00:00,5353.0,5627.983508987231,5153.335826089333,6102.63119188513
2018-07-27 01:00:00,5950.0,6287.839049375532,5813.191366477633,6762.486732273432
2018-07-27 02:00:00,5232.0,5708.414023994659,5233.76634109676,6183.0617068925585
2018-07-27 03:00:00,4674.0,4998.912372896268,4524.264689998368,5473.560055794167
2018-07-27 04:00:00,4571.0,4770.6988747685655,4296.051191870667,5245.346557666464
2018-07-27 05:00:00,4813.0,5131.680627894954,4657.032944997056,5606.328310792853
2018-07-27 06:00:00,5121.0,5373.545643466104,4898.897960568205,5848.193326364002
2018-07-27 07:00:00,5228.0,5352.620695030842,4877.973012132943,5827.268377928742
2018-07-27 08:00:00,5400.0,5589.105577308376,5114.457894410478,6063.753260206275
2018-07-27 09:00:00,5795.0,5744.747479977217,5270.099797079318,6219.3951628751165
2018-07-27 10:00:00,6254.0,6175.8908212259785,5701.24313832808,6650.538504123877
2018-07-27 11:00:00,5160.0,5737.968768566747,5263.321085668847,6212.616451464646
2018-07-27 12:00:00,4303.0,4666.184823523313,4191.537140625414,5140.832506421211
2018-07-27 13:00:00,3506.0,3478.552335014398,3003.904652116499,3953.200017912297
2018-07-27 14:00:00,3184.0,3108.4345543073623,2633.7868714094634,3583.082237205261
2018-07-27 15:00:00,3191.0,3065.164088724214,2590.516405826315,3539.8117716221127
2018-07-27 16:00:00,3112.0,2691.2953527851555,2216.6476698872566,3165.9430356830544
2018-07-27 17:00:00,2048.0,1984.1379177093895,1509.4902348114906,2458.7856006072884
2018-07-27 18:00:00,1225.0,1096.9277009317386,622.2800180338397,1571.5753838296375
2018-07-27 19:00:00,871.0,698.812788857499,224.16510595960006,1173.460471755398
2018-07-27 20:00:00,581.0,521.7035639562368,47.055881058337945,996.3512468541358
2018-07-27 21:00:00,384.0,462.4035128280456,0.0,937.0511957259446
2018-07-27 22:00:00,451.0,560.4393902574908,85.7917073595919,1035.0870731553896
2018-07-27 23:00:00,902.0,777.0915242125271,302.44384131462823,1251.739207110426
2018-07-28 00:00:00,1530.0,1344.215065028044,869.567382130145,1818.8627479259428
2018-07-28 01:00:00,1974.0,1880.3013081893298,1405.653625291431,2354.948991087229
2018-07-28 02:00:00,2713.0,2706.9190321413957,2232.271349243497,3181.5667150392946
2018-07-28 03:00:00,3457.0,3419.6588789021744,2945.0111960042755,3894.3065618000733
2018-07-28 04:00:00,3639.0,3953.2572549103234,3478.6095720124245,4427.904937808222
2018-07-28 05:00:00,4009.0,4410.400953563198,3935.7532706652987,4885.048636461097
2018-07-28 06:00:00,4158.0,4611.637247396987,4136.989564499088,5086.284930294885
2018-07-28 07:00:00,4229.0,4572.255821784047,4097.608138886148,5046.903504681946
2018-07-28 08:00:00,4175.0,4572.7517379308765,4098.104055032978,5047.399420828775
2018-07-28 09:00:00,3948.0,4563.306233580461,4088.658550682562,5037.95391647836
2018-07-28 10:00:00,3974.0,4584.827788390972,4110.180105493073,5059.475471288872
2018-07-28 11:00:00,4007.0,4325.604800419124,3850.9571175212254,4800.252483317023
2018-07-28 12:00:00,3657.0,3907.487878518141,3432.840195620242,4382.13556141604
2018-07-28 13:00:00,3247.0,3438.4720715836975,2963.8243886857986,3913.1197544815964
2018-07-28 14:00:00,2937.0,2843.258035199757,2368.6103523018583,3317.905718097656
2018-07-28 15:00:00,3001.0,2875.7660953720724,2401.1184124741735,3350.4137782699713
2018-07-28 16:00:00,3005.0,2827.3440246621726,2352.6963417642737,3301.9917075600715
2018-07-28 17:00:00,1968.0,2019.478651439199,1544.8309685413,2494.126334337098
2018-07-28 18:00:00,1487.0,1274.5634878573471,799.9158049594482,1749.211170755246
2018-07-28 19:00:00,924.0,732.6106111089149,257.962928211016,1207.2582940068137
2018-07-28 20:00:00,869.0,533.1533846389149,58.50570174101597,1007.8010675368138
2018-07-28 21:00:00,546.0,433.98969605754746,0.0,908.6373789554464
2018-07-28 22:00:00,378.0,474.7451782307305,0.09749533283161327,949.3928611286294
2018-07-28 23:00:00,657.0,644.8470342485161,170.19935135061723,1119.494717146415
2018-07-29 00:00:00,1210.0,951.4995347766476,476.8518518787487,1426.1472176745465
2018-07-29 01:00:00,1286.0,1244.2990434381798,769.6513605402808,1718.9467263360787
2018-07-29 02:00:00,1866.0,1812.3484634178135,1337.7007805199146,2286.9961463157124
2018-07-29 03:00:00,2855.0,2806.678291096138,2332.030608198239,3281.3259739940368
2018-07-29 04:00:00,3500.0,3497.0893102745295,3022.4416273766305,3971.7369931724284
2018-07-29 05:00:00,3824.0,3870.3814721574663,3395.7337892595674,4345.029155055365
2018-07-29 06:00:00,4016.0,4085.9254747090226,3611.2777918111237,4560.573157606921
2018-07-29 07:00:00,4489.0,4181.787698908165,3707.140016010266,4656.4353818060645
2018-07-29 08:00:00,4435.0,4194.989848557702,3720.3421656598034,4669.637531455601
2018-07-29 09:00:00,4412.0,4147.131296138285,3672.4836132403857,4621.778979036184
2018-07-29 10:00:00,4485.0,4174.8037388705125,3700.1560559726136,4649.451421768412
2018-07-29 11:00:00,4146.0,3985.134570899822,3510.486888001923,4459.782253797721
2018-07-29 12:00:00,3947.0,3694.660005390202,3220.012322492303,4169.307688288101
2018-07-29 13:00:00,3604.0,3441.636650721858,2966.9889678239592,3916.284333619757
2018-07-29 14:00:00,3344.0,2909.1740767134725,2434.5263938155736,3383.8217596113714
2018-07-29 15:00:00,2794.0,2522.918433799426,2048.270750901527,2997.566116697325
2018-07-29 16:00:00,2084.0,1997.0782395384863,1522.4305566405874,2471.725922436385
2018-07-29 17:00:00,1224.0,1215.4748899944418,740.8272070965429,1690.1225728923407
2018-07-29 18:00:00,640.0,701.8024930634276,227.15481016552872,1176.4501759613265
2018-07-29 19:00:00,384.0,524.9778616577356,50.33017875983671,999.6255445556345
2018-07-29 20:00:00,317.0,424.5452611065149,0.0,899.1929440044138
2018-07-29 21:00:00,333.0,401.74904339189345,0.0,876.3967262897924
2018-07-29 22:00:00,915.0,720.8633111601572,246.2156282622583,1195.510994058056
2018-07-29 23:00:00,3051.0,2712.0909544642795,2237.4432715663806,3186.7386373621785
2018-07-30 00:00:00,5560.0,5566.658658366573,5092.010975468675,6041.3063412644715
2018-07-30 01:00:00,6313.0,6305.182747344418,5830.53506444652,6779.830430242317
2018-07-30 02:00:00,5427.0,5680.2077291837795,5205.56004628588,6154.855412081679
2018-07-30 03:00:00,4638.0,4790.478727616157,4315.8310447182575,5265.126410514056
2018-07-30 04:00:00,4233.0,4288.193354181511,3813.5456712836117,4762.84103707941
2018-07-30 05:00:00,4491.0,4531.655145468231,4057.0074625703323,5006.30282836613
2018-07-30 06:00:00,4522.0,4736.835244554077,4262.187561656177,5211.482927451976
2018-07-30 07:00:00,4625.0,4821.53908566792,4346.891402770021,5296.186768565818
2018-07-30 08:00:00,4808.0,5157.925552224141,4683.277869326243,5632.5732351220395
2018-07-30 09:00:00,5483.0,5501.48524820557,5026.837565307671,5976.13293110347
2018-07-30 10:00:00,5632.0,6275.789300279747,5801.141617381849,6750.436983177646
2018-07-30 11:00:00,5590.0,5713.662365874574,5239.0146829766745,6188.310048772473
2018-07-30 12:00:00,4288.0,4202.743363717262,3728.0956808193628,4677.391046615161
2018-07-30 13:00:00,3190.0,3149.0160861757263,2674.3684032778274,3623.663769073625
2018-07-30 14:00:00,2911.0,2590.805731122411,2116.158048224512,3065.45341402031
2018-07-30 15:00:00,2431.0,2435.5839535407304,1960.9362706428315,2910.2316364386293
2018-07-30 16:00:00,1742.0,1774.233571723742,1299.585888825843,2248.881254621641
2018-07-30 17:00:00,1116.0,1160.1687627186134,685.5210798207145,1634.8164456165123
2018-07-30 18:00:00,625.0,587.8031815087141,113.15549861081524,1062.4508644066132
2018-07-30 19:00:00,368.0,389.16080428795794,0.0,863.8084871858568
2018-07-30 20:00:00,299.0,347.05928071371386,0.0,821.7069636116128
2018-07-30 21:00:00,352.0,398.9995914649899,0.0,873.6472743628888
2018-07-30 22:00:00,819.0,769.3143275732268,294.6666446753279,1243.9620104711257
2018-07-30 23:00:00,2764.0,2868.9516569381535,2394.3039740402546,3343.5993398360524
2018-07-31 00:00:00,4240.0,5545.2225839132825,5070.574901015383,6019.870266811182
2018-07-31 01:00:00,5655.0,6262.728111728298,5788.080428830399,6737.375794626198
2018-07-31 02:00:00,5960.0,5786.546704720959,5311.899021823059,6261.194387618858
2018-07-31 03:00:00,4925.0,4950.673430995783,4476.0257480978835,5425.321113893682
2018-07-31 04:00:00,4455.0,4286.7185210313955,3812.0708381334966,4761.366203929294
2018-07-31 05:00:00,4727.0,4555.079377638159,4080.43169474026,5029.727060536057
2018-07-31 06:00:00,4998.0,4559.460936659592,4084.8132537616934,5034.108619557492
2018-07-31 07:00:00,4875.0,4714.699999175917,4240.052316278017,5189.347682073816
2018-07-31 08:00:00,4922.0,4951.683114433179,4477.03543153528,5426.330797331078
2018-07-31 09:00:00,5722.0,5421.421132073637,4946.773449175738,5896.068814971535
2018-07-31 10:00:00,6357.0,6227.553619486276,5752.905936588377,6702.2013023841755
2018-07-31 11:00:00,5912.0,6069.74161913508,5595.093936237181,6544.38930203298
2018-07-31 12:00:00,4740.0,4532.894055983626,4058.2463730857266,5007.541738881524
2018-07-31 13:00:00,3288.0,3281.0380556196988,2806.3903727218,3755.6857385175977
2018-07-31 14:00:00,3076.0,2850.730743975208,2376.083061077309,3325.378426873107
2018-07-31 15:00:00,2686.0,2710.9077764403596,2236.2600935424607,3185.5554593382585
2018-07-31 16:00:00,2152.0,2003.0862108252709,1528.438527927372,2477.73389372317
2018-07-31 17:00:00,1263.0,1252.7438325069372,778.0961496090383,1727.3915154048361
2018-07-31 18:00:00,662.0,784.8992662292201,310.25158333132117,1259.546949127119
2018-07-31 19:00:00,398.0,425.8416869645665,0.0,900.4893698624654
2018-07-31 20:00:00,352.0,350.36747866409115,0.0,825.01516156199
2018-07-31 21:00:00,409.0,412.2571151422292,0.0,886.9047980401281
2018-07-31 22:00:00,908.0,839.556927169762,364.90924427186314,1314.204610067661
2018-07-31 23:00:00,3063.0,2897.2863108163897,2422.638627918491,3371.9339937142886
2018-08-01 00:00:00,5431.0,5598.800921262964,5124.153238365065,6073.448604160863
2018-08-01 01:00:00,5853.0,6363.277175056379,5888.6294921584795,6837.924857954278
2018-08-01 02:00:00,5873.0,5756.790482159392,5282.142799261494,6231.4381650572905
2018-08-01 03:00:00,5068.0,4989.387564223986,4514.739881326088,5464.035247121885
2018-08-01 04:00:00,4665.0,4554.812330496485,4080.164647598586,5029.460013394384
2018-08-01 05:00:00,4986.0,4765.537334839326,4290.889651941427,5240.185017737225
2018-08-01 06:00:00,5141.0,5062.422987627125,4587.775304729226,5537.070670525023
2018-08-01 07:00:00,4874.0,4937.665190458584,4463.017507560686,5412.312873356483
2018-08-01 08:00:00,5044.0,5237.16049874748,4762.512815849581,5711.80818164538
2018-08-01 09:00:00,5655.0,5631.492494371796,5156.844811473897,6106.140177269695
2018-08-01 10:00:00,6455.0,6241.764705326534,5767.117022428634,6716.412388224433
2018-08-01 11:00:00,5773.0,5959.022935484585,5484.375252586686,6433.6706183824845
2018-08-01 12:00:00,4500.0,4538.74111120461,4064.0934283067113,5013.38879410251
2018-08-01 13:00:00,3389.0,3315.6004050815395,2840.9527221836406,3790.2480879794384
2018-08-01 14:00:00,2992.0,2944.6573350501553,2470.0096521522564,3419.3050179480542
2018-08-01 15:00:00,2559.0,2740.359540418243,2265.711857520344,3215.007223316142
2018-08-01 16:00:00,2344.0,2008.9168660140706,1534.2691831161717,2483.5645489119697
2018-08-01 17:00:00,1320.0,1344.1728443772038,869.5251614793049,1818.8205272751027
2018-08-01 18:00:00,709.0,761.5936145814279,286.945931683529,1236.241297479327
2018-08-01 19:00:00,413.0,434.973328102236,0.0,909.6210110001349
2018-08-01 20:00:00,324.0,351.7725616714874,0.0,826.4202445693863
2018-08-01 21:00:00,403.0,386.50097731780556,0.0,861.1486602157045
2018-08-01 22:00:00,887.0,830.7961880224249,356.14850512452597,1305.4438709203237
2018-08-01 23:00:00,3091.0,2878.7028594007284,2404.0551765028295,3353.3505422986273
2018-08-02 00:00:00,5589.0,5319.707201316133,4845.059518418235,5794.354884214032
2018-08-02 01:00:00,6435.0,6213.619811994315,5738.972129096415,6688.267494892214
2018-08-02 02:00:00,5736.0,5640.668856984677,5166.021174086778,6115.316539882577
2018-08-02 03:00:00,4976.0,4911.919237003343,4437.271554105444,5386.566919901243
2018-08-02 04:00:00,4388.0,4575.3474469990515,4100.699764101153,5049.99512989695
2018-08-02 05:00:00,4652.0,4796.565260047562,4321.917577149663,5271.212942945462
2018-08-02 06:00:00,4977.0,5050.247904714542,4575.600221816643,5524.89558761244
2018-08-02 07:00:00,4931.0,5048.238880750809,4573.591197852909,5522.886563648708
2018-08-02 08:00:00,5104.0,5434.812093684947,4960.164410787049,5909.459776582846
2018-08-02 09:00:00,5707.0,5727.383305413931,5252.735622516033,6202.03098831183
2018-08-02 10:00:00,6303.0,6352.388559730006,5877.7408768321075,6827.036242627904
2018-08-02 11:00:00,5783.0,5763.284684565429,5288.63700166753,6237.932367463329
2018-08-02 12:00:00,4569.0,4497.778016049265,4023.130333151366,4972.425698947163
2018-08-02 13:00:00,3570.0,3361.046731519686,2886.399048621787,3835.694414417585
2018-08-02 14:00:00,3103.0,2970.887598084956,2496.2399151870572,3445.535280982855
2018-08-02 15:00:00,3023.0,2883.316682297171,2408.6689993992723,3357.96436519507
2018-08-02 16:00:00,2303.0,2421.8375265603227,1947.1898436624238,2896.4852094582216
2018-08-02 17:00:00,1379.0,1402.8792277599196,928.2315448620207,1877.5269106578185
2018-08-02 18:00:00,778.0,805.0817789073194,330.4340960094205,1279.7294618052183
2018-08-02 19:00:00,435.0,509.58259094493144,34.934908047032536,984.2302738428303
2018-08-02 20:00:00,371.0,374.20945888029877,0.0,848.8571417781977
2018-08-02 21:00:00,398.0,418.02567068680645,0.0,892.6733535847054
2018-08-02 22:00:00,853.0,793.6356608063085,318.98797790840956,1268.2833437042073
2018-08-02 23:00:00,2900.0,2732.1531145742865,2257.5054316763876,3206.8007974721854
2018-08-03 00:00:00,5265.0,5391.036193974023,4916.388511076124,5865.683876871923
2018-08-03 01:00:00,5783.0,6121.757332236011,5647.109649338112,6596.405015133911
2018-08-03 02:00:00,5213.0,5447.600868053723,4972.953185155824,5922.248550951623
2018-08-03 03:00:00,4577.0,4867.927116919733,4393.279434021833,5342.574799817632
2018-08-03 04:00:00,4384.0,4591.84365213431,4117.195969236411,5066.4913350322095
2018-08-03 05:00:00,4820.0,5024.873887472878,4550.226204574979,5499.521570370776
2018-08-03 06:00:00,5073.0,5191.317479591352,4716.6697966934535,5665.96516248925
2018-08-03 07:00:00,5067.0,5134.78888560708,4660.141202709181,5609.43656850498
2018-08-03 08:00:00,5456.0,5374.682557539244,4900.034874641346,5849.3302404371425
2018-08-03 09:00:00,5646.0,5599.568854826743,5124.921171928843,6074.216537724642
2018-08-03 10:00:00,5888.0,5947.0105641777,5472.3628812798015,6421.658247075598
2018-08-03 11:00:00,5135.0,5566.177062346994,5091.529379449095,6040.824745244892
2018-08-03 12:00:00,4753.0,4400.514743774348,3925.867060876449,4875.1624266722465
2018-08-03 13:00:00,3767.0,3441.928275119202,2967.2805922213033,3916.575958017101
2018-08-03 14:00:00,3461.0,3067.818167324949,2593.1704844270503,3542.465850222848
2018-08-03 15:00:00,2632.0,3017.207852782398,2542.560169884499,3491.8555356802967
2018-08-03 16:00:00,2594.0,2654.1838739958835,2179.5361910979846,3128.8315568937824
2018-08-03 17:00:00,1833.0,1977.3987191661474,1502.7510362682485,2452.0464020640466
2018-08-03 18:00:00,1078.0,1194.1728985779318,719.5252156800329,1668.8205814758307
2018-08-03 19:00:00,668.0,800.9368625995278,326.2891797016289,1275.5845454974267
2018-08-03 20:00:00,519.0,550.5006378484513,75.85295495055243,1025.1483207463502
2018-08-03 21:00:00,362.0,450.0882862561844,0.0,924.7359691540833
2018-08-03 22:00:00,423.0,513.3374002201452,38.68971732224634,987.9850831180441
2018-08-03 23:00:00,850.0,774.00998661098,299.36230371308113,1248.6576695088788
2018-08-04 00:00:00,1427.0,1384.9553328438503,910.3076499459514,1859.6030157417492
2018-08-04 01:00:00,1817.0,1963.0968450503397,1488.4491621524407,2437.7445279482386
2018-08-04 02:00:00,2559.0,2720.169561856255,2245.521878958356,3194.8172447541538
2018-08-04 03:00:00,3477.0,3255.5962842807594,2780.9486013828605,3730.2439671786583
2018-08-04 04:00:00,3962.0,3857.343634685323,3382.6959517874243,4331.991317583223
2018-08-04 05:00:00,4236.0,4307.840322079811,3833.192639181912,4782.488004977709
2018-08-04 06:00:00,4263.0,4637.491986780277,4162.844303882379,5112.139669678176
2018-08-04 07:00:00,4552.0,4337.017405266716,3862.3697223688173,4811.665088164615
2018-08-04 08:00:00,4379.0,4377.672564792351,3903.0248818944524,4852.32024769025
2018-08-04 09:00:00,4493.0,4478.77154331968,4004.123860421781,4953.419226217578
2018-08-04 10:00:00,4300.0,4569.56267454657,4094.914991648671,5044.210357444468
2018-08-04 11:00:00,4602.0,4358.584312830816,3883.936629932917,4833.2319957287145
2018-08-04 12:00:00,4087.0,3811.5313569309756,3336.8836740330767,4286.179039828874
2018-08-04 13:00:00,3237.0,3391.457200901186,2916.809518003287,3866.1048837990847
2018-08-04 14:00:00,2962.0,2888.162723484811,2413.515040586912,3362.81040638271
2018-08-04 15:00:00,2938.0,2995.0888752643764,2520.4411923664775,3469.7365581622753
2018-08-04 16:00:00,2573.0,2832.1301114002576,2357.4824285023587,3306.7777942981566
2018-08-04 17:00:00,2015.0,2160.7244714103526,1686.0767885124537,2635.3721543082515
2018-08-04 18:00:00,1323.0,1451.7749923588847,977.1273094609858,1926.4226752567836
2018-08-04 19:00:00,812.0,720.3408818206757,245.6931989227768,1194.9885647185747
2018-08-04 20:00:00,689.0,550.6371235642474,75.98944066634851,1025.2848064621462
2018-08-04 21:00:00,396.0,435.1523241706654,0.0,909.8000070685644
2018-08-04 22:00:00,356.0,470.529468131675,0.0,945.1771510295739
2018-08-04 23:00:00,504.0,644.8066427739649,170.15895987606598,1119.454325671864
2018-08-05 00:00:00,962.0,960.0281568035684,485.38047390566953,1434.6758397014673
2018-08-05 01:00:00,1210.0,1279.176184189451,804.5285012915522,1753.82386708735
2018-08-05 02:00:00,1903.0,1835.2827321699426,1360.6350492720437,2309.9304150678417
2018-08-05 03:00:00,3030.0,2651.689211421488,2177.041528523589,3126.336894319387
2018-08-05 04:00:00,3735.0,3382.1918488018255,2907.5441659039266,3856.8395316997244
2018-08-05 05:00:00,4072.0,3734.0196024733013,3259.3719195754024,4208.667285371201
2018-08-05 06:00:00,4454.0,4113.514108344723,3638.8664254468245,4588.161791242623
2018-08-05 07:00:00,4507.0,4167.4126821004575,3692.7649992025586,4642.060364998357
2018-08-05 08:00:00,4396.0,4154.934575980513,3680.286893082614,4629.582258878412
2018-08-05 09:00:00,4595.0,4269.955185153999,3795.3075022561,4744.6028680518975
2018-08-05 10:00:00,4875.0,4272.051663661721,3797.4039807638223,4746.699346559621
2018-08-05 11:00:00,4555.0,4135.495149175758,3660.8474662778594,4610.142832073658
2018-08-05 12:00:00,4229.0,3816.173899741184,3341.526216843285,4290.821582639082
2018-08-05 13:00:00,3684.0,3295.1675222375598,2820.519839339661,3769.8152051354587
2018-08-05 14:00:00,3316.0,2832.4873366094853,2357.8396537115864,3307.135019507384
2018-08-05 15:00:00,2735.0,2612.723584487679,2138.07590158978,3087.371267385578
2018-08-05 16:00:00,2109.0,2039.560023393097,1564.9123404951981,2514.2077062909957
2018-08-05 17:00:00,1560.0,1292.1676643367703,817.5199814388714,1766.8153472346692
2018-08-05 18:00:00,703.0,771.018115285772,296.37043238787305,1245.6657981836709
2018-08-05 19:00:00,421.0,525.2924974716188,50.64481457371994,999.9401803695177
2018-08-05 20:00:00,327.0,426.54424001065087,0.0,901.1919229085497
2018-08-05 21:00:00,375.0,402.0076911068663,0.0,876.6553740047652
2018-08-05 22:00:00,890.0,721.1219588751301,246.47427597723117,1195.769641773029
2018-08-05 23:00:00,3047.0,2121.0577134797813,1646.4100305818824,2595.7053963776802
2018-08-06 00:00:00,5580.0,5528.941792188032,5054.294109290133,6003.589475085932
2018-08-06 01:00:00,6280.0,5963.154854242429,5488.50717134453,6437.802537140327
2018-08-06 02:00:00,5582.0,5453.0099124384105,4978.362229540511,5927.65759533631
2018-08-06 03:00:00,4694.0,4862.753772556423,4388.106089658524,5337.401455454323
2018-08-06 04:00:00,4357.0,4348.472479331253,3873.8247964333545,4823.120162229152
2018-08-06 05:00:00,4432.0,4561.692977190179,4087.04529429228,5036.340660088077
2018-08-06 06:00:00,4606.0,4745.6194879131535,4270.971805015255,5220.267170811052
2018-08-06 07:00:00,4669.0,4702.16112266384,4227.51343976594,5176.808805561739
2018-08-06 08:00:00,4814.0,5090.743931291705,4616.096248393806,5565.391614189604
2018-08-06 09:00:00,5395.0,5482.43755648696,5007.789873589061,5957.085239384858
2018-08-06 10:00:00,6651.0,6242.528898253452,5767.881215355554,6717.176581151351
2018-08-06 11:00:00,5590.0,5725.670686785738,5251.02300388784,6200.318369683637
2018-08-06 12:00:00,4308.0,4414.411329028917,3939.763646131018,4889.059011926816
2018-08-06 13:00:00,3314.0,3166.0728460169234,2691.4251631190245,3640.7205289148224
2018-08-06 14:00:00,2795.0,2611.826022596938,2137.178339699039,3086.473705494837
2018-08-06 15:00:00,2330.0,2418.9616719653372,1944.3139890674383,2893.609354863236
2018-08-06 16:00:00,1723.0,1770.2544519115092,1295.6067690136103,2244.9021348094084
2018-08-06 17:00:00,1148.0,1202.1780717473146,727.5303888494157,1676.8257546452135
2018-08-06 18:00:00,606.0,621.7843136727571,147.1366307748582,1096.4319965706559
2018-08-06 19:00:00,376.0,390.4402238684422,0.0,865.0879067663411
2018-08-06 20:00:00,288.0,344.41539987135735,0.0,819.0630827692562
2018-08-06 21:00:00,362.0,400.15200739059384,0.0,874.7996902884927
2018-08-06 22:00:00,912.0,864.9334917946135,390.28580889671457,1339.5811746925124
2018-08-06 23:00:00,3153.0,2834.800761190697,2360.153078292798,3309.448444088596
2018-08-07 00:00:00,5814.0,5579.180922454643,5104.533239556744,6053.828605352543
2018-08-07 04:00:00,4416.0,4371.398682644843,3896.7509997469438,4846.046365542741
2018-08-07 05:00:00,4515.0,4586.311874265333,4111.664191367434,5060.959557163233
2018-08-07 06:00:00,4940.0,4788.580697540928,4313.933014643029,5263.228380438826
2018-08-07 10:00:00,6471.0,6265.164880633228,5790.517197735329,6739.812563531126
2018-08-07 11:00:00,5656.0,5973.682837086989,5499.0351541890905,6448.330519984887
2018-08-07 12:00:00,4121.0,4390.483177647921,3915.8354947500225,4865.13086054582
2018-08-07 13:00:00,3272.0,3162.8324567060495,2688.1847738081506,3637.4801396039484
2018-08-07 14:00:00,2888.0,2800.7122049827717,2326.064522084873,3275.3598878806706
2018-08-07 15:00:00,2532.0,2711.2204793178466,2236.5727964199477,3185.8681622157455
2018-08-07 16:00:00,1771.0,1963.6286871991579,1488.981004301259,2438.2763700970568
2018-08-07 17:00:00,1168.0,1361.501164692219,886.85348179432,1836.1488475901178
2018-08-07 18:00:00,643.0,711.3266534955076,236.67897059760867,1185.9743363934065
2018-08-07 19:00:00,393.0,493.8324549119952,19.184772014096325,968.4801378098941
2018-08-07 20:00:00,295.0,420.34086196608007,0.0,894.988544863979
2018-08-07 21:00:00,374.0,421.65823142390076,0.0,896.3059143217997
2018-08-07 22:00:00,912.0,846.7104281874537,372.06274528955475,1321.3581110853524
2018-08-07 23:00:00,3119.0,2854.45826658776,2379.8105836898612,3329.105949485659
2018-08-08 00:00:00,5730.0,5405.510676908525,4930.862994010626,5880.158359806424
2018-08-08 01:00:00,6430.0,6174.5559491717795,5699.90826627388,6649.203632069679
2018-08-08 02:00:00,5864.0,5672.435241972454,5197.787559074555,6147.082924870352
2018-08-08 03:00:00,4902.0,4908.177072329859,4433.52938943196,5382.824755227757
2018-08-08 04:00:00,4610.0,4294.957151190943,3820.3094682930437,4769.604834088841
2018-08-08 05:00:00,4838.0,4563.121235848541,4088.473552950642,5037.76891874644
2018-08-08 06:00:00,5004.0,4727.905426679227,4253.257743781329,5202.553109577126
2018-08-08 07:00:00,4741.0,4941.389070366553,4466.741387468654,5416.036753264452
2018-08-08 08:00:00,5128.0,5303.872151644034,4829.224468746135,5778.519834541932
2018-08-08 09:00:00,5798.0,5747.710413320339,5273.06273042244,6222.358096218239
2018-08-08 10:00:00,6652.0,6409.711700320924,5935.064017423025,6884.3593832188235
2018-08-08 11:00:00,6043.0,5901.474733080227,5426.827050182328,6376.122415978127
2018-08-08 12:00:00,4806.0,4518.871989277009,4044.2243063791097,4993.519672174907
2018-08-08 13:00:00,3655.0,3247.5362940883424,2772.8886111904435,3722.1839769862413
2018-08-08 14:00:00,3130.0,2951.2972383875917,2476.649555489693,3425.9449212854906
2018-08-08 15:00:00,3267.0,2722.256463421371,2247.608780523472,3196.90414631927
2018-08-08 16:00:00,2711.0,2076.943567363128,1602.295884465229,2551.5912502610267
2018-08-08 17:00:00,1478.0,1321.3218159845935,846.6741330866946,1795.9694988824924
2018-08-08 18:00:00,801.0,689.766579245312,215.11889634741306,1164.4142621432109
2018-08-08 19:00:00,482.0,482.86409410744415,8.216411209545242,957.511777005343
2018-08-08 20:00:00,336.0,349.7917061406866,0.0,824.4393890385854
2018-08-08 21:00:00,379.0,430.0195998530385,0.0,904.6672827509374
2018-08-08 22:00:00,936.0,805.3288389064717,330.68115600857277,1279.9765218043706
2018-08-08 23:00:00,3022.0,2891.1019386850407,2416.454255787142,3365.7496215829397
2018-08-09 00:00:00,5423.0,5488.95813208325,5014.310449185352,5963.605814981149
2018-08-09 01:00:00,6313.0,6073.10380749683,5598.456124598932,6547.7514903947285
2018-08-09 02:00:00,5908.0,5626.620392160388,5151.972709262489,6101.268075058288
2018-08-09 03:00:00,4788.0,5040.729137076576,4566.081454178677,5515.376819974475
2018-08-09 04:00:00,4517.0,4710.850840778757,4236.203157880858,5185.498523676655
2018-08-09 05:00:00,4675.0,4932.631276877643,4457.983593979745,5407.278959775542
2018-08-09 06:00:00,4927.0,5195.53205194919,4720.884369051291,5670.179734847088
2018-08-09 07:00:00,4990.0,5252.9683251025135,4778.320642204615,5727.616008000412
2018-08-09 08:00:00,5155.0,5448.267272123818,4973.619589225918,5922.914955021717
2018-08-09 09:00:00,5654.0,5746.22954523391,5271.581862336012,6220.877228131809
2018-08-09 10:00:00,6532.0,6400.230105389687,5925.582422491789,6874.877788287586
2018-08-09 11:00:00,5871.0,5965.011532108365,5490.363849210466,6439.659215006264
2018-08-09 12:00:00,4426.0,4620.6132958605285,4145.965612962629,5095.260978758428
2018-08-09 13:00:00,3530.0,3434.3122323757184,2959.6645494778195,3908.9599152736173
2018-08-09 14:00:00,3290.0,3036.8766314260943,2562.2289485281954,3511.524314323993
2018-08-09 15:00:00,3176.0,2962.1742305492085,2487.5265476513096,3436.8219134471074
2018-08-09 16:00:00,2420.0,2468.430268012829,1993.78258511493,2943.077950910728
2018-08-09 17:00:00,1406.0,1414.8473231643486,940.1996402664497,1889.4950060622475
2018-08-09 18:00:00,731.0,751.5166744147695,276.86899151687055,1226.1643573126685
2018-08-09 19:00:00,471.0,487.5607860654312,12.913103167532313,962.2084689633301
2018-08-09 20:00:00,374.0,374.05519967304997,0.0,848.7028825709489
2018-08-09 21:00:00,404.0,423.77202348812256,0.0,898.4197063860215
2018-08-09 22:00:00,818.0,796.2350385411389,321.58735564324,1270.8827214390378
2018-08-09 23:00:00,2854.0,2725.144696345718,2250.497013447819,3199.792379243617
2018-08-10 00:00:00,5227.0,5437.8692984773415,4963.221615579443,5912.51698137524
2018-08-10 01:00:00,5950.0,5961.886361760174,5487.238678862275,6436.534044658072
2018-08-10 02:00:00,5211.0,5496.627662702953,5021.9799798050535,5971.275345600852
2018-08-10 03:00:00,4584.0,4874.4060076120895,4399.75832471419,5349.053690509989
2018-08-10 04:00:00,4512.0,4602.549587593143,4127.9019046952435,5077.197270491042
2018-08-10 05:00:00,4796.0,5012.1407864124985,4537.4931035146,5486.788469310397
2018-08-10 06:00:00,4941.0,5221.657162782529,4747.009479884629,5696.304845680428
2018-08-10 07:00:00,5053.0,5222.160546172042,4747.5128632741435,5696.80822906994
2018-08-10 08:00:00,5367.0,5380.974720204116,4906.327037306217,5855.622403102016
2018-08-10 09:00:00,5684.0,5672.868159828339,5198.220476930441,6147.515842726238
2018-08-10 10:00:00,5868.0,6105.717939591484,5631.070256693585,6580.365622489382
2018-08-10 11:00:00,5309.0,5567.414520037363,5092.766837139465,6042.062202935262
2018-08-10 12:00:00,4616.0,4437.698118697065,3963.0504357991663,4912.345801594964
2018-08-10 13:00:00,3713.0,3432.610911268936,2957.963228371037,3907.258594166835
2018-08-10 14:00:00,3344.0,3033.368375098485,2558.720692200586,3508.016057996384
2018-08-10 15:00:00,3374.0,3008.694885533425,2534.047202635526,3483.342568431324
2018-08-10 16:00:00,3117.0,2722.3349664627617,2247.687283564863,3196.9826493606606
2018-08-10 17:00:00,2271.0,1978.306281746971,1503.6585988490722,2452.95396464487
2018-08-10 18:00:00,1412.0,1204.9983544162164,730.3506715183175,1679.6460373141153
2018-08-10 19:00:00,831.0,805.6084335167538,330.96075061885495,1280.2561164146528
2018-08-10 20:00:00,665.0,549.8398561009159,75.19217320301698,1024.4875389988147
2018-08-10 21:00:00,423.0,452.3247565438583,0.0,926.9724394417572
2018-08-10 22:00:00,459.0,522.2808857375123,47.63320283961343,996.9285686354112
2018-08-10 23:00:00,876.0,759.0097237277243,284.36204082982545,1233.6574066256233
2018-08-11 00:00:00,1560.0,1506.8319804101002,1032.1842975122013,1981.479663307999
2018-08-11 01:00:00,2004.0,2010.4927341445677,1535.8450512466688,2485.1404170424667
2018-08-11 02:00:00,2806.0,2902.598611205371,2427.950928307472,3377.24629410327
2018-08-11 03:00:00,3514.0,3406.281899576224,2931.634216678325,3880.929582474123
2018-08-11 04:00:00,3971.0,3973.277800341194,3498.630117443295,4447.9254832390925
2018-08-11 05:00:00,4198.0,4434.262782440361,3959.615099542462,4908.91046533826
2018-08-11 06:00:00,4310.0,4544.883740689164,4070.2360577912655,5019.531423587063
2018-08-11 07:00:00,4262.0,4547.340086202154,4072.6924033042555,5021.987769100053
2018-08-11 08:00:00,4280.0,4575.15343611204,4100.505753214142,5049.801119009939
2018-08-11 09:00:00,4188.0,4529.317193066358,4054.6695101684595,5003.964875964257
2018-08-11 10:00:00,4305.0,4582.321291490204,4107.673608592306,5056.968974388103
2018-08-11 11:00:00,4134.0,4392.090855057591,3917.4431721596925,4866.738537955491
2018-08-11 12:00:00,3920.0,3970.721206122973,3496.073523225074,4445.368889020872
2018-08-11 13:00:00,3567.0,3372.099447939565,2897.451765041666,3846.747130837464
2018-08-11 14:00:00,3362.0,2935.9675651417874,2461.3198822438885,3410.6152480396863
2018-08-11 15:00:00,3378.0,2951.5577712259055,2476.9100883280066,3426.2054541238044
2018-08-11 16:00:00,3167.0,2943.677271562501,2469.029588664602,3418.3249544604
2018-08-11 17:00:00,2511.0,2058.7409920158143,1584.0933091179154,2533.388674913713
2018-08-11 18:00:00,1406.0,1220.759970276613,746.1122873787142,1695.407653174512
2018-08-11 19:00:00,868.0,858.9953349496354,384.34765205173653,1333.6430178475343
2018-08-11 20:00:00,678.0,546.8349078893491,72.1872249914502,1021.482590787248
2018-08-11 21:00:00,392.0,438.65720081431107,0.0,913.30488371221
2018-08-11 22:00:00,365.0,470.8292983376332,0.0,945.4769812355321
2018-08-11 23:00:00,529.0,637.761690548842,163.1140076509431,1112.409373446741
2018-08-12 00:00:00,984.0,961.1593158803803,486.5116329824814,1435.8069987782792
2018-08-12 01:00:00,1196.0,1194.1883753003096,719.5406924024107,1668.8360581982085
2018-08-12 02:00:00,1850.0,1767.3659911340699,1292.718308236171,2242.0136740319685
2018-08-12 03:00:00,2713.0,2617.8061866872986,2143.1585037893997,3092.4538695851975
2018-08-12 04:00:00,3534.0,3427.438728243238,2952.791045345339,3902.086411141137
2018-08-12 05:00:00,3856.0,3843.507756113157,3368.860073215258,4318.155439011056
2018-08-12 06:00:00,4037.0,4139.334246384504,3664.686563486605,4613.981929282403
2018-08-12 07:00:00,4522.0,4160.877076453683,3686.229393555784,4635.524759351581
2018-08-12 08:00:00,4468.0,4110.371660010617,3635.7239771127183,4585.019342908516
2018-08-12 09:00:00,4351.0,4186.124170152587,3711.476487254688,4660.771853050486
2018-08-12 10:00:00,4466.0,4278.339174007335,3803.691491109436,4752.986856905234
2018-08-12 11:00:00,4313.0,4141.5827130047455,3666.9350301068466,4616.230395902645
2018-08-12 12:00:00,4012.0,3814.122098234444,3339.474415336545,4288.769781132343
2018-08-12 13:00:00,3658.0,3374.1009708073047,2899.453287909406,3848.7486537052037
2018-08-12 14:00:00,3151.0,2833.7844675221877,2359.136784624289,3308.4321504200866
2018-08-12 15:00:00,2708.0,2591.76451833042,2117.116835432521,3066.4122012283187
2018-08-12 16:00:00,1930.0,2008.3402230058985,1533.6925401079995,2482.9879059037976
2018-08-12 17:00:00,1282.0,1229.271151940044,754.6234690421452,1703.918834837943
2018-08-12 18:00:00,651.0,772.4369159995148,297.7892331016159,1247.0845988974138
2018-08-12 19:00:00,434.0,528.1049028606648,53.45721996276586,1002.7525857585637
2018-08-12 20:00:00,355.0,426.54424001065087,0.0,901.1919229085497
2018-08-12 21:00:00,348.0,401.74904339189345,0.0,876.3967262897924
2018-08-12 22:00:00,924.0,723.5604594523629,248.91277655446402,1198.2081423502618
2018-08-12 23:00:00,3025.0,2689.4020042431275,2214.7543213452286,3164.0496871410264
2018-08-13 00:00:00,5546.0,5484.79378023465,5010.14609733675,5959.441463132549
2018-08-13 01:00:00,6383.0,6084.309606568901,5609.661923671001,6558.9572894668
2018-08-13 02:00:00,5642.0,5488.522002212469,5013.874319314569,5963.169685110368
2018-08-13 03:00:00,4714.0,4829.782230365363,4355.134547467464,5304.429913263262
2018-08-13 04:00:00,4216.0,4308.995654540028,3834.3479716421293,4783.643337437927
2018-08-13 05:00:00,4440.0,4565.9735624303285,4091.3258795324296,5040.621245328228
2018-08-13 06:00:00,4673.0,4741.102317711246,4266.454634813346,5215.750000609145
2018-08-13 07:00:00,4494.0,4876.814882484254,4402.167199586354,5351.462565382153
2018-08-13 08:00:00,4811.0,5134.682765426839,4660.035082528941,5609.3304483247375
2018-08-13 09:00:00,5245.0,5501.722420997852,5027.074738099953,5976.3701038957515
2018-08-13 10:00:00,6163.0,6260.783003676665,5786.135320778767,6735.430686574564
2018-08-13 11:00:00,5603.0,5711.479955081739,5236.832272183839,6186.127637979638
2018-08-13 12:00:00,4077.0,4376.948485419723,3902.3008025218237,4851.596168317621
2018-08-13 13:00:00,3247.0,3126.3570074464096,2651.7093245485107,3601.0046903443085
2018-08-13 14:00:00,2835.0,2606.4880109352475,2131.8403280373486,3081.1356938331464
2018-08-13 15:00:00,2615.0,2430.881450906003,1956.233768008104,2905.529133803902
2018-08-13 16:00:00,1823.0,1810.0573964651317,1335.4097135672328,2284.7050793630306
2018-08-13 17:00:00,1117.0,1138.7810601900208,664.1333772921218,1613.4287430879197
2018-08-13 18:00:00,571.0,585.8547623355956,111.20707943769673,1060.5024452334947
2018-08-13 19:00:00,394.0,398.31474047331335,0.0,872.9624233712123
2018-08-13 20:00:00,284.0,338.6596958588226,0.0,813.3073787567215
2018-08-13 21:00:00,340.0,397.61804151247554,0.0,872.2657244103744
2018-08-13 22:00:00,940.0,854.7353635222931,380.08768062439424,1329.383046420192
2018-08-13 23:00:00,3184.0,2873.9961781906345,2399.3484952927356,3348.6438610885334
2018-08-14 00:00:00,5702.0,5550.032521211839,5075.384838313939,6024.680204109738
2018-08-14 01:00:00,6573.0,6214.241108450259,5739.593425552361,6688.888791348158
2018-08-14 02:00:00,5841.0,5828.189866180086,5353.542183282187,6302.837549077985
2018-08-14 03:00:00,4766.0,5052.154293961692,4577.506611063793,5526.801976859591
2018-08-14 04:00:00,4478.0,4353.2575061613425,3878.6098232634436,4827.905189059242
2018-08-14 05:00:00,4741.0,4592.740763884664,4118.093080986766,5067.388446782563
2018-08-14 06:00:00,4996.0,4725.277567603358,4250.629884705459,5199.925250501257
2018-08-14 07:00:00,4832.0,5007.288105308821,4532.640422410923,5481.93578820672
2018-08-14 08:00:00,4985.0,5348.864926899327,4874.217244001427,5823.512609797226
2018-08-14 09:00:00,5672.0,5701.30881377194,5226.661130874041,6175.956496669838
2018-08-14 10:00:00,6373.0,6451.444888800286,5976.797205902387,6926.092571698186
2018-08-14 11:00:00,6014.0,5926.354977812706,5451.707294914808,6401.002660710605
2018-08-14 12:00:00,4525.0,4526.203061552882,4051.555378654983,5000.850744450781
2018-08-14 13:00:00,3423.0,3256.8883462861127,2782.2406633882138,3731.5360291840116
2018-08-14 14:00:00,3046.0,2879.1530005452764,2404.5053176473775,3353.8006834431753
2018-08-14 15:00:00,2784.0,2642.464650524342,2167.816967626443,3117.1123334222407
2018-08-14 16:00:00,2287.0,1939.7319665117984,1465.0842836138995,2414.3796494096973
2018-08-14 17:00:00,2772.0,1257.5758330166636,782.9281501187647,1732.2235159145625
2018-08-14 18:00:00,793.0,636.8137722214555,162.16608932355655,1111.4614551193545
2018-08-14 19:00:00,492.0,429.4490514971391,0.0,904.0967343950381
2018-08-14 20:00:00,335.0,352.5607574518801,0.0,827.208440349779
2018-08-14 21:00:00,403.0,415.53572319933687,0.0,890.1834060972358
2018-08-14 22:00:00,948.0,853.4958023840343,378.8481194861354,1328.1434852819332
2018-08-14 23:00:00,3181.0,2782.2563452811455,2307.6086623832466,3256.9040281790444
2018-08-15 00:00:00,5767.0,5596.548002861063,5121.900319963164,6071.195685758961
2018-08-15 01:00:00,6561.0,6193.642543499156,5718.994860601257,6668.290226397055
2018-08-15 02:00:00,5930.0,5885.863723140961,5411.216040243062,6360.5114060388605
2018-08-15 03:00:00,4672.0,5230.41704566774,4755.769362769841,5705.06472856564
2018-08-15 04:00:00,4638.0,4707.542955147585,4232.895272249687,5182.190638045484
2018-08-15 05:00:00,4979.0,4986.384855112955,4511.7371722150565,5461.032538010853
2018-08-15 06:00:00,5016.0,5230.939312102968,4756.291629205069,5705.586995000867
2018-08-15 07:00:00,4841.0,5214.99142026002,4740.343737362122,5689.639103157919
2018-08-15 08:00:00,4968.0,5526.795496080855,5052.147813182955,6001.443178978754
2018-08-15 09:00:00,5428.0,5817.3399944290495,5342.692311531151,6291.987677326948
2018-08-15 10:00:00,5541.0,6466.154400340372,5991.506717442473,6940.802083238272
2018-08-15 11:00:00,5920.0,6032.412821135265,5557.765138237366,6507.060504033165
2018-08-15 12:00:00,4545.0,4643.479043424817,4168.831360526918,5118.126726322716
2018-08-15 13:00:00,3358.0,3374.732710658411,2900.0850277605123,3849.38039355631
2018-08-15 14:00:00,3133.0,2944.4247640128006,2469.7770811149016,3419.0724469106995
2018-08-15 15:00:00,2687.0,2705.466948658656,2230.819265760757,3180.1146315565547
2018-08-15 16:00:00,1742.0,1885.1957576708912,1410.5480747729923,2359.8434405687904
2018-08-15 17:00:00,1051.0,1336.228150385653,861.580467487754,1810.8758332835519
2018-08-15 18:00:00,652.0,681.6490883119275,207.00140541402857,1156.2967712098264
2018-08-15 19:00:00,399.0,432.885127592372,0.0,907.5328104902709
2018-08-15 20:00:00,300.0,351.7725616714874,0.0,826.4202445693863
2018-08-15 21:00:00,412.0,420.87302088496256,0.0,895.5207037828615
2018-08-15 22:00:00,977.0,742.2744790934075,267.62679619550863,1216.9221619913064
2018-08-15 23:00:00,3150.0,2867.187269457762,2392.539586559863,3341.834952355661
2018-08-16 00:00:00,5386.0,5543.898986194929,5069.251303297031,6018.546669092828
2018-08-16 01:00:00,6494.0,6180.775565606792,5706.127882708894,6655.4232485046905
2018-08-16 02:00:00,5847.0,5759.984268692289,5285.33658579439,6234.631951590189
2018-08-16 03:00:00,4976.0,4957.623256606663,4482.9755737087635,5432.270939504562
2018-08-16 04:00:00,4466.0,4556.83116100304,4082.1834781051407,5031.478843900939
2018-08-16 05:00:00,4574.0,4806.359853622577,4331.712170724679,5281.007536520476
2018-08-16 06:00:00,4961.0,5031.744930473466,4557.097247575568,5506.392613371365
2018-08-16 07:00:00,4785.0,4987.938575633227,4513.290892735327,5462.586258531126
2018-08-16 08:00:00,4927.0,5352.546958240811,4877.899275342912,5827.194641138711
2018-08-16 09:00:00,5729.0,5708.242974056812,5233.595291158914,6182.890656954711
2018-08-16 10:00:00,6272.0,6378.796820766518,5904.149137868619,6853.444503664417
2018-08-16 11:00:00,5928.0,5791.30085454775,5316.65317164985,6265.948537445649
2018-08-16 12:00:00,4580.0,4492.418185734671,4017.7705028367723,4967.06586863257
2018-08-16 13:00:00,3725.0,3296.405464183787,2821.757781285888,3771.053147081686
2018-08-16 14:00:00,3205.0,2899.4371141550505,2424.7894312571516,3374.0847970529494
2018-08-16 15:00:00,3090.0,2852.755679960112,2378.107997062213,3327.403362858011
2018-08-16 16:00:00,2377.0,2380.0566047863626,1905.4089218884637,2854.7042876842615
2018-08-16 17:00:00,1380.0,1414.2597290495705,939.6120461516716,1888.9074119474694
2018-08-16 18:00:00,809.0,820.7829811003523,346.13529820245344,1295.4306639982512
2018-08-16 19:00:00,449.0,510.17775184847955,35.53006895058064,984.8254347463785
2018-08-16 20:00:00,363.0,371.217829865456,0.0,845.8655127633549
2018-08-16 21:00:00,408.0,415.83006871710086,0.0,890.4777516149998
2018-08-16 22:00:00,899.0,782.9221286089954,308.2744457110965,1257.5698115068944
2018-08-16 23:00:00,2821.0,2771.3480061322202,2296.7003232343213,3245.995689030119
2018-08-17 00:00:00,5243.0,5301.327335165111,4826.679652267212,5775.975018063011
2018-08-17 01:00:00,5994.0,6056.570781117014,5581.923098219115,6531.2184640149135
2018-08-17 02:00:00,5406.0,5584.388746019305,5109.741063121406,6059.036428917203
2018-08-17 03:00:00,4719.0,4872.868152250835,4398.220469352937,5347.5158351487335
2018-08-17 04:00:00,4510.0,4637.242491956418,4162.594809058519,5111.890174854318
2018-08-17 05:00:00,4948.0,5003.434825933831,4528.787143035932,5478.082508831731
2018-08-17 06:00:00,5076.0,5229.21566246662,4754.567979568721,5703.86334536452
2018-08-17 07:00:00,5027.0,5237.937093377097,4763.289410479198,5712.584776274996
2018-08-17 08:00:00,5289.0,5400.872685002089,4926.225002104191,5875.520367899988
2018-08-17 09:00:00,5581.0,5619.395794858503,5144.748111960604,6094.043477756402
2018-08-17 10:00:00,5734.0,6192.352418552279,5717.704735654381,6667.000101450178
2018-08-17 11:00:00,5141.0,5682.163791310386,5207.516108412487,6156.811474208285
2018-08-17 12:00:00,4536.0,4513.445836668324,4038.798153770425,4988.093519566222
2018-08-17 13:00:00,3703.0,3460.9607784424975,2986.3130955445986,3935.6084613403964
2018-08-17 14:00:00,3279.0,3015.1044228292417,2540.456739931343,3489.7521057271406
2018-08-17 15:00:00,3177.0,3022.313061375863,2547.665378477964,3496.960744273762
2018-08-17 16:00:00,2903.0,2609.7244504268015,2135.0767675289026,3084.3721333247004
2018-08-17 17:00:00,2126.0,1983.3975729560766,1508.7498900581777,2458.0452558539755
2018-08-17 18:00:00,1569.0,1161.6186781121123,686.9709952142134,1636.2663610100112
2018-08-17 19:00:00,806.0,805.6084335167538,330.96075061885495,1280.2561164146528
2018-08-17 20:00:00,598.0,552.1003979442542,77.45271504635525,1026.748080842153
2018-08-17 21:00:00,448.0,443.3343369460707,0.0,917.9820198439696
2018-08-17 22:00:00,523.0,513.1169008168451,38.46921791894624,987.764583714744
2018-08-17 23:00:00,940.0,756.6376937050891,281.9900108071902,1231.285376602988
2018-08-18 00:00:00,1648.0,1400.520633023747,925.8729501258481,1875.168315921646
2018-08-18 01:00:00,2229.0,2102.730378621324,1628.0826957234249,2577.3780615192227
2018-08-18 02:00:00,2987.0,2883.3743142723692,2408.7266313744703,3358.021997170268
2018-08-18 03:00:00,3922.0,3413.1441729163107,2938.496490018412,3887.7918558142096
2018-08-18 04:00:00,5146.0,4025.6737395961272,3551.0260566982283,4500.321422494026
2018-08-18 05:00:00,4916.0,4429.071376547547,3954.4236936496477,4903.719059445446
2018-08-18 06:00:00,4448.0,4467.698663479862,3993.0509805819634,4942.346346377761
2018-08-18 07:00:00,4438.0,4649.343891406598,4174.6962085087,5123.991574304497
2018-08-18 08:00:00,4710.0,4544.222581513055,4069.574898615156,5018.870264410954
2018-08-18 09:00:00,4893.0,4552.0356886292475,4077.3880057313486,5026.683371527146
2018-08-18 10:00:00,4897.0,4605.818241449819,4131.170558551919,5080.465924347718
2018-08-18 11:00:00,4664.0,4478.9770143604155,4004.3293314625166,4953.624697258314
2018-08-18 12:00:00,4157.0,4211.128662335618,3736.4809794377193,4685.776345233517
2018-08-18 13:00:00,3619.0,3449.7682859841375,2975.1206030862386,3924.4159688820364
2018-08-18 14:00:00,3543.0,3019.090818999682,2544.4431361017832,3493.738501897581
2018-08-18 15:00:00,3442.0,3028.3576441327623,2553.7099612348634,3503.005327030661
2018-08-18 16:00:00,3128.0,2893.4311024620065,2418.7834195641076,3368.0787853599054
2018-08-18 17:00:00,2044.0,2170.112892343447,1695.4652094455482,2644.760575241346
2018-08-18 18:00:00,1346.0,1321.8928298378535,847.2451469399546,1796.5405127357524
2018-08-18 19:00:00,997.0,902.6669014879158,428.01921859001686,1377.3145843858147
2018-08-18 20:00:00,726.0,668.3930622570441,193.7453793591452,1143.0407451549431
2018-08-18 21:00:00,386.0,444.3553966283147,0.0,919.0030795262136
2018-08-18 22:00:00,388.0,448.53167521604047,0.0,923.1793581139393
2018-08-18 23:00:00,552.0,642.183881430323,167.53619853242412,1116.831564328222
2018-08-19 00:00:00,994.0,997.0293641289994,522.3816812311005,1471.6770470268984
2018-08-19 01:00:00,1277.0,1188.5078459968804,713.8601630989815,1663.1555288947793
2018-08-19 02:00:00,1971.0,1874.1772906657259,1399.529607767827,2348.8249735636246
2018-08-19 03:00:00,2895.0,2914.034760695471,2439.387077797572,3388.68244359337
2018-08-19 04:00:00,3766.0,3693.772072516919,3219.12438961902,4168.419755414818
2018-08-19 05:00:00,4384.0,4074.753172832865,3600.105489934966,4549.400855730764
2018-08-19 06:00:00,4624.0,4538.874865137046,4064.227182239147,5013.522548034945
2018-08-19 07:00:00,4596.0,4582.41092784383,4107.763244945931,5057.058610741729
2018-08-19 08:00:00,4742.0,4529.576073435799,4054.9283905379,5004.2237563336985
2018-08-19 09:00:00,4779.0,4485.344449023374,4010.6967661254753,4959.9921319212735
2018-08-19 10:00:00,4989.0,4341.193067468715,3866.5453845708157,4815.840750366613
2018-08-19 11:00:00,4870.0,4127.376505266911,3652.7288223690125,4602.024188164811
2018-08-19 12:00:00,4287.0,3884.0173729225794,3409.3696900246805,4358.665055820478
2018-08-19 13:00:00,3792.0,3513.6835764490656,3039.0358935511667,3988.3312593469645
2018-08-19 14:00:00,3213.0,2902.2545724976117,2427.6068895997128,3376.9022553955106
2018-08-19 15:00:00,2682.0,2661.3315034469224,2186.6838205490235,3135.9791863448213
2018-08-19 16:00:00,1973.0,2071.714615351547,1597.066932453648,2546.3622982494458
2018-08-19 17:00:00,2369.0,1349.6849247864347,875.0372418885358,1824.3326076843337
2018-08-19 18:00:00,922.0,778.7573662901888,304.10968339228987,1253.4050491880876
2018-08-19 19:00:00,473.0,543.1221716113203,68.47448871342135,1017.7698545092192
2018-08-19 20:00:00,346.0,424.41928746559717,0.0,899.066970363496
2018-08-19 21:00:00,369.0,404.6153124573769,0.0,879.2629953552757
2018-08-19 22:00:00,941.0,736.4596110947973,261.8119281968984,1211.1072939926962
2018-08-19 23:00:00,3005.0,2108.136357652001,1633.4886747541022,2582.7840405499
2018-08-20 00:00:00,5352.0,4746.336123349709,4271.68844045181,5220.983806247608
2018-08-20 01:00:00,6077.0,6048.5253365490935,5573.877653651194,6523.173019446993
2018-08-20 02:00:00,5349.0,5650.4935467000705,5175.845863802171,6125.14122959797
2018-08-20 03:00:00,4777.0,5183.208823351246,4708.5611404533465,5657.856506249145
2018-08-20 04:00:00,4375.0,4471.190814882078,3996.5431319841787,4945.838497779976
2018-08-20 05:00:00,4532.0,4700.024484391947,4225.376801494049,5174.672167289846
2018-08-20 06:00:00,4842.0,4896.257012136107,4421.609329238208,5370.904695034005
2018-08-20 07:00:00,4690.0,4939.631524940334,4464.983842042435,5414.279207838234
2018-08-20 08:00:00,5001.0,5235.342644117331,4760.694961219431,5709.99032701523
2018-08-20 09:00:00,5388.0,5630.951050378115,5156.3033674802155,6105.598733276014
2018-08-20 10:00:00,6423.0,6164.901885610013,5690.254202712114,6639.549568507911
2018-08-20 11:00:00,5848.0,5808.011618450725,5333.363935552827,6282.659301348624
2018-08-20 12:00:00,4285.0,4549.55732430133,4074.9096414034307,5024.205007199229
2018-08-20 13:00:00,3231.0,3209.3143007159442,2734.6666178180453,3683.961983613843
2018-08-20 14:00:00,2726.0,2718.24515459769,2243.597471699791,3192.892837495589
2018-08-20 15:00:00,2240.0,2457.3131025458,1982.6654196479012,2931.960785443699
2018-08-20 16:00:00,1617.0,1788.7974983026081,1314.1498154047092,2263.4451812005072
2018-08-20 17:00:00,1005.0,1245.168922173439,770.52123927554,1719.8166050713378
2018-08-20 18:00:00,659.0,664.7056273378771,190.0579444399782,1139.353310235776
2018-08-20 19:00:00,416.0,398.7193576071299,0.0,873.3670405050289
2018-08-20 20:00:00,316.0,354.9497205948045,0.0,829.5974034927034
2018-08-20 21:00:00,336.0,401.137558887578,0.0,875.785241785477
2018-08-20 22:00:00,996.0,872.5133710771069,397.86568817920795,1347.1610539750059
2018-08-20 23:00:00,3136.0,2885.788990784193,2411.1413078862943,3360.436673682092
2018-08-21 00:00:00,5701.0,5775.179849882416,5300.532166984518,6249.827532780315
2018-08-21 01:00:00,6837.0,6431.134478233935,5956.486795336035,6905.782161131834
2018-08-21 02:00:00,6123.0,5964.413255538778,5489.765572640879,6439.060938436676
2018-08-21 03:00:00,5053.0,5224.336324113841,4749.688641215942,5698.984007011741
2018-08-21 04:00:00,4540.0,4540.326978150088,4065.6792952521887,5014.974661047987
2018-08-21 05:00:00,4652.0,4696.959260001732,4222.311577103834,5171.606942899631
2018-08-21 06:00:00,4794.0,4953.146266744454,4478.4985838465545,5427.793949642353
2018-08-21 07:00:00,4762.0,5202.058215064417,4727.410532166517,5676.705897962316
2018-08-21 08:00:00,4994.0,5494.132455153892,5019.484772255993,5968.78013805179
2018-08-21 09:00:00,5660.0,5881.78588506713,5407.138202169232,6356.4335679650285
2018-08-21 10:00:00,6229.0,6518.178823879947,6043.531140982048,6992.826506777847
2018-08-21 11:00:00,5875.0,6139.155409893932,5664.507726996033,6613.803092791832
2018-08-21 12:00:00,4435.0,4521.857659262503,4047.2099763646042,4996.5053421604025
2018-08-21 13:00:00,3410.0,3283.9595402295067,2809.311857331608,3758.6072231274056
2018-08-21 14:00:00,3003.0,2897.1899840270826,2422.5423011291837,3371.8376669249815
2018-08-21 15:00:00,2504.0,2708.947834039525,2234.300151141626,3183.595516937424
2018-08-21 16:00:00,1747.0,1930.2518638760205,1455.6041809781216,2404.8995467739196
2018-08-21 17:00:00,1117.0,1380.0301818734144,905.3824989755155,1854.6778647713134
2018-08-21 18:00:00,635.0,716.4607011390287,241.81301824112984,1191.1083840369276
2018-08-21 19:00:00,425.0,446.13179135601257,0.0,920.7794742539115
2018-08-21 20:00:00,279.0,361.8380479089229,0.0,836.4857308068217
2018-08-21 21:00:00,393.0,396.53224341498395,0.0,871.1799263128828
2018-08-21 22:00:00,994.0,853.2043148881885,378.5566319902896,1327.8519977860874
2018-08-21 23:00:00,3163.0,2896.4116038228267,2421.763920924928,3371.0592867207256
2018-08-22 00:00:00,5766.0,5766.722801283659,5292.075118385759,6241.370484181558
2018-08-22 01:00:00,6589.0,6434.527724637886,5959.880041739987,6909.175407535786
2018-08-22 02:00:00,6056.0,6031.472371473131,5556.824688575232,6506.120054371029
2018-08-22 03:00:00,5116.0,5168.0344792823535,4693.386796384455,5642.682162180252
2018-08-22 04:00:00,4583.0,4582.08701384372,4107.439330945821,5056.73469674162
2018-08-22 05:00:00,4734.0,4896.13733532236,4421.489652424461,5370.785018220258
2018-08-22 06:00:00,5043.0,5164.486351909442,4689.838669011544,5639.134034807341
2018-08-22 07:00:00,4938.0,5165.321861480149,4690.6741785822505,5639.969544378047
2018-08-22 08:00:00,5216.0,5473.792930854232,4999.145247956332,5948.440613752131
2018-08-22 09:00:00,5707.0,5860.2211117400475,5385.573428842148,6334.868794637947
2018-08-22 10:00:00,6470.0,6467.841181196514,5993.193498298615,6942.488864094414
2018-08-22 11:00:00,5819.0,6109.332884135203,5634.685201237304,6583.9805670331025
2018-08-22 12:00:00,4446.0,4686.1318045511825,4211.484121653284,5160.779487449081
2018-08-22 13:00:00,3444.0,3336.5683535988824,2861.9206707009835,3811.2160364967813
2018-08-22 14:00:00,3154.0,2977.29299602516,2502.645313127261,3451.940678923059
2018-08-22 15:00:00,2627.0,2754.4106119221146,2279.7629290242157,3229.0582948200135
2018-08-22 16:00:00,1928.0,2089.7876852168747,1615.1400023189758,2564.4353681147736
2018-08-22 17:00:00,1169.0,1396.2255486147537,921.5778657168548,1870.8732315126526
2018-08-22 18:00:00,596.0,701.6500644234482,227.00238152554925,1176.297747321347
2018-08-22 19:00:00,402.0,434.973328102236,0.0,909.6210110001349
2018-08-22 21:00:00,381.0,383.8339417587628,0.0,858.4816246566618
2018-08-22 22:00:00,976.0,861.5486056527379,386.90092275483903,1336.1962885506368
2018-08-22 23:00:00,3163.0,2911.8789316752323,2437.2312487773333,3386.526614573131
2018-08-23 00:00:00,5860.0,5722.604272755678,5247.956589857778,6197.251955653577
2018-08-23 01:00:00,6815.0,6464.136666019831,5989.488983121932,6938.78434891773
2018-08-23 03:00:00,5583.0,5344.108565357214,4869.460882459314,5818.756248255113
2018-08-23 04:00:00,4837.0,4899.702121973696,4425.054439075797,5374.349804871596
2018-08-23 05:00:00,5015.0,5319.7528819305235,4845.105199032625,5794.400564828422
2018-08-23 06:00:00,5136.0,5295.436544301824,4820.788861403926,5770.084227199723
2018-08-23 07:00:00,5051.0,5338.088228379581,4863.440545481682,5812.735911277479
2018-08-23 08:00:00,5312.0,5756.117577363824,5281.469894465925,6230.765260261724
2018-08-23 09:00:00,5848.0,5993.92252602358,5519.2748431256805,6468.570208921479
2018-08-23 10:00:00,6586.0,6479.0893031649475,6004.441620267049,6953.736986062846
2018-08-23 11:00:00,5780.0,6321.701117718513,5847.053434820615,6796.348800616412
2018-08-23 12:00:00,4750.0,5045.064088242631,4570.416405344733,5519.71177114053
2018-08-23 13:00:00,3519.0,3637.152872679458,3162.5051897815592,4111.800555577357
2018-08-23 14:00:00,2996.0,3089.3746328789293,2614.7269499810304,3564.0223157768282
2018-08-23 15:00:00,2717.0,3042.987483920418,2568.339801022519,3517.635166818317
2018-08-23 16:00:00,2107.0,2464.021430061581,1989.3737471636823,2938.66911295948
2018-08-23 17:00:00,1904.0,1440.711872886529,966.06418998863,1915.3595557844278
2018-08-23 18:00:00,790.0,773.5891337616556,298.9414508637567,1248.2368166595545
2018-08-23 19:00:00,505.0,489.74384997740776,15.09616707950886,964.3915328753067
2018-08-23 20:00:00,387.0,380.3591629869702,0.0,855.0068458848691
2018-08-23 21:00:00,424.0,406.504344552389,0.0,881.152027450288
2018-08-23 22:00:00,916.0,819.4788988958904,344.83121599799154,1294.1265817937892
2018-08-23 23:00:00,2950.0,2653.1322686896947,2178.484585791796,3127.7799515875936
2018-08-24 00:00:00,5259.0,5720.759341241826,5246.111658343927,6195.407024139726
2018-08-24 01:00:00,6243.0,6166.797461373298,5692.149778475399,6641.445144271196
2018-08-24 02:00:00,5687.0,5907.94846180549,5433.300778907591,6382.59614470339
2018-08-24 03:00:00,4971.0,5252.780741560026,4778.133058662128,5727.428424457925
2018-08-24 04:00:00,4539.0,5039.347508603644,4564.699825705746,5513.995191501543
2018-08-24 05:00:00,4391.0,5259.535230051513,4784.887547153614,5734.182912949413
2018-08-24 06:00:00,4971.0,5471.141825258846,4996.494142360947,5945.789508156746
2018-08-24 07:00:00,5149.0,5374.897850211887,4900.250167313989,5849.5455331097855
2018-08-24 08:00:00,5499.0,5614.29822566113,5139.650542763231,6088.94590855903
2018-08-24 09:00:00,5879.0,5835.023067297609,5360.375384399709,6309.670750195508
2018-08-24 10:00:00,6088.0,6233.346946650725,5758.699263752826,6707.994629548624
2018-08-24 11:00:00,5750.0,5629.478299574324,5154.830616676425,6104.125982472224
2018-08-24 12:00:00,4755.0,4632.8335149605255,4158.185832062627,5107.481197858424
2018-08-24 13:00:00,3467.0,3467.107167790105,2992.459484892206,3941.754850688004
2018-08-24 14:00:00,3076.0,3099.8754683640705,2625.2277854661716,3574.5231512619694
2018-08-24 15:00:00,3164.0,3080.2171195687765,2605.5694366708776,3554.8648024666754
2018-08-24 16:00:00,2435.0,2696.8043008825707,2222.156617984672,3171.4519837804696
2018-08-24 17:00:00,1860.0,1999.7476519863742,1525.0999690884753,2474.3953348842733
2018-08-24 18:00:00,1089.0,1316.1649951205286,841.5173122226297,1790.8126780184275
2018-08-24 19:00:00,725.0,656.8993187242328,182.25163582633388,1131.5470016221316
2018-08-24 20:00:00,495.0,494.00463214752267,19.356949249623767,968.6523150454216
2018-08-24 21:00:00,366.0,435.0286543846024,0.0,909.6763372825013
2018-08-24 22:00:00,500.0,538.9043350985354,64.2566522006365,1013.5520179964343
2018-08-24 23:00:00,875.0,798.8520698987827,324.2043870008838,1273.4997527966816
2018-08-25 00:00:00,1837.0,1578.83715970494,1104.189476807041,2053.484842602839
2018-08-25 01:00:00,2672.0,2068.6484900433366,1594.0008071454376,2543.2961729412355
2018-08-25 02:00:00,3503.0,3018.4427082685133,2543.7950253706144,3493.0903911664122
2018-08-25 03:00:00,4100.0,3592.398234466224,3117.750551568325,4067.045917364123
2018-08-25 04:00:00,4509.0,4095.2147753756904,3620.5670924777914,4569.862458273589
2018-08-25 05:00:00,4647.0,4516.30642863247,4041.658745734571,4990.954111530369
2018-08-25 06:00:00,4846.0,4786.558877365629,4311.91119446773,5261.206560263528
2018-08-25 07:00:00,4585.0,4776.946765576236,4302.299082678337,5251.594448474136
2018-08-25 08:00:00,4696.0,4682.866898555828,4208.219215657929,5157.514581453726
2018-08-25 09:00:00,5015.0,4642.556062845449,4167.90837994755,5117.203745743347
2018-08-25 10:00:00,4677.0,4571.368107617009,4096.720424719109,5046.015790514908
2018-08-25 11:00:00,4541.0,4583.0928551668085,4108.44517226891,5057.740538064707
2018-08-25 12:00:00,3914.0,4110.278298843882,3635.630615945983,4584.925981741781
2018-08-25 13:00:00,3371.0,3532.740601302289,3058.0929184043903,4007.388284200188
2018-08-25 14:00:00,3071.0,3114.8583663209006,2640.2106834230017,3589.5060492187995
2018-08-25 15:00:00,3156.0,3205.2966751794897,2730.648992281591,3679.9443580773886
2018-08-25 16:00:00,2713.0,2970.8073887861233,2496.1597058882244,3445.455071684022
2018-08-25 17:00:00,2134.0,2159.5986800252635,1684.9509971273646,2634.2463629231625
2018-08-25 18:00:00,1375.0,1503.299026220953,1028.651343323054,1977.946709118852
2018-08-25 19:00:00,855.0,741.1882560951677,266.5405731972688,1215.8359389930665
2018-08-25 20:00:00,614.0,568.7766461254415,94.12896322754261,1043.4243290233403
2018-08-25 21:00:00,382.0,438.6378547920334,0.0,913.2855376899323
2018-08-25 22:00:00,325.0,478.71144864442044,4.06376574652154,953.3591315423193
2018-08-25 23:00:00,551.0,676.1177432834367,201.47006038553775,1150.7654261813354
2018-08-26 00:00:00,1106.0,1069.3444620775354,594.6967791796365,1543.9921449754343
2018-08-26 01:00:00,1657.0,1377.9576495113429,903.309966613444,1852.6053324092418
2018-08-26 02:00:00,2467.0,2066.296691295842,1591.649008397943,2540.9443741937407
2018-08-26 03:00:00,3408.0,2953.177688676057,2478.5300057781583,3427.825371573956
2018-08-26 04:00:00,4017.0,3742.0626247207933,3267.4149418228944,4216.710307618692
2018-08-26 05:00:00,4394.0,4174.377352683002,3699.729669785103,4649.0250355809
2018-08-26 06:00:00,4638.0,4619.3750371570695,4144.72735425917,5094.022720054969
2018-08-26 07:00:00,4494.0,4559.488258751841,4084.8405758539425,5034.13594164974
2018-08-26 08:00:00,4565.0,4530.836739131624,4056.1890562337253,5005.484422029524
2018-08-26 09:00:00,4289.0,4501.058741993521,4026.411059095622,4975.706424891419
2018-08-26 10:00:00,4259.0,4356.5600845101835,3881.9124016122846,4831.207767408083
2018-08-26 11:00:00,3998.0,4228.55133590529,3753.9036530073913,4703.199018803189
2018-08-26 12:00:00,3688.0,3945.9108578572,3471.263174959301,4420.558540755099
2018-08-26 13:00:00,3165.0,3431.068512350131,2956.4208294522323,3905.71619524803
2018-08-26 14:00:00,2840.0,2940.822122083096,2466.174439185197,3415.469804980995
2018-08-26 15:00:00,2330.0,2553.059054879535,2078.411371981636,3027.706737777434
2018-08-26 16:00:00,1913.0,1891.0938015810605,1416.4461186831616,2365.741484478959
2018-08-26 17:00:00,1208.0,1225.4132536714897,750.7655707735908,1700.0609365693886
2018-08-26 18:00:00,666.0,775.62814022981,300.9804573319111,1250.275823127709
2018-08-26 19:00:00,337.0,498.89073673515566,24.243053837256753,973.5384196330546
2018-08-26 20:00:00,292.0,410.3130820194767,0.0,884.9607649173756
2018-08-26 21:00:00,358.0,410.3130820194767,0.0,884.9607649173756
2018-08-26 22:00:00,933.0,739.9167587900193,265.26907589212044,1214.5644416879181
2018-08-26 23:00:00,3129.0,2679.091686840071,2204.444003942172,3153.73936973797
2018-08-27 00:00:00,5575.0,5842.375498947942,5367.727816050043,6317.0231818458415
2018-08-27 01:00:00,6493.0,6630.550180568782,6155.902497670882,7105.197863466681
2018-08-27 02:00:00,6125.0,5851.321890770061,5376.674207872162,6325.9695736679605
2018-08-27 03:00:00,5094.0,4911.960483561722,4437.3128006638235,5386.60816645962
2018-08-27 04:00:00,4672.0,4499.069150559686,4024.421467661787,4973.716833457585
2018-08-27 05:00:00,4775.0,4683.509270945918,4208.861588048019,5158.156953843816
2018-08-27 06:00:00,4880.0,4886.18375308277,4411.536070184871,5360.831435980668
2018-08-27 07:00:00,4890.0,4997.907774700604,4523.260091802706,5472.5554575985025
2018-08-27 08:00:00,5048.0,5337.235875433815,4862.588192535915,5811.883558331714
2018-08-27 09:00:00,5661.0,5770.835930122472,5296.1882472245725,6245.483613020371
2018-08-27 10:00:00,6535.0,6301.153174246548,5826.505491348649,6775.800857144446
2018-08-27 11:00:00,5298.0,6046.833518980617,5572.185836082717,6521.481201878516
2018-08-27 12:00:00,3629.0,4533.321001376364,4058.673318478465,5007.968684274263
2018-08-27 13:00:00,2922.0,3320.6867553293646,2846.0390724314657,3795.3344382272635
2018-08-27 14:00:00,2536.0,2784.518298356611,2309.870615458712,3259.16598125451
2018-08-27 15:00:00,2139.0,2489.558796640417,2014.911113742518,2964.2064795383158
2018-08-27 16:00:00,1503.0,1790.8007901196006,1316.1531072217017,2265.4484730174995
2018-08-27 17:00:00,1014.0,1183.7199971044474,709.0723142065485,1658.3676800023463
2018-08-27 18:00:00,576.0,588.5595976296399,113.91191473174104,1063.2072805275388
2018-08-27 19:00:00,364.0,393.9029568288133,0.0,868.5506397267122
2018-08-27 20:00:00,234.0,351.9128725180543,0.0,826.5605554159532
2018-08-27 21:00:00,367.0,389.8050017083343,0.0,864.4526846062332
2018-08-27 22:00:00,986.0,887.8853964598525,413.23771356195357,1362.5330793577514
2018-08-27 23:00:00,3161.0,2902.8280196586875,2428.1803367607886,3377.4757025565864
2018-08-28 00:00:00,5611.0,5791.58085703614,5316.933174138241,6266.228539934038
2018-08-28 01:00:00,6147.0,6627.5408618092215,6152.893178911323,7102.18854470712
2018-08-28 02:00:00,5692.0,5982.106909473447,5507.459226575547,6456.754592371346
2018-08-28 03:00:00,5153.0,5268.07488329012,4793.4272003922215,5742.722566188018
2018-08-28 04:00:00,4624.0,4669.1260046816315,4194.478321783732,5143.773687579531
2018-08-28 05:00:00,4678.0,4958.330300876764,4483.682617978866,5432.977983774663
2018-08-28 06:00:00,4954.0,5058.114517715481,4583.466834817582,5532.762200613381
2018-08-28 07:00:00,5032.0,5231.226030875525,4756.5783479776255,5705.873713773424
2018-08-28 08:00:00,5273.0,5388.577684885656,4913.930001987757,5863.225367783554
2018-08-28 09:00:00,5865.0,5760.059141308536,5285.411458410637,6234.706824206434
2018-08-28 10:00:00,6657.0,6340.910004018738,5866.262321120839,6815.557686916636
2018-08-28 11:00:00,5716.0,5935.447672863171,5460.799989965271,6410.09535576107
2018-08-28 12:00:00,4363.0,4611.142316026841,4136.494633128943,5085.78999892474
2018-08-28 13:00:00,3406.0,3378.602917497094,2903.955234599195,3853.250600394993
2018-08-28 14:00:00,2896.0,2919.1872606677325,2444.5395777698336,3393.8349435656314
2018-08-28 15:00:00,2576.0,2803.7120677849857,2329.064384887087,3278.3597506828846
2018-08-28 16:00:00,1733.0,2002.99404713108,1528.346364233181,2477.6417300289786
2018-08-28 17:00:00,1153.0,1272.567697577656,797.9200146797571,1747.2153804755549
2018-08-28 18:00:00,623.0,650.4920572720252,175.84437437412635,1125.1397401699242
2018-08-28 19:00:00,335.0,442.3307664016506,0.0,916.9784492995495
2018-08-28 20:00:00,299.0,358.97574076365316,0.0,833.6234236615521
2018-08-28 21:00:00,372.0,407.164958045918,0.0,881.8126409438169
2018-08-28 22:00:00,981.0,874.8717420021361,400.2240591042372,1349.5194249000351
2018-08-28 23:00:00,3103.0,2876.271294279057,2401.6236113811583,3350.918977176956
2018-08-29 00:00:00,5902.0,5823.789455899076,5349.141773001176,6298.437138796975
2018-08-29 01:00:00,6775.0,6595.202325241688,6120.55464234379,7069.850008139587
2018-08-29 02:00:00,6164.0,6127.707161091011,5653.059478193112,6602.354843988909
2018-08-29 03:00:00,5421.0,5141.438660891123,4666.790977993223,5616.086343789022
2018-08-29 04:00:00,4871.0,4640.571766179584,4165.924083281685,5115.219449077484
2018-08-29 05:00:00,4969.0,4900.917501551224,4426.269818653325,5375.565184449122
2018-08-29 06:00:00,5134.0,5187.289942633921,4712.6422597360215,5661.93762553182
2018-08-29 07:00:00,4999.0,5095.923624873264,4621.275941975366,5570.5713077711625
2018-08-29 08:00:00,5349.0,5543.43639109732,5068.788708199421,6018.084073995218
2018-08-29 09:00:00,5814.0,5873.19834137681,5398.550658478911,6347.84602427471
2018-08-29 10:00:00,6578.0,6477.225449728094,6002.577766830194,6951.873132625993
2018-08-29 11:00:00,5860.0,6270.32139936302,5795.67371646512,6744.969082260919
2018-08-29 12:00:00,4554.0,4909.398543169072,4434.750860271173,5384.04622606697
2018-08-29 13:00:00,3487.0,3478.558929293363,3003.911246395464,3953.2066121912617
2018-08-29 14:00:00,3205.0,3025.987970084481,2551.340287186582,3500.6356529823797
2018-08-29 15:00:00,2800.0,2824.653496305235,2350.005813407336,3299.301179203134
2018-08-29 16:00:00,2106.0,2077.127784412219,1602.4801015143203,2551.775467310118
2018-08-29 17:00:00,1272.0,1346.550564828453,871.902881930554,1821.1982477263518
2018-08-29 18:00:00,670.0,682.9786547615604,208.3309718636615,1157.6263376594593
2018-08-29 19:00:00,456.0,449.2005087971949,0.0,923.8481916950939
2018-08-29 20:00:00,326.0,358.59113073285755,0.0,833.2388136307565
2018-08-29 21:00:00,388.0,397.00598872662147,0.0,871.6536716245204
2018-08-29 22:00:00,1008.0,828.2947981691253,353.6471152712264,1302.9424810670243
2018-08-29 23:00:00,3070.0,2921.703277713001,2447.0555948151023,3396.3509606109
2018-08-30 00:00:00,5886.0,5689.656770422878,5215.009087524979,6164.304453320778
2018-08-30 01:00:00,6466.0,6563.767191800953,6089.119508903053,7038.414874698852
2018-08-30 02:00:00,5995.0,6069.273279499343,5594.625596601443,6543.920962397242
2018-08-30 03:00:00,5467.0,5226.361603013084,4751.713920115186,5701.009285910983
2018-08-30 04:00:00,4911.0,4870.677672627866,4396.0299897299665,5345.325355525765
2018-08-30 05:00:00,5095.0,5121.744583109122,4647.096900211223,5596.39226600702
2018-08-30 06:00:00,5308.0,5340.019149063841,4865.3714661659415,5814.66683196174
2018-08-30 07:00:00,5213.0,5406.037845571676,4931.390162673777,5880.685528469576
2018-08-30 08:00:00,5680.0,5651.923668031739,5177.27598513384,6126.571350929638
2018-08-30 09:00:00,6238.0,5949.864559632428,5475.216876734528,6424.512242530327
2018-08-30 10:00:00,6453.0,6408.524603736955,5933.876920839057,6883.172286634854
2018-08-30 11:00:00,5775.0,6156.963900645097,5682.316217747199,6631.6115835429955
2018-08-30 12:00:00,4531.0,4980.09381374018,4505.4461308422815,5454.741496638078
2018-08-30 13:00:00,3884.0,3640.909749862515,3166.262066964616,4115.557432760414
2018-08-30 14:00:00,3332.0,3139.6894264037533,2665.0417435058544,3614.337109301652
2018-08-30 15:00:00,3049.0,3019.32768784417,2544.6800049462713,3493.975370742069
2018-08-30 16:00:00,2221.0,2443.0909446076203,1968.4432617097214,2917.738627505519
2018-08-30 17:00:00,1396.0,1465.0948821239242,990.4471992260253,1939.742565021823
2018-08-30 18:00:00,764.0,751.6590170929846,277.01133419508574,1226.3066999908835
2018-08-30 19:00:00,456.0,517.7581998333577,43.110516935458804,992.4058827312566
2018-08-30 20:00:00,358.0,383.35587018227574,0.0,858.0035530801747
2018-08-30 21:00:00,378.0,450.1069654806646,0.0,924.7546483785635
2018-08-30 22:00:00,851.0,792.698887191935,318.0512042940361,1267.346570089834
2018-08-30 23:00:00,2754.0,2372.315074782441,1897.6673918845422,2846.96275768034
2018-08-31 00:00:00,5200.0,5720.300140846522,5245.652457948623,6194.94782374442
2018-08-31 01:00:00,6270.0,6438.957749383181,5964.310066485283,6913.60543228108
2018-08-31 02:00:00,5687.0,5730.153556120288,5255.50587322239,6204.801239018187
2018-08-31 03:00:00,5328.0,5242.569736557287,4767.9220536593875,5717.217419455186
2018-08-31 04:00:00,5102.0,4996.91595137827,4522.268268480371,5471.563634276168
2018-08-31 05:00:00,5359.0,5287.233023067451,4812.585340169551,5761.88070596535
2018-08-31 06:00:00,5587.0,5437.085676522473,4962.437993624573,5911.733359420372
2018-08-31 07:00:00,5400.0,5409.051194722975,4934.403511825076,5883.698877620875
2018-08-31 08:00:00,5705.0,5673.671311999941,5199.023629102043,6148.31899489784
2018-08-31 09:00:00,5998.0,5907.150794318605,5432.503111420707,6381.798477216504
2018-08-31 10:00:00,5925.0,6251.025739467056,5776.378056569158,6725.673422364955
2018-08-31 11:00:00,5418.0,5962.573127607401,5487.925444709503,6437.2208105053
2018-08-31 12:00:00,4935.0,4999.816698464806,4525.169015566908,5474.464381362704
2018-08-31 13:00:00,3945.0,3706.4195897548157,3231.7719068569168,4181.067272652715
2018-08-31 14:00:00,3233.0,3169.599697522414,2694.952014624515,3644.2473804203128
2018-08-31 15:00:00,2910.0,3144.8256214142007,2670.1779385163018,3619.4733043120996
2018-08-31 16:00:00,2830.0,2789.9620058062233,2315.3143229083244,3264.609688704122
2018-08-31 17:00:00,2147.0,2004.6090072851305,1529.9613243872316,2479.2566901830296
2018-08-31 18:00:00,1335.0,1233.4661535253508,758.8184706274519,1708.1138364232497
2018-08-31 19:00:00,785.0,803.1262735819695,328.4785906840706,1277.7739564798685
2018-08-31 20:00:00,569.0,543.8779946130846,69.23031171518574,1018.5256775109835
2018-08-31 21:00:00,425.0,467.9339343367671,0.0,942.581617234666
2018-08-31 22:00:00,419.0,510.84480259356314,36.19711969566424,985.492485491462
2018-08-31 23:00:00,741.0,764.1592468318058,289.5115639339069,1238.8069297297047
2018-09-01 00:00:00,1529.0,1484.534436388806,1009.886753490907,1959.1821192867048
2018-09-01 01:00:00,2477.0,2343.518305800515,1868.870622902616,2818.165988698414
2018-09-01 02:00:00,3476.0,3207.103740638021,2732.456057740122,3681.75142353592
2018-09-01 03:00:00,4212.0,3818.016873920683,3343.369191022784,4292.664556818581
2018-09-01 04:00:00,4578.0,4327.306514044911,3852.658831147012,4801.95419694281
2018-09-01 05:00:00,4897.0,4647.5008700089,4172.853187111001,5122.1485529067995
2018-09-01 06:00:00,4854.0,4824.075677609169,4349.42799471127,5298.723360507069
2018-09-01 07:00:00,4972.0,4803.078854371038,4328.431171473139,5277.726537268936
2018-09-01 08:00:00,5056.0,4722.358391337683,4247.710708439785,5197.006074235582
2018-09-01 09:00:00,4719.0,4614.6330965232955,4139.985413625396,5089.280779421195
2018-09-01 10:00:00,4649.0,4621.437768412592,4146.790085514693,5096.085451310491
2018-09-01 11:00:00,4622.0,4543.450559408787,4068.802876510888,5018.098242306685
2018-09-01 12:00:00,4261.0,4177.553643732542,3702.905960834643,4652.20132663044
2018-09-01 13:00:00,3518.0,3518.2007059562293,3043.5530230583304,3992.848388854128
2018-09-01 14:00:00,3196.0,3041.8377893160005,2567.1901064181015,3516.4854722138994
2018-09-01 15:00:00,2880.0,3065.0311747846104,2590.3834918867115,3539.6788576825093
2018-09-01 16:00:00,2815.0,2967.8595165120646,2493.2118336141657,3442.5071994099635
2018-09-01 17:00:00,1945.0,2185.8868904724086,1711.2392075745097,2660.5345733703075
2018-09-01 18:00:00,1273.0,1450.6617917782653,976.0141088803664,1925.3094746761642
2018-09-01 19:00:00,801.0,815.994551149789,341.3468682518901,1290.642234047688
2018-09-01 20:00:00,565.0,546.6628797266509,72.01519682875198,1021.3105626245498
2018-09-01 21:00:00,386.0,412.56733385023495,0.0,887.2150167481338
2018-09-01 22:00:00,316.0,449.6744223859313,0.0,924.3221052838302
2018-09-01 23:00:00,532.0,614.6766087658738,140.02892586797486,1089.3242916637728
2018-09-02 00:00:00,1003.0,1105.8856133867307,631.2379304888318,1580.5332962846296
2018-09-02 01:00:00,1607.0,1391.6284157191396,916.9807328212407,1866.2760986170385
2018-09-02 02:00:00,2334.0,1964.3086352374937,1489.6609523395948,2438.9563181353924
2018-09-02 03:00:00,2929.0,3036.406811224578,2561.7591283266793,3511.054494122477
2018-09-02 04:00:00,3571.0,3756.183704474886,3281.536021576987,4230.831387372785
2018-09-02 05:00:00,4040.0,4173.497905586789,3698.85022268889,4648.145588484687
2018-09-02 06:00:00,4549.0,4579.180361606761,4104.532678708862,5053.82804450466
2018-09-02 07:00:00,4414.0,4632.913109755763,4158.265426857864,5107.560792653661
2018-09-02 08:00:00,4299.0,4513.945576473029,4039.2978935751303,4988.593259370928
2018-09-02 09:00:00,4330.0,4471.31344929923,3996.6657664013314,4945.96113219713
2018-09-02 10:00:00,4197.0,4283.736282557909,3809.0885996600105,4758.383965455809
2018-09-02 11:00:00,3833.0,4206.199604178977,3731.551921281078,4680.8472870768765
2018-09-02 12:00:00,3601.0,3867.918129326015,3393.270446428116,4342.565812223914
2018-09-02 13:00:00,3098.0,3281.672737398172,2807.025054500273,3756.320420296071
2018-09-02 14:00:00,3115.0,2874.9905491829923,2400.3428662850934,3349.638232080891
2018-09-02 15:00:00,2669.0,2520.8037366710514,2046.1560537731525,2995.4514195689503
2018-09-02 16:00:00,2066.0,1866.2569212396518,1391.6092383417529,2340.9046041375505
2018-09-02 17:00:00,1475.0,1228.8985381481532,754.2508552502543,1703.546221046052
2018-09-02 18:00:00,962.0,774.6518363215639,300.004153423665,1249.2995192194628
2018-09-02 19:00:00,694.0,452.02533882386723,0.0,926.6730217217662
2018-09-02 20:00:00,421.0,385.597682093696,0.0,860.2453649915949
2018-09-02 21:00:00,310.0,383.84723543275834,0.0,858.4949183306572
2018-09-02 22:00:00,325.0,714.4263938944658,239.77871099656693,1189.0740767923648
2018-09-02 23:00:00,590.0,2197.208782680297,1722.5610997823983,2671.856465578196
2018-09-03 00:00:00,1141.0,4467.765983789024,3993.1183008911253,4942.4136666869235
2018-09-03 01:00:00,1556.0,4617.427316765386,4142.779633867487,5092.074999663286
2018-09-03 02:00:00,1995.0,5300.975316792474,4826.327633894574,5775.622999690373
2018-09-03 03:00:00,2524.0,4690.143560350292,4215.495877452393,5164.791243248192
2018-09-03 04:00:00,3050.0,3830.353776320477,3355.7060934225783,4305.001459218376
2018-09-03 05:00:00,3616.0,3778.0252402832743,3303.3775573853754,4252.672923181173
2018-09-03 06:00:00,3901.0,4178.502395527316,3703.8547126294175,4653.150078425215
2018-09-03 07:00:00,4110.0,4165.581971170107,3690.934288272208,4640.229654068005
2018-09-03 08:00:00,4446.0,4022.2281448846425,3547.5804619867436,4496.875827782542
2018-09-03 09:00:00,4411.0,4076.7864415074846,3602.1387586095857,4551.434124405383
2018-09-03 10:00:00,4017.0,3973.069614410279,3498.42193151238,4447.717297308178
2018-09-03 11:00:00,3900.0,3997.8859870441233,3523.2383041462244,4472.533669942022
2018-09-03 12:00:00,3487.0,3828.156126223551,3353.508443325652,4302.803809121449
2018-09-03 13:00:00,3006.0,2881.2752734934534,2406.6275905955545,3355.9229563913523
2018-09-03 14:00:00,2627.0,2502.136545017841,2027.488862119942,2976.78422791574
2018-09-03 15:00:00,2081.0,2246.9849962568496,1772.3373133589507,2721.6326791547485
2018-09-03 16:00:00,1588.0,1655.1386135124208,1180.4909306145219,2129.7862964103197
2018-09-03 17:00:00,1012.0,1188.8497333765927,714.2020504786938,1663.4974162744916
2018-09-03 18:00:00,528.0,635.5387979120657,160.89111501416676,1110.1864808099645
2018-09-03 19:00:00,321.0,429.71259986641934,0.0,904.3602827643183
2018-09-03 20:00:00,254.0,400.9772421815083,0.0,875.6249250794071
2018-09-03 21:00:00,332.0,384.8287137444166,0.0,859.4763966423154
2018-09-03 22:00:00,901.0,762.5705061911701,287.9228232932712,1237.218189089069
2018-09-03 23:00:00,2863.0,2716.677797806878,2242.030114908979,3191.325480704777
2018-09-04 00:00:00,5280.0,5037.823726155208,4563.176043257308,5512.471409053107
2018-09-04 01:00:00,6379.0,5981.861345040566,5507.213662142667,6456.509027938466
2018-09-04 02:00:00,5856.0,5589.266450829193,5114.618767931293,6063.914133727092
2018-09-04 03:00:00,5242.0,4758.085060416522,4283.437377518623,5232.73274331442
2018-09-04 04:00:00,4403.0,4167.826746554258,3693.1790636563587,4642.474429452157
2018-09-04 05:00:00,4477.0,4401.817836220289,3927.17015332239,4876.465519118188
2018-09-04 06:00:00,4583.0,4715.728893195985,4241.081210298085,5190.376576093884
2018-09-04 07:00:00,4652.0,4775.273407920138,4300.625725022239,5249.921090818038
2018-09-04 08:00:00,4785.0,5044.8256258826605,4570.177942984761,5519.47330878056
2018-09-04 09:00:00,5436.0,5491.766375582569,5017.118692684669,5966.414058480468
2018-09-04 10:00:00,5667.0,6303.565660377194,5828.917977479296,6778.2133432750925
2018-09-04 11:00:00,5494.0,5928.196212932353,5453.5485300344535,6402.843895830252
2018-09-04 12:00:00,4383.0,4386.484359771449,3911.83667687355,4861.132042669347
2018-09-04 13:00:00,3017.0,3122.131730915621,2647.484048017722,3596.77941381352
2018-09-04 14:00:00,2385.0,2685.5679012541773,2210.9202183562784,3160.215584152076
2018-09-04 15:00:00,2105.0,2512.8178359178037,2038.1701530199048,2987.4655188157026
2018-09-04 16:00:00,1351.0,1795.1238068563407,1320.4761239584418,2269.7714897542396
2018-09-04 17:00:00,921.0,1150.006228230505,675.3585453326061,1624.653911128404
2018-09-04 18:00:00,522.0,634.4815793042153,159.8338964063164,1109.1292622021142
2018-09-04 19:00:00,304.0,396.49636143111337,0.0,871.1440443290123
2018-09-04 20:00:00,254.0,336.03472878540623,0.0,810.6824116833052
2018-09-04 21:00:00,323.0,363.4707634020069,0.0,838.1184462999058
2018-09-04 22:00:00,882.0,831.6674764455164,357.0197935476175,1306.3151593434154
2018-09-04 23:00:00,3013.0,2824.5997219982173,2349.9520391003184,3299.247404896116
2018-09-05 00:00:00,5633.0,5568.947906185324,5094.300223287426,6043.595589083223
2018-09-05 01:00:00,6668.0,6298.426125569093,5823.778442671193,6773.073808466992
2018-09-05 02:00:00,6327.0,5846.782989218201,5372.135306320302,6321.430672116099
2018-09-05 03:00:00,5237.0,5107.878976641229,4633.231293743331,5582.526659539128
2018-09-05 04:00:00,4599.0,4355.771528631956,3881.1238457340573,4830.419211529856
2018-09-05 05:00:00,4635.0,4610.52673682544,4135.8790539275415,5085.174419723338
2018-09-05 06:00:00,5001.0,4680.574692671602,4205.927009773703,5155.222375569501
2018-09-05 07:00:00,4781.0,4712.343122202096,4237.695439304198,5186.990805099995
2018-09-05 08:00:00,4816.0,5151.759230989578,4677.11154809168,5626.406913887477
2018-09-05 09:00:00,5661.0,5594.424929810855,5119.777246912956,6069.072612708755
2018-09-05 10:00:00,6555.0,6470.34770278984,5995.700019891941,6944.995385687738
2018-09-05 11:00:00,5938.0,6191.519419137706,5716.871736239807,6666.167102035604
2018-09-05 12:00:00,4426.0,4489.04288325269,4014.3952003547915,4963.69056615059
2018-09-05 13:00:00,3414.0,3208.1519015625972,2733.5042186646983,3682.799584460496
2018-09-05 14:00:00,3130.0,2764.7416721953973,2290.0939892974984,3239.389355093296
2018-09-05 15:00:00,2532.0,2583.061419067685,2108.4137361697863,3057.709101965584
2018-09-05 16:00:00,1629.0,1905.882689722627,1431.235006824728,2380.5303726205257
2018-09-05 17:00:00,993.0,1167.7781877964321,693.1305048985332,1642.425870694331
2018-09-05 18:00:00,570.0,635.0320396578403,160.3843567599414,1109.6797225557393
2018-09-05 19:00:00,350.0,404.09563437017334,0.0,878.7433172680722
2018-09-05 20:00:00,281.0,331.0738542777828,0.0,805.7215371756818
2018-09-05 21:00:00,337.0,350.87244335010024,0.0,825.5201262479991
2018-09-05 22:00:00,909.0,833.2471082024517,358.5994253045528,1307.8947911003506
2018-09-05 23:00:00,3036.0,2839.8594923803516,2365.2118094824527,3314.5071752782505
2018-09-06 00:00:00,5868.0,5563.916803307804,5089.269120409905,6038.564486205703
2018-09-06 01:00:00,6526.0,6297.752126295283,5823.104443397384,6772.399809193183
2018-09-06 02:00:00,5996.0,5905.446703483984,5430.799020586084,6380.094386381883
2018-09-06 03:00:00,5328.0,4965.577830600543,4490.930147702644,5440.2255134984425
2018-09-06 04:00:00,4579.0,4490.252052725199,4015.6043698273,4964.8997356230975
2018-09-06 05:00:00,4727.0,4765.521804811488,4290.87412191359,5240.169487709387
2018-09-06 06:00:00,4765.0,4961.88945383218,4487.241770934281,5436.5371367300795
2018-09-06 07:00:00,4853.0,5005.678509477486,4531.030826579587,5480.326192375385
2018-09-06 08:00:00,4947.0,5329.015348642596,4854.367665744698,5803.663031540495
2018-09-06 09:00:00,5786.0,5749.5659805192245,5274.918297621325,6224.213663417124
2018-09-06 10:00:00,6396.0,6431.547012112875,5956.899329214975,6906.194695010774
2018-09-06 11:00:00,6008.0,6106.8225651623925,5632.174882264493,6581.470248060292
2018-09-06 12:00:00,4373.0,4439.884985234432,3965.237302336533,4914.532668132331
2018-09-06 13:00:00,3382.0,3281.5394269261137,2806.891744028215,3756.1871098240126
2018-09-06 14:00:00,3223.0,2796.220110050475,2321.572427152576,3270.867792948374
2018-09-06 15:00:00,2712.0,2807.771130279843,2333.123447381944,3282.418813177742
2018-09-06 16:00:00,2096.0,2225.745823245735,1751.0981403478363,2700.393506143634
2018-09-06 17:00:00,1248.0,1349.6648629094059,875.017180011507,1824.3125458073048
2018-09-06 18:00:00,550.0,704.2225828011125,229.57489990321358,1178.8702656990113
2018-09-06 19:00:00,417.0,430.4305238741197,0.0,905.0782067720186
2018-09-06 20:00:00,307.0,359.15927322967514,0.0,833.806956127574
2018-09-06 21:00:00,338.0,377.4328802680333,0.0,852.0805631659322
2018-09-06 22:00:00,892.0,797.2015149533081,322.5538320554092,1271.849197851207
2018-09-06 23:00:00,2942.0,2717.316904050192,2242.669221152293,3191.964586948091
2018-09-07 00:00:00,5542.0,5502.697544704309,5028.04986180641,5977.345227602207
2018-09-07 01:00:00,6675.0,6260.220377945426,5785.572695047527,6734.868060843324
2018-09-07 02:00:00,5923.0,5707.11247059178,5232.464787693882,6181.7601534896785
2018-09-07 03:00:00,5061.0,5001.516926672702,4526.869243774803,5476.1646095706
2018-09-07 04:00:00,4720.0,4638.047636996048,4163.3999540981495,5112.695319893946
2018-09-07 05:00:00,4700.0,5008.7283264932585,4534.08064359536,5483.376009391157
2018-09-07 06:00:00,5073.0,5109.4940595075195,4634.846376609621,5584.141742405418
2018-09-07 07:00:00,4832.0,5153.746724187204,4679.099041289304,5628.394407085103
2018-09-07 08:00:00,5163.0,5443.973495094286,4969.325812196386,5918.621177992185
2018-09-07 09:00:00,4831.0,5733.9274511640715,5259.279768266173,6208.57513406197
2018-09-07 10:00:00,6148.0,6288.846378104271,5814.198695206373,6763.4940610021695
2018-09-07 11:00:00,5426.0,5954.461752525459,5479.8140696275605,6429.109435423357
2018-09-07 12:00:00,4699.0,4508.341521913847,4033.693839015948,4982.989204811745
2018-09-07 13:00:00,3734.0,3418.1290652276443,2943.4813823297454,3892.7767481255432
2018-09-07 14:00:00,3360.0,2936.010036755851,2461.3623538579523,3410.65771965375
2018-09-07 15:00:00,2803.0,2792.7898192230123,2318.1421363251134,3267.437502120911
2018-09-07 16:00:00,2669.0,2627.1998966688725,2152.5522137709736,3101.8475795667714
2018-09-07 17:00:00,1957.0,1858.789829586385,1384.142146688486,2333.4375124842836
2018-09-07 18:00:00,1131.0,1108.8537884919194,634.2061055940205,1583.5014713898183
2018-09-07 19:00:00,690.0,759.9866086772935,285.3389257793946,1234.6342915751925
2018-09-07 20:00:00,488.0,519.7226161438317,45.07493324593281,994.3702990417306
2018-09-07 21:00:00,393.0,413.50334485690894,0.0,888.1510277548078
2018-09-07 22:00:00,459.0,524.7010974251554,50.05341452725645,999.3487803230543
2018-09-07 23:00:00,830.0,721.2987986883022,246.6511157904033,1195.9464815862011
2018-09-08 00:00:00,1504.0,1396.0874639646167,921.4397810667178,1870.7351468625156
2018-09-08 01:00:00,2063.0,2183.7219896962574,1709.0743067983585,2658.3696725941563
2018-09-08 02:00:00,3043.0,2971.783996790323,2497.136313892424,3446.4316796882217
2018-09-08 03:00:00,3588.0,3694.154365741508,3219.5066828436093,4168.802048639407
2018-09-08 04:00:00,4039.0,4021.624906087613,3546.977223189714,4496.272588985512
2018-09-08 05:00:00,4249.0,4364.595597262507,3889.947914364608,4839.243280160406
2018-09-08 06:00:00,4690.0,4556.167475390937,4081.5197924930385,5030.815158288837
2018-09-08 07:00:00,4550.0,4539.027528481051,4064.3798455831525,5013.67521137895
2018-09-08 08:00:00,4612.0,4503.076127860461,4028.4284449625625,4977.72381075836
2018-09-08 09:00:00,4756.0,4445.004970907256,3970.3572880093575,4919.652653805155
2018-09-08 10:00:00,4848.0,4481.938860785745,4007.2911778878465,4956.586543683645
2018-09-08 11:00:00,4125.0,4279.779029288446,3805.1313463905467,4754.426712186345
2018-09-08 12:00:00,3745.0,3883.5956157279384,3408.9479328300395,4358.243298625837
2018-09-08 13:00:00,3399.0,3388.6700323487194,2914.0223494508205,3863.3177152466183
2018-09-08 14:00:00,3245.0,2855.575164356483,2380.927481458584,3330.222847254382
2018-09-08 15:00:00,2814.0,2880.1298943917886,2405.4822114938897,3354.7775772896875
2018-09-08 16:00:00,2478.0,2931.6101724817604,2456.9624895838615,3406.2578553796593
2018-09-08 17:00:00,1916.0,2043.7060786314948,1569.058395733596,2518.3537615293935
2018-09-08 18:00:00,1286.0,1289.084863643793,814.437180745894,1763.7325465416918
2018-09-08 19:00:00,794.0,772.9726785352215,298.32499563732256,1247.6203614331203
2018-09-08 20:00:00,620.0,496.1627844577763,21.515101559877394,970.8104673556752
2018-09-08 21:00:00,345.0,400.93106240718333,0.0,875.5787453050823
2018-09-08 22:00:00,353.0,439.5851986581562,0.0,914.2328815560551
2018-09-08 23:00:00,541.0,592.1377655567765,117.49008265887755,1066.7854484546754
2018-09-09 00:00:00,1140.0,985.8078061263161,511.1601232284172,1460.455489024215
2018-09-09 01:00:00,1806.0,1290.2967920902256,815.6491091923267,1764.9444749881245
2018-09-09 02:00:00,2224.0,2065.6594967557994,1591.0118138579005,2540.3071796536983
2018-09-09 03:00:00,3449.0,2620.5169131176262,2145.8692302197273,3095.164596015525
2018-09-09 04:00:00,4322.0,3424.645702843811,2949.998019945912,3899.2933857417097
2018-09-09 05:00:00,4273.0,3857.4718872503117,3382.824204352413,4332.11957014821
2018-09-09 06:00:00,3990.0,4191.1342225113585,3716.4865396134596,4665.781905409258
2018-09-09 07:00:00,3993.0,4238.304253446656,3763.656570548757,4712.951936344554
2018-09-09 08:00:00,3852.0,4219.678490006108,3745.0308071082095,4694.326172904008
2018-09-09 09:00:00,3888.0,4252.3453582721995,3777.6976753743006,4726.993041170099
2018-09-09 10:00:00,4126.0,4241.216467132009,3766.56878423411,4715.864150029907
2018-09-09 11:00:00,3959.0,4126.223671917553,3651.5759890196537,4600.871354815452
2018-09-09 12:00:00,3692.0,3711.776193037919,3237.12851014002,4186.423875935818
2018-09-09 13:00:00,3258.0,3131.450872944317,2656.803190046418,3606.098555842216
2018-09-09 14:00:00,2755.0,2615.4971972642707,2140.8495143663717,3090.1448801621696
2018-09-09 15:00:00,2140.0,2247.3675513227363,1772.7198684248374,2722.015234220635
2018-09-09 16:00:00,1534.0,1762.637210673976,1287.989527776077,2237.284893571875
2018-09-09 17:00:00,996.0,1176.9446295044997,702.2969466066008,1651.5923124023986
2018-09-09 18:00:00,534.0,723.8591989558478,249.21151605794887,1198.5068818537466
2018-09-09 19:00:00,303.0,437.26990595298673,0.0,911.9175888508856
2018-09-09 20:00:00,286.0,377.14516194434884,0.0,851.7928448422477
2018-09-09 21:00:00,329.0,378.87861365332736,0.0,853.5262965512263
2018-09-09 22:00:00,861.0,705.4977877818185,230.85010488391958,1180.1454706797174
2018-09-09 23:00:00,2963.0,2701.0929252182627,2226.445242320364,3175.7406081161616
2018-09-10 00:00:00,5721.0,5479.262614423668,5004.61493152577,5953.910297321567
2018-09-10 01:00:00,6561.0,6347.009413462073,5872.361730564175,6821.657096359972
2018-09-10 02:00:00,6009.0,5519.633952780495,5044.986269882596,5994.281635678393
2018-09-10 03:00:00,5236.0,4796.8783705368705,4322.230687638972,5271.526053434769
2018-09-10 04:00:00,4201.0,4431.722176916394,3957.0744940184954,4906.369859814293
2018-09-10 05:00:00,4498.0,4482.787757384134,4008.1400744862353,4957.435440282034
2018-09-10 06:00:00,4724.0,4615.711083910027,4141.063401012128,5090.358766807925
2018-09-10 07:00:00,4462.0,4688.703606368199,4214.0559234703,5163.351289266098
2018-09-10 08:00:00,5016.0,5109.290282281004,4634.642599383105,5583.937965178902
2018-09-10 09:00:00,5688.0,5582.482442887096,5107.834759989197,6057.1301257849955
2018-09-10 10:00:00,6344.0,6313.43334830758,5838.785665409681,6788.081031205478
2018-09-10 11:00:00,5857.0,5994.6192486492055,5519.971565751306,6469.266931547105
2018-09-10 12:00:00,4245.0,4298.799308468885,3824.151625570986,4773.446991366784
2018-09-10 13:00:00,3184.0,2976.342665198368,2501.6949823004693,3450.990348096267
2018-09-10 14:00:00,2732.0,2539.545537315545,2064.897854417646,3014.193220213444
2018-09-10 15:00:00,2235.0,2327.524012476584,1852.8763295786853,2802.171695374483
2018-09-10 16:00:00,1389.0,1708.7574517171283,1234.1097688192294,2183.4051346150272
2018-09-10 17:00:00,887.0,1096.5365758816552,621.8888929837563,1571.184258779554
2018-09-10 18:00:00,516.0,539.9423758556734,65.29469295777449,1014.5900587535723
2018-09-10 19:00:00,330.0,358.44675355354286,0.0,833.0944364514418
2018-09-10 20:00:00,265.0,321.81989483100216,0.0,796.467577728901
2018-09-10 21:00:00,332.0,336.7127309783323,0.0,811.3604138762312
2018-09-10 22:00:00,891.0,919.6874802610985,445.03979736319957,1394.3351631589974
2018-09-10 23:00:00,3055.0,2873.233779971414,2398.5860970735152,3347.881462869313
2018-09-11 00:00:00,5927.0,5656.456460967023,5181.808778069124,6131.104143864923
2018-09-11 01:00:00,6496.0,6317.9858110874675,5843.338128189569,6792.633493985366
2018-09-11 02:00:00,6123.0,5707.4534533496335,5232.805770451734,6182.101136247533
2018-09-11 03:00:00,5471.0,5128.967658610299,4654.3199757124,5603.615341508197
2018-09-11 04:00:00,4257.0,4415.679836711085,3941.032153813186,4890.3275196089835
2018-09-11 05:00:00,5074.0,4604.486241040484,4129.838558142585,5079.133923938383
2018-09-11 06:00:00,4734.0,4848.149837910739,4373.50215501284,5322.797520808637
2018-09-11 07:00:00,4875.0,4922.961897399118,4448.314214501219,5397.609580297018
2018-09-11 08:00:00,4922.0,5308.518903233131,4833.871220335232,5783.16658613103
2018-09-11 09:00:00,5636.0,5834.403545430033,5359.755862532134,6309.051228327931
2018-09-11 10:00:00,6601.0,6477.264189239347,6002.616506341448,6951.911872137245
2018-09-11 11:00:00,5859.0,6175.244849398154,5700.597166500254,6649.892532296053
2018-09-11 12:00:00,4372.0,4533.983836812775,4059.336153914876,5008.631519710674
2018-09-11 13:00:00,3427.0,3306.2291190470723,2831.5814361491734,3780.8768019449712
2018-09-11 14:00:00,3114.0,2748.989642680074,2274.3419597821753,3223.637325577973
2018-09-11 15:00:00,2501.0,2621.662720689009,2147.01503779111,3096.310403586908
2018-09-11 16:00:00,1860.0,1906.0148145173878,1431.3671316194889,2380.6624974152865
2018-09-11 17:00:00,2682.0,1200.6206686606565,725.9729857627576,1675.2683515585554
2018-09-11 18:00:00,750.0,630.8740575555794,156.22637465768048,1105.5217404534783
2018-09-11 19:00:00,344.0,397.4964209078611,0.0,872.14410380576
2018-09-11 20:00:00,314.0,333.32502471350216,0.0,807.9727076114011
2018-09-11 21:00:00,371.0,344.3463714916836,0.0,818.9940543895825
2018-09-11 22:00:00,937.0,927.3972336207729,452.749550722874,1402.044916518672
2018-09-11 23:00:00,3085.0,2665.4862657598355,2190.8385828619366,3140.1339486577344
2018-09-12 00:00:00,5908.0,5675.636728076043,5200.989045178145,6150.284410973942
2018-09-12 01:00:00,6677.0,6432.440407665506,5957.792724767607,6907.088090563406
2018-09-12 02:00:00,6297.0,6030.714561466174,5556.066878568276,6505.3622443640725
2018-09-12 03:00:00,5551.0,5202.168125922609,4727.52044302471,5676.815808820507
2018-09-12 04:00:00,4499.0,4707.541202826831,4232.893519928932,5182.18888572473
2018-09-12 05:00:00,4598.0,4934.982158296667,4460.334475398768,5409.629841194566
2018-09-12 06:00:00,4759.0,5169.2802352179,4694.632552320001,5643.927918115798
2018-09-12 07:00:00,4733.0,5153.80313184538,4679.155448947482,5628.450814743279
2018-09-12 08:00:00,5056.0,5420.052390376127,4945.404707478228,5894.700073274025
2018-09-12 09:00:00,5739.0,5939.442187414539,5464.79450451664,6414.0898703124385
2018-09-12 10:00:00,6450.0,6552.302009697273,6077.654326799375,7026.949692595172
2018-09-12 11:00:00,6245.0,6216.741916760942,5742.094233863043,6691.389599658842
2018-09-12 12:00:00,4668.0,4700.99863447953,4226.350951581631,5175.646317377428
2018-09-12 13:00:00,3510.0,3215.1264395607564,2740.4787566628574,3689.7741224586553
2018-09-12 14:00:00,3064.0,2840.034826952518,2365.387144054619,3314.682509850417
2018-09-12 15:00:00,2705.0,2637.466674863415,2162.818991965516,3112.114357761314
2018-09-12 16:00:00,1813.0,1889.66231216088,1415.014629262981,2364.309995058779
2018-09-12 17:00:00,2842.0,1252.042637124921,777.394954227022,1726.6903200228198
2018-09-12 18:00:00,699.0,675.7106584620145,201.06297556411562,1150.3583413599135
2018-09-12 19:00:00,413.0,405.91914503186644,0.0,880.5668279297654
2018-09-12 20:00:00,332.0,333.86951436397965,0.0,808.5171972618786
2018-09-12 21:00:00,383.0,342.95037470113357,0.0,817.5980575990325
2018-09-12 22:00:00,914.0,809.5512765808908,334.90359368299187,1284.1989594787897
2018-09-12 23:00:00,3052.0,2749.6991694828694,2275.0514865849705,3224.3468523807683
2018-09-13 00:00:00,5830.0,5702.86694131875,5228.2192584208515,6177.514624216648
2018-09-13 01:00:00,6433.0,6324.309867496331,5849.662184598432,6798.957550394231
2018-09-13 02:00:00,6162.0,5921.901675440987,5447.253992543088,6396.549358338885
2018-09-13 03:00:00,5092.0,5206.978922466291,4732.3312395683915,5681.62660536419
2018-09-13 04:00:00,4584.0,4742.990648829037,4268.342965931139,5217.638331726936
2018-09-13 05:00:00,4767.0,5012.018317880521,4537.3706349826225,5486.666000778419
2018-09-13 06:00:00,4851.0,5238.68860074374,4764.040917845841,5713.336283641638
2018-09-13 07:00:00,4826.0,5227.508937212748,4752.861254314848,5702.156620110647
2018-09-13 08:00:00,5014.0,5555.335972022653,5080.688289124753,6029.983654920552
2018-09-13 09:00:00,5617.0,5908.29388141439,5433.6461985164915,6382.941564312288
2018-09-13 10:00:00,6514.0,6518.908545091847,6044.260862193949,6993.556227989746
2018-09-13 11:00:00,5701.0,6183.400031330585,5708.752348432687,6658.0477142284835
2018-09-13 12:00:00,4443.0,4697.015065465869,4222.367382567971,5171.662748363768
2018-09-13 13:00:00,3669.0,3366.600701015501,2891.953018117602,3841.2483839133997
2018-09-13 14:00:00,3282.0,2947.8672219941864,2473.2195390962875,3422.5149048920853
2018-09-13 15:00:00,2676.0,2825.3436577047983,2350.6959748068994,3299.991340602697
2018-09-13 16:00:00,1921.0,2459.1204989128582,1984.4728160149593,2933.768181810757
2018-09-13 17:00:00,1167.0,1375.8183893989667,901.1707065010678,1850.4660722968656
2018-09-13 18:00:00,603.0,701.822556606363,227.17487370846413,1176.4702395042618
2018-09-13 19:00:00,376.0,473.5817158487164,0.0,948.2293987466153
2018-09-13 20:00:00,333.0,359.7220997394872,0.0,834.3697826373862
2018-09-13 21:00:00,377.0,381.9331472054114,0.0,856.5808301033103
2018-09-13 22:00:00,892.0,777.2531710333665,302.60548813546757,1251.9008539312654
2018-09-13 23:00:00,2899.0,2676.2347209440672,2201.5870380461683,3150.882403841966
2018-09-14 00:00:00,5569.0,5567.869081531299,5093.221398633401,6042.516764429198
2018-09-14 01:00:00,6728.0,6285.586314286347,5810.938631388448,6760.233997184247
2018-09-14 02:00:00,5934.0,5887.474973880345,5412.827290982446,6362.122656778243
2018-09-14 03:00:00,5025.0,5052.1122205222355,4577.464537624337,5526.759903420134
2018-09-14 04:00:00,4566.0,4656.3111521784585,4181.66346928056,5130.958835076357
2018-09-14 05:00:00,4836.0,5030.684053636392,4556.036370738493,5505.33173653429
2018-09-14 06:00:00,5019.0,5172.97020642186,4698.322523523961,5647.617889319759
2018-09-14 07:00:00,4830.0,5326.364559443551,4851.716876545652,5801.0122423414505
2018-09-14 08:00:00,5231.0,5545.386611877083,5070.7389289791845,6020.034294774981
2018-09-14 09:00:00,5953.0,5853.032802247253,5378.385119349354,6327.6804851451525
2018-09-14 10:00:00,6196.0,6318.161894371059,5843.514211473161,6792.809577268958
2018-09-14 11:00:00,5358.0,5962.618237732707,5487.970554834808,6437.265920630605
2018-09-14 12:00:00,4687.0,4526.694334040858,4052.046651142959,5001.342016938757
2018-09-14 13:00:00,3880.0,3324.551635283925,2849.903952386026,3799.199318181824
2018-09-14 14:00:00,3329.0,3027.4318080718986,2552.7841251739997,3502.0794909697975
2018-09-14 15:00:00,3169.0,2904.424758324228,2429.7770754263292,3379.072441222127
2018-09-14 16:00:00,2810.0,2687.2610540403525,2212.6133711424536,3161.9087369382514
2018-09-14 17:00:00,2024.0,1901.1283036632283,1426.4806207653294,2375.775986561127
2018-09-14 18:00:00,1179.0,1144.4176208476688,669.7699379497699,1619.0653037455677
2018-09-14 19:00:00,808.0,771.9717936030203,297.32411070512137,1246.619476500919
2018-09-14 20:00:00,584.0,541.4077619091021,66.76007901120317,1016.055444807001
2018-09-14 21:00:00,428.0,428.5775911074913,0.0,903.2252740053902
2018-09-14 22:00:00,502.0,519.730907241727,45.08322434382808,994.3785901396259
2018-09-14 23:00:00,871.0,750.3043015631995,275.6566186653006,1224.9519844610984
2018-09-15 00:00:00,1469.0,1543.3591136497846,1068.7114307518857,2018.0067965476835
2018-09-15 01:00:00,2117.0,2223.4301203553077,1748.7824374574088,2698.0778032532066
2018-09-15 02:00:00,3442.0,3165.3347131767787,2690.68703027888,3639.9823960746776
2018-09-15 03:00:00,3999.0,3693.398430812519,3218.75074791462,4168.046113710418
2018-09-15 04:00:00,4448.0,4158.1024484935415,3683.4547655956426,4632.75013139144
2018-09-15 05:00:00,4772.0,4564.016145715332,4089.368462817433,5038.663828613231
2018-09-15 06:00:00,4990.0,4646.666441030516,4172.018758132617,5121.314123928414
2018-09-15 07:00:00,4848.0,4663.010841001468,4188.36315810357,5137.658523899367
2018-09-15 08:00:00,4343.0,4601.685197093614,4127.037514195716,5076.3328799915125
2018-09-15 09:00:00,4296.0,4548.959830154107,4074.3121472562084,5023.607513052006
2018-09-15 10:00:00,4219.0,4527.450659908744,4052.8029770108446,5002.098342806643
2018-09-15 11:00:00,3953.0,4464.724903435886,3990.0772205379867,4939.372586333784
2018-09-15 12:00:00,3826.0,4059.4482634489423,3584.8005805510434,4534.095946346841
2018-09-15 13:00:00,3455.0,3537.360403039759,3062.7127201418602,4012.008085937658
2018-09-15 14:00:00,3208.0,3022.03537750813,2547.387694610231,3496.6830604060287
2018-09-15 15:00:00,3055.0,3018.576214898708,2543.928532000809,3493.2238977966067
2018-09-15 16:00:00,2741.0,2837.2114267661354,2362.5637438682365,3311.8591096640343
2018-09-15 17:00:00,2123.0,2013.5263182864558,1538.8786353885569,2488.174001184355
2018-09-15 18:00:00,1353.0,1264.6317886164823,789.9841057185834,1739.2794715143812
2018-09-15 19:00:00,786.0,753.2197305829976,278.5720476850987,1227.8674134808966
2018-09-15 20:00:00,607.0,507.3223646737198,32.674681775820886,981.9700475716187
2018-09-15 21:00:00,401.0,405.17217568267927,0.0,879.8198585805782
2018-09-15 22:00:00,313.0,443.14442361285614,0.0,917.792106510755
2018-09-15 23:00:00,467.0,601.9611123963012,127.31342949840234,1076.6087952942003
2018-09-16 00:00:00,850.0,989.835635339575,515.1879524416761,1464.483318237474
2018-09-16 01:00:00,1302.0,1272.8366333715203,798.1889504736214,1747.4843162694192
2018-09-16 02:00:00,2090.0,1849.757819915668,1375.1101370177691,2324.405502813567
2018-09-16 03:00:00,3039.0,2706.85679308028,2232.209110182381,3181.504475978179
2018-09-16 04:00:00,3278.0,3458.8621302984648,2984.214447400566,3933.5098131963637
2018-09-16 05:00:00,4352.0,3784.8635945162378,3310.215911618339,4259.511277414136
2018-09-16 06:00:00,3978.0,4297.431371015447,3822.7836881175485,4772.079053913347
2018-09-16 07:00:00,3935.0,4258.7299847107315,3784.0823018128326,4733.377667608631
2018-09-16 08:00:00,3829.0,4223.520984333352,3748.8733014354534,4698.168667231252
2018-09-16 09:00:00,4101.0,4265.370018964239,3790.7223360663397,4740.017701862138
2018-09-16 10:00:00,4539.0,4232.680405013593,3758.0327221156945,4707.328087911492
2018-09-16 11:00:00,4154.0,4033.307120257944,3558.659437360045,4507.9548031558425
2018-09-16 12:00:00,3701.0,3739.246356484934,3264.598673587035,4213.8940393828325
2018-09-16 13:00:00,3400.0,3105.5571313208848,2630.909448422986,3580.2048142187837
2018-09-16 14:00:00,3092.0,2695.9613984195007,2221.313715521602,3170.6090813173996
2018-09-16 15:00:00,2623.0,2350.2085916405535,1875.5609087426546,2824.8562745384525
2018-09-16 16:00:00,1725.0,1894.7695476774973,1420.1218647795984,2369.4172305753964
2018-09-16 17:00:00,1088.0,1167.3110945412589,692.66341164336,1641.9587774391578
2018-09-16 18:00:00,550.0,742.6430942401003,267.99541134220135,1217.2907771379992
2018-09-16 19:00:00,280.0,432.7957651942738,0.0,907.4434480921727
2018-09-16 20:00:00,260.0,397.2065200528477,0.0,871.8542029507466
2018-09-16 21:00:00,344.0,377.7144801298154,0.0,852.3621630277144
2018-09-16 22:00:00,880.0,711.6012064059437,236.95352350804478,1186.2488893038426
2018-09-16 23:00:00,2965.0,2667.333950944996,2192.686268047097,3141.981633842895
2018-09-17 00:00:00,5667.0,5631.312031491516,5156.6643485936165,6105.959714389415
2018-09-17 01:00:00,6533.0,6483.021230256678,6008.3735473587785,6957.668913154577
2018-09-17 02:00:00,6070.0,5778.319094720119,5303.671411822221,6252.966777618018
2018-09-17 03:00:00,5145.0,4970.287848629019,4495.64016573112,5444.935531526919
2018-09-17 04:00:00,4201.0,4397.014938662363,3922.3672557644645,4871.662621560263
2018-09-17 05:00:00,4371.0,4608.3582092704,4133.710526372501,5083.005892168299
2018-09-17 06:00:00,4533.0,4749.41479779679,4274.76711489889,5224.062480694689
2018-09-17 07:00:00,4680.0,4794.113028194889,4319.465345296991,5268.7607110927875
2018-09-17 08:00:00,4930.0,5206.930029429092,4732.282346531194,5681.577712326991
2018-09-17 09:00:00,5327.0,5593.442112023626,5118.794429125726,6068.089794921525
2018-09-17 10:00:00,6354.0,6318.062452145932,5843.414769248033,6792.7101350438315
2018-09-17 11:00:00,5412.0,5964.390033623718,5489.742350725819,6439.037716521618
2018-09-17 12:00:00,4000.0,4240.919409152125,3766.271726254226,4715.567092050023
2018-09-17 13:00:00,2897.0,3046.4775092120262,2571.8298263141273,3521.125192109925
2018-09-17 14:00:00,2466.0,2507.27921089183,2032.6315279939313,2981.926893789729
2018-09-17 15:00:00,2090.0,2346.287949647698,1871.6402667497991,2820.935632545597
2018-09-17 16:00:00,1434.0,1634.0054873326458,1159.3578044347469,2108.6531702305447
2018-09-17 17:00:00,869.0,1065.2331772529208,590.5854943550219,1539.8808601508197
2018-09-17 18:00:00,536.0,549.7170022613101,75.06931936341118,1024.3646851592089
2018-09-17 19:00:00,351.0,356.9043663393886,0.0,831.5520492372875
2018-09-17 20:00:00,227.0,327.1289861555765,0.0,801.7766690534754
2018-09-17 21:00:00,340.0,347.19080560440085,0.0,821.8384885022997
2018-09-17 22:00:00,858.0,932.141249259344,457.4935663614451,1406.788932157243
2018-09-17 23:00:00,3027.0,2828.5396621643563,2353.8919792664574,3303.187345062255
2018-09-18 00:00:00,5642.0,5738.070556857548,5263.422873959649,6212.718239755446
2018-09-18 01:00:00,6516.0,6514.598120250641,6039.950437352742,6989.24580314854
2018-09-18 02:00:00,5873.0,5642.182488907683,5167.534806009784,6116.830171805583
2018-09-18 03:00:00,5123.0,5200.97845687314,4726.330773975242,5675.626139771039
2018-09-18 04:00:00,4527.0,4435.856344089928,3961.208661192029,4910.504026987826
2018-09-18 05:00:00,4593.0,4647.646712672563,4172.999029774664,5122.294395570461
2018-09-18 06:00:00,4725.0,4788.189776446997,4313.542093549098,5262.837459344895
2018-09-18 07:00:00,4737.0,4844.072129114521,4369.4244462166225,5318.719812012419
2018-09-18 08:00:00,4931.0,5287.6810227780825,4813.033339880183,5762.328705675982
2018-09-18 09:00:00,5623.0,5692.185590818174,5217.537907920276,6166.833273716073
2018-09-18 10:00:00,6623.0,6425.47488871833,5950.827205820431,6900.122571616228
2018-09-18 11:00:00,5916.0,5944.661552819681,5470.013869921782,6419.309235717579
2018-09-18 12:00:00,4423.0,4472.063689595783,3997.4160066978843,4946.711372493683
2018-09-18 13:00:00,3309.0,3183.7576234225357,2709.109940524637,3658.4053063204346
2018-09-18 14:00:00,2805.0,2733.8196920958335,2259.1720091979346,3208.4673749937324
2018-09-18 15:00:00,2400.0,2561.728324781769,2087.08064188387,3036.376007679668
2018-09-18 16:00:00,2631.0,1897.0900080210004,1422.4423251231015,2371.7376909188993
2018-09-18 17:00:00,1501.0,1186.0432646645909,711.395581766692,1660.6909475624898
2018-09-18 18:00:00,617.0,601.6419376902053,126.99425479230638,1076.2896205881043
2018-09-18 19:00:00,401.0,393.70066863136566,0.0,868.3483515292646
2018-09-18 20:00:00,282.0,335.24731736130644,0.0,809.8950002592053
2018-09-18 21:00:00,358.0,360.800641153013,0.0,835.4483240509119
2018-09-18 22:00:00,913.0,842.8646991355082,368.2170162376093,1317.512382033407
2018-09-18 23:00:00,3074.0,2277.256331029939,1802.60864813204,2751.9040139278377
2018-09-19 00:00:00,5803.0,5677.765027862366,5203.117344964467,6152.412710760265
2018-09-19 01:00:00,6510.0,6302.864926128988,5828.217243231089,6777.512609026888
2018-09-19 02:00:00,6101.0,5971.575369465168,5496.927686567269,6446.223052363066
2018-09-19 03:00:00,5331.0,5185.79598614858,4711.14830325068,5660.443669046479
2018-09-19 04:00:00,4266.0,4527.06193025572,4052.414247357821,5001.709613153618
2018-09-19 05:00:00,4567.0,4828.4824831537435,4353.834800255845,5303.130166051642
2018-09-19 06:00:00,4734.0,5037.267409110857,4562.619726212959,5511.915092008756
2018-09-19 07:00:00,4675.0,5062.148901431537,4587.501218533638,5536.796584329435
2018-09-19 08:00:00,4980.0,5330.19915063388,4855.551467735981,5804.846833531779
2018-09-19 09:00:00,5718.0,5753.44602941524,5278.798346517342,6228.093712313139
2018-09-19 10:00:00,6382.0,6466.456605139282,5991.808922241384,6941.104288037181
2018-09-19 11:00:00,5647.0,6119.250029437958,5644.602346540059,6593.897712335856
2018-09-19 12:00:00,4469.0,4523.455746081452,4048.8080631835533,4998.1034289793515
2018-09-19 13:00:00,3460.0,3189.695980800233,2715.048297902334,3664.343663698132
2018-09-19 14:00:00,2865.0,2781.962258825637,2307.314575927738,3256.609941723536
2018-09-19 15:00:00,2576.0,2582.5445025767585,2107.8968196788596,3057.1921854746574
2018-09-19 16:00:00,1693.0,1834.5382319272417,1359.8905490293428,2309.1859148251406
2018-09-19 17:00:00,994.0,1200.1657923363964,725.5181094384975,1674.8134752342953
2018-09-19 18:00:00,583.0,635.9083690918088,161.26068619390992,1110.5560519897076
2018-09-19 19:00:00,349.0,403.5970797722145,0.0,878.2447626701135
2018-09-19 20:00:00,265.0,331.8577322919402,0.0,806.5054151898391
2018-09-19 21:00:00,344.0,351.3967001963346,0.0,826.0443830942336
2018-09-19 22:00:00,914.0,828.579726984103,353.9320440862041,1303.227409882002
2018-09-19 23:00:00,2924.0,2795.581109356271,2320.933426458372,3270.22879225417
2018-09-20 00:00:00,5417.0,5560.95342789441,5086.305744996511,6035.60111079231
2018-09-20 01:00:00,5766.0,6299.179018899331,5824.531336001432,6773.82670179723
2018-09-20 02:00:00,5331.0,5859.06806388534,5384.420380987442,6333.7157467832385
2018-09-20 03:00:00,5264.0,5077.666288489273,4603.018605591375,5552.3139713871715
2018-09-20 04:00:00,4326.0,4557.18168006233,4082.533997164431,5031.8293629602285
2018-09-20 05:00:00,4592.0,4804.733484173378,4330.08580127548,5279.381167071277
2018-09-20 06:00:00,4695.0,4985.650009806105,4511.002326908207,5460.297692704004
2018-09-20 07:00:00,4459.0,4931.119238672235,4456.471555774337,5405.7669215701335
2018-09-20 08:00:00,4517.0,5168.519063681703,4693.871380783805,5643.166746579602
2018-09-20 09:00:00,5257.0,5615.501143422978,5140.853460525079,6090.148826320878
2018-09-20 10:00:00,6331.0,6182.86305192776,5708.215369029862,6657.510734825659
2018-09-20 11:00:00,5065.0,5846.992257770498,5372.344574872599,6321.639940668398
2018-09-20 12:00:00,3898.0,4427.259405973818,3952.6117230759187,4901.907088871716
2018-09-20 13:00:00,2957.0,3093.1727546699526,2618.5250717720537,3567.8204375678515
2018-09-20 14:00:00,2740.0,2654.275613896365,2179.627930998466,3128.923296794264
2018-09-20 15:00:00,3497.0,2738.7074037667885,2264.0597208688896,3213.3550866646874
2018-09-20 16:00:00,2356.0,2297.481340116446,1822.8336572185472,2772.129023014345
2018-09-20 17:00:00,1633.0,1325.88696671798,851.239283820081,1800.5346496158788
2018-09-20 18:00:00,698.0,712.217846572757,237.57016367485812,1186.865529470656
2018-09-20 19:00:00,407.0,418.48574635949365,0.0,893.1334292573925
2018-09-20 20:00:00,304.0,360.46029471600724,0.0,835.1079776139061
2018-09-20 21:00:00,377.0,381.2100015164954,0.0,855.8576844143943
2018-09-20 22:00:00,867.0,820.0081884769397,345.3605055790408,1294.6558713748386
2018-09-20 23:00:00,2919.0,2396.1660465733676,1921.5183636754687,2870.8137294712665
2018-09-21 00:00:00,5457.0,5312.3435845488675,4837.695901650968,5786.991267446767
2018-09-21 01:00:00,6539.0,6112.104688648287,5637.457005750388,6586.752371546187
2018-09-21 02:00:00,5653.0,5557.904134873823,5083.2564519759235,6032.551817771722
2018-09-21 03:00:00,4981.0,4933.4948605951795,4458.84717769728,5408.142543493079
2018-09-21 04:00:00,4548.0,4360.084826850413,3885.4371439525144,4834.732509748312
2018-09-21 05:00:00,4937.0,4752.73150672511,4278.083823827212,5227.379189623009
2018-09-21 06:00:00,5039.0,4910.916448064614,4436.268765166715,5385.564130962513
2018-09-21 07:00:00,4901.0,4976.5074574641385,4501.859774566239,5451.155140362038
2018-09-21 08:00:00,5185.0,5327.90290639069,4853.255223492792,5802.5505892885885
2018-09-21 09:00:00,5973.0,5723.41710455101,5248.769421653111,6198.06478744891
2018-09-21 10:00:00,6007.0,6266.087062378871,5791.439379480973,6740.73474527677
2018-09-21 11:00:00,5489.0,5686.440377793042,5211.792694895143,6161.088060690941
2018-09-21 12:00:00,4607.0,4466.448765396349,3991.80108249845,4941.096448294247
2018-09-21 13:00:00,3958.0,3397.4645076837696,2922.8168247858707,3872.1121905816685
2018-09-21 14:00:00,3255.0,2962.9762216959807,2488.328538798082,3437.6239045938796
2018-09-21 15:00:00,2931.0,2882.3518693182773,2407.7041864203784,3356.999552216176
2018-09-21 16:00:00,2570.0,2568.326993194296,2093.679310296397,3042.974676092195
2018-09-21 17:00:00,2179.0,1911.9723586580794,1437.3246757601805,2386.6200415559783
2018-09-21 18:00:00,1516.0,1070.0170826621722,595.3693997642733,1544.6647655600711
2018-09-21 19:00:00,1273.0,763.561283316715,288.91360041881615,1238.208966214614
2018-09-21 20:00:00,1207.0,534.0641624469469,59.41647954904795,1008.7118453448458
2018-09-21 21:00:00,611.0,458.9633325792118,0.0,933.6110154771106
2018-09-21 22:00:00,647.0,503.71805146450265,29.070368566603747,978.3657343624016
2018-09-21 23:00:00,960.0,732.8538796198474,258.20619672194846,1207.5015625177462
2018-09-22 00:00:00,1635.0,1552.6809236874415,1078.0332407895426,2027.3286065853404
2018-09-22 01:00:00,2445.0,2144.73632527274,1670.0886423748411,2619.384008170639
2018-09-22 02:00:00,3415.0,2977.220820907692,2502.573138009793,3451.868503805591
2018-09-22 03:00:00,3770.0,3786.1740958503774,3311.5264129524785,4260.821778748276
2018-09-22 04:00:00,4308.0,4240.293606166133,3765.645923268234,4714.941289064032
2018-09-22 05:00:00,4638.0,4490.626495445369,4015.97881254747,4965.274178343268
2018-09-22 06:00:00,4831.0,4581.061885801062,4106.414202903163,5055.709568698961
2018-09-22 07:00:00,4565.0,4633.330756572762,4158.683073674863,5107.97843947066
2018-09-22 08:00:00,4654.0,4556.189779914383,4081.5420970164837,5030.837462812282
2018-09-22 09:00:00,4589.0,4515.541627348559,4040.89394445066,4990.189310246458
2018-09-22 10:00:00,4582.0,4583.06841976355,4108.420736865652,5057.7161026614485
2018-09-22 11:00:00,4847.0,4385.4912915506875,3910.8436086527886,4860.138974448586
2018-09-22 12:00:00,4620.0,4137.3294619641465,3662.6817790662476,4611.977144862045
2018-09-22 13:00:00,4347.0,3646.1709057900134,3171.5232228921145,4120.818588687913
2018-09-22 14:00:00,3602.0,2951.248418678205,2476.600735780306,3425.896101576104
2018-09-22 15:00:00,2985.0,2937.6519003192234,2463.0042174213245,3412.2995832171223
2018-09-22 16:00:00,2480.0,2785.076974433933,2310.4292915360343,3259.724657331832
2018-09-22 17:00:00,1871.0,2104.836066503587,1630.1883836056882,2579.483749401486
2018-09-22 18:00:00,1249.0,1209.2391283774248,734.5914454795259,1683.8868112753237
2018-09-22 19:00:00,690.0,864.4932082813506,389.8455253834517,1339.1408911792496
2018-09-22 20:00:00,565.0,684.1588684083802,209.51118551048125,1158.806551306279
2018-09-22 21:00:00,319.0,453.15096816467747,0.0,927.7986510625764
2018-09-22 22:00:00,339.0,444.6172493299547,0.0,919.2649322278536
2018-09-22 23:00:00,514.0,608.5617271955442,133.91404429764532,1083.2094100934432
2018-09-23 00:00:00,910.0,1051.0804287161523,576.4327458182534,1525.7281116140512
2018-09-23 01:00:00,1402.0,1335.9974996986425,861.3498168007436,1810.6451825965414
2018-09-23 02:00:00,2203.0,1921.6742483246867,1447.0265654267878,2396.3219312225856
2018-09-23 03:00:00,3562.0,2806.72328756945,2332.075604671551,3281.370970467349
2018-09-23 04:00:00,4594.0,3529.483501487988,3054.8358185900893,4004.131184385887
2018-09-23 05:00:00,4252.0,3894.351736002111,3419.704053104212,4368.99941890001
2018-09-23 06:00:00,3945.0,4350.67629902088,3876.028616122981,4825.323981918778
2018-09-23 07:00:00,4107.0,4577.964016994895,4103.316334096997,5052.611699892794
2018-09-23 08:00:00,4091.0,4401.887786934409,3927.24010403651,4876.535469832308
2018-09-23 09:00:00,4195.0,4404.203345810746,3929.5556629128473,4878.851028708645
2018-09-23 10:00:00,4413.0,4305.102573641907,3830.454890744008,4779.750256539806
2018-09-23 11:00:00,4117.0,4173.832228298211,3699.184545400312,4648.479911196109
2018-09-23 12:00:00,3997.0,3802.8095226208056,3328.1618397229067,4277.4572055187045
2018-09-23 13:00:00,3516.0,3211.440274662282,2736.792591764383,3686.0879575601807
2018-09-23 14:00:00,2846.0,2693.752684557207,2219.105001659308,3168.400367455106
2018-09-23 15:00:00,2346.0,2339.1339630636103,1864.4862801657114,2813.781645961509
2018-09-23 16:00:00,1635.0,1902.3427631286402,1427.6950802307413,2376.990446026539
2018-09-23 17:00:00,934.0,1366.372027660085,891.7243447621861,1841.019710557984
2018-09-23 18:00:00,509.0,797.5953293934224,322.9476464955235,1272.2430122913213
2018-09-23 19:00:00,344.0,492.6249372503647,17.97725435246582,967.2726201482636
2018-09-23 20:00:00,219.0,391.132743794717,0.0,865.780426692616
2018-09-23 21:00:00,328.0,377.7144801298154,0.0,852.3621630277144
2018-09-23 22:00:00,888.0,728.3658818367678,253.7181989388689,1203.0135647346667
2018-09-23 23:00:00,2954.0,2707.018394745365,2232.3707118474663,3181.666077643264
2018-09-24 00:00:00,5747.0,5708.81303817843,5234.165355280531,6183.46072107633
2018-09-24 01:00:00,6591.0,6240.35736163534,5765.709678737441,6715.005044533238
2018-09-24 02:00:00,5900.0,5771.836719236539,5297.189036338639,6246.484402134438
2018-09-24 03:00:00,4936.0,4760.703132353966,4286.055449456067,5235.350815251864
2018-09-24 04:00:00,4351.0,4244.054111500287,3769.406428602388,4718.701794398186
2018-09-24 05:00:00,4468.0,4436.564627826609,3961.9169449287097,4911.212310724508
2018-09-24 06:00:00,4531.0,4635.505534494337,4160.857851596438,5110.153217392235
2018-09-24 07:00:00,4433.0,4710.879788518899,4236.232105621,5185.527471416797
2018-09-24 08:00:00,4816.0,5132.491493466255,4657.843810568356,5607.139176364153
2018-09-24 09:00:00,5443.0,5626.729811245398,5152.0821283475,6101.377494143297
2018-09-24 10:00:00,6307.0,6248.893736921568,5774.24605402367,6723.541419819467
2018-09-24 11:00:00,5562.0,5819.648382384382,5345.000699486483,6294.29606528228
2018-09-24 12:00:00,4167.0,4244.353453097843,3769.7057701999443,4719.0011359957425
2018-09-24 13:00:00,3253.0,3018.7981332572253,2544.1504503593264,3493.4458161551242
2018-09-24 14:00:00,2559.0,2485.342172951552,2010.6944900536532,2959.989855849451
2018-09-24 15:00:00,2084.0,2280.3054344439,1805.6577515460012,2754.953117341799
2018-09-24 16:00:00,1392.0,1609.7479530682892,1135.1002701703903,2084.395635966188
2018-09-24 17:00:00,826.0,1131.5112060820338,656.8635231841349,1606.1588889799327
2018-09-24 18:00:00,527.0,646.8403491961703,172.19266629827143,1121.4880320940692
2018-09-24 19:00:00,302.0,380.59411027276343,0.0,855.2417931706623
2018-09-24 20:00:00,234.0,326.03321162938266,0.0,800.6808945272816
2018-09-24 21:00:00,366.0,373.87626476330615,0.0,848.523947661205
2018-09-24 22:00:00,880.0,909.8746598250794,435.22697692718054,1384.5223427229785
2018-09-24 23:00:00,3063.0,2843.500400403143,2368.852717505244,3318.148083301042
2018-09-25 00:00:00,5833.0,5673.248852857069,5198.601169959171,6147.896535754968
2018-09-25 01:00:00,6568.0,6334.456222655107,5859.808539757209,6809.1039055530055
2018-09-25 02:00:00,6080.0,5589.200983532712,5114.553300634812,6063.848666430611
2018-09-25 03:00:00,5083.0,5043.400158147062,4568.752475249163,5518.047841044961
2018-09-25 04:00:00,4385.0,4358.879163015396,3884.2314801174975,4833.526845913295
2018-09-25 05:00:00,4458.0,4548.663438538244,4074.015755640345,5023.311121436143
2018-09-25 06:00:00,4580.0,4736.443776173654,4261.796093275756,5211.091459071553
2018-09-25 07:00:00,4716.0,4802.959161555758,4328.311478657859,5277.606844453658
2018-09-25 08:00:00,4973.0,5251.6754673419855,4777.027784444086,5726.323150239885
2018-09-25 09:00:00,5748.0,5757.626208223225,5282.978525325327,6232.273891121124
2018-09-25 10:00:00,6597.0,6382.599627954091,5907.951945056193,6857.24731085199
2018-09-25 11:00:00,5734.0,6048.365311977916,5573.717629080016,6523.012994875815
2018-09-25 12:00:00,4320.0,4440.199089298114,3965.551406400215,4914.846772196013
2018-09-25 13:00:00,3058.0,3159.4088699621607,2684.761187064262,3634.0565528600596
2018-09-25 14:00:00,2765.0,2764.7424085718617,2290.094725673963,3239.3900914697606
2018-09-25 15:00:00,2282.0,2594.8339998280826,2120.1863169301837,3069.4816827259815
2018-09-25 16:00:00,1571.0,1907.4779991331732,1432.8303162352743,2382.125682031072
2018-09-25 17:00:00,924.0,1187.5051355789649,712.857452681066,1662.1528184768638
2018-09-25 18:00:00,543.0,591.5526072332152,116.90492433531631,1066.2002901311141
2018-09-25 19:00:00,358.0,394.63938644045794,0.0,869.2870693383568
2018-09-25 20:00:00,227.0,335.24731736130644,0.0,809.8950002592053
2018-09-25 21:00:00,358.0,363.9684954180863,0.0,838.6161783159853
2018-09-25 22:00:00,890.0,846.5641543368613,371.9164714389624,1321.2118372347602
2018-09-25 23:00:00,3052.0,2840.308861482975,2365.661178585076,3314.9565443808738
2018-09-26 00:00:00,5930.0,5672.408302768455,5197.760619870556,6147.055985666353
2018-09-26 01:00:00,6193.0,6366.029371771122,5891.3816888732235,6840.67705466902
2018-09-26 02:00:00,6032.0,5903.503880339845,5428.856197441946,6378.151563237743
2018-09-26 03:00:00,5320.0,5180.319930133471,4705.672247235572,5654.967613031369
2018-09-26 04:00:00,4523.0,4526.4341108810495,4051.7864279831506,5001.081793778949
2018-09-26 05:00:00,4721.0,4735.667868802176,4261.020185904277,5210.315551700074
2018-09-26 06:00:00,4793.0,4920.170607244007,4445.522924346109,5394.818290141906
2018-09-26 07:00:00,4624.0,4879.40013028443,4404.752447386531,5354.047813182329
2018-09-26 08:00:00,4928.0,5290.033176218712,4815.385493320813,5764.68085911661
2018-09-26 09:00:00,5693.0,5815.79350217794,5341.145819280042,6290.441185075839
2018-09-26 10:00:00,6334.0,6406.697308504346,5932.049625606447,6881.344991402246
2018-09-26 11:00:00,5954.0,6135.279657571487,5660.631974673588,6609.927340469387
2018-09-26 12:00:00,4661.0,4526.43584164314,4051.7881587452407,5001.083524541038
2018-09-26 13:00:00,3639.0,3198.321322549032,2723.6736396511333,3672.969005446931
2018-09-26 14:00:00,3197.0,2744.9620239989504,2270.3143411010515,3219.6097068968493
2018-09-26 15:00:00,3475.0,2588.7879200282528,2114.140237130354,3063.4356029261517
2018-09-26 16:00:00,1973.0,1721.3700453502377,1246.7223624523388,2196.0177282481363
2018-09-26 17:00:00,1209.0,1253.1882531692563,778.5405702713574,1727.8359360671552
2018-09-26 18:00:00,654.0,657.9265581289601,183.2788752310612,1132.574241026859
2018-09-26 19:00:00,421.0,449.6096240223881,0.0,924.257306920287
2018-09-26 20:00:00,312.0,328.51335255988096,0.0,803.1610354577799
2018-09-26 21:00:00,373.0,363.47597310851205,0.0,838.123656006411
2018-09-26 22:00:00,919.0,801.0010985545223,326.3534156566234,1275.6487814524212
2018-09-26 23:00:00,3002.0,2816.4565632964004,2341.8088803985015,3291.1042461942993
2018-09-27 00:00:00,5685.0,5586.587192310618,5111.939509412719,6061.234875208516
2018-09-27 01:00:00,6589.0,6320.663334318451,5846.015651420552,6795.311017216351
2018-09-27 02:00:00,5946.0,5863.307022948874,5388.6593400509755,6337.954705846772
2018-09-27 03:00:00,5181.0,5086.520803297766,4611.873120399867,5561.1684861956655
2018-09-27 04:00:00,4500.0,4660.01802909124,4185.370346193342,5134.665711989139
2018-09-27 05:00:00,4670.0,4904.212771272422,4429.565088374524,5378.860454170321
2018-09-27 06:00:00,4849.0,5121.025121334149,4646.37743843625,5595.672804232048
2018-09-27 07:00:00,4787.0,5146.107709985279,4671.46002708738,5620.7553928831785
2018-09-27 08:00:00,4943.0,5444.697690112917,4970.050007215019,5919.345373010816
2018-09-27 09:00:00,5892.0,5755.436359988494,5280.788677090595,6230.084042886392
2018-09-27 10:00:00,6451.0,6446.497681235392,5971.849998337493,6921.14536413329
2018-09-27 11:00:00,5968.0,6059.079665258421,5584.431982360522,6533.727348156321
2018-09-27 12:00:00,4498.0,4614.060756152551,4139.413073254653,5088.70843905045
2018-09-27 13:00:00,3419.0,3329.853161800881,2855.205478902982,3804.50084469878
2018-09-27 14:00:00,2856.0,2829.4713154941664,2354.8236325962675,3304.1189983920654
2018-09-27 15:00:00,2649.0,2812.160291623923,2337.512608726024,3286.807974521822
2018-09-27 16:00:00,2003.0,2416.5157541024682,1941.8680712045693,2891.163437000367
2018-09-27 17:00:00,1278.0,1334.2971015641142,859.6494186662153,1808.944784462013
2018-09-27 18:00:00,699.0,677.8891960246859,203.24151312678703,1152.536878922585
2018-09-27 19:00:00,461.0,420.2340302883688,0.0,894.8817131862677
2018-09-27 20:00:00,301.0,352.6508947043452,0.0,827.2985776022441
2018-09-27 21:00:00,367.0,403.5525989731134,0.0,878.2002818710123
2018-09-27 22:00:00,870.0,801.4226532447931,326.7749703468942,1276.070336142692
2018-09-27 23:00:00,2751.0,2710.2512641175203,2235.6035812196214,3184.8989470154193
2018-09-28 00:00:00,5521.0,5513.752887297303,5039.105204399404,5988.400570195201
2018-09-28 01:00:00,6401.0,6067.00601446566,5592.358331567761,6541.653697363559
2018-09-28 02:00:00,5798.0,5729.804923361794,5255.1572404638955,6204.452606259692
2018-09-28 03:00:00,4791.0,5034.302625635236,4559.6549427373375,5508.950308533134
2018-09-28 04:00:00,4574.0,4594.233469303208,4119.585786405309,5068.881152201107
2018-09-28 05:00:00,4863.0,4999.866503218474,4525.218820320575,5474.514186116372
2018-09-28 06:00:00,5066.0,5206.105688960284,4731.458006062385,5680.7533718581835
2018-09-28 07:00:00,4898.0,5250.007321241267,4775.359638343369,5724.655004139166
2018-09-28 08:00:00,5193.0,5379.622388629525,4904.974705731625,5854.270071527424
2018-09-28 09:00:00,5838.0,5752.436937583537,5277.789254685638,6227.084620481435
2018-09-28 10:00:00,6188.0,6325.19607948998,5850.548396592081,6799.843762387878
2018-09-28 11:00:00,5695.0,5794.052475949554,5319.404793051655,6268.700158847452
2018-09-28 12:00:00,5104.0,4530.183844079414,4055.5361611815147,5004.831526977312
2018-09-28 13:00:00,4286.0,3344.3414910498745,2869.6938081519756,3818.9891739477735
2018-09-28 14:00:00,3538.0,2960.6107507586653,2485.9630678607664,3435.258433656564
2018-09-28 15:00:00,3058.0,2932.3093494971267,2457.661666599228,3406.9570323950256
2018-09-28 16:00:00,2713.0,2567.6531735826493,2093.0054906847504,3042.300856480548
2018-09-28 17:00:00,3544.0,1879.9024235528973,1405.2547406549984,2354.550106450796
2018-09-28 18:00:00,1733.0,1169.7799133472063,695.1322304493074,1644.4275962451052
2018-09-28 19:00:00,867.0,741.1049338614013,266.45725096350236,1215.7526167593
2018-09-28 20:00:00,524.0,596.7308024492394,122.08311955134047,1071.3784853471384
2018-09-28 21:00:00,359.0,470.01441276363846,0.0,944.6620956615374
2018-09-28 22:00:00,425.0,522.474166157456,47.82648325955711,997.1218490553549
2018-09-28 23:00:00,743.0,755.3742904999198,280.72660760202086,1230.0219733978188
2018-09-29 00:00:00,1359.0,1587.7684436113393,1113.1207607134404,2062.416126509238
2018-09-29 01:00:00,2036.0,2269.7613217034536,1795.1136388055547,2744.4090046013525
2018-09-29 02:00:00,3073.0,3182.9438956760755,2708.2962127781766,3657.5915785739744
2018-09-29 03:00:00,3725.0,3707.9893466701997,3233.3416637723008,4182.637029568099
2018-09-29 04:00:00,4059.0,4180.98008985876,3706.332406960861,4655.627772756659
2018-09-29 05:00:00,4378.0,4537.083104581682,4062.4354216837833,5011.730787479581
2018-09-29 06:00:00,4657.0,4820.215383633326,4345.567700735428,5294.863066531225
2018-09-29 07:00:00,4553.0,4690.69147307899,4216.043790181091,5165.33915597689
2018-09-29 08:00:00,4618.0,4570.9461566291,4096.298473731202,5045.593839526999
2018-09-29 09:00:00,4564.0,4565.576430795126,4090.928747897227,5040.224113693024
2018-09-29 10:00:00,4735.0,4578.43183598627,4103.784153088371,5053.079518884169
2018-09-29 11:00:00,4878.0,4433.795770544838,3959.148087646939,4908.443453442736
2018-09-29 12:00:00,4569.0,4160.532965383973,3685.8852824860737,4635.180648281872
2018-09-29 13:00:00,3818.0,3501.7339871757563,3027.0863042778574,3976.381670073655
2018-09-29 14:00:00,3338.0,2906.666203885205,2432.018520987306,3381.313886783104
2018-09-29 15:00:00,2950.0,2958.993924043634,2484.346241145735,3433.6416069415327
2018-09-29 16:00:00,2607.0,2916.8757863821816,2442.2281034842827,3391.5234692800805
2018-09-29 17:00:00,3856.0,2119.1253456811796,1644.4776627832807,2593.7730285790785
2018-09-29 18:00:00,1826.0,1500.198213844564,1025.550530946665,1974.8458967424629
2018-09-29 19:00:00,920.0,969.7417056830054,495.0940227851065,1444.3893885809043
2018-09-29 20:00:00,696.0,593.7002969209591,119.05261402306019,1068.347979818858
2018-09-29 21:00:00,364.0,422.18621564522,0.0,896.833898543119
2018-09-29 22:00:00,335.0,444.6576408045059,0.0,919.3053237024048
2018-09-29 23:00:00,444.0,598.3464038991049,123.69872100120597,1072.9940867970038
2018-09-30 00:00:00,802.0,1039.531917004985,564.8842341070861,1514.1795999028839
2018-09-30 01:00:00,1175.0,1278.9201933399936,804.2725104420947,1753.5678762378925
2018-09-30 02:00:00,2002.0,1835.8651876050412,1361.2175047071423,2310.51287050294
2018-09-30 03:00:00,2882.0,2945.5377210916126,2470.8900381937137,3420.1854039895115
2018-09-30 04:00:00,3701.0,3618.505241454441,3143.8575585565422,4093.15292435234
2018-09-30 05:00:00,4049.0,3926.106304061846,3451.458621163947,4400.753986959745
2018-09-30 06:00:00,4429.0,4292.517617492141,3817.869934594242,4767.165300390039
2018-09-30 07:00:00,4547.0,4544.695022339074,4070.047339441175,5019.342705236973
2018-09-30 08:00:00,4380.0,4446.4869210864235,3971.8392381885246,4921.134603984323
2018-09-30 09:00:00,4302.0,4372.882277080319,3898.23459418242,4847.529959978217
2018-09-30 10:00:00,4283.0,4409.024027852014,3934.376344954115,4883.6717107499135
2018-09-30 11:00:00,4132.0,4151.874421866222,3677.2267389683234,4626.522104764121
2018-09-30 12:00:00,3947.0,3864.587332723852,3389.939649825953,4339.235015621751
2018-09-30 13:00:00,3543.0,3440.3702088728946,2965.7225259749957,3915.0178917707935
2018-09-30 14:00:00,2781.0,2810.3471452558615,2335.6994623579626,3284.9948281537604
2018-09-30 15:00:00,2159.0,2472.176847717758,1997.529164819859,2946.824530615657
2018-09-30 16:00:00,1450.0,1915.9231434834428,1441.275460585544,2390.5708263813417
2018-09-30 17:00:00,954.0,1405.9836540123915,931.3359711144926,1880.6313369102904
