timestamp,actual,predicted,lower,upper
2017-10-26 18:00:00,3761.0,2948.8962977632164,2514.792341972593,3383.0002535538397
2017-10-26 19:00:00,3218.0,2435.0573759913063,2000.953420200683,2869.1613317819297
2017-10-26 20:00:00,1617.0,1415.7899533090344,981.6859975184111,1849.8939090996578
2017-10-26 21:00:00,685.0,812.0633938802124,377.95943808958907,1246.1673496708358
2017-10-26 22:00:00,435.0,612.0711365478784,177.96718075725505,1046.1750923385016
2017-10-26 23:00:00,278.0,393.1831044388634,0.0,827.2870602294868
2017-10-27 00:00:00,377.0,419.2535145459253,0.0,853.3574703365487
2017-10-27 01:00:00,847.0,904.4706862552546,470.36673046463125,1338.574642045878
2017-10-27 02:00:00,2805.0,2865.457168587225,2431.353212796602,3299.5611243778485
2017-10-27 03:00:00,5356.0,5860.183126556337,5426.079170765714,6294.28708234696
2017-10-27 04:00:00,5582.0,6667.465406071324,6233.3614502807,7101.569361861947
2017-10-27 05:00:00,5159.0,5896.225438334011,5462.121482543388,6330.329394124635
2017-10-27 06:00:00,4444.0,5275.2483914551085,4841.144435664485,5709.352347245732
2017-10-27 07:00:00,4303.0,4902.048863840598,4467.944908049974,5336.152819631221
2017-10-27 08:00:00,4705.0,5149.91827288302,4715.814317092397,5584.022228673643
2017-10-27 09:00:00,5214.0,5281.033196441377,4846.929240650754,5715.1371522320005
2017-10-27 10:00:00,5092.0,5289.336136949357,4855.2321811587335,5723.44009273998
2017-10-27 11:00:00,5120.0,5486.7720667892045,5052.668110998581,5920.876022579828
2017-10-27 12:00:00,5644.0,5876.310896166656,5442.206940376032,6310.414851957279
2017-10-27 13:00:00,6061.0,5911.868873451634,5477.76491766101,6345.972829242257
2017-10-27 14:00:00,5292.0,5567.6722620591145,5133.568306268491,6001.776217849738
2017-10-27 15:00:00,4634.0,4770.11344950486,4336.009493714237,5204.217405295483
2017-10-27 16:00:00,3498.0,3606.233197663161,3172.1292418725375,4040.337153453784
2017-10-27 17:00:00,2971.0,3104.548537311948,2670.444581521325,3538.6524931025715
2017-10-27 18:00:00,2905.0,3005.9705717572115,2571.866615966588,3440.074527547835
2017-10-27 19:00:00,2621.0,2629.492939492335,2195.388983701712,3063.5968952829585
2017-10-27 20:00:00,1892.0,1881.9930651270618,1447.8891093364384,2316.097020917685
2017-10-27 21:00:00,1340.0,1223.858746452599,789.7547906619757,1657.9627022432223
2017-10-27 22:00:00,796.0,785.3493594110347,351.24540362041137,1219.453315201658
2017-10-27 23:00:00,556.0,559.6926204067495,125.58866461612615,993.7965761973728
2017-10-28 00:00:00,376.0,390.7352324320967,0.0,824.83918822272
2017-10-28 01:00:00,395.0,469.5594929559277,35.45553716530435,903.663448746551
2017-10-28 02:00:00,774.0,776.4735960515958,342.36964026097246,1210.5775518422192
2017-10-28 03:00:00,1364.0,1419.5464149993543,985.442459208731,1853.6503707899776
2017-10-28 04:00:00,2090.0,2017.6128451732354,1583.508889382612,2451.716800963859
2017-10-28 05:00:00,2950.0,2947.582855304485,2513.4788995138615,3381.686811095108
2017-10-28 06:00:00,3657.0,3776.3018876712727,3342.1979318806493,4210.405843461896
2017-10-28 07:00:00,4267.0,4249.837435301109,3815.7334795104853,4683.941391091732
2017-10-28 08:00:00,5033.0,4580.57615679257,4146.472201001947,5014.6801125831935
2017-10-28 09:00:00,5002.0,4666.250633769341,4232.146677978718,5100.354589559965
2017-10-28 10:00:00,4685.0,4714.353412575787,4280.249456785164,5148.45736836641
2017-10-28 11:00:00,5031.0,4847.84541745852,4413.741461667897,5281.949373249144
2017-10-28 12:00:00,5010.0,4769.249757944839,4335.145802154216,5203.353713735462
2017-10-28 13:00:00,5234.0,4673.771801935861,4239.6678461452375,5107.875757726484
2017-10-28 14:00:00,4906.0,4648.942411732239,4214.838455941615,5083.046367522862
2017-10-28 15:00:00,4634.0,4199.655503557577,3765.5515477669533,4633.7594593482
2017-10-28 16:00:00,3847.0,3461.6895755791747,3027.5856197885514,3895.793531369798
2017-10-28 17:00:00,3337.0,3131.9594805521165,2697.855524761493,3566.06343634274
2017-10-28 18:00:00,4284.0,3169.924731463282,2735.820775672659,3604.0286872539054
2017-10-28 19:00:00,4461.0,3012.54747662627,2578.4435208356467,3446.6514324168934
2017-10-28 20:00:00,2687.0,2252.739752532761,1818.6357967421377,2686.8437083233844
2017-10-28 21:00:00,1622.0,1546.7704261005877,1112.6664703099643,1980.874381891211
2017-10-28 22:00:00,696.0,1235.4775342472635,801.3735784566402,1669.5814900378869
2017-10-28 23:00:00,446.0,790.3551311991772,356.2511754085539,1224.4590869898007
2017-10-29 00:00:00,434.0,410.2249450374586,0.0,844.3289008280819
2017-10-29 01:00:00,354.0,397.6156203541515,0.0,831.7195761447748
2017-10-29 02:00:00,478.0,1031.2723428779493,597.168387087326,1465.3762986685726
2017-10-29 03:00:00,802.0,1438.0885593276898,1003.9846035370665,1872.1925151183132
2017-10-29 04:00:00,1060.0,1544.3895363993852,1110.2855806087618,1978.4934921900085
2017-10-29 05:00:00,1840.0,2039.5397589188133,1605.43580312819,2473.6437147094366
2017-10-29 06:00:00,2468.0,2821.408831445989,2387.304875655366,3255.5127872366124
2017-10-29 07:00:00,3120.0,3541.760000816813,3107.6560450261895,3975.863956607436
2017-10-29 08:00:00,3533.0,3750.366029517246,3316.2620737266225,4184.469985307869
2017-10-29 09:00:00,4073.0,4200.658808129227,3766.5548523386033,4634.76276391985
2017-10-29 10:00:00,4264.0,4475.763462786836,4041.6595069962123,4909.867418577459
2017-10-29 11:00:00,4373.0,4449.8527377179835,4015.74878192736,4883.956693508607
2017-10-29 12:00:00,4514.0,4614.161793097067,4180.057837306444,5048.26574888769
2017-10-29 13:00:00,4499.0,4467.78621969076,4033.6822639001366,4901.890175481383
2017-10-29 14:00:00,4492.0,4386.8918335853,3952.787877794677,4820.995789375924
2017-10-29 15:00:00,3973.0,4061.051952833272,3626.9479970426487,4495.155908623896
2017-10-29 16:00:00,3409.0,3330.3540520340644,2896.250096243441,3764.4580078246877
2017-10-29 17:00:00,2653.0,2991.9130471546237,2557.8090913640003,3426.017002945247
2017-10-29 18:00:00,2077.0,2673.9441733106923,2239.840217520069,3108.0481291013157
2017-10-29 19:00:00,1661.0,1991.6768930266312,1557.5729372360079,2425.7808488172545
2017-10-29 20:00:00,2100.0,1212.8218150864718,778.7178592958485,1646.9257708770951
2017-10-29 21:00:00,563.0,529.7888855104935,95.68492971987018,963.8928413011168
2017-10-29 22:00:00,375.0,400.17523967941014,0.0,834.2791954700335
2017-10-29 23:00:00,293.0,411.37404871881176,0.0,845.4780045094351
2017-10-30 00:00:00,326.0,334.3667373645031,0.0,768.4706931551264
2017-10-30 01:00:00,813.0,763.0693422449236,328.9653864543003,1197.1732980355468
2017-10-30 02:00:00,2822.0,2769.200187553128,2335.096231762505,3203.3041433437515
2017-10-30 03:00:00,5869.0,5784.907659700496,5350.803703909873,6219.011615491119
2017-10-30 04:00:00,6221.0,6536.100133880746,6101.996178090123,6970.20408967137
2017-10-30 05:00:00,5825.0,5887.591920039241,5453.487964248618,6321.695875829864
2017-10-30 06:00:00,5138.0,4973.53872782447,4539.4347720338465,5407.642683615093
2017-10-30 07:00:00,4482.0,4362.000244159326,3927.8962883687027,4796.104199949949
2017-10-30 08:00:00,4569.0,4565.342155005915,4131.238199215291,4999.446110796538
2017-10-30 09:00:00,4911.0,4811.718487881162,4377.614532090539,5245.822443671786
2017-10-30 10:00:00,4899.0,4853.00698954195,4418.903033751327,5287.1109453325735
2017-10-30 11:00:00,5055.0,5177.082930687728,4742.978974897104,5611.186886478351
2017-10-30 12:00:00,5698.0,5733.3675161955625,5299.263560404939,6167.471471986186
2017-10-30 13:00:00,6601.0,6310.924783989133,5876.82082819851,6745.0287397797565
2017-10-30 14:00:00,6258.0,5883.531077363851,5449.427121573228,6317.6350331544745
2017-10-30 15:00:00,4381.0,4377.354600436831,3943.2506446462075,4811.458556227454
2017-10-30 16:00:00,2970.0,3185.313467741647,2751.2095119510236,3619.4174235322703
2017-10-30 17:00:00,2491.0,2788.7492763979335,2354.64532060731,3222.853232188557
2017-10-30 18:00:00,2174.0,2313.6691924513307,1879.5652366607073,2747.773148241954
2017-10-30 19:00:00,1514.0,1486.1179279200046,1052.0139721293813,1920.221883710628
2017-10-30 20:00:00,998.0,1104.9219503868856,670.8179945962622,1539.025906177509
2017-10-30 21:00:00,544.0,522.266819829323,88.1628640386997,956.3707756199464
2017-10-30 22:00:00,337.0,358.39314764210195,0.0,792.4971034327252
2017-10-30 23:00:00,219.0,296.2484010357178,0.0,730.3523568263411
2017-10-31 00:00:00,349.0,376.76506273706696,0.0,810.8690185276903
2017-10-31 01:00:00,872.0,878.1392744214479,444.0353186308246,1312.2432302120712
2017-10-31 02:00:00,2924.0,2849.1887752163957,2415.0848194257724,3283.292731007019
2017-10-31 03:00:00,5968.0,5846.070809973496,5411.966854182872,6280.174765764119
2017-10-31 04:00:00,6541.0,6713.602172622734,6279.49821683211,7147.706128413357
2017-10-31 05:00:00,5890.0,6078.0853984800315,5643.981442689408,6512.189354270655
2017-10-31 06:00:00,5605.0,5230.807044336906,4796.703088546283,5664.911000127529
2017-10-31 07:00:00,4572.0,4604.87661684587,4170.772661055246,5038.980572636493
2017-10-31 08:00:00,4739.0,4802.034727386847,4367.930771596224,5236.138683177471
2017-10-31 09:00:00,4989.0,5073.288168760838,4639.1842129702145,5507.392124551461
2017-10-31 10:00:00,4910.0,5099.743595232321,4665.639639441698,5533.847551022945
2017-10-31 11:00:00,5201.0,5363.9382284143685,4929.834272623745,5798.042184204992
2017-10-31 12:00:00,5888.0,6003.366013751644,5569.26205796102,6437.469969542267
2017-10-31 13:00:00,6985.0,6494.740400044257,6060.636444253633,6928.84435583488
2017-10-31 14:00:00,6035.0,6012.078269458272,5577.974313667649,6446.1822252488955
2017-10-31 15:00:00,3941.0,4768.904156772288,4334.800200981665,5203.008112562911
2017-10-31 16:00:00,2937.0,3344.958650553431,2910.854694762808,3779.0626063440545
2017-10-31 17:00:00,2925.0,2913.7601368216847,2479.6561810310614,3347.864092612308
2017-10-31 18:00:00,3747.0,2317.6694956301058,1883.5655398394824,2751.773451420729
2017-10-31 19:00:00,2933.0,1674.8177202897687,1240.7137644991453,2108.921676080392
2017-10-31 20:00:00,1221.0,1214.4043926288862,780.3004368382628,1648.5083484195095
2017-10-31 21:00:00,683.0,634.0872179223081,199.9832621316848,1068.1911737129315
2017-10-31 22:00:00,472.0,525.1287542151038,91.02479842448042,959.2327100057271
2017-10-31 23:00:00,343.0,322.479653652811,0.0,756.5836094434344
2017-11-01 00:00:00,390.0,374.9767711640447,0.0,809.0807269546681
2017-11-01 01:00:00,917.0,789.1638512706161,355.05989547999275,1223.2678070612394
2017-11-01 02:00:00,2959.0,2754.4340629506596,2320.3301071600363,3188.538018741283
2017-11-01 03:00:00,5665.0,5703.756154704426,5269.652198913803,6137.860110495049
2017-11-01 04:00:00,6067.0,6497.6564585334145,6063.552502742791,6931.760414324038
2017-11-01 05:00:00,6147.0,5875.306363275741,5441.202407485118,6309.4103190663645
2017-11-01 06:00:00,5339.0,5251.701459235238,4817.597503444615,5685.805415025861
2017-11-01 07:00:00,4634.0,4776.8726580912635,4342.76870230064,5210.976613881887
2017-11-01 08:00:00,4781.0,4978.357215087438,4544.253259296815,5412.461170878061
2017-11-01 09:00:00,4908.0,5205.279339516895,4771.175383726271,5639.383295307518
2017-11-01 10:00:00,5008.0,5283.776957091901,4849.6730013012775,5717.880912882524
2017-11-01 11:00:00,4856.0,5520.946871336569,5086.842915545945,5955.050827127192
2017-11-01 12:00:00,5328.0,5807.679137367644,5373.575181577021,6241.783093158268
2017-11-01 13:00:00,6321.0,6341.19774669645,5907.093790905827,6775.301702487073
2017-11-01 14:00:00,5858.0,6104.937234498155,5670.8332787075315,6539.041190288778
2017-11-01 15:00:00,4297.0,4683.01566163585,4248.911705845227,5117.119617426473
2017-11-01 16:00:00,3045.0,3417.068194970234,2982.9642391796106,3851.172150760857
2017-11-01 17:00:00,2704.0,2817.6854896240525,2383.581533833429,3251.789445414676
2017-11-01 18:00:00,2204.0,2399.242250066362,1965.1382942757386,2833.3462058569853
2017-11-01 19:00:00,1713.0,1767.2893803187656,1333.1854245281422,2201.3933361093887
2017-11-01 20:00:00,1068.0,1242.8613793963127,808.7574236056894,1676.965335186936
2017-11-01 21:00:00,611.0,553.959588207798,119.85563241717466,988.0635439984213
2017-11-01 22:00:00,362.0,372.2903554785516,0.0,806.394311269175
2017-11-01 23:00:00,254.0,294.4485188815471,0.0,728.5524746721704
2017-11-02 00:00:00,383.0,368.0651207653854,0.0,802.1690765560088
2017-11-02 01:00:00,820.0,763.983543543139,329.8795877525157,1198.0874993337625
2017-11-02 02:00:00,2914.0,2686.1844464120245,2252.080490621401,3120.288402202648
2017-11-02 03:00:00,5674.0,5659.492814803335,5225.388859012712,6093.596770593958
2017-11-02 04:00:00,6258.0,6205.26257200364,5771.158616213017,6639.366527794264
2017-11-02 05:00:00,5995.0,5780.90109335453,5346.797137563906,6215.005049145153
2017-11-02 06:00:00,5488.0,5121.320171614271,4687.216215823648,5555.4241274048945
2017-11-02 07:00:00,4606.0,4631.40577221655,4197.3018164259265,5065.509728007173
2017-11-02 08:00:00,4910.0,4903.763946474727,4469.659990684104,5337.8679022653505
2017-11-02 09:00:00,5066.0,5130.108625687055,4696.004669896432,5564.212581477678
2017-11-02 10:00:00,5255.0,5112.073843538691,4677.969887748068,5546.177799329314
2017-11-02 11:00:00,5428.0,5430.7695567558485,4996.665600965225,5864.873512546472
2017-11-02 12:00:00,5987.0,5890.200706308918,5456.096750518294,6324.304662099541
2017-11-02 13:00:00,6775.0,6400.807270953608,5966.703315162985,6834.9112267442315
2017-11-02 14:00:00,6488.0,6098.730458823948,5664.626503033324,6532.834414614571
2017-11-02 15:00:00,5048.0,4731.819911188989,4297.715955398366,5165.923866979612
2017-11-02 16:00:00,3335.0,3492.975671748528,3058.8717159579046,3927.0796275391513
2017-11-02 17:00:00,2846.0,3096.6162690882115,2662.512313297588,3530.720224878835
2017-11-02 18:00:00,3094.0,2926.322298049019,2492.2183422583958,3360.4262538396424
2017-11-02 19:00:00,2412.0,2316.572465505367,1882.4685097147435,2750.67642129599
2017-11-02 20:00:00,1336.0,1364.6080305219305,930.5040747313071,1798.7119863125538
2017-11-02 21:00:00,768.0,788.1898831825263,354.08592739190294,1222.2938389731496
2017-11-02 22:00:00,432.0,542.2764729406424,108.17251715001908,976.3804287312657
2017-11-02 23:00:00,354.0,340.1677820486773,0.0,774.2717378393006
2017-11-03 00:00:00,444.0,372.32741487368594,0.0,806.4313706643093
2017-11-03 01:00:00,842.0,791.4738768792982,357.3699210886749,1225.5778326699215
2017-11-03 02:00:00,2715.0,2640.587466737709,2206.4835109470855,3074.691422528332
2017-11-03 03:00:00,5524.0,5800.445722819044,5366.341767028421,6234.549678609667
2017-11-03 04:00:00,6594.0,6548.847321500986,6114.743365710363,6982.95127729161
2017-11-03 05:00:00,5784.0,5894.582860909878,5460.478905119255,6328.686816700501
2017-11-03 06:00:00,5086.0,5267.658737656092,4833.554781865469,5701.762693446715
2017-11-03 07:00:00,4663.0,4847.901787428896,4413.797831638272,5282.005743219519
2017-11-03 08:00:00,4977.0,5286.007912947134,4851.903957156511,5720.1118687377575
2017-11-03 09:00:00,5403.0,5463.565724002013,5029.461768211389,5897.669679792636
2017-11-03 10:00:00,5484.0,5428.268058660493,4994.16410286987,5862.372014451116
2017-11-03 11:00:00,5564.0,5623.610263195224,5189.506307404601,6057.714218985848
2017-11-03 12:00:00,5860.0,5950.237721518661,5516.133765728037,6384.341677309284
2017-11-03 13:00:00,5086.0,6380.544751961351,5946.4407961707275,6814.648707751974
2017-11-03 14:00:00,5406.0,5985.553752170393,5551.449796379769,6419.657707961016
2017-11-03 15:00:00,4317.0,4880.111109053553,4446.00715326293,5314.215064844177
2017-11-03 16:00:00,3437.0,3656.27520652877,3222.1712507381467,4090.3791623193933
2017-11-03 17:00:00,2827.0,3122.36896816561,2688.265012374987,3556.4729239562334
2017-11-03 18:00:00,2656.0,2855.4001647814644,2421.296208990841,3289.5041205720877
2017-11-03 19:00:00,2613.0,2576.0284709794323,2141.924515188809,3010.1324267700556
2017-11-03 20:00:00,1676.0,1862.787223308614,1428.6832675179908,2296.8911790992374
2017-11-03 21:00:00,1031.0,1089.9389841565244,655.835028365901,1524.0429399471477
2017-11-03 22:00:00,658.0,779.7626488059266,345.65869301530324,1213.86660459655
2017-11-03 23:00:00,470.0,537.9445252907897,103.84056950016634,972.048481081413
2017-11-04 00:00:00,352.0,367.94154062505754,0.0,802.0454964156809
2017-11-04 01:00:00,371.0,442.8146024688094,8.710646678186095,876.9185582594328
2017-11-04 02:00:00,680.0,828.4246987347362,394.3207429441129,1262.5286545253596
2017-11-04 03:00:00,1243.0,1354.9413921248436,920.8374363342202,1789.045347915467
2017-11-04 04:00:00,1957.0,1929.8371524122012,1495.733196621578,2363.9411082028246
2017-11-04 05:00:00,2790.0,2886.983410022635,2452.8794542320115,3321.087365813258
2017-11-04 06:00:00,3489.0,3639.9190193080804,3205.815063517457,4074.0229750987037
2017-11-04 07:00:00,3979.0,4183.412852265285,3749.308896474662,4617.516808055909
2017-11-04 08:00:00,4563.0,4495.657093940849,4061.553138150226,4929.761049731473
2017-11-04 09:00:00,4837.0,4619.44234259894,4185.3383868083165,5053.546298389563
2017-11-04 10:00:00,4836.0,4634.1376589238,4200.0337031331765,5068.241614714423
2017-11-04 11:00:00,4764.0,4732.838425128899,4298.734469338276,5166.942380919522
2017-11-04 12:00:00,4890.0,4702.162741667549,4268.058785876926,5136.2666974581725
2017-11-04 13:00:00,4894.0,4713.075608155236,4278.971652364613,5147.17956394586
2017-11-04 14:00:00,4794.0,4493.825134210164,4059.7211784195406,4927.929090000787
2017-11-04 15:00:00,4411.0,4145.715741034707,3711.611785244084,4579.8196968253305
2017-11-04 16:00:00,3421.0,3420.056230774567,2985.952274983944,3854.1601865651905
2017-11-04 17:00:00,2718.0,3011.8813227691376,2577.7773669785142,3445.985278559761
2017-11-04 18:00:00,3515.0,3110.901030540295,2676.7970747496715,3545.004986330918
2017-11-04 19:00:00,3865.0,2885.195977977777,2451.092022187154,3319.2999337684005
2017-11-04 20:00:00,2042.0,2131.104645848402,1697.0006900577787,2565.2086016390253
2017-11-04 21:00:00,1554.0,1343.3026207058285,909.1986649152052,1777.4065764964519
2017-11-04 22:00:00,629.0,739.1418820146706,305.0379262240473,1173.2458378052938
2017-11-04 23:00:00,361.0,634.4629103822134,200.35895459159008,1068.5668661728369
2017-11-05 00:00:00,247.0,398.9029948649288,0.0,833.0069506555521
2017-11-05 01:00:00,287.0,355.4599115557332,0.0,789.5638673463566
2017-11-05 02:00:00,469.0,887.0450651665527,452.9411093759294,1321.1490209571762
2017-11-05 03:00:00,823.0,934.9611645687148,500.8572087780915,1369.0651203593382
2017-11-05 04:00:00,1209.0,1088.2084822391641,654.1045264485408,1522.3124380297875
2017-11-05 05:00:00,2059.0,1773.9020644080917,1339.7981086174684,2208.0060201987153
2017-11-05 06:00:00,2974.0,2611.3830705122505,2177.279114721627,3045.487026302874
2017-11-05 07:00:00,3592.0,3530.447444402328,3096.3434886117047,3964.5514001929514
2017-11-05 08:00:00,4014.0,3987.646604665257,3553.542648874634,4421.750560455881
2017-11-05 09:00:00,4256.0,4197.525208241672,3763.4212524510485,4631.629164032295
2017-11-05 10:00:00,4309.0,4387.979816481731,3953.875860691108,4822.0837722723545
2017-11-05 11:00:00,4303.0,4382.759050619955,3948.6550948293316,4816.863006410578
2017-11-05 12:00:00,4525.0,4361.112087634238,3927.008131843615,4795.216043424862
2017-11-05 13:00:00,4744.0,4316.157688589353,3882.0537327987295,4750.261644379976
2017-11-05 14:00:00,4235.0,4170.321327149912,3736.2173713592883,4604.425282940535
2017-11-05 15:00:00,3765.0,3926.1410658393147,3492.0371100486914,4360.2450216299385
2017-11-05 16:00:00,2888.0,3367.927582902283,2933.82362711166,3802.0315386929065
2017-11-05 17:00:00,2273.0,2880.945774909699,2446.841819119076,3315.0497307003225
2017-11-05 18:00:00,1912.0,2469.015260376027,2034.9113045854037,2903.1192161666504
2017-11-05 19:00:00,1323.0,1638.7651451313923,1204.661189340769,2072.8691009220156
2017-11-05 20:00:00,861.0,1019.0503048756875,584.9463490850642,1453.1542606663108
2017-11-05 21:00:00,469.0,480.6793394341976,46.57538364357424,914.7832952248209
2017-11-05 22:00:00,330.0,335.16132498704684,0.0,769.2652807776701
2017-11-05 23:00:00,186.0,276.6343700241838,0.0,710.7383258148071
2017-11-06 00:00:00,333.0,362.86776820414,0.0,796.9717239947634
2017-11-06 01:00:00,809.0,835.8747716595047,401.7708158688814,1269.9787274501282
2017-11-06 02:00:00,2853.0,2440.5878924929875,2006.4839367023642,2874.691848283611
2017-11-06 03:00:00,5836.0,5847.678931760521,5413.574975969897,6281.782887551144
2017-11-06 04:00:00,6268.0,6519.409623246071,6085.305667455447,6953.513579036694
2017-11-06 05:00:00,5990.0,5564.451513733533,5130.34755794291,5998.555469524156
2017-11-06 06:00:00,4992.0,4813.88332621376,4379.779370423136,5247.987282004383
2017-11-06 07:00:00,4298.0,4271.37275257678,3837.2687967861566,4705.476708367403
2017-11-06 08:00:00,4488.0,4452.462117875821,4018.3581620851974,4886.566073666444
2017-11-06 09:00:00,4677.0,4749.386004461364,4315.282048670741,5183.489960251987
2017-11-06 10:00:00,4746.0,4753.265299894059,4319.161344103436,5187.369255684683
2017-11-06 11:00:00,4987.0,4940.420946041932,4506.316990251309,5374.524901832556
2017-11-06 12:00:00,5657.0,5651.779101954906,5217.6751461642825,6085.883057745529
2017-11-06 13:00:00,6647.0,6229.8021324899455,5795.698176699322,6663.906088280569
2017-11-06 14:00:00,6175.0,5920.490246215626,5486.386290425003,6354.594202006249
2017-11-06 15:00:00,4152.0,4183.4652457323655,3749.361289941742,4617.569201522989
2017-11-06 16:00:00,2919.0,3056.0956739572966,2621.9917181666733,3490.19962974792
2017-11-06 17:00:00,2263.0,2612.644612464741,2178.5406566741176,3046.7485682553643
2017-11-06 18:00:00,2009.0,2120.7010554944513,1686.597099703828,2554.8050112850747
2017-11-06 19:00:00,1451.0,1408.0133490953679,973.9093933047445,1842.1173048859912
2017-11-06 20:00:00,961.0,965.8013377109706,531.6973819203473,1399.9052935015939
2017-11-06 21:00:00,560.0,475.8634837274737,41.75952793685036,909.9674395180971
2017-11-06 22:00:00,339.0,344.9537755558262,0.0,779.0577313464496
2017-11-06 23:00:00,244.0,288.2510356496349,0.0,722.3549914402582
2017-11-07 00:00:00,377.0,354.93593095054797,0.0,789.0398867411714
2017-11-07 01:00:00,899.0,821.1369906949021,387.0330349042788,1255.2409464855255
2017-11-07 02:00:00,3031.0,2708.4032119759727,2274.2992561853493,3142.507167766596
2017-11-07 03:00:00,6100.0,5593.187838271541,5159.083882480918,6027.291794062165
2017-11-07 04:00:00,6538.0,6419.947644410819,5985.843688620195,6854.051600201442
2017-11-07 05:00:00,6091.0,5863.552713688809,5429.448757898185,6297.656669479432
2017-11-07 06:00:00,5319.0,5034.812293748562,4600.708337957939,5468.916249539186
2017-11-07 07:00:00,4518.0,4438.850139665543,4004.7461838749196,4872.954095456166
2017-11-07 08:00:00,4701.0,4709.148914685545,4275.044958894921,5143.252870476168
2017-11-07 09:00:00,4866.0,4917.858456434125,4483.754500643502,5351.962412224749
2017-11-07 10:00:00,5101.0,5063.953667002903,4629.8497112122795,5498.057622793526
2017-11-07 11:00:00,5273.0,5289.555324479682,4855.451368689059,5723.659280270305
2017-11-07 12:00:00,5747.0,5933.607917076905,5499.503961286282,6367.711872867529
2017-11-07 13:00:00,6705.0,6533.062474502305,6098.958518711682,6967.166430292928
2017-11-07 14:00:00,6198.0,6194.2768193255,5760.172863534876,6628.380775116123
2017-11-07 15:00:00,4421.0,4581.351932678195,4147.247976887572,5015.455888468819
2017-11-07 16:00:00,3073.0,3285.7840389334015,2851.680083142778,3719.887994724025
2017-11-07 17:00:00,2581.0,2873.1627724525474,2439.058816661924,3307.2667282431707
2017-11-07 18:00:00,2265.0,2506.620749567759,2072.5167937771357,2940.7247053583824
2017-11-07 19:00:00,1631.0,1807.885016707608,1373.7810609169846,2241.9889724982313
2017-11-07 20:00:00,1073.0,1151.81998288669,717.7160270960667,1585.9239386773133
2017-11-07 21:00:00,548.0,569.0081906932221,134.90423490259877,1003.1121464838454
2017-11-07 22:00:00,329.0,379.00439052957336,0.0,813.1083463201967
2017-11-08 00:00:00,373.0,355.1377454756791,0.0,789.2417012663025
2017-11-08 01:00:00,898.0,729.2019542641777,295.0979984735544,1163.3059100548012
2017-11-08 03:00:00,6126.0,5704.618998785683,5270.51504299506,6138.722954576307
2017-11-08 04:00:00,6513.0,6385.592663280737,5951.4887074901135,6819.69661907136
2017-11-08 05:00:00,5926.0,5783.65412033626,5349.550164545637,6217.758076126884
2017-11-08 06:00:00,5670.0,5288.745966506925,4854.642010716301,5722.849922297548
2017-11-08 07:00:00,4195.0,4705.309048017573,4271.20509222695,5139.413003808197
2017-11-08 08:00:00,4553.0,5033.641668169001,4599.537712378377,5467.745623959624
2017-11-08 09:00:00,4585.0,5178.460652463764,4744.3566966731405,5612.564608254387
2017-11-08 10:00:00,4833.0,5131.445133370595,4697.341177579971,5565.549089161218
2017-11-08 11:00:00,5049.0,5369.1671507699975,4935.063194979374,5803.271106560621
2017-11-08 12:00:00,5651.0,5790.2904098143335,5356.18645402371,6224.394365604957
2017-11-08 13:00:00,6832.0,6298.340559423744,5864.2366036331205,6732.444515214367
2017-11-08 14:00:00,6090.0,6085.703239070669,5651.599283280046,6519.807194861292
2017-11-08 15:00:00,4650.0,4831.344834421975,4397.240878631352,5265.448790212598
2017-11-08 16:00:00,3292.0,3339.571090427308,2905.4671346366845,3773.675046217931
2017-11-08 17:00:00,2885.0,2905.4692771491727,2471.3653213585494,3339.573232939796
2017-11-08 18:00:00,2445.0,2579.537892332968,2145.433936542345,3013.6418481235914
2017-11-08 19:00:00,1728.0,1888.270224628373,1454.1662688377496,2322.3741804189963
2017-11-08 20:00:00,1094.0,1172.2028090245842,738.0988532339609,1606.3067648152075
2017-11-08 21:00:00,614.0,582.7174976703749,148.61354187975155,1016.8214534609982
2017-11-08 22:00:00,348.0,355.7801028756719,0.0,789.8840586662952
2017-11-09 00:00:00,361.0,364.52960043931427,0.0,798.6335562299375
2017-11-09 01:00:00,877.0,764.3519942685812,330.24803847795783,1198.4559500592045
2017-11-09 03:00:00,5970.0,5612.027809612768,5177.923853822144,6046.131765403391
2017-11-09 04:00:00,6530.0,6339.1372868542685,5905.033331063645,6773.241242644892
2017-11-09 05:00:00,5542.0,5789.873690671653,5355.76973488103,6223.977646462276
2017-11-09 06:00:00,5710.0,5272.9205975866,4838.8166417959765,5707.024553377223
2017-11-09 07:00:00,4726.0,4743.050029864175,4308.946074073551,5177.153985654798
2017-11-09 08:00:00,5025.0,5101.721426755315,4667.617470964692,5535.825382545939
2017-11-09 09:00:00,5151.0,5160.903157555169,4726.799201764546,5595.007113345792
2017-11-09 10:00:00,5340.0,5211.043745389852,4776.939789599229,5645.147701180475
2017-11-09 11:00:00,5261.0,5605.010677388648,5170.906721598025,6039.114633179272
2017-11-09 12:00:00,5794.0,6051.588885741013,5617.484929950389,6485.692841531636
2017-11-09 13:00:00,6654.0,6568.075610349172,6133.971654558549,7002.1795661397955
2017-11-09 14:00:00,6210.0,5977.7781498178,5543.674194027177,6411.882105608423
2017-11-09 15:00:00,4758.0,4915.4493849040755,4481.345429113452,5349.553340694699
2017-11-09 16:00:00,3466.0,3569.199706751255,3135.0957509606314,4003.303662541878
2017-11-09 17:00:00,3112.0,3104.4057072927176,2670.3017515020942,3538.509663083341
2017-11-09 18:00:00,2703.0,2892.1579348100568,2458.0539790194334,3326.26189060068
2017-11-09 19:00:00,2838.0,2271.468986374481,1837.3650305838578,2705.5729421651045
2017-11-09 20:00:00,1471.0,1346.2702551417099,912.1662993510865,1780.3742109323332
2017-11-09 21:00:00,812.0,699.1885167795423,265.08456098891895,1133.2924725701655
2017-11-09 22:00:00,418.0,544.5306096921494,110.42665390152604,978.6345654827727
2017-11-09 23:00:00,311.0,379.4727834440791,0.0,813.5767392347025
2017-11-10 00:00:00,419.0,419.1852330888232,0.0,853.2891888794466
2017-11-10 01:00:00,776.0,806.4759566740915,372.3720008834682,1240.5799124647149
2017-11-10 02:00:00,2725.0,2562.693632082582,2128.5896762919588,2996.7975878732054
2017-11-10 03:00:00,5554.0,5514.6454300589,5080.541474268277,5948.749385849524
2017-11-10 04:00:00,6494.0,6384.401230865479,5950.297275074856,6818.5051866561025
2017-11-10 05:00:00,5593.0,5765.279182196762,5331.175226406139,6199.383137987385
2017-11-10 06:00:00,5039.0,5218.857335505972,4784.753379715348,5652.961291296595
2017-11-10 07:00:00,4584.0,4803.958044667993,4369.85408887737,5238.062000458616
2017-11-10 08:00:00,4964.0,5217.184462300614,4783.08050650999,5651.288418091237
2017-11-10 09:00:00,5106.0,5360.359343098671,4926.255387308048,5794.4632988892945
2017-11-10 10:00:00,5445.0,5313.524529518338,4879.420573727714,5747.628485308961
2017-11-10 11:00:00,5311.0,5564.170118050861,5130.066162260237,5998.274073841484
2017-11-10 12:00:00,5667.0,5898.828030084333,5464.724074293709,6332.931985874956
2017-11-10 13:00:00,6057.0,6397.931148297561,5963.8271925069375,6832.035104088184
2017-11-10 14:00:00,5412.0,5876.462576000446,5442.358620209822,6310.566531791069
2017-11-10 15:00:00,4707.0,4750.900886654506,4316.796930863883,5185.00484244513
2017-11-10 16:00:00,3505.0,3606.447303039704,3172.3433472490806,4040.5512588303272
2017-11-10 17:00:00,3025.0,3041.550181332482,2607.446225541859,3475.6541371231056
2017-11-10 18:00:00,2836.0,2975.970825753812,2541.8668699631885,3410.074781544435
2017-11-10 19:00:00,2467.0,2579.0828465880118,2144.9788907973884,3013.186802378635
2017-11-10 20:00:00,1739.0,1853.8340015214987,1419.7300457308754,2287.9379573121223
2017-11-10 21:00:00,1009.0,1169.90874808784,735.8047922972166,1604.0127038784633
2017-11-10 22:00:00,649.0,711.2674382182972,277.1634824276739,1145.3713940089206
2017-11-11 00:00:00,541.0,357.5057061480129,0.0,791.6096619386362
2017-11-11 01:00:00,555.0,427.1978264276737,0.0,861.301782218297
2017-11-11 03:00:00,1584.0,1723.9000774606718,1289.7961216700485,2158.0040332512954
2017-11-11 04:00:00,2323.0,2131.738509202251,1697.6345534116276,2565.8424649928743
2017-11-11 05:00:00,3446.0,4014.667218111172,3580.563262320549,4448.771173901796
2017-11-11 06:00:00,4305.0,3939.376096244762,3505.2721404541385,4373.480052035386
2017-11-11 07:00:00,4690.0,4384.832330998511,3950.7283752078874,4818.936286789134
2017-11-11 08:00:00,4714.0,4365.445501478102,3931.341545687479,4799.549457268726
2017-11-11 09:00:00,4882.0,4975.266269041322,4541.162313250698,5409.370224831945
2017-11-11 10:00:00,4770.0,4932.199850299026,4498.095894508403,5366.30380608965
2017-11-11 11:00:00,4858.0,4733.9983547908605,4299.894399000237,5168.102310581484
2017-11-11 12:00:00,4495.0,4810.963685030141,4376.859729239518,5245.067640820765
2017-11-11 13:00:00,4766.0,4754.250465350486,4320.146509559862,5188.354421141109
2017-11-11 14:00:00,4544.0,4934.47821910658,4500.374263315956,5368.582174897203
2017-11-11 15:00:00,4236.0,4138.425259871435,3704.3213040808114,4572.529215662058
2017-11-11 16:00:00,3435.0,3494.6596439473246,3060.5556881567013,3928.763599737948
2017-11-11 17:00:00,2694.0,3054.9452887432512,2620.841332952628,3489.0492445338746
2017-11-11 18:00:00,2696.0,3049.0005322378024,2614.896576447179,3483.1044880284257
2017-11-11 19:00:00,2869.0,2867.5777449977136,2433.4737892070902,3301.681700788337
2017-11-11 20:00:00,2231.0,2062.2327135209202,1628.128757730297,2496.3366693115436
2017-11-11 21:00:00,1259.0,1273.3926303063142,839.2886745156909,1707.4965860969376
2017-11-11 22:00:00,704.0,914.6950463630495,480.5910905724262,1348.799002153673
2017-11-11 23:00:00,724.0,624.2317202023121,190.12776441168876,1058.3356759929354
2017-11-12 00:00:00,497.0,373.0299694203862,0.0,807.1339252110095
2017-11-12 01:00:00,504.0,368.9426829674529,0.0,803.0466387580763
2017-11-12 02:00:00,609.0,739.3784945909592,305.2745388003359,1173.4824503815826
2017-11-12 03:00:00,962.0,1005.5397164882684,571.435760697645,1439.6436722788917
2017-11-12 04:00:00,1260.0,1575.783820739366,1141.6798649487428,2009.8877765299894
2017-11-12 05:00:00,2133.0,1861.1210134496728,1427.0170576590494,2295.224969240296
2017-11-12 06:00:00,2910.0,3055.09286014977,2620.9889043591465,3489.196815940393
2017-11-12 07:00:00,3540.0,3606.707666833343,3172.6037110427196,4040.8116226239663
2017-11-12 08:00:00,3858.0,4108.004978534067,3673.9010227434437,4542.10893432469
2017-11-12 09:00:00,4055.0,4377.633653889091,3943.5296980984676,4811.737609679714
2017-11-12 10:00:00,4114.0,4444.347513524357,4010.2435577337337,4878.45146931498
2017-11-12 11:00:00,4163.0,4363.622438121275,3929.5184823306518,4797.726393911898
2017-11-12 12:00:00,4490.0,4333.521656593477,3899.4177008028537,4767.6256123841
2017-11-12 13:00:00,4746.0,4246.774085323871,3812.6701295332477,4680.878041114494
2017-11-12 14:00:00,4877.0,4020.2453805165987,3586.1414247259754,4454.349336307222
2017-11-12 15:00:00,5355.0,3889.074962320217,3454.9710065295935,4323.17891811084
2017-11-12 16:00:00,3170.0,3401.0407741542954,2966.936818363672,3835.1447299449187
2017-11-12 17:00:00,2463.0,2961.8224862669886,2527.7185304763652,3395.926442057612
2017-11-12 18:00:00,1919.0,2841.1868344035356,2407.0828786129123,3275.290790194159
2017-11-12 19:00:00,1342.0,1795.7568300544488,1361.6528742638254,2229.8607858450723
2017-11-12 20:00:00,929.0,1062.3400024812731,628.2360466906498,1496.4439582718965
2017-11-12 21:00:00,461.0,479.1733132300754,45.06935743945206,913.2772690206987
2017-11-12 22:00:00,302.0,348.90763478829246,0.0,783.0115905789157
2017-11-12 23:00:00,207.0,270.79148985308734,0.0,704.8954456437107
2017-11-13 00:00:00,338.0,403.29615206179443,0.0,837.4001078524177
2017-11-13 01:00:00,819.0,864.9203176389478,430.8163618483245,1299.0242734295712
2017-11-13 02:00:00,2844.0,2669.5107441504524,2235.406788359829,3103.6146999410757
2017-11-13 03:00:00,5660.0,5868.784227373199,5434.680271582576,6302.888183163823
2017-11-13 04:00:00,6505.0,6356.809370510184,5922.70541471956,6790.913326300807
2017-11-13 05:00:00,6117.0,5754.535888850721,5320.431933060097,6188.639844641344
2017-11-13 06:00:00,5190.0,4903.271905036191,4469.167949245568,5337.3758608268145
2017-11-13 07:00:00,4456.0,4356.374464767071,3922.2705089764477,4790.478420557694
2017-11-13 08:00:00,4595.0,4602.897844496029,4168.793888705406,5037.001800286653
2017-11-13 09:00:00,4829.0,4806.957502124695,4372.853546334071,5241.061457915318
2017-11-13 10:00:00,4779.0,4894.148540920738,4460.044585130115,5328.252496711361
2017-11-13 11:00:00,5048.0,5222.794375881288,4788.690420090665,5656.898331671911
2017-11-13 12:00:00,5629.0,5715.872776308435,5281.768820517812,6149.976732099059
2017-11-13 13:00:00,6604.0,6344.975420671359,5910.871464880735,6779.079376461982
2017-11-13 14:00:00,5936.0,6025.261168370222,5591.157212579598,6459.365124160845
2017-11-13 15:00:00,4184.0,4363.32491173834,3929.220955947717,4797.428867528964
2017-11-13 16:00:00,3008.0,3160.1352751570894,2726.031319366466,3594.2392309477127
2017-11-13 17:00:00,2537.0,2655.668940619543,2221.5649848289195,3089.772896410166
2017-11-13 18:00:00,2048.0,2183.0588868754294,1748.954931084806,2617.1628426660527
2017-11-13 19:00:00,1498.0,1540.80413339266,1106.7001776020368,1974.9080891832834
2017-11-13 20:00:00,980.0,1104.4022653608674,670.2983095702441,1538.5062211514908
2017-11-13 21:00:00,483.0,478.37712467161515,44.27316888099182,912.4810804622384
2017-11-13 22:00:00,321.0,349.52590470327334,0.0,783.6298604938967
2017-11-13 23:00:00,216.0,289.70063121212104,0.0,723.8045870027444
2017-11-14 00:00:00,346.0,374.5822344202131,0.0,808.6861902108365
2017-11-14 01:00:00,871.0,900.2611312469586,466.15717545633527,1334.3650870375818
2017-11-14 02:00:00,3005.0,2765.167059043282,2331.0631032526585,3199.271014833905
2017-11-14 03:00:00,5631.0,5871.3778396397065,5437.273883849083,6305.48179543033
2017-11-14 04:00:00,6212.0,6639.684096255556,6205.580140464933,7073.7880520461795
2017-11-14 05:00:00,5841.0,5951.798793778128,5517.694837987505,6385.9027495687515
2017-11-14 06:00:00,5531.0,5122.6403291352735,4688.53637334465,5556.744284925897
2017-11-14 07:00:00,4398.0,4585.391389475051,4151.287433684428,5019.495345265675
2017-11-14 08:00:00,4690.0,4755.096232499023,4320.9922767084,5189.200188289647
2017-11-14 09:00:00,4910.0,4963.1340636088025,4529.030107818179,5397.238019399426
2017-11-14 10:00:00,4952.0,4978.692724756177,4544.588768965554,5412.7966805468
2017-11-14 11:00:00,5129.0,5303.296575283422,4869.192619492798,5737.400531074045
2017-11-14 12:00:00,5730.0,5778.142667526667,5344.038711736043,6212.24662331729
2017-11-14 13:00:00,6717.0,6411.659567807027,5977.555612016404,6845.76352359765
2017-11-14 14:00:00,6091.0,5976.039679705847,5541.935723915224,6410.143635496471
2017-11-14 15:00:00,4371.0,4789.75348328641,4355.649527495787,5223.857439077034
2017-11-14 16:00:00,3202.0,3325.5115480956806,2891.4075923050573,3759.615503886304
2017-11-14 17:00:00,2778.0,2902.3061564508967,2468.2022006602733,3336.41011224152
2017-11-14 18:00:00,3722.0,2525.8627230820184,2091.758767291395,2959.9666788726418
2017-11-14 19:00:00,2381.0,1819.2462830688628,1385.1423272782395,2253.350238859486
2017-11-14 20:00:00,1462.0,1206.1758892372807,772.0719334466573,1640.279845027904
2017-11-14 21:00:00,608.0,619.5590956019844,185.45513981136105,1053.6630513926077
2017-11-14 22:00:00,318.0,467.2664621606285,33.16250637000519,901.3704179512519
2017-11-15 00:00:00,354.0,373.5462123553019,0.0,807.6501681459252
2017-11-15 01:00:00,911.0,803.9763312908304,369.8723755002071,1238.0802870814537
2017-11-15 03:00:00,6015.0,5868.645319085503,5434.541363294879,6302.749274876126
2017-11-15 04:00:00,6580.0,6501.457720798813,6067.35376500819,6935.5616765894365
2017-11-15 05:00:00,6104.0,5868.225516178266,5434.121560387643,6302.329471968889
2017-11-15 06:00:00,5379.0,5335.298735011838,4901.194779221215,5769.402690802462
2017-11-15 07:00:00,4687.0,4810.648567028728,4376.544611238105,5244.752522819352
2017-11-15 08:00:00,4924.0,5143.3808243285175,4709.276868537894,5577.484780119141
2017-11-15 09:00:00,5043.0,5246.156143151921,4812.052187361298,5680.260098942545
2017-11-15 10:00:00,4945.0,5331.081898441142,4896.977942650518,5765.185854231765
2017-11-15 11:00:00,5221.0,5598.553039121847,5164.449083331224,6032.6569949124705
2017-11-15 12:00:00,5919.0,6038.962112290744,5604.8581565001205,6473.066068081367
2017-11-15 13:00:00,6923.0,6517.42941335237,6083.325457561747,6951.533369142993
2017-11-15 14:00:00,6325.0,6300.516224282971,5866.412268492348,6734.620180073594
2017-11-15 15:00:00,4660.0,4828.691465602343,4394.587509811719,5262.795421392966
2017-11-15 16:00:00,3216.0,3526.536559989223,3092.4326041985996,3960.6405157798463
2017-11-15 17:00:00,2914.0,3017.372816244154,2583.2688604535306,3451.4767720347772
2017-11-15 18:00:00,2461.0,2647.371944838319,2213.2679890476957,3081.4759006289423
2017-11-15 19:00:00,1957.0,1893.28326916007,1459.1793133694466,2327.387224950693
2017-11-15 20:00:00,1400.0,1173.154071545164,739.0501157545407,1607.2580273357873
2017-11-15 21:00:00,604.0,621.5111906320695,187.4072348414462,1055.6151464226928
2017-11-15 22:00:00,359.0,379.2144105657322,0.0,813.3183663563555
2017-11-15 23:00:00,264.0,318.63239868136674,0.0,752.7363544719901
2017-11-16 00:00:00,375.0,384.240194181227,0.0,818.3441499718504
2017-11-16 01:00:00,916.0,800.4813506654302,366.3773948748069,1234.5853064560536
2017-11-16 02:00:00,2967.0,2840.1569910879975,2406.053035297374,3274.260946878621
2017-11-16 03:00:00,5942.0,5777.513528568704,5343.4095727780805,6211.617484359327
2017-11-16 04:00:00,6685.0,6641.50310625115,6207.3991504605265,7075.607062041773
2017-11-16 05:00:00,6029.0,5931.3973789703905,5497.293423179767,6365.501334761014
2017-11-16 06:00:00,5507.0,5302.449276934062,4868.345321143439,5736.553232724686
2017-11-16 07:00:00,4678.0,4761.118694486033,4327.0147386954095,5195.222650276656
2017-11-16 08:00:00,4943.0,5076.76627143756,4642.662315646937,5510.8702272281835
2017-11-16 09:00:00,4977.0,5235.660391004445,4801.556435213822,5669.764346795068
2017-11-16 10:00:00,5182.0,5316.945445426138,4882.841489635514,5751.049401216761
2017-11-16 11:00:00,5315.0,5589.871920138081,5155.767964347458,6023.975875928704
2017-11-16 12:00:00,6079.0,6000.857677217845,5566.7537214272215,6434.961633008468
2017-11-16 13:00:00,6658.0,6510.561066866505,6076.457111075882,6944.665022657128
2017-11-16 14:00:00,6125.0,6190.57717013451,5756.473214343887,6624.6811259251335
2017-11-16 15:00:00,4724.0,4832.733920562461,4398.629964771838,5266.8378763530845
2017-11-16 16:00:00,3538.0,3594.1916829320517,3160.0877271414283,4028.295638722675
2017-11-16 17:00:00,3132.0,3117.912645168704,2683.8086893780805,3552.016600959327
2017-11-16 18:00:00,3069.0,2892.9689466903606,2458.864990899737,3327.072902480984
2017-11-16 19:00:00,3643.0,2326.288273890596,1892.1843180999726,2760.3922296812193
2017-11-16 20:00:00,2158.0,1371.0371420718732,936.9331862812498,1805.1410978624965
2017-11-16 21:00:00,760.0,805.0989555747727,370.9949997841494,1239.2029113653962
2017-11-16 22:00:00,469.0,542.476856542163,108.37290075153965,976.5808123327863
2017-11-16 23:00:00,316.0,444.93156693222284,10.827611141599505,879.0355227228462
2017-11-17 00:00:00,405.0,398.81747446300784,0.0,832.9214302536311
2017-11-17 01:00:00,851.0,767.480602055753,333.3766462651297,1201.5845578463764
2017-11-17 02:00:00,2809.0,2696.934174222977,2262.830218432354,3131.0381300136005
2017-11-17 03:00:00,5672.0,5672.281418260113,5238.17746246949,6106.385374050737
2017-11-17 04:00:00,5849.0,6484.235770048673,6050.131814258049,6918.339725839296
2017-11-17 05:00:00,5344.0,5805.422520324855,5371.318564534232,6239.5264761154785
2017-11-17 06:00:00,5132.0,5274.419244348333,4840.31528855771,5708.523200138957
2017-11-17 07:00:00,4706.0,4891.9868234022315,4457.882867611608,5326.090779192855
2017-11-17 08:00:00,5128.0,5187.199816789792,4753.0958609991685,5621.303772580415
2017-11-17 09:00:00,5308.0,5483.927625800138,5049.823670009515,5918.031581590762
2017-11-17 10:00:00,5105.0,5430.7898299046055,4996.685874113982,5864.893785695229
2017-11-17 11:00:00,5488.0,5691.1707499657605,5257.066794175137,6125.274705756384
2017-11-17 12:00:00,5906.0,6007.104395316554,5573.00043952593,6441.208351107177
2017-11-17 13:00:00,6629.0,5997.983374081739,5563.879418291116,6432.087329872363
2017-11-17 14:00:00,5965.0,5847.854928289387,5413.750972498764,6281.958884080011
2017-11-17 15:00:00,5100.0,4847.199641837393,4413.0956860467695,5281.303597628016
2017-11-17 16:00:00,3774.0,3705.2626086610776,3271.1586528704543,4139.3665644517005
2017-11-17 17:00:00,3077.0,3127.3471256683406,2693.2431698777173,3561.451081458964
2017-11-17 18:00:00,3030.0,3061.663114267957,2627.5591584773338,3495.7670700585804
2017-11-17 19:00:00,2630.0,2824.634972245938,2390.531016455315,3258.7389280365614
2017-11-17 20:00:00,2657.0,1941.3556057998576,1507.2516500092343,2375.459561590481
2017-11-17 21:00:00,1222.0,1226.7911228401842,792.6871670495609,1660.8950786308076
2017-11-17 22:00:00,709.0,769.3040717518525,335.20011596122913,1203.4080275424758
2017-11-17 23:00:00,496.0,679.3994511601551,245.29549536953175,1113.5034069507783
2017-11-18 00:00:00,433.0,389.9578241197376,0.0,824.0617799103609
2017-11-18 01:00:00,392.0,459.8822681367584,25.778312346135067,893.9862239273817
2017-11-18 02:00:00,801.0,842.316265638009,408.21230984738565,1276.4202214286324
2017-11-18 03:00:00,1385.0,1637.8608155367797,1203.7568597461564,2071.964771327403
2017-11-18 04:00:00,2115.0,2001.6873979401523,1567.583442149529,2435.791353730776
2017-11-18 05:00:00,3136.0,2988.4443481475373,2554.340392356914,3422.5483039381606
2017-11-18 06:00:00,3676.0,3810.6749591999474,3376.571003409324,4244.778914990571
2017-11-18 07:00:00,4034.0,4329.9311137042605,3895.827157913637,4764.035069494884
2017-11-18 08:00:00,4517.0,4640.403372170055,4206.299416379432,5074.507327960679
2017-11-18 09:00:00,4590.0,4706.1231227708,4272.019166980177,5140.227078561424
2017-11-18 10:00:00,4876.0,4738.971504880032,4304.867549089408,5173.075460670655
2017-11-18 11:00:00,4729.0,4712.373311574577,4278.269355783954,5146.4772673652005
2017-11-18 12:00:00,4754.0,4634.138252400962,4200.034296610339,5068.242208191586
2017-11-18 13:00:00,4939.0,4754.73224125903,4320.628285468407,5188.8361970496535
2017-11-18 14:00:00,4852.0,4588.311572274666,4154.207616484043,5022.415528065289
2017-11-18 15:00:00,4556.0,4185.081775525807,3750.9778197351834,4619.18573131643
2017-11-18 16:00:00,3733.0,3460.185292501163,3026.0813367105397,3894.2892482917864
2017-11-18 17:00:00,3181.0,3059.2023942240958,2625.0984384334724,3493.306350014719
2017-11-18 18:00:00,3011.0,3091.962374881941,2657.8584190913175,3526.066330672564
2017-11-18 19:00:00,3358.0,3035.5855022111436,2601.4815464205203,3469.689458001767
2017-11-18 20:00:00,3347.0,2158.9878209833287,1724.8838651927053,2593.091776773952
2017-11-18 21:00:00,1529.0,1401.6949721217695,967.5910163311462,1835.7989279123929
2017-11-18 22:00:00,996.0,906.4696259551056,472.36567016448225,1340.573581745729
2017-11-18 23:00:00,726.0,795.1201102211994,361.0161544305761,1229.2240660118227
2017-11-19 00:00:00,439.0,412.51013061759994,0.0,846.6140864082233
2017-11-19 01:00:00,407.0,380.8742945262988,0.0,814.9782503169222
2017-11-19 02:00:00,738.0,547.536134833186,113.43217904256267,981.6400906238093
2017-11-19 03:00:00,1138.0,926.3357519733455,492.2317961827222,1360.4397077639687
2017-11-19 04:00:00,1498.0,1326.4182566020474,892.3143008114241,1760.5222123926708
2017-11-19 05:00:00,2214.0,2553.3054161872924,2119.201460396669,2987.4093719779157
2017-11-19 06:00:00,3432.0,3313.5768361960895,2879.472880405466,3747.680791986713
2017-11-19 07:00:00,4460.0,3789.5942867826657,3355.4903309920423,4223.6982425732895
2017-11-19 08:00:00,4195.0,4270.474109205123,3836.3701534144993,4704.578064995746
2017-11-19 09:00:00,4185.0,4586.0753737799505,4151.971417989327,5020.179329570574
2017-11-19 10:00:00,4115.0,4826.044666488233,4391.94071069761,5260.148622278856
2017-11-19 11:00:00,4121.0,4715.501722286951,4281.397766496328,5149.605678077574
2017-11-19 12:00:00,4329.0,4507.410822128165,4073.3068663375416,4941.514777918788
2017-11-19 13:00:00,4555.0,4451.240273361554,4017.1363175709303,4885.344229152177
2017-11-19 14:00:00,4505.0,4168.136873938631,3734.0329181480074,4602.240829729254
2017-11-19 15:00:00,3560.0,4015.9771205027378,3581.8731647121144,4450.081076293362
2017-11-19 16:00:00,2989.0,3418.0748987796323,2983.970942989009,3852.1788545702557
2017-11-19 17:00:00,2477.0,2915.701531999497,2481.5975762088738,3349.8054877901204
2017-11-19 18:00:00,1898.0,2395.4438988864945,1961.3399430958711,2829.547854677118
2017-11-19 19:00:00,1413.0,1720.7156913736073,1286.611735582984,2154.8196471642304
2017-11-19 20:00:00,991.0,1123.886645149401,689.7826893587776,1557.9906009400243
2017-11-19 21:00:00,484.0,503.69246613274015,69.58851034211682,937.7964219233635
2017-11-19 22:00:00,331.0,361.7946590544653,0.0,795.8986148450886
2017-11-19 23:00:00,239.0,298.91322245446514,0.0,733.0171782450884
2017-11-20 00:00:00,373.0,392.37655448582916,0.0,826.4805102764525
2017-11-20 01:00:00,848.0,848.5586243486845,414.45466855806114,1282.662580139308
2017-11-20 02:00:00,2851.0,2674.091084169448,2239.9871283788248,3108.1950399600714
2017-11-20 03:00:00,5208.0,5789.294288125907,5355.1903323352835,6223.39824391653
2017-11-20 04:00:00,6600.0,6249.61961457715,5815.515658786527,6683.723570367773
2017-11-20 05:00:00,5918.0,5830.414943592467,5396.310987801844,6264.518899383091
2017-11-20 06:00:00,5020.0,4755.7193705558975,4321.615414765274,5189.823326346521
2017-11-20 07:00:00,4583.0,4350.170623169778,3916.0666673791548,4784.274578960401
2017-11-20 08:00:00,4556.0,4600.891995862072,4166.788040071448,5034.995951652695
2017-11-20 09:00:00,4812.0,4779.126106742416,4345.022150951792,5213.230062533039
2017-11-20 10:00:00,4866.0,4882.426652034456,4448.322696243833,5316.53060782508
2017-11-20 11:00:00,5095.0,5080.157588137621,4646.053632346998,5514.2615439282445
2017-11-20 12:00:00,5769.0,5540.863763388747,5106.759807598124,5974.967719179371
2017-11-20 13:00:00,6629.0,6347.28257140407,5913.178615613447,6781.386527194693
2017-11-20 14:00:00,6013.0,5903.064569247636,5468.960613457013,6337.16852503826
2017-11-20 15:00:00,4162.0,4343.132288903802,3909.0283331131786,4777.236244694425
2017-11-20 16:00:00,3029.0,3171.9870915826828,2737.8831357920594,3606.091047373306
2017-11-20 17:00:00,2612.0,2650.3428512781575,2216.238895487534,3084.446807068781
2017-11-20 18:00:00,2595.0,2203.6696317604824,1769.565675969859,2637.7735875511057
2017-11-20 19:00:00,3268.0,1539.9168374490166,1105.8128816583933,1974.02079323964
2017-11-20 20:00:00,1174.0,1104.9266363107613,670.822680520138,1539.0305921013846
2017-11-20 21:00:00,560.0,618.2815943536833,184.17763856306,1052.3855501443068
2017-11-20 22:00:00,373.0,454.78562316840873,20.681667377785402,888.8895789590321
2017-11-20 23:00:00,247.0,308.78197122572425,0.0,742.8859270163475
2017-11-21 00:00:00,381.0,369.79380704997857,0.0,803.8977628406019
2017-11-21 01:00:00,867.0,800.9236734178043,366.8197176271809,1235.0276292084277
2017-11-21 02:00:00,2906.0,2778.464478196368,2344.3605224057446,3212.5684339869913
2017-11-21 03:00:00,5793.0,5847.57556028172,5413.4716044910965,6281.679516072343
2017-11-21 04:00:00,6796.0,6459.226378440541,6025.122422649918,6893.330334231165
2017-11-21 05:00:00,5932.0,5963.862299991971,5529.758344201347,6397.966255782594
2017-11-21 06:00:00,5354.0,5297.680746483246,4863.576790692623,5731.78470227387
2017-11-21 07:00:00,4682.0,4684.322891926376,4250.218936135752,5118.426847716999
2017-11-21 08:00:00,4877.0,4926.811350110788,4492.707394320165,5360.915305901412
2017-11-21 09:00:00,5069.0,5173.690194494649,4739.586238704026,5607.794150285273
2017-11-21 10:00:00,5268.0,5177.905680604254,4743.80172481363,5612.009636394877
2017-11-21 11:00:00,5314.0,5473.651812126877,5039.547856336254,5907.755767917501
2017-11-21 12:00:00,5823.0,5886.100947992764,5451.996992202141,6320.204903783388
2017-11-21 13:00:00,6669.0,6527.496131897768,6093.392176107144,6961.600087688391
2017-11-21 14:00:00,6379.0,6104.928330003597,5670.824374212973,6539.03228579422
2017-11-21 15:00:00,4670.0,4757.5096114126945,4323.405655622071,5191.613567203318
2017-11-21 16:00:00,3208.0,3472.3149489895172,3038.210993198894,3906.4189047801406
2017-11-21 17:00:00,2807.0,2946.0399619064438,2511.9360061158204,3380.143917697067
2017-11-21 18:00:00,2583.0,2618.0787964838573,2183.974840693234,3052.1827522744807
2017-11-21 19:00:00,1848.0,1877.9530042646156,1443.8490484739923,2312.056960055239
2017-11-21 20:00:00,1111.0,1190.9391307864582,756.8351749958349,1625.0430865770816
2017-11-21 21:00:00,633.0,674.8659444746983,240.76198868407494,1108.9699002653215
2017-11-21 22:00:00,422.0,369.19322842203815,0.0,803.2971842126615
2017-11-21 23:00:00,320.0,295.92666214028077,0.0,730.0306179309041
2017-11-22 00:00:00,380.0,369.99039369013985,0.0,804.0943494807632
2017-11-22 01:00:00,861.0,857.3444938052752,423.24053801465186,1291.4484495958986
2017-11-22 02:00:00,2761.0,2725.5813943883263,2291.477438597703,3159.6853501789496
2017-11-22 03:00:00,5385.0,5810.30000554749,5376.196049756867,6244.403961338114
2017-11-22 04:00:00,5983.0,6516.329934879553,6082.225979088929,6950.433890670176
2017-11-22 05:00:00,5411.0,6004.082418575223,5569.978462784599,6438.186374365846
2017-11-22 06:00:00,5036.0,5181.773476240476,4747.669520449853,5615.8774320310995
2017-11-22 07:00:00,4830.0,4713.724045606082,4279.620089815458,5147.828001396705
2017-11-22 08:00:00,5165.0,4828.821192933724,4394.717237143101,5262.925148724347
2017-11-22 09:00:00,5484.0,5158.7612154261315,4724.657259635508,5592.865171216755
2017-11-22 10:00:00,5650.0,5242.159343578126,4808.055387787503,5676.263299368749
2017-11-22 11:00:00,5916.0,5549.8498792034725,5115.745923412849,5983.953834994096
2017-11-22 12:00:00,5793.0,5847.965617036087,5413.861661245463,6282.06957282671
2017-11-22 13:00:00,6032.0,6315.223149048589,5881.119193257966,6749.327104839213
2017-11-22 14:00:00,5177.0,5931.641008030081,5497.537052239458,6365.7449638207045
2017-11-22 15:00:00,4347.0,4688.587657428199,4254.483701637576,5122.691613218823
2017-11-22 16:00:00,3179.0,3406.089263453481,2971.985307662858,3840.1932192441045
2017-11-22 17:00:00,2860.0,2830.716346934543,2396.6123911439195,3264.820302725166
2017-11-22 18:00:00,2638.0,2637.426371563772,2203.322415773149,3071.5303273543955
2017-11-22 19:00:00,2077.0,1884.9482956392515,1450.8443398486281,2319.0522514298746
2017-11-22 20:00:00,1474.0,1270.244137858667,836.1401820680437,1704.3480936492904
2017-11-22 21:00:00,1324.0,653.2319173469332,219.12796155630986,1087.3358731375565
2017-11-22 22:00:00,601.0,381.2942494080816,0.0,815.398205198705
2017-11-22 23:00:00,416.0,349.69411736452395,0.0,783.7980731551472
2017-11-23 00:00:00,320.0,381.98640818736806,0.0,816.0903639779914
2017-11-23 01:00:00,266.0,697.521448619671,263.41749282904766,1131.6254044102943
2017-11-23 02:00:00,423.0,1762.2075233307744,1328.103567540151,2196.3114791213975
2017-11-23 03:00:00,834.0,3973.7775092264324,3539.673553435809,4407.881465017055
2017-11-23 04:00:00,991.0,2328.0013586731607,1893.8974028825373,2762.105314463784
2017-11-23 05:00:00,1267.0,3255.7103886554733,2821.60643286485,3689.8143444460966
2017-11-23 06:00:00,2227.0,2917.3284813715704,2483.224525580947,3351.4324371621938
2017-11-23 07:00:00,2817.0,2510.229657110572,2076.125701319949,2944.3336129011955
2017-11-23 08:00:00,3347.0,2883.285395075065,2449.1814392844417,3317.3893508656884
2017-11-23 09:00:00,3169.0,2984.297072504699,2550.1931167140756,3418.4010282953222
2017-11-23 10:00:00,3049.0,3562.0509446213414,3127.946988830718,3996.1549004119647
2017-11-23 11:00:00,2935.0,3697.6493708457233,3263.5454150551,4131.753326636346
2017-11-23 12:00:00,3278.0,3237.3078783363126,2803.2039225456892,3671.411834126936
2017-11-23 13:00:00,3212.0,3274.999050091932,2840.8950943013087,3709.1030058825554
2017-11-23 14:00:00,3340.0,2985.777409842089,2551.673454051466,3419.8813656327125
2017-11-23 15:00:00,3267.0,2778.4426567189544,2344.338700928331,3212.5466125095777
2017-11-23 16:00:00,3194.0,2646.169752941837,2212.0657971512137,3080.2737087324604
2017-11-23 17:00:00,2989.0,2568.263799138007,2134.1598433473837,3002.3677549286303
2017-11-23 18:00:00,2730.0,2399.1826721892294,1965.078716398606,2833.2866279798527
2017-11-23 19:00:00,1962.0,2282.9087630225963,1848.804807231973,2717.0127188132196
2017-11-23 20:00:00,1313.0,1343.774459028221,909.6705032375976,1777.8784148188442
2017-11-23 21:00:00,770.0,815.4572556820114,381.353299891388,1249.5612114726346
2017-11-23 22:00:00,467.0,422.69581047225887,0.0,856.7997662628823
2017-11-23 23:00:00,271.0,292.8483527624972,0.0,726.9523085531205
2017-11-24 00:00:00,257.0,279.116334715019,0.0,713.2202905056423
2017-11-24 01:00:00,403.0,441.12222972635016,7.018273935726825,875.2261855169735
2017-11-24 02:00:00,1045.0,1842.6016175714794,1408.497661780856,2276.7055733621028
2017-11-24 03:00:00,2101.0,1930.9969329593266,1496.8929771687033,2365.10088874995
2017-11-24 04:00:00,2419.0,2335.307967270257,1901.2040114796337,2769.4119230608803
2017-11-24 05:00:00,2480.0,3155.3679930644867,2721.2640372738633,3589.47194885511
2017-11-24 06:00:00,2909.0,2969.620272776861,2535.5163169862376,3403.7242285674843
2017-11-24 07:00:00,3405.0,3248.745719394751,2814.641763604128,3682.8496751853745
2017-11-24 08:00:00,4017.0,3545.0983617095903,3110.994405918967,3979.2023175002137
2017-11-24 09:00:00,4321.0,3781.527100305597,3347.4231445149735,4215.63105609622
2017-11-24 10:00:00,4334.0,4056.94102637145,3622.8370705808265,4491.044982162073
2017-11-24 11:00:00,4749.0,4215.636659330089,3781.5327035394657,4649.740615120712
2017-11-24 12:00:00,4696.0,4525.692236224357,4091.5882804337334,4959.79619201498
2017-11-24 13:00:00,4482.0,4508.297712028794,4074.193756238171,4942.4016678194175
2017-11-24 14:00:00,4858.0,4647.535494886594,4213.431539095971,5081.639450677218
2017-11-24 15:00:00,5325.0,3873.272866712156,3439.1689109215326,4307.37682250278
2017-11-24 16:00:00,3279.0,3144.413722217081,2710.309766426458,3578.5176780077045
2017-11-24 17:00:00,2844.0,2900.9979778869556,2466.8940220963323,3335.101933677579
2017-11-24 18:00:00,2802.0,2929.9830823424754,2495.879126551852,3364.0870381330988
2017-11-24 19:00:00,2297.0,2610.9902149195505,2176.886259128927,3045.094170710174
2017-11-24 20:00:00,1642.0,1965.8965060232447,1531.7925502326214,2400.0004618138682
2017-11-24 21:00:00,1079.0,1244.6650665592392,810.5611107686159,1678.7690223498626
2017-11-24 22:00:00,655.0,652.1223248425604,218.01836905193704,1086.2262806331837
2017-11-24 23:00:00,516.0,552.2183269226431,118.11437113201976,986.3222827132664
2017-11-25 00:00:00,372.0,376.1260575178822,0.0,810.2300133085055
2017-11-25 01:00:00,323.0,420.5415551026215,0.0,854.6455108932448
2017-11-25 02:00:00,595.0,610.4199603108915,176.31600452026817,1044.5239161015147
2017-11-25 03:00:00,1010.0,1006.2941050691736,572.1901492785503,1440.398060859797
2017-11-25 04:00:00,1539.0,1033.254069482671,599.1501136920476,1467.3580252732943
2017-11-25 05:00:00,2133.0,1788.9711579145644,1354.867202123941,2223.0751137051875
2017-11-25 06:00:00,3054.0,2879.3321282252828,2445.2281724346594,3313.436084015906
2017-11-25 07:00:00,3914.0,3480.643265800201,3046.5393100095775,3914.747221590824
2017-11-25 08:00:00,4734.0,3876.7788176229224,3442.674861832299,4310.882773413546
2017-11-25 09:00:00,5167.0,4176.3255407057395,3742.221584915116,4610.429496496363
2017-11-25 10:00:00,4952.0,4352.031632091267,3917.9276763006437,4786.13558788189
2017-11-25 11:00:00,4461.0,4486.210946870186,4052.1069910795622,4920.314902660809
2017-11-25 12:00:00,4348.0,4592.322729954812,4158.218774164188,5026.426685745435
2017-11-25 13:00:00,4380.0,4535.502286881845,4101.398331091222,4969.606242672468
2017-11-25 14:00:00,4490.0,4459.688841097731,4025.5848853071075,4893.792796888354
2017-11-25 15:00:00,4046.0,3988.3871574645987,3554.2832016739753,4422.491113255222
2017-11-25 16:00:00,3463.0,3269.8729314640063,2835.768975673383,3703.9768872546297
2017-11-25 17:00:00,3005.0,3029.2271158411286,2595.1231600505052,3463.331071631752
2017-11-25 18:00:00,2800.0,2917.809683153104,2483.7057273624805,3351.913638943727
2017-11-25 19:00:00,2673.0,2879.159502638319,2445.0555468476955,3313.263458428942
2017-11-25 20:00:00,2584.0,2157.5611058996665,1723.4571501090431,2591.66506169029
2017-11-25 21:00:00,1386.0,1307.059981233298,872.9560254426747,1741.1639370239213
2017-11-25 22:00:00,938.0,802.01889659001,367.9149407993866,1236.1228523806333
2017-11-25 23:00:00,701.0,767.3313156059374,333.2273598153141,1201.435271396561
2017-11-26 00:00:00,513.0,389.86809882645986,0.0,823.9720546170831
2017-11-26 01:00:00,454.0,368.53039366183776,0.0,802.634349452461
2017-11-26 02:00:00,602.0,509.365999108669,75.26204331804564,943.4699548992924
2017-11-26 03:00:00,965.0,843.056550085422,408.9525942947987,1277.1605058760454
2017-11-26 04:00:00,1240.0,1107.0331492481087,672.9291934574853,1541.137105038732
2017-11-26 05:00:00,1769.0,1569.263068860139,1135.1591130695156,2003.3670246507622
2017-11-26 06:00:00,2404.0,2614.0268308430923,2179.922875052469,3048.1307866337156
2017-11-26 07:00:00,3280.0,3225.8340343426335,2791.73007855201,3659.937990133257
2017-11-26 08:00:00,3886.0,3546.234237680115,3112.1302818894915,3980.338193470738
2017-11-26 09:00:00,4299.0,3882.728035072025,3448.6240792814015,4316.831990862648
2017-11-26 10:00:00,4860.0,4222.016210353233,3787.9122545626096,4656.120166143856
2017-11-26 11:00:00,4871.0,4264.979610036889,3830.875654246266,4699.083565827513
2017-11-26 12:00:00,4994.0,4258.780530236816,3824.6765744461927,4692.884486027439
2017-11-26 13:00:00,4933.0,4437.900938606146,4003.796982815523,4872.0048943967695
2017-11-26 14:00:00,4794.0,4276.396273779287,3842.292317988664,4710.5002295699105
2017-11-26 15:00:00,4392.0,3833.2880576176776,3399.1841018270543,4267.392013408301
2017-11-26 16:00:00,3341.0,3226.5029368786327,2792.3989810880094,3660.606892669256
2017-11-26 17:00:00,2839.0,2826.6040697201897,2392.5001139295664,3260.708025510813
2017-11-26 18:00:00,2550.0,2695.6859272076563,2261.581971417033,3129.7898829982796
2017-11-26 19:00:00,1640.0,1850.0878499747103,1415.983894184087,2284.191805765334
2017-11-26 20:00:00,1009.0,1118.5449088848698,684.4409530942464,1552.648864675493
2017-11-26 21:00:00,539.0,707.8894940799817,273.7855382893583,1141.993449870605
2017-11-26 22:00:00,317.0,383.10753000051704,0.0,817.2114857911404
2017-11-26 23:00:00,213.0,280.7683510393931,0.0,714.8723068300164
2017-11-27 00:00:00,328.0,355.33699566667804,0.0,789.4409514573014
2017-11-27 01:00:00,810.0,769.0045479285394,334.9005921379161,1203.1085037191629
2017-11-27 02:00:00,2875.0,2350.7502107331943,1916.646254942571,2784.8541665238176
2017-11-27 03:00:00,5636.0,5515.445837922746,5081.341882132123,5949.54979371337
2017-11-27 04:00:00,6656.0,6057.209002358733,5623.10504656811,6491.312958149357
2017-11-27 05:00:00,5907.0,5614.235336909566,5180.131381118943,6048.33929270019
2017-11-27 06:00:00,5063.0,4767.478396792149,4333.374441001526,5201.582352582773
2017-11-27 07:00:00,4365.0,4197.406698763245,3763.3027429726217,4631.510654553868
2017-11-27 08:00:00,4513.0,4430.65348939784,3996.5495336072163,4864.757445188463
2017-11-27 09:00:00,4933.0,4711.6633132796105,4277.559357488987,5145.767269070234
2017-11-27 10:00:00,4659.0,4733.215797595771,4299.111841805147,5167.319753386394
2017-11-27 11:00:00,4997.0,4960.631289654162,4526.527333863539,5394.7352454447855
2017-11-27 12:00:00,5748.0,5636.762911068669,5202.658955278046,6070.866866859293
2017-11-27 13:00:00,6674.0,6228.158430222353,5794.054474431729,6662.262386012976
2017-11-27 14:00:00,5937.0,5793.402627119113,5359.29867132849,6227.506582909737
2017-11-27 15:00:00,4171.0,4216.871554414244,3782.767598623621,4650.9755102048675
2017-11-27 16:00:00,2984.0,3010.2524193875647,2576.1484635969414,3444.356375178188
2017-11-27 17:00:00,2399.0,2528.170776812043,2094.06682102142,2962.2747326026665
2017-11-27 18:00:00,2051.0,2328.7732585289746,1894.6693027383512,2762.877214319598
2017-11-27 19:00:00,1431.0,1567.5162151793168,1133.4122593886934,2001.62017096994
2017-11-27 20:00:00,955.0,1074.8656090828654,640.761653292242,1508.9695648734887
2017-11-27 21:00:00,569.0,503.07217043675405,68.96821464613072,937.1761262273774
2017-11-27 22:00:00,317.0,374.05119393796383,0.0,808.1551497285872
2017-11-27 23:00:00,254.0,293.28087828257674,0.0,727.3848340732001
2017-11-28 00:00:00,352.0,357.35822259838733,0.0,791.4621783890107
2017-11-28 01:00:00,843.0,817.4542209196354,383.3502651290121,1251.5581767102587
2017-11-28 02:00:00,3058.0,2741.318402550828,2307.2144467602047,3175.4223583414514
2017-11-28 03:00:00,5917.0,5567.98722408682,5133.883268296197,6002.091179877443
2017-11-28 04:00:00,6649.0,6141.965254095184,5707.8612983045605,6576.069209885807
2017-11-28 05:00:00,6075.0,5609.898001334844,5175.79404554422,6044.001957125467
2017-11-28 06:00:00,5320.0,5015.082251927868,4580.978296137245,5449.1862077184915
2017-11-28 07:00:00,4493.0,4459.86650400463,4025.7625482140065,4893.970459795253
2017-11-28 08:00:00,4934.0,4698.794275892114,4264.69032010149,5132.898231682737
2017-11-28 09:00:00,4980.0,4955.956920806017,4521.852965015393,5390.06087659664
2017-11-28 10:00:00,4837.0,4906.736573139162,4472.632617348539,5340.840528929785
2017-11-28 11:00:00,5024.0,5304.976376354933,4870.872420564309,5739.080332145556
2017-11-28 12:00:00,5756.0,5771.423653423574,5337.319697632951,6205.527609214198
2017-11-28 13:00:00,6731.0,6348.961843174295,5914.857887383671,6783.065798964918
2017-11-28 14:00:00,5922.0,5980.085479935819,5545.981524145196,6414.189435726443
2017-11-28 15:00:00,4740.0,4556.574270659976,4122.4703148693525,4990.678226450599
2017-11-28 16:00:00,3162.0,3208.2709171775737,2774.1669613869503,3642.374872968197
2017-11-28 17:00:00,2676.0,2719.6400210088777,2285.5360652182544,3153.743976799501
2017-11-28 18:00:00,2378.0,2638.5968128091126,2204.4928570184893,3072.700768599736
2017-11-28 19:00:00,1532.0,1846.4265068419147,1412.3225510512914,2280.530462632538
2017-11-28 20:00:00,946.0,1233.0740576912096,798.9701019005863,1667.178013481833
2017-11-28 21:00:00,552.0,572.9102804513506,138.80632466072723,1007.0142362419739
2017-11-28 22:00:00,310.0,350.9673362502984,0.0,785.0712920409217
2017-11-28 23:00:00,274.0,292.7987743799501,0.0,726.9027301705735
2017-11-29 00:00:00,376.0,361.81890601626054,0.0,795.9228618068839
2017-11-29 01:00:00,883.0,830.6878295765131,396.58387378588975,1264.7917853671365
2017-11-29 02:00:00,3034.0,2764.453957694217,2330.3500019035937,3198.5579134848404
2017-11-29 03:00:00,5956.0,5612.9411065583245,5178.837150767701,6047.045062348948
2017-11-29 04:00:00,6624.0,6248.472160617864,5814.36820482724,6682.576116408487
2017-11-29 05:00:00,6020.0,5548.462710470296,5114.3587546796725,5982.566666260919
2017-11-29 06:00:00,5331.0,5125.25926806978,4691.1553122791565,5559.363223860403
2017-11-29 07:00:00,4690.0,4557.5574912759075,4123.453535485284,4991.661447066531
2017-11-29 08:00:00,4770.0,4814.353544195905,4380.249588405281,5248.457499986528
2017-11-29 09:00:00,4982.0,5002.697265344956,4568.593309554332,5436.801221135579
2017-11-29 10:00:00,4983.0,5051.655765339485,4617.5518095488615,5485.759721130108
2017-11-29 11:00:00,5223.0,5304.591649354863,4870.48769356424,5738.695605145486
2017-11-29 12:00:00,5862.0,6001.7680876506765,5567.664131860053,6435.8720434413
2017-11-29 13:00:00,6685.0,6381.666331870699,5947.562376080075,6815.770287661322
2017-11-29 14:00:00,6347.0,5952.526327015861,5518.422371225238,6386.6302828064845
2017-11-29 15:00:00,4914.0,4598.212172451733,4164.1082166611095,5032.316128242356
2017-11-29 16:00:00,3716.0,3296.8797234328986,2862.7757676422752,3730.983679223522
2017-11-29 17:00:00,2859.0,2839.0584932055194,2404.954537414896,3273.1624489961428
2017-11-29 18:00:00,2491.0,2656.1035339606756,2221.9995781700522,3090.207489751299
2017-11-29 19:00:00,1780.0,1983.941919285717,1549.8379634950936,2418.04587507634
2017-11-29 20:00:00,2859.0,1337.624309024733,903.5203532341097,1771.7282648153564
2017-11-29 21:00:00,732.0,647.7763507042404,213.67239491361704,1081.8803064948638
2017-11-29 22:00:00,401.0,357.00286721215946,0.0,791.1068230027828
2017-11-29 23:00:00,284.0,405.6513933965568,0.0,839.7553491871802
2017-11-30 00:00:00,395.0,375.4429736299609,0.0,809.5469294205842
2017-11-30 01:00:00,926.0,701.9287730482123,267.82481725758896,1136.0327288388357
2017-11-30 02:00:00,2967.0,2673.6934717338245,2239.589515943201,3107.797427524448
2017-11-30 03:00:00,5862.0,5528.250699328437,5094.146743537814,5962.35465511906
2017-11-30 04:00:00,6440.0,6491.38944779292,6057.285492002296,6925.493403583543
2017-11-30 05:00:00,5819.0,5802.6642840618015,5368.560328271178,6236.768239852425
2017-11-30 06:00:00,5518.0,5246.362708102883,4812.258752312259,5680.466663893506
2017-11-30 07:00:00,4643.0,4822.982544877253,4388.878589086629,5257.086500667876
2017-11-30 08:00:00,5089.0,4985.4956945792,4551.391738788577,5419.599650369823
2017-11-30 09:00:00,5069.0,5173.287484758378,4739.183528967755,5607.391440549001
2017-11-30 10:00:00,5138.0,5166.929160425034,4732.8252046344105,5601.033116215657
2017-11-30 11:00:00,5338.0,5550.940308278732,5116.836352488109,5985.044264069355
2017-11-30 12:00:00,5700.0,5946.283154945165,5512.1791991545415,6380.387110735788
2017-11-30 13:00:00,6605.0,6513.570423864964,6079.466468074341,6947.6743796555875
2017-11-30 14:00:00,6241.0,6078.371992900027,5644.268037109404,6512.4759486906505
2017-11-30 15:00:00,4668.0,4805.435360360526,4371.331404569903,5239.539316151149
2017-11-30 16:00:00,3377.0,3559.5831218074,3125.4791660167766,3993.6870775980233
2017-11-30 17:00:00,3106.0,3092.130889749432,2658.0269339588085,3526.234845540055
2017-11-30 18:00:00,3619.0,2854.7023660837563,2420.598410293133,3288.8063218743796
2017-11-30 19:00:00,2969.0,2256.175299067206,1822.0713432765829,2690.2792548578295
2017-11-30 20:00:00,1383.0,1344.772904719412,910.6689489287887,1778.8768605100354
2017-11-30 21:00:00,721.0,775.259794296029,341.15583850540565,1209.3637500866523
2017-11-30 22:00:00,431.0,539.1077057921083,105.00375000148495,973.2116615827316
2017-11-30 23:00:00,291.0,385.0945717105797,0.0,819.198527501203
2017-12-01 00:00:00,420.0,381.2042989675263,0.0,815.3082547581496
2017-12-01 01:00:00,830.0,742.9081341912697,308.8041784006464,1177.012089981893
2017-12-01 02:00:00,2873.0,2481.8769387973553,2047.772983006732,2915.9808945879786
2017-12-01 03:00:00,5650.0,5505.899143454543,5071.79518766392,5940.003099245167
2017-12-01 04:00:00,6708.0,6367.99782986973,5933.893874079106,6802.101785660353
2017-12-01 05:00:00,5772.0,5730.429992462815,5296.326036672192,6164.533948253438
2017-12-01 06:00:00,5335.0,5260.422077884663,4826.31812209404,5694.526033675286
2017-12-01 07:00:00,4881.0,4898.973028233694,4464.869072443071,5333.076984024317
2017-12-01 08:00:00,5187.0,5312.136721729671,4878.032765939048,5746.240677520294
2017-12-01 09:00:00,5421.0,5513.319127404091,5079.215171613468,5947.423083194714
2017-12-01 10:00:00,5565.0,5499.969516333154,5065.865560542531,5934.073472123778
2017-12-01 11:00:00,5711.0,5689.538493379867,5255.4345375892435,6123.64244917049
2017-12-01 12:00:00,6284.0,5988.868322915519,5554.764367124895,6422.972278706142
2017-12-01 13:00:00,6468.0,6418.315493588315,5984.211537797692,6852.419449378938
2017-12-01 14:00:00,6000.0,5948.743054423092,5514.639098632469,6382.847010213715
2017-12-01 15:00:00,5037.0,4937.493445291454,4503.389489500831,5371.597401082077
2017-12-01 16:00:00,4086.0,3682.449552697302,3248.3455969066786,4116.553508487925
2017-12-01 17:00:00,3480.0,3187.8665965154946,2753.7626407248713,3621.970552306118
2017-12-01 18:00:00,3043.0,3072.646045335578,2638.5420895449547,3506.7500011262014
2017-12-01 19:00:00,3054.0,2697.307194186593,2263.2032383959695,3131.411149977216
2017-12-01 20:00:00,3604.0,2049.8500129825065,1615.7460571918832,2483.95396877313
2017-12-01 21:00:00,1479.0,1286.905955770054,852.8019999794308,1721.0099115606774
2017-12-01 22:00:00,866.0,870.7000636488012,436.5961078581779,1304.8040194394246
2017-12-01 23:00:00,635.0,718.1638987911031,284.05994300047973,1152.2678545817264
2017-12-02 00:00:00,489.0,459.2458987113788,25.14194292075547,893.3498545020021
2017-12-02 01:00:00,539.0,477.65057612963994,43.54662033901661,911.7545319202633
2017-12-02 02:00:00,978.0,730.9677602089591,296.8638044183358,1165.0717159995825
2017-12-02 03:00:00,1666.0,1492.943659383947,1058.8397035933237,1927.0476151745704
2017-12-02 04:00:00,2386.0,2178.1428340846624,1744.038878294039,2612.2467898752857
2017-12-02 05:00:00,3343.0,3194.107570538485,2760.003614747862,3628.2115263291084
2017-12-02 06:00:00,4112.0,3947.6380888685285,3513.534133077905,4381.742044659151
2017-12-02 07:00:00,4562.0,4429.2474425388955,3995.143486748272,4863.351398329519
2017-12-02 08:00:00,5055.0,4754.2824728059895,4320.178517015366,5188.386428596613
2017-12-02 09:00:00,5441.0,5109.803891599753,4675.69993580913,5543.907847390376
2017-12-02 10:00:00,5516.0,5025.778503913114,4591.674548122491,5459.882459703737
2017-12-02 11:00:00,5177.0,4951.773515061002,4517.669559270379,5385.877470851626
2017-12-02 12:00:00,5477.0,4955.139531784914,4521.03557599429,5389.243487575537
2017-12-02 13:00:00,5397.0,4985.161912833321,4551.057957042698,5419.265868623945
2017-12-02 14:00:00,5838.0,4847.761665595225,4413.657709804602,5281.8656213858485
2017-12-02 15:00:00,5490.0,4503.250081296523,4069.1461255058994,4937.354037087146
2017-12-02 16:00:00,4140.0,3511.0413974521744,3076.937441661551,3945.1453532427977
2017-12-02 17:00:00,4032.0,3071.398060892674,2637.2941051020507,3505.5020166832974
2017-12-02 18:00:00,3182.0,3146.57566448847,2712.4717086978467,3580.6796202790933
2017-12-02 19:00:00,2623.0,2925.6065974577396,2491.502641667116,3359.710553248363
2017-12-02 20:00:00,1939.0,2315.546439526241,1881.4424837356178,2749.6503953168644
2017-12-02 21:00:00,1274.0,1361.7793262440362,927.6753704534128,1795.8832820346595
2017-12-02 22:00:00,705.0,904.3503198261748,470.24636403555144,1338.454275616798
2017-12-02 23:00:00,577.0,601.5106279839003,167.40667219327702,1035.6145837745237
2017-12-03 00:00:00,343.0,290.19392007166937,0.0,724.2978758622927
2017-12-03 01:00:00,289.0,387.6619715507091,0.0,821.7659273413324
2017-12-03 02:00:00,476.0,688.8846028458788,254.78064705525549,1122.9885586365021
2017-12-03 03:00:00,813.0,1134.2271470283374,700.1231912377141,1568.3311028189607
2017-12-03 04:00:00,1131.0,1244.640340615263,810.5363848246398,1678.7442964058864
2017-12-03 05:00:00,1936.0,2095.723987151722,1661.6200313610989,2529.8279429423455
2017-12-03 06:00:00,2831.0,2831.472768856334,2397.3688130657106,3265.5767246469572
2017-12-03 07:00:00,3515.0,3536.993450131903,3102.8894943412797,3971.0974059225264
2017-12-03 08:00:00,4113.0,4084.2526555078243,3650.148699717201,4518.356611298448
2017-12-03 09:00:00,4235.0,4467.760617409095,4033.656661618472,4901.8645731997185
2017-12-03 10:00:00,4516.0,4356.5661313568835,3922.46217556626,4790.670087147507
2017-12-03 11:00:00,4383.0,4640.8923531772625,4206.788397386639,5074.996308967886
2017-12-03 12:00:00,4892.0,4542.870079826476,4108.766124035853,4976.9740356171
2017-12-03 13:00:00,4962.0,4463.559230478122,4029.455274687499,4897.663186268745
2017-12-03 14:00:00,5014.0,4314.843197639006,3880.7392418483823,4748.947153429629
2017-12-03 15:00:00,4035.0,3998.485702266391,3564.3817464757676,4432.589658057014
2017-12-03 16:00:00,2993.0,3370.0461308337603,2935.942175043137,3804.1500866243837
2017-12-03 17:00:00,2533.0,2923.6759122038043,2489.571956413181,3357.7798679944276
2017-12-03 18:00:00,2135.0,2660.072566195933,2225.96861040531,3094.1765219865565
2017-12-03 19:00:00,1782.0,1841.785669920562,1407.6817141299387,2275.8896257111855
2017-12-03 20:00:00,1105.0,1274.250391771292,840.1464359806687,1708.3543475619153
2017-12-03 21:00:00,573.0,555.6827458459907,121.57879005536734,989.786701636614
2017-12-03 22:00:00,358.0,408.33501858407067,0.0,842.438974374694
2017-12-03 23:00:00,247.0,297.8607446295708,0.0,731.964700420194
2017-12-04 00:00:00,407.0,357.49777875484386,0.0,791.6017345454673
2017-12-04 01:00:00,915.0,761.4654649213081,327.3615091306848,1195.5694207119313
2017-12-04 02:00:00,2938.0,2643.738201821577,2209.634246030954,3077.8421576122005
2017-12-04 03:00:00,5369.0,5551.548214719324,5117.444258928701,5985.652170509948
2017-12-04 04:00:00,5056.0,5952.649793974704,5518.545838184081,6386.7537497653275
2017-12-04 05:00:00,5454.0,5803.7819748380525,5369.678019047429,6237.885930628676
2017-12-04 06:00:00,5173.0,4806.751496786752,4372.647540996129,5240.855452577375
2017-12-04 07:00:00,4647.0,4316.461803773121,3882.3578479824973,4750.565759563744
2017-12-04 08:00:00,4641.0,4536.449206572347,4102.345250781724,4970.55316236297
2017-12-04 09:00:00,4705.0,4830.615947812813,4396.51199202219,5264.719903603436
2017-12-04 10:00:00,5004.0,5042.492959855018,4608.389004064395,5476.596915645641
2017-12-04 11:00:00,5165.0,5205.681536993155,4771.577581202531,5639.785492783778
2017-12-04 12:00:00,5666.0,5631.491463924428,5197.387508133805,6065.595419715051
2017-12-04 13:00:00,6533.0,5900.943322307667,5466.839366517043,6335.04727809829
2017-12-04 14:00:00,5912.0,5848.199254882159,5414.095299091536,6282.303210672782
2017-12-04 15:00:00,4378.0,4291.987446674347,3857.8834908837234,4726.09140246497
2017-12-04 16:00:00,3092.0,3241.5157850478986,2807.4118292572753,3675.619740838522
2017-12-04 17:00:00,2556.0,2629.871286839353,2195.76733104873,3063.9752426299765
2017-12-04 18:00:00,2150.0,2362.028273835809,1927.9243180451858,2796.1322296264325
2017-12-04 19:00:00,1653.0,1711.006914169245,1276.9029583786216,2145.110869959868
2017-12-04 20:00:00,1763.0,1197.9123302980327,763.8083745074093,1632.016286088656
2017-12-04 21:00:00,693.0,534.5318823939823,100.42792660335897,968.6358381846056
2017-12-04 22:00:00,327.0,368.49646846614365,0.0,802.6004242567669
2017-12-04 23:00:00,278.0,348.2029098584767,0.0,782.3068656491
2017-12-05 00:00:00,394.0,376.4920380819984,0.0,810.5959938726216
2017-12-05 01:00:00,853.0,754.0521617991313,319.948206008508,1188.1561175897546
2017-12-05 02:00:00,2637.0,2742.7696422471536,2308.6656864565302,3176.873598037777
2017-12-05 03:00:00,3657.0,5776.019737194541,5341.915781403918,6210.123692985165
2017-12-05 04:00:00,2334.0,6552.191639566159,6118.087683775536,6986.2955953567825
2017-12-05 05:00:00,2160.0,5803.365983318314,5369.26202752769,6237.469939108937
2017-12-05 06:00:00,2578.0,3507.268531016138,3073.1645752255145,3941.372486806761
2017-12-05 07:00:00,3706.0,3463.6470341173413,3029.543078326718,3897.7509899079646
2017-12-05 08:00:00,3683.0,3582.6825155404204,3148.578559749797,4016.7864713310437
2017-12-05 09:00:00,3991.0,3792.5540779696466,3358.4501221790233,4226.65803376027
2017-12-05 10:00:00,4158.0,4370.533323189654,3936.4293673990305,4804.637278980277
2017-12-05 11:00:00,4383.0,4504.375618036697,4070.271662246074,4938.479573827321
2017-12-05 18:00:00,2278.0,2348.048427818005,1913.9444720273818,2782.1523836086285
2017-12-05 19:00:00,1555.0,1813.432186167036,1379.3282303764126,2247.5361419576593
2017-12-05 20:00:00,1014.0,1264.0177674637182,829.9138116730949,1698.1217232543415
2017-12-05 21:00:00,744.0,605.7773609820533,171.67340519143,1039.8813167726767
2017-12-05 22:00:00,585.0,377.90846937608177,0.0,812.012425166705
2017-12-05 23:00:00,409.0,294.58652306645286,0.0,728.6904788570762
2017-12-06 00:00:00,534.0,343.65553524636704,0.0,777.7594910369903
2017-12-06 01:00:00,1072.0,629.761097175861,195.65714138523765,1063.8650529664842
2017-12-06 02:00:00,3067.0,1889.6175618294985,1455.5136060388752,2323.7215176201216
2017-12-06 03:00:00,5480.0,4671.835505248695,4237.731549458072,5105.939461039318
2017-12-06 04:00:00,5255.0,5564.871603687031,5130.767647896408,5998.975559477654
2017-12-06 05:00:00,5113.0,5363.7682146999905,4929.664258909367,5797.872170490614
2017-12-06 06:00:00,5485.0,4721.024643956225,4286.920688165602,5155.1285997468485
2017-12-06 07:00:00,4772.0,4391.205633489211,3957.101677698588,4825.309589279835
2017-12-06 08:00:00,4861.0,4497.717722417654,4063.6137666270306,4931.821678208277
2017-12-06 09:00:00,4983.0,4771.84330416449,4337.739348373867,5205.947259955114
2017-12-06 10:00:00,5073.0,5000.153909375443,4566.049953584819,5434.257865166066
2017-12-06 11:00:00,5155.0,5214.514764547617,4780.410808756994,5648.618720338241
2017-12-06 12:00:00,5480.0,5749.595369432651,5315.4914136420275,6183.699325223274
2017-12-06 13:00:00,5729.0,5568.76922774042,5134.665271949797,6002.873183531044
2017-12-06 14:00:00,5196.0,5507.993283810502,5073.889328019879,5942.097239601126
2017-12-06 15:00:00,4144.0,4607.5218813381525,4173.417925547529,5041.625837128776
2017-12-06 16:00:00,3061.0,3197.6159759184166,2763.512020127793,3631.71993170904
2017-12-06 17:00:00,2753.0,2734.395984667891,2300.2920288772675,3168.499940458514
2017-12-06 18:00:00,2449.0,2406.9930030011255,1972.8890472105022,2841.096958791749
2017-12-06 19:00:00,1652.0,1920.8413224371584,1486.737366646535,2354.9452782277817
2017-12-06 20:00:00,1093.0,1243.9785234117326,809.8745676211092,1678.082479202356
2017-12-06 21:00:00,602.0,610.8580760395399,176.7541202489166,1044.9620318301631
2017-12-06 22:00:00,357.0,371.48618413749057,0.0,805.5901399281139
2017-12-06 23:00:00,286.0,335.063404343826,0.0,769.1673601344494
2017-12-07 00:00:00,376.0,364.6554431000938,0.0,798.7593988907172
2017-12-07 01:00:00,927.0,763.9060439966393,329.8020882060159,1198.0099997872626
2017-12-07 02:00:00,3044.0,2531.82766944447,2097.7237136538465,2965.931625235093
2017-12-07 03:00:00,5058.0,5318.019279893947,4883.915324103324,5752.12323568457
2017-12-07 04:00:00,5782.0,5897.184233709211,5463.080277918588,6331.2881894998345
2017-12-07 05:00:00,5509.0,5611.7662062863565,5177.662250495733,6045.87016207698
2017-12-07 06:00:00,4958.0,4945.072172722929,4510.968216932306,5379.176128513553
2017-12-07 07:00:00,4486.0,4487.979714942288,4053.875759151665,4922.083670732912
2017-12-07 08:00:00,4774.0,4744.104213503645,4310.000257713022,5178.208169294268
2017-12-07 09:00:00,4981.0,4874.208861509608,4440.104905718985,5308.3128173002315
2017-12-07 10:00:00,5035.0,4975.768840652464,4541.664884861841,5409.872796443087
2017-12-07 11:00:00,5296.0,5271.537529052029,4837.433573261405,5705.641484842652
2017-12-07 12:00:00,5696.0,5558.314155964731,5124.210200174108,5992.418111755354
2017-12-07 13:00:00,6217.0,6227.630908218462,5793.526952427838,6661.734864009085
2017-12-07 14:00:00,5865.0,5839.70995893634,5405.606003145716,6273.813914726963
2017-12-07 15:00:00,4712.0,4362.873879606426,3928.769923815803,4796.97783539705
2017-12-07 16:00:00,3445.0,3346.6513574688274,2912.547401678204,3780.7553132594508
2017-12-07 17:00:00,2995.0,3005.3096235353605,2571.205667744737,3439.413579325984
2017-12-07 18:00:00,2934.0,2849.698959066485,2415.5950032758615,3283.802914857108
2017-12-07 19:00:00,1923.0,2307.0384813167816,1872.9345255261583,2741.142437107405
2017-12-07 20:00:00,1152.0,1316.6154357820835,882.5114799914602,1750.7193915727069
2017-12-07 21:00:00,651.0,770.8966143491026,336.7926585584793,1205.0005701397258
2017-12-07 22:00:00,386.0,429.53731655200244,0.0,863.6412723426258
2017-12-07 23:00:00,319.0,318.9162039741645,0.0,753.0201597647879
2017-12-08 00:00:00,392.0,370.8677293172275,0.0,804.9716851078508
2017-12-08 01:00:00,865.0,745.6143555949251,311.51039980430176,1179.7183113855485
2017-12-08 02:00:00,2916.0,2489.5492456666148,2055.4452898759914,2923.653201457238
2017-12-08 03:00:00,5276.0,5306.221122184159,4872.117166393536,5740.325077974782
2017-12-08 04:00:00,6081.0,5968.677807567848,5534.573851777224,6402.781763358471
2017-12-08 05:00:00,5448.0,5456.509917194666,5022.4059614040425,5890.613872985289
2017-12-08 06:00:00,5087.0,5055.300754115255,4621.196798324631,5489.404709905878
2017-12-08 07:00:00,4771.0,4616.455662009874,4182.35170621925,5050.559617800497
2017-12-08 08:00:00,5083.0,5014.7952746225255,4580.691318831902,5448.899230413149
2017-12-08 09:00:00,5299.0,5344.715094261551,4910.6111384709275,5778.819050052174
2017-12-08 10:00:00,5418.0,5237.62462940787,4803.520673617247,5671.728585198493
2017-12-08 11:00:00,5424.0,5548.714309248589,5114.610353457966,5982.818265039213
2017-12-08 12:00:00,5931.0,5663.730624834501,5229.626669043878,6097.8345806251245
2017-12-08 13:00:00,6150.0,6277.861586520119,5843.757630729496,6711.965542310742
2017-12-08 14:00:00,5526.0,5767.429274427798,5333.325318637175,6201.5332302184215
2017-12-08 15:00:00,4564.0,4610.641638784582,4176.537682993959,5044.745594575205
2017-12-08 16:00:00,3631.0,3532.014129150166,3097.9101733595426,3966.1180849407892
2017-12-08 17:00:00,3190.0,3008.445208503036,2574.341252712413,3442.5491642936595
2017-12-08 18:00:00,3138.0,2981.447061785226,2547.343105994603,3415.5510175758495
2017-12-08 19:00:00,2728.0,2684.4799777668127,2250.3760219761893,3118.583933557436
2017-12-08 20:00:00,1846.0,1954.9270288904202,1520.8230730997968,2389.0309846810433
2017-12-08 21:00:00,1326.0,1220.5956728007648,786.4917170101414,1654.699628591388
2017-12-08 22:00:00,826.0,783.3371951106378,349.2332393200145,1217.4411509012612
2017-12-08 23:00:00,601.0,551.2327278839136,117.12877209329031,985.336683674537
2017-12-09 00:00:00,389.0,376.5236296485283,0.0,810.6275854391516
2017-12-09 01:00:00,471.0,437.92052386766795,3.8165680770446215,872.0244796582913
2017-12-09 02:00:00,877.0,614.1105170793016,180.0065612886783,1048.214472869925
2017-12-09 03:00:00,1441.0,1176.6174706215827,742.5135148309594,1610.721426412206
2017-12-09 04:00:00,2156.0,1938.4567245042947,1504.3527687136714,2372.560680294918
2017-12-09 05:00:00,3024.0,3117.2023169574095,2683.098361166786,3551.306272748033
2017-12-09 06:00:00,3900.0,3599.753839860557,3165.6498840699337,4033.8577956511804
2017-12-09 07:00:00,4433.0,4190.104935179651,3756.0009793890276,4624.208890970274
2017-12-09 08:00:00,4928.0,4402.355389201048,3968.2514334104244,4836.459344991671
2017-12-09 09:00:00,5263.0,4837.4777023977385,4403.373746607115,5271.581658188362
2017-12-09 10:00:00,5186.0,4775.290371311396,4341.186415520772,5209.394327102019
2017-12-09 11:00:00,5255.0,4804.974009524572,4370.870053733948,5239.077965315195
2017-12-09 12:00:00,5087.0,4766.5990969162285,4332.495141125605,5200.703052706852
2017-12-09 13:00:00,5160.0,4773.307650840317,4339.203695049694,5207.411606630941
2017-12-09 14:00:00,5536.0,4665.764416970991,4231.660461180368,5099.868372761614
2017-12-09 15:00:00,4555.0,4180.415663925373,3746.31170813475,4614.519619715997
2017-12-09 16:00:00,3449.0,3373.3311068565167,2939.2271510658934,3807.43506264714
2017-12-09 17:00:00,3030.0,2986.7225086417675,2552.618552851144,3420.826464432391
2017-12-09 18:00:00,3260.0,3007.467594952845,2573.3636391622217,3441.5715507434684
2017-12-09 19:00:00,3068.0,2900.1941234794594,2466.090167688836,3334.298079270083
2017-12-09 20:00:00,1919.0,2080.8415786526766,1646.7376228620533,2514.9455344433
2017-12-09 21:00:00,1370.0,1368.9641348616544,934.8601790710311,1803.0680906522778
2017-12-09 22:00:00,910.0,898.464742810914,464.3607870202907,1332.5686986015373
2017-12-09 23:00:00,641.0,549.0225261655524,114.91857037492912,983.1264819561758
2017-12-10 00:00:00,391.0,368.941740018533,0.0,803.0456958091563
2017-12-10 01:00:00,392.0,358.31882739018005,0.0,792.4227831808034
2017-12-10 02:00:00,635.0,449.2785989880942,15.174643197470857,883.3825547787176
2017-12-10 03:00:00,922.0,811.3062164473633,377.20226065674,1245.4101722379867
2017-12-10 04:00:00,1152.0,1204.2195638522096,770.1156080615863,1638.323519642833
2017-12-10 05:00:00,1869.0,2079.9161581996586,1645.8122024090353,2514.020113990282
2017-12-10 06:00:00,2745.0,2752.1334637431146,2318.0295079524913,3186.237419533738
2017-12-10 07:00:00,3616.0,3372.40529285709,2938.3013370664667,3806.5092486477133
2017-12-10 08:00:00,4025.0,3673.8306028950983,3239.726647104475,4107.934558685722
2017-12-10 09:00:00,4264.0,4261.086521770088,3826.982565979465,4695.190477560712
2017-12-10 10:00:00,4352.0,4477.30802053216,4043.204064741537,4911.411976322784
2017-12-10 11:00:00,4370.0,4435.91453929532,4001.8105835046963,4870.018495085943
2017-12-10 12:00:00,4762.0,4371.7355657343505,3937.631609943727,4805.839521524974
2017-12-10 13:00:00,4604.0,4346.315194981537,3912.211239190914,4780.419150772161
2017-12-10 14:00:00,4355.0,4206.942734370325,3772.8387785797013,4641.046690160948
2017-12-10 15:00:00,3724.0,3907.7311370154202,3473.627181224797,4341.835092806044
2017-12-10 16:00:00,2966.0,3195.4010867239717,2761.2971309333484,3629.505042514595
2017-12-10 17:00:00,2560.0,2695.553511342324,2261.4495555517005,3129.657467132947
2017-12-10 18:00:00,2069.0,2497.999408283257,2063.8954524926335,2932.10336407388
2017-12-10 19:00:00,1732.0,1656.7734989659039,1222.6695431752805,2090.877454756527
2017-12-10 20:00:00,999.0,1164.936405010734,730.8324492201107,1599.0403608013573
2017-12-10 21:00:00,542.0,506.23293701414946,72.12898122352613,940.3368928047728
2017-12-10 22:00:00,281.0,413.1763721699853,0.0,847.2803279606087
2017-12-10 23:00:00,279.0,274.99303037477574,0.0,709.0969861653991
2017-12-11 00:00:00,353.0,341.23134441582704,0.0,775.3353002064504
2017-12-11 01:00:00,901.0,733.5332419646406,299.4292861740173,1167.637197755264
2017-12-11 02:00:00,2907.0,2518.911836327226,2084.8078805366026,2953.0157921178493
2017-12-11 03:00:00,5061.0,5428.945407873281,4994.841452082657,5863.049363663904
2017-12-11 04:00:00,4050.0,5909.6550698695855,5475.551114078962,6343.759025660209
2017-12-11 05:00:00,4349.0,5480.345982387381,5046.242026596758,5914.449938178004
2017-12-11 06:00:00,4734.0,4573.630042087046,4139.526086296422,5007.733997877669
2017-12-11 07:00:00,4049.0,3976.462536103949,3542.3585803133255,4410.566491894572
2017-12-11 08:00:00,4291.0,4193.577133575327,3759.4731777847037,4627.68108936595
2017-12-11 09:00:00,4452.0,4570.052430126538,4135.948474335914,5004.156385917161
2017-12-11 10:00:00,4509.0,4507.98919352942,4073.8852377387966,4942.093149320043
2017-12-11 11:00:00,4824.0,4828.5745751082195,4394.470619317596,5262.678530898843
2017-12-11 12:00:00,5501.0,5205.923760286708,4771.8198044960845,5640.027716077331
2017-12-11 13:00:00,6076.0,5419.095843784525,4984.991887993901,5853.199799575148
2017-12-11 14:00:00,5712.0,5279.015265961783,4844.91131017116,5713.119221752407
2017-12-11 15:00:00,4040.0,4020.4004079107617,3586.2964521201384,4454.504363701385
2017-12-11 16:00:00,2894.0,2913.989717372769,2479.8857615821457,3348.0936731633924
2017-12-11 17:00:00,2374.0,2366.1564135461085,1932.0524577554852,2800.260369336732
2017-12-11 18:00:00,2028.0,2131.1368328847243,1697.032877094101,2565.2407886753476
2017-12-11 19:00:00,1433.0,1614.5655166247363,1180.461560834113,2048.6694724153595
2017-12-11 20:00:00,958.0,1076.5270056045676,642.4230498139443,1510.630961395191
2017-12-11 21:00:00,548.0,499.7267639395574,65.62280814893404,933.8307197301807
2017-12-11 22:00:00,395.0,358.1644429792071,0.0,792.2683987698304
2017-12-11 23:00:00,256.0,291.36784553275606,0.0,725.4718013233794
2017-12-12 00:00:00,339.0,350.0105562824274,0.0,784.1145120730507
2017-12-12 01:00:00,939.0,666.1721173712065,232.06816158058314,1100.2760731618298
2017-12-12 02:00:00,2963.0,2520.084943026722,2085.980987236099,2954.1888988173455
2017-12-12 03:00:00,5981.0,5395.002598632125,4960.898642841502,5829.106554422749
2017-12-12 04:00:00,5928.0,5866.899931586126,5432.795975795502,6301.003887376749
2017-12-12 05:00:00,5709.0,5601.063265284862,5166.959309494238,6035.167221075485
2017-12-12 06:00:00,5184.0,5034.564079506874,4600.460123716251,5468.668035297497
2017-12-12 07:00:00,4531.0,4428.548754776814,3994.444798986191,4862.652710567438
2017-12-12 08:00:00,4714.0,4680.29411081241,4246.190155021786,5114.398066603033
2017-12-12 09:00:00,4948.0,4866.777894936924,4432.673939146301,5300.881850727547
2017-12-12 10:00:00,4869.0,5005.365803391626,4571.261847601003,5439.46975918225
2017-12-12 11:00:00,5012.0,5228.73108778168,4794.627131991057,5662.835043572303
2017-12-12 12:00:00,5651.0,5929.641133280522,5495.537177489899,6363.745089071145
2017-12-12 13:00:00,6407.0,6258.409373653702,5824.305417863078,6692.513329444325
2017-12-12 14:00:00,5923.0,5877.57509080542,5443.471135014796,6311.679046596043
2017-12-12 15:00:00,4427.0,4436.257395574934,4002.1534397843106,4870.361351365557
2017-12-12 16:00:00,3282.0,3291.4543902782457,2857.3504344876224,3725.558346068869
2017-12-12 17:00:00,2673.0,2710.410321343075,2276.3063655524516,3144.514277133698
2017-12-12 18:00:00,2819.0,2531.4986657019786,2097.394709911355,2965.602621492602
2017-12-12 19:00:00,3263.0,1935.3526696208894,1501.248713830266,2369.4566254115125
2017-12-12 20:00:00,1080.0,1210.4037777644137,776.2998219737904,1644.507733555037
2017-12-12 21:00:00,641.0,693.2221313944242,259.11817560380086,1127.3260871850475
2017-12-12 22:00:00,391.0,530.6648889971575,96.56093320653417,964.7688447877808
2017-12-12 23:00:00,268.0,303.6375294017075,0.0,737.7414851923309
2017-12-13 00:00:00,395.0,370.3771852931759,0.0,804.4811410837992
2017-12-13 01:00:00,912.0,778.5796883310926,344.47573254046927,1212.683644121716
2017-12-13 02:00:00,3108.0,2604.113255485387,2170.0092996947637,3038.2172112760104
2017-12-13 03:00:00,5910.0,5412.194484046534,4978.090528255911,5846.298439837157
2017-12-13 04:00:00,6025.0,6179.63861022913,5745.534654438507,6613.742566019753
2017-12-13 05:00:00,4696.0,5676.951260578934,5242.847304788311,6111.0552163695575
2017-12-13 06:00:00,5179.0,5129.261936704543,4695.157980913919,5563.365892495166
2017-12-13 07:00:00,4347.0,4659.83860871873,4225.734652928107,5093.942564509353
2017-12-13 08:00:00,4501.0,4785.097967672599,4350.994011881976,5219.201923463223
2017-12-13 09:00:00,4787.0,5114.08866533669,4679.984709546066,5548.192621127313
2017-12-13 10:00:00,4943.0,5077.874112203102,4643.770156412479,5511.978067993726
2017-12-13 11:00:00,5049.0,5177.654923820881,4743.5509680302575,5611.758879611504
2017-12-13 12:00:00,5642.0,5811.446446472363,5377.34249068174,6245.550402262987
2017-12-13 13:00:00,6621.0,6183.210203034637,5749.1062472440135,6617.31415882526
2017-12-13 14:00:00,6000.0,5668.319757081445,5234.215801290821,6102.423712872068
2017-12-13 15:00:00,4370.0,4485.309704533929,4051.205748743306,4919.413660324552
2017-12-13 16:00:00,3139.0,3295.7571164360606,2861.6531606454373,3729.861072226684
2017-12-13 17:00:00,2777.0,2779.8721703566807,2345.7682145660574,3213.976126147304
2017-12-13 18:00:00,2369.0,2490.9481463584616,2056.8441905678383,2925.052102149085
2017-12-13 19:00:00,1889.0,1892.764112294207,1458.6601565035837,2326.86806808483
2017-12-13 20:00:00,1168.0,1284.2938793834064,850.1899235927831,1718.3978351740298
2017-12-13 21:00:00,571.0,598.9924916836217,164.88853589299833,1033.096447474245
2017-12-13 22:00:00,392.0,380.3393136203286,0.0,814.4432694109519
2017-12-13 23:00:00,298.0,292.5968903970127,0.0,726.700846187636
2017-12-14 00:00:00,372.0,362.7401697568097,0.0,796.844125547433
2017-12-14 01:00:00,908.0,773.3975290536404,339.29357326301704,1207.5014848442638
2017-12-14 02:00:00,2930.0,2555.5235268420565,2121.419571051433,2989.62748263268
2017-12-14 03:00:00,5808.0,5344.6617888365845,4910.557833045961,5778.765744627208
2017-12-14 04:00:00,6252.0,6261.147589400128,5827.0436336095045,6695.251545190751
2017-12-14 05:00:00,5573.0,5687.6126924122045,5253.508736621581,6121.716648202828
2017-12-14 06:00:00,5360.0,5115.4641232117465,4681.360167421123,5549.56807900237
2017-12-14 07:00:00,4607.0,4543.086565788874,4108.982609998251,4977.190521579498
2017-12-14 08:00:00,4881.0,4968.9497076881935,4534.84575189757,5403.053663478817
2017-12-14 09:00:00,5058.0,5115.170598163177,4681.066642372553,5549.2745539538
2017-12-14 10:00:00,5019.0,5069.604851692258,4635.500895901635,5503.708807482882
2017-12-14 11:00:00,5430.0,5410.295192280394,4976.191236489771,5844.399148071017
2017-12-14 12:00:00,5897.0,5904.708173854593,5470.60421806397,6338.812129645216
2017-12-14 13:00:00,6757.0,6395.143740805956,5961.039785015333,6829.24769659658
2017-12-14 14:00:00,6042.0,5899.793801254876,5465.689845464252,6333.897757045499
2017-12-14 15:00:00,4672.0,4590.262261446444,4156.158305655821,5024.366217237068
2017-12-14 16:00:00,3397.0,3419.8656741109544,2985.761718320331,3853.9696299015777
2017-12-14 17:00:00,3055.0,2993.991432339977,2559.887476549354,3428.0953881306004
2017-12-14 18:00:00,3558.0,2829.587196027388,2395.4832402367647,3263.6911518180113
2017-12-14 19:00:00,3433.0,2232.8939921879996,1798.7900363973763,2666.997947978623
2017-12-14 20:00:00,1680.0,1325.371489614873,891.2675338242498,1759.4754454054964
2017-12-14 21:00:00,803.0,817.1395767184921,383.03562092786876,1251.2435325091155
2017-12-14 22:00:00,490.0,578.4737487192953,144.36979292867193,1012.5777045099186
2017-12-14 23:00:00,358.0,388.2382452949746,0.0,822.3422010855979
2017-12-15 00:00:00,387.0,385.889649084476,0.0,819.9936048750993
2017-12-15 01:00:00,836.0,628.6820286148215,194.57807282419822,1062.7859844054449
2017-12-15 02:00:00,2773.0,2394.1282212710225,1960.0242654803992,2828.232177061646
2017-12-15 03:00:00,5506.0,5070.48429606022,4636.380340269597,5504.588251850843
2017-12-15 04:00:00,6307.0,6323.129326139276,5889.025370348652,6757.233281929899
2017-12-15 05:00:00,5600.0,5690.348373590067,5256.244417799444,6124.452329380691
2017-12-15 06:00:00,5222.0,5196.333092370477,4762.229136579854,5630.4370481611
2017-12-15 07:00:00,4949.0,4820.083972363959,4385.980016573336,5254.187928154583
2017-12-15 08:00:00,5342.0,5292.39217470948,4858.288218918857,5726.496130500103
2017-12-15 09:00:00,5368.0,5514.919034457404,5080.815078666781,5949.022990248028
2017-12-15 10:00:00,5386.0,5480.803579882442,5046.699624091819,5914.9075356730655
2017-12-15 11:00:00,5672.0,5709.336021405966,5275.232065615342,6143.439977196589
2017-12-15 12:00:00,6048.0,5978.988337928674,5544.884382138051,6413.092293719297
2017-12-15 13:00:00,6669.0,6397.219709429161,5963.115753638538,6831.323665219785
2017-12-15 14:00:00,5666.0,5900.394011451477,5466.290055660854,6334.4979672421005
2017-12-15 15:00:00,4776.0,4882.582359672693,4448.47840388207,5316.6863154633165
2017-12-15 16:00:00,3550.0,3666.297278629494,3232.1933228388707,4100.401234420117
2017-12-15 17:00:00,2849.0,3043.0852412404383,2608.981285449815,3477.1891970310617
2017-12-15 18:00:00,2866.0,3011.8267967717306,2577.7228409811073,3445.930752562354
2017-12-15 19:00:00,2554.0,2709.5390119355166,2275.435056144893,3143.64296772614
2017-12-15 20:00:00,1814.0,1843.2121677653981,1409.1082119747748,2277.3161235560215
2017-12-15 21:00:00,1275.0,1190.3003727813866,756.1964169907633,1624.40432857201
2017-12-15 22:00:00,817.0,784.703133300393,350.5991775097697,1218.8070890910162
2017-12-15 23:00:00,646.0,528.5016857832743,94.39772999265097,962.6056415738976
2017-12-16 00:00:00,413.0,376.099328771287,0.0,810.2032845619103
2017-12-16 01:00:00,441.0,434.6387890624816,0.5348332718582469,868.7427448531049
2017-12-16 02:00:00,798.0,648.8499432060195,214.74598741539614,1082.9538989966427
2017-12-16 03:00:00,1294.0,1204.3883699347803,770.2844141441569,1638.4923257254036
2017-12-16 04:00:00,1812.0,1938.1408853638602,1504.0369295732369,2372.2448411544838
2017-12-16 05:00:00,2603.0,2911.2242106820636,2477.1202548914403,3345.328166472687
2017-12-16 06:00:00,3440.0,3572.1752715609055,3138.071315770282,4006.279227351529
2017-12-16 07:00:00,3960.0,3821.160529062036,3387.0565732714126,4255.26448485266
2017-12-16 08:00:00,4303.0,4272.786805642025,3838.6828498514014,4706.890761432648
2017-12-16 09:00:00,4806.0,4621.712163750597,4187.608207959974,5055.81611954122
2017-12-16 10:00:00,4743.0,4621.707154534545,4187.603198743922,5055.811110325169
2017-12-16 11:00:00,4893.0,4557.42262862735,4123.318672836726,4991.526584417973
2017-12-16 12:00:00,5448.0,4644.317231730677,4210.213275940054,5078.4211875213
2017-12-16 13:00:00,6122.0,4602.007788009725,4167.903832219102,5036.111743800348
2017-12-16 14:00:00,5088.0,4529.6587206782015,4095.554764887578,4963.762676468825
2017-12-16 15:00:00,4600.0,4101.849930274745,3667.7459744841217,4535.953886065368
2017-12-16 16:00:00,3512.0,3422.8370588819857,2988.7331030913624,3856.941014672609
2017-12-16 17:00:00,3143.0,2943.7592238528,2509.6552680621767,3377.8631796434233
2017-12-16 18:00:00,3003.0,3107.038597324637,2672.9346415340137,3541.1425531152604
2017-12-16 19:00:00,3020.0,2860.65450077315,2426.550544982527,3294.7584565637735
2017-12-16 20:00:00,2166.0,2190.5014703951215,1756.3975146044982,2624.605426185745
2017-12-16 21:00:00,1230.0,1400.6201897349715,966.5162339443482,1834.7241455255948
2017-12-16 22:00:00,759.0,977.6260845579054,543.5221287672821,1411.7300403485287
2017-12-16 23:00:00,557.0,639.1923183938484,205.08836260322505,1073.2962741844717
2017-12-17 00:00:00,391.0,343.70131216685996,0.0,777.8052679574832
2017-12-17 01:00:00,320.0,359.74267563342244,0.0,793.8466314240458
2017-12-17 02:00:00,501.0,510.01100456993305,75.90704877930972,944.1149603605563
2017-12-17 03:00:00,931.0,891.4340376911888,457.33008190056546,1325.537993481812
2017-12-17 04:00:00,1283.0,746.2787515786672,312.17479578804387,1180.3827073692905
2017-12-17 05:00:00,1994.0,1708.19940694783,1274.0954511572068,2142.3033627384534
2017-12-17 06:00:00,3246.0,2581.8010164643597,2147.6970606737364,3015.904972254983
2017-12-17 07:00:00,4399.0,3361.609693063642,2927.505737273019,3795.7136488542656
2017-12-17 08:00:00,3996.0,3866.0547453688027,3431.9507895781794,4300.158701159426
2017-12-17 09:00:00,4084.0,4340.356027709299,3906.252071918676,4774.459983499923
2017-12-17 10:00:00,3977.0,4511.903354102986,4077.7993983123624,4946.007309893609
2017-12-17 11:00:00,4015.0,4426.930532477056,3992.8265766864324,4861.034488267679
2017-12-17 12:00:00,4255.0,4376.609636279513,3942.50568048889,4810.713592070137
2017-12-17 13:00:00,4493.0,4282.834250206204,3848.730294415581,4716.9382059968275
2017-12-17 14:00:00,4183.0,3994.299645448551,3560.1956896579277,4428.403601239174
2017-12-17 15:00:00,3558.0,3669.8998546230114,3235.795898832388,4104.003810413635
2017-12-17 16:00:00,2892.0,3190.301735448983,2756.1977796583597,3624.4056912396063
2017-12-17 17:00:00,2486.0,2709.2054301123067,2275.1014743216833,3143.30938590293
2017-12-17 18:00:00,2061.0,2383.501518484017,1949.3975626933939,2817.6054742746405
2017-12-17 19:00:00,1692.0,1619.716315069426,1185.6123592788026,2053.8202708600493
2017-12-17 20:00:00,979.0,1158.4934254702125,724.3894696795892,1592.5973812608358
2017-12-17 21:00:00,530.0,522.7249923747421,88.62103658411877,956.8289481653654
2017-12-17 22:00:00,310.0,389.74979135036705,0.0,823.8537471409904
2017-12-17 23:00:00,260.0,277.2630767671529,0.0,711.3670325577762
2017-12-18 00:00:00,332.0,322.31289943269485,0.0,756.4168552233182
2017-12-18 01:00:00,905.0,734.7606748453072,300.6567190546839,1168.8646306359306
2017-12-18 02:00:00,2852.0,2456.6238167576425,2022.5198609670192,2890.727772548266
2017-12-18 03:00:00,5448.0,5401.5896589754975,4967.485703184874,5835.693614766121
2017-12-18 04:00:00,6198.0,6050.110532237947,5616.006576447324,6484.2144880285705
2017-12-18 05:00:00,5039.0,5534.8746672090065,5100.770711418383,5968.97862299963
2017-12-18 06:00:00,4901.0,4736.278861436963,4302.1749056463395,5170.382817227586
2017-12-18 07:00:00,4496.0,4323.952052318835,3889.8480965282115,4758.056008109458
2017-12-18 08:00:00,4542.0,4490.1649717622295,4056.061015971606,4924.268927552853
2017-12-18 09:00:00,4860.0,4747.261607612894,4313.157651822271,5181.365563403518
2017-12-18 10:00:00,4802.0,4927.897474755165,4493.793518964541,5362.001430545788
2017-12-18 11:00:00,5185.0,5065.432961661001,4631.329005870378,5499.5369174516245
2017-12-18 12:00:00,5859.0,5674.870448347644,5240.766492557021,6108.974404138267
2017-12-18 13:00:00,6502.0,6158.685422774319,5724.5814669836955,6592.789378564942
2017-12-18 14:00:00,6009.0,5445.179688113336,5011.075732322713,5879.283643903959
2017-12-18 15:00:00,4434.0,4143.956898980864,3709.8529431902407,4578.060854771487
2017-12-18 16:00:00,3065.0,3087.150070859439,2653.0461150688157,3521.2540266500623
2017-12-18 17:00:00,2397.0,2543.4299097249427,2109.3259539343194,2977.533865515566
2017-12-18 18:00:00,2125.0,2391.495080713772,1957.3911249231487,2825.5990365043954
2017-12-18 19:00:00,1560.0,1608.8110718769003,1174.707116086277,2042.9150276675236
2017-12-18 20:00:00,1062.0,1090.4312644260153,656.327308635392,1524.5352202166387
2017-12-18 21:00:00,591.0,516.8981372932764,82.79418150265303,951.0020930838997
2017-12-18 22:00:00,371.0,366.14072392813773,0.0,800.2446797187611
2017-12-18 23:00:00,278.0,286.13548507694634,0.0,720.2394408675697
2017-12-19 00:00:00,359.0,362.9023636090709,0.0,797.0063193996942
2017-12-19 01:00:00,869.0,769.7543342197613,335.65037842913796,1203.8582900103847
2017-12-19 02:00:00,2977.0,2599.937108745923,2165.8331529552997,3034.0410645365464
2017-12-19 03:00:00,5784.0,5464.954806919394,5030.850851128771,5899.058762710018
2017-12-19 04:00:00,6291.0,6304.290546536999,5870.186590746375,6738.394502327622
2017-12-19 05:00:00,5791.0,5798.182266988634,5364.078311198011,6232.2862227792575
2017-12-19 06:00:00,5121.0,5080.294243885794,4646.19028809517,5514.398199676417
2017-12-19 07:00:00,4727.0,4484.774852541103,4050.67089675048,4918.878808331727
2017-12-19 08:00:00,4976.0,4806.7926631920855,4372.688707401462,5240.896618982709
2017-12-19 09:00:00,5123.0,5078.607414767779,4644.503458977156,5512.711370558402
2017-12-19 10:00:00,4997.0,5096.7851879370655,4662.681232146442,5530.889143727689
2017-12-19 11:00:00,5385.0,5400.206228430532,4966.102272639909,5834.310184221155
2017-12-19 12:00:00,5847.0,5827.359039689499,5393.2550838988755,6261.462995480122
2017-12-19 13:00:00,6677.0,6490.82947433803,6056.725518547407,6924.9334301286535
2017-12-19 14:00:00,5962.0,5945.202234132347,5511.098278341724,6379.306189922971
2017-12-19 15:00:00,4381.0,4531.4595231429275,4097.355567352304,4965.563478933551
2017-12-19 16:00:00,3323.0,3314.5551138576525,2880.451158067029,3748.659069648276
2017-12-19 17:00:00,2794.0,2776.2937796039814,2342.189823813358,3210.3977353946048
2017-12-19 18:00:00,2461.0,2580.2982708104087,2146.1943150197853,3014.402226601032
2017-12-19 19:00:00,1911.0,1928.9042830660362,1494.8003272754129,2363.00823885666
2017-12-19 20:00:00,1146.0,1222.7811372376548,788.6771814470314,1656.885093028278
2017-12-19 21:00:00,635.0,630.5295475979357,196.42559180731234,1064.633503388559
2017-12-19 22:00:00,418.0,387.71870996347906,0.0,821.8226657541024
2017-12-19 23:00:00,306.0,291.2558456588652,0.0,725.3598014494885
2017-12-20 00:00:00,379.0,362.9023636090709,0.0,797.0063193996942
2017-12-20 01:00:00,905.0,801.7132542988288,367.6092985082055,1235.8172100894521
2017-12-20 02:00:00,2952.0,2610.3725561768356,2176.2686003862123,3044.476511967459
2017-12-20 03:00:00,5834.0,5551.041707251898,5116.937751461274,5985.145663042521
2017-12-20 04:00:00,6546.0,6401.33858697996,5967.234631189337,6835.442542770584
2017-12-20 05:00:00,5694.0,5722.561333164369,5288.457377373746,6156.665288954992
2017-12-20 06:00:00,5372.0,5129.991353877693,4695.887398087069,5564.095309668316
2017-12-20 07:00:00,4902.0,4671.388958066523,4237.285002275899,5105.492913857146
2017-12-20 08:00:00,5092.0,4925.537421244078,4491.433465453455,5359.641377034702
2017-12-20 09:00:00,5090.0,5134.177973641143,4700.074017850519,5568.281929431766
2017-12-20 10:00:00,4769.0,5234.508415415559,4800.404459624936,5668.612371206183
2017-12-20 11:00:00,5026.0,5535.394956503922,5101.291000713299,5969.498912294545
2017-12-20 12:00:00,5549.0,5874.860620814549,5440.756665023926,6308.964576605173
2017-12-20 13:00:00,6372.0,6434.434863109963,6000.3309073193395,6868.538818900586
2017-12-20 14:00:00,5634.0,5864.434951655731,5430.330995865108,6298.538907446355
2017-12-20 15:00:00,4366.0,4628.11869121124,4194.0147354206165,5062.222647001863
2017-12-20 16:00:00,3259.0,3342.3664506479463,2908.262494857323,3776.4704064385696
2017-12-20 17:00:00,2648.0,2759.6868251531423,2325.582869362519,3193.7907809437656
2017-12-20 18:00:00,2533.0,2534.4159312921124,2100.311975501489,2968.5198870827357
2017-12-20 19:00:00,1915.0,1870.4488621658452,1436.3449063752219,2304.5528179564685
2017-12-20 20:00:00,1204.0,1239.0879930805645,804.9840372899412,1673.1919488711878
2017-12-20 21:00:00,621.0,654.3857444529242,220.28178866230087,1088.4897002435475
2017-12-20 22:00:00,393.0,363.68420980381387,0.0,797.7881655944373
2017-12-20 23:00:00,281.0,299.4757856431239,0.0,733.5797414337472
2017-12-21 00:00:00,382.0,361.14698488340883,0.0,795.2509406740321
2017-12-21 01:00:00,901.0,768.7373473153559,334.6333915247326,1202.8413031059793
2017-12-21 02:00:00,2863.0,2614.848468823931,2180.7445130333076,3048.9524246145543
2017-12-21 03:00:00,5512.0,5443.1174862681555,5009.013530477532,5877.221442058779
2017-12-21 04:00:00,5878.0,6100.594372387753,5666.490416597129,6534.698328178376
2017-12-21 05:00:00,5310.0,5626.697872615988,5192.593916825364,6060.801828406611
2017-12-21 06:00:00,4975.0,5105.015133487966,4670.911177697342,5539.119089278589
2017-12-21 07:00:00,4792.0,4651.562027190827,4217.458071400204,5085.665982981451
2017-12-21 08:00:00,4936.0,4842.293306311535,4408.189350520912,5276.3972621021585
2017-12-21 09:00:00,5140.0,5036.821607334911,4602.717651544288,5470.925563125535
2017-12-21 10:00:00,5137.0,5251.229085395906,4817.125129605282,5685.333041186529
2017-12-21 11:00:00,5493.0,5414.097719944175,4979.993764153552,5848.201675734798
2017-12-21 12:00:00,5903.0,5780.314056957436,5346.210101166813,6214.4180127480595
2017-12-21 13:00:00,6551.0,6217.862633637556,5783.758677846933,6651.96658942818
2017-12-21 14:00:00,5926.0,5698.621648772046,5264.517692981422,6132.725604562669
2017-12-21 15:00:00,4535.0,4524.9594808823895,4090.855525091766,4959.063436673013
2017-12-21 16:00:00,3242.0,3447.975698299175,3013.8717425085515,3882.079654089798
2017-12-21 17:00:00,2884.0,2970.112548058099,2536.0085922674757,3404.2165038487224
2017-12-21 18:00:00,2773.0,2845.8191130907503,2411.715157300127,3279.9230688813736
2017-12-21 19:00:00,2294.0,2249.9427300528564,1815.838774262233,2684.0466858434797
2017-12-21 20:00:00,1450.0,1268.7194015615185,834.6154457708951,1702.8233573521418
2017-12-21 21:00:00,771.0,764.2956665142322,330.1917107236088,1198.3996223048555
2017-12-21 22:00:00,474.0,486.5722084821773,52.46825269155397,920.6761642728006
2017-12-21 23:00:00,329.0,377.5983814707421,0.0,811.7023372613654
2017-12-22 00:00:00,382.0,366.57802747277617,0.0,800.6819832633995
2017-12-22 01:00:00,767.0,680.1323352871647,246.02837949654133,1114.2362910777879
2017-12-22 02:00:00,2429.0,2422.1848355235884,1988.080879732965,2856.2887913142117
2017-12-22 03:00:00,4378.0,5181.343973453072,4747.240017662449,5615.447929243695
2017-12-22 04:00:00,4955.0,6221.185848028627,5787.081892238004,6655.289803819251
2017-12-22 05:00:00,4509.0,5536.057463992807,5101.953508202184,5970.161419783431
2017-12-22 06:00:00,4515.0,4870.385785538931,4436.281829748307,5304.489741329554
2017-12-22 07:00:00,4593.0,4541.824896426737,4107.7209406361135,4975.92885221736
2017-12-22 08:00:00,5139.0,4575.249419011679,4141.145463221055,5009.353374802302
2017-12-22 09:00:00,5447.0,4990.680760297404,4556.576804506781,5424.784716088027
2017-12-22 10:00:00,5349.0,5043.957659852072,4609.853704061448,5478.061615642695
2017-12-22 11:00:00,5581.0,5349.297281238176,4915.1933254475525,5783.401237028799
2017-12-22 12:00:00,5510.0,5629.258587022356,5195.154631231732,6063.362542812979
2017-12-22 13:00:00,5346.0,5733.779157212584,5299.675201421961,6167.883113003208
2017-12-22 14:00:00,4871.0,5470.853595913545,5036.749640122922,5904.9575517041685
2017-12-22 15:00:00,4105.0,4533.86376163878,4099.759805848156,4967.967717429403
2017-12-22 16:00:00,3464.0,3414.32583425352,2980.2218784628967,3848.4297900441434
2017-12-22 17:00:00,2972.0,2878.186713537356,2444.0827577467326,3312.2906693279792
2017-12-22 18:00:00,3096.0,2876.442211987467,2442.3382561968438,3310.5461677780904
2017-12-22 19:00:00,2584.0,2548.4321619738075,2114.328206183184,2982.536117764431
2017-12-22 20:00:00,1779.0,1803.6806794328138,1369.5767236421905,2237.7846352234374
2017-12-22 21:00:00,1141.0,1205.2311053562446,771.1271495656213,1639.335061146868
2017-12-22 22:00:00,698.0,763.4038310164392,329.29987522581587,1197.5077868070625
2017-12-23 00:00:00,391.0,358.3319384954028,0.0,792.4358942860262
2017-12-23 01:00:00,359.0,425.87210123821586,0.0,859.9760570288393
2017-12-23 03:00:00,1016.0,1380.0712645694277,945.9673087788044,1814.175220360051
2017-12-23 04:00:00,1390.0,1811.7904261533172,1377.6864703626939,2245.8943819439405
2017-12-23 05:00:00,2008.0,1850.7153632732318,1416.6114074826085,2284.819319063855
2017-12-23 06:00:00,2819.0,3071.2308622686824,2637.126906478059,3505.3348180593057
2017-12-23 07:00:00,3375.0,3672.062295938347,3237.9583401477234,4106.16625172897
2017-12-23 08:00:00,4002.0,4051.0525475921736,3616.9485918015503,4485.156503382797
2017-12-23 09:00:00,4175.0,4352.687629714041,3918.5836739234173,4786.791585504664
2017-12-23 10:00:00,4475.0,4405.974411475033,3971.8704556844095,4840.078367265656
2017-12-23 11:00:00,4305.0,4501.793725951814,4067.6897701611906,4935.897681742437
2017-12-23 12:00:00,4107.0,4348.111438730924,3914.007482940301,4782.215394521548
2017-12-23 13:00:00,4144.0,4404.51533432713,3970.411378536507,4838.619290117754
2017-12-23 14:00:00,3994.0,4186.392894791804,3752.2889390011806,4620.496850582427
2017-12-23 15:00:00,3532.0,3554.3332282988345,3120.229272508211,3988.437184089458
2017-12-23 16:00:00,2949.0,2967.8918454415902,2533.787889650967,3401.9958012322136
2017-12-23 17:00:00,2420.0,2780.1708397726393,2346.066883982016,3214.2747955632626
2017-12-23 18:00:00,2449.0,2605.7178746413674,2171.613918850744,3039.8218304319907
2017-12-23 19:00:00,2372.0,2609.6553140071533,2175.55135821653,3043.7592697977766
2017-12-23 20:00:00,1840.0,1944.2994353103381,1510.1954795197148,2378.4033911009615
2017-12-23 21:00:00,1147.0,1150.435272204281,716.3313164136578,1584.5392279949044
2017-12-23 22:00:00,963.0,697.6894787141104,263.585522923487,1131.7934345047338
2017-12-23 23:00:00,861.0,552.0901481470137,117.98619235639035,986.194103937637
2017-12-24 00:00:00,374.0,346.314081447445,0.0,780.4180372380683
2017-12-24 01:00:00,303.0,369.55837749003194,0.0,803.6623332806553
2017-12-24 02:00:00,529.0,522.2751817350609,88.17122594443754,956.3791375256842
2017-12-24 03:00:00,839.0,693.0515791177976,258.94762332717426,1127.155534908421
2017-12-24 04:00:00,964.0,1046.2270471991724,612.123091408549,1480.3310029897957
2017-12-24 05:00:00,1477.0,1746.7753350319126,1312.6713792412893,2180.879290822536
2017-12-24 06:00:00,2250.0,2460.993490198,2026.8895344073767,2895.0974459886233
2017-12-24 07:00:00,2929.0,2791.942397952966,2357.8384421623427,3226.0463537435894
2017-12-24 08:00:00,3200.0,3439.310556912145,3005.2066011215215,3873.414512702768
2017-12-24 09:00:00,3698.0,3596.749840035036,3162.6458842444126,4030.8537958256593
2017-12-24 10:00:00,3400.0,3742.526899429273,3308.4229436386495,4176.630855219896
2017-12-24 11:00:00,3694.0,3612.4486127693203,3178.344656978697,4046.5525685599437
2017-12-24 12:00:00,3851.0,3881.378720581708,3447.2747647910846,4315.482676372331
2017-12-24 13:00:00,3529.0,3639.011633961223,3204.9076781706,4073.1155897518465
2017-12-24 14:00:00,3196.0,3533.2933197723737,3099.1893639817504,3967.397275562997
2017-12-24 15:00:00,2549.0,3382.203977257839,2948.100021467216,3816.3079330484625
2017-12-24 16:00:00,2339.0,2577.078163477647,2142.974207687024,3011.1821192682705
2017-12-24 17:00:00,2460.0,2358.8556288656205,1924.7516730749971,2792.959584656244
2017-12-24 18:00:00,2576.0,1920.643020281316,1486.5390644906927,2354.7469760719396
2017-12-24 19:00:00,2300.0,1436.35097310906,1002.2470173184367,1870.4549288996834
2017-12-24 20:00:00,1565.0,1189.5146844692047,755.4107286785813,1623.618640259828
2017-12-24 21:00:00,1092.0,700.3775200894275,266.2735642988042,1134.4814758800508
2017-12-24 22:00:00,666.0,455.4908974919207,21.38694170129736,889.594853282544
2017-12-24 23:00:00,487.0,365.44517052742566,0.0,799.549126318049
2017-12-25 00:00:00,349.0,376.05861340674255,0.0,810.1625691973659
2017-12-25 01:00:00,339.0,481.3518984090083,47.24794261838497,915.4558541996316
2017-12-25 02:00:00,520.0,1140.7330520536884,706.6290962630651,1574.8370078443118
2017-12-25 03:00:00,798.0,3335.9995701458192,2901.895614355196,3770.1035259364426
2017-12-25 04:00:00,942.0,2334.0200820837067,1899.9161262930834,2768.12403787433
2017-12-25 05:00:00,1260.0,1982.8337685094618,1548.7298127188385,2416.9377243000854
2017-12-25 06:00:00,1760.0,2427.6460300270733,1993.54207423645,2861.7499858176966
2017-12-25 07:00:00,2292.0,2532.3847203804694,2098.280764589846,2966.4886761710927
2017-12-25 08:00:00,2653.0,2843.216801945521,2409.112846154898,3277.3207577361445
2017-12-25 09:00:00,2957.0,3010.1131409931572,2576.009185202534,3444.2170967837806
2017-12-25 10:00:00,2983.0,3545.2088079804057,3111.1048521897824,3979.312763771029
2017-12-25 11:00:00,2850.0,3477.2438559877633,3043.13990019714,3911.3478117783866
2017-12-25 12:00:00,2732.0,3307.822605961116,2873.7186501704928,3741.9265617517394
2017-12-25 13:00:00,3045.0,3545.2789334712074,3111.174977680584,3979.3828892618308
2017-12-25 14:00:00,3134.0,3212.6153975499933,2778.51144175937,3646.7193533406166
2017-12-25 15:00:00,3172.0,2962.4690544336354,2528.365098643012,3396.5730102242587
2017-12-25 16:00:00,3100.0,2366.2119797760183,1932.108023985395,2800.3159355666417
2017-12-25 17:00:00,2875.0,2358.6330423392887,1924.5290865486654,2792.736998129912
2017-12-25 18:00:00,2404.0,2214.2535220904706,1780.1495662998473,2648.357477881094
2017-12-25 19:00:00,1798.0,1862.1354352111396,1428.0314794205162,2296.2393910017627
2017-12-25 20:00:00,1147.0,1283.2353213365893,849.131365545966,1717.3392771272127
2017-12-25 21:00:00,539.0,705.5054535298544,271.4014977392311,1139.6094093204779
2017-12-25 22:00:00,326.0,458.3078887171807,24.203932926557343,892.4118445078041
2017-12-25 23:00:00,213.0,310.4463743343511,0.0,744.5503301249744
2017-12-26 00:00:00,261.0,331.2015790888059,0.0,765.3055348794292
2017-12-26 01:00:00,507.0,559.4366668239819,125.33271103335858,993.5406226146052
2017-12-26 02:00:00,1761.0,2010.9463501826863,1576.842394392063,2445.0503059733096
2017-12-26 03:00:00,3029.0,3202.286501276827,2768.1825454862037,3636.3904570674504
2017-12-26 04:00:00,3203.0,2863.5534047239357,2429.4494489333124,3297.657360514559
2017-12-26 05:00:00,2982.0,3189.0225009115,2754.918545120877,3623.1264567021235
2017-12-26 06:00:00,3013.0,3146.39192220324,2712.2879664126167,3580.4958779938634
2017-12-26 07:00:00,3396.0,3204.732415075143,2770.6284592845195,3638.836370865766
2017-12-26 08:00:00,3983.0,3686.1556386841207,3252.0516828934974,4120.2595944747445
2017-12-26 09:00:00,4197.0,3859.3945529894595,3425.290597198836,4293.498508780083
2017-12-26 10:00:00,4487.0,4148.25702416885,3714.1530683782266,4582.360979959473
2017-12-26 11:00:00,4828.0,4414.210864747018,3980.1069089563944,4848.314820537641
2017-12-26 12:00:00,5172.0,4560.030912960493,4125.92695716987,4994.134868751116
2017-12-26 13:00:00,5282.0,4915.9052369018755,4481.801281111252,5350.009192692499
2017-12-26 14:00:00,4561.0,4696.9687280163835,4262.86477222576,5131.072683807007
2017-12-26 15:00:00,3598.0,3916.1338980981986,3482.0299423075753,4350.237853888822
2017-12-26 16:00:00,2846.0,3031.896943171683,2597.7929873810594,3466.000898962306
2017-12-26 17:00:00,2369.0,2575.875752637508,2141.7717968468846,3009.9797084281313
2017-12-26 18:00:00,2031.0,2275.0553080229265,1840.9513522323032,2709.15926381355
2017-12-26 19:00:00,1882.0,1764.6853070003062,1330.581351209683,2198.7892627909296
2017-12-26 20:00:00,1065.0,1172.6940803652549,738.5901245746315,1606.7980361558782
2017-12-26 21:00:00,586.0,572.3514552482344,138.24749945761107,1006.4554110388577
2017-12-26 22:00:00,378.0,415.3614269757221,0.0,849.4653827663454
2017-12-26 23:00:00,272.0,305.2842143030402,0.0,739.3881700936636
2017-12-27 00:00:00,330.0,359.38832305496044,0.0,793.4922788455838
2017-12-27 01:00:00,712.0,652.6416375303052,218.53768173968183,1086.7455933209285
2017-12-27 02:00:00,2287.0,2385.6366851074936,1951.5327293168702,2819.740640898117
2017-12-27 03:00:00,4250.0,5001.92632972345,4567.822373932827,5436.0302855140735
2017-12-27 04:00:00,4453.0,5701.417361546159,5267.313405755535,6135.521317336782
2017-12-27 05:00:00,4124.0,5231.449517753243,4797.345561962619,5665.553473543866
2017-12-27 06:00:00,3950.0,4243.129639206925,3809.025683416302,4677.233594997549
2017-12-27 07:00:00,3858.0,4099.179763662872,3665.0758078722483,4533.283719453495
2017-12-27 08:00:00,4401.0,4188.2582145358065,3754.154258745183,4622.36217032643
2017-12-27 09:00:00,4752.0,4273.090797561621,3838.9868417709977,4707.194753352244
2017-12-27 10:00:00,4836.0,4400.362205251377,3966.258249460754,4834.466161042001
2017-12-27 11:00:00,5250.0,4821.049836845406,4386.945881054783,5255.15379263603
2017-12-27 12:00:00,5398.0,5223.953922934322,4789.849967143698,5658.057878724945
2017-12-27 13:00:00,5997.0,5700.9527699091595,5266.848814118536,6135.056725699783
2017-12-27 14:00:00,5397.0,5296.075481028006,4861.971525237383,5730.179436818629
2017-12-27 15:00:00,4295.0,3955.1578289079685,3521.053873117345,4389.261784698592
2017-12-27 16:00:00,2941.0,3013.476641794597,2579.3726860039737,3447.5805975852204
2017-12-27 17:00:00,2482.0,2585.6128975100464,2151.508941719423,3019.7168533006698
2017-12-27 18:00:00,2971.0,2422.3773116928865,1988.2733559022631,2856.48126748351
2017-12-27 19:00:00,3074.0,1773.60848788161,1339.5045320909867,2207.7124436722333
2017-12-27 20:00:00,1310.0,1232.889912757015,798.7859569663917,1666.9938685476384
2017-12-27 21:00:00,732.0,791.912170116013,357.8082143253897,1226.0161259066363
2017-12-27 22:00:00,412.0,556.0091870055974,121.90523121497404,990.1131427962207
2017-12-27 23:00:00,288.0,328.2655346634233,0.0,762.3694904540466
2017-12-28 00:00:00,373.0,373.90074580404695,0.0,808.0047015946702
2017-12-28 01:00:00,743.0,752.7431640519483,318.63920826132494,1186.8471198425716
2017-12-28 02:00:00,2217.0,2567.7986246092205,2133.694668818597,3001.902580399844
2017-12-28 03:00:00,3997.0,5210.218884327408,4776.114928536785,5644.322840118031
2017-12-28 04:00:00,3699.0,5760.104465602463,5326.00050981184,6194.208421393087
2017-12-28 05:00:00,2745.0,5163.386146608045,4729.282190817422,5597.490102398669
2017-12-28 06:00:00,3529.0,4187.9285253366415,3753.824569546018,4622.032481127265
2017-12-28 07:00:00,3562.0,3461.957996508617,3027.8540407179935,3896.06195229924
2017-12-28 08:00:00,3433.0,3652.8697318017357,3218.7657760111124,4086.973687592359
2017-12-28 09:00:00,3994.0,4392.349097198544,3958.2451414079205,4826.453052989167
2017-12-28 10:00:00,3931.0,4338.883286499886,3904.7793307092625,4772.987242290509
2017-12-28 11:00:00,4308.0,4309.8633759712075,3875.759420180584,4743.967331761831
2017-12-28 12:00:00,4515.0,4733.933779814807,4299.829824024184,5168.0377356054305
2017-12-28 13:00:00,5141.0,4918.775558314661,4484.671602524038,5352.879514105284
2017-12-28 14:00:00,4520.0,4362.630351074911,3928.526395284288,4796.734306865535
2017-12-28 15:00:00,3764.0,3507.3112023260537,3073.2072465354304,3941.415158116677
2017-12-28 16:00:00,2849.0,3074.4119255351247,2640.3079697445014,3508.515881325748
2017-12-28 17:00:00,2299.0,2532.565714121711,2098.461758331088,2966.6696699123345
2017-12-28 18:00:00,2180.0,2533.809414096763,2099.7054583061395,2967.913369887386
2017-12-28 19:00:00,1916.0,1968.9930547720296,1534.8890989814063,2403.097010562653
2017-12-28 20:00:00,1177.0,1180.2076553509557,746.1036995603324,1614.311611141579
2017-12-28 21:00:00,741.0,658.8942509004358,224.79029510981252,1092.9982066910593
2017-12-28 22:00:00,437.0,460.2369095151949,26.132953724571564,894.3408653058182
2017-12-28 23:00:00,358.0,331.09477606447655,0.0,765.1987318550998
2017-12-29 00:00:00,383.0,367.8722578775645,0.0,801.9762136681878
2017-12-29 01:00:00,694.0,676.6255923671274,242.52163657650408,1110.7295481577507
2017-12-29 02:00:00,2207.0,1956.8944825240117,1522.7905267333883,2390.9984383146348
2017-12-29 03:00:00,3875.0,4404.800003919487,3970.6960481288634,4838.90395971011
2017-12-29 04:00:00,4148.0,5072.806228947003,4638.702273156379,5506.910184737626
2017-12-29 05:00:00,3897.0,4772.6622768079615,4338.558321017338,5206.766232598585
2017-12-29 06:00:00,3845.0,3728.309060450844,3294.2051046602205,4162.413016241468
2017-12-29 07:00:00,4109.0,4029.9590382233378,3595.8550824327144,4464.062994013961
2017-12-29 08:00:00,4345.0,4386.337455283596,3952.2334994929724,4820.441411074219
2017-12-29 09:00:00,4496.0,4443.765989258374,4009.662033467751,4877.869945048998
2017-12-29 10:00:00,4474.0,4534.49117019146,4100.3872144008365,4968.595125982083
2017-12-29 11:00:00,4750.0,4776.64010515053,4342.536149359907,5210.744060941153
2017-12-29 12:00:00,4767.0,4884.197300977102,4450.0933451864785,5318.301256767725
2017-12-29 13:00:00,4859.0,5079.155850343287,4645.051894552664,5513.25980613391
2017-12-29 14:00:00,4564.0,4979.8116192048865,4545.707663414263,5413.91557499551
2017-12-29 15:00:00,3929.0,3855.547324633965,3421.443368843342,4289.651280424589
2017-12-29 16:00:00,3016.0,2930.945223085302,2496.841267294679,3365.0491788759255
2017-12-29 17:00:00,2470.0,2851.6810118711255,2417.577056080502,3285.784967661749
2017-12-29 18:00:00,2554.0,2646.7668771559215,2212.662921365298,3080.870832946545
2017-12-29 19:00:00,3725.0,2352.3056286993865,1918.2016729087632,2786.40958449001
2017-12-29 20:00:00,1684.0,1713.0210678737085,1278.9171120830852,2147.125023664332
2017-12-29 21:00:00,1092.0,1169.0163709483713,734.912415157748,1603.1203267389947
2017-12-29 22:00:00,666.0,804.1870288034027,370.0830730127793,1238.290984594026
2017-12-29 23:00:00,487.0,563.6096447195554,129.50568892893205,997.7136005101787
2017-12-30 00:00:00,349.0,362.5928063258794,0.0,796.6967621165027
2017-12-30 01:00:00,339.0,413.3433529802824,0.0,847.4473087709057
2017-12-30 02:00:00,601.0,619.016459042998,184.91250325237468,1053.1204148336215
2017-12-30 03:00:00,1006.0,894.1945594522338,460.09060366161043,1328.298515242857
2017-12-30 04:00:00,1216.0,1327.4312158995695,893.3272601089461,1761.5351716901928
2017-12-30 05:00:00,1681.0,1981.0045384957284,1546.900582705105,2415.1084942863517
2017-12-30 06:00:00,2412.0,2787.00563817641,2352.9016823857864,3221.109593967033
2017-12-30 07:00:00,3188.0,3217.8656099263276,2783.7616541357042,3651.969565716951
2017-12-30 08:00:00,3716.0,3493.1539861431593,3059.050030352536,3927.2579419337826
2017-12-30 09:00:00,4160.0,3762.8384718328493,3328.734516042226,4196.942427623473
2017-12-30 10:00:00,4197.0,4207.193270472313,3773.0893146816898,4641.297226262936
2017-12-30 11:00:00,4003.0,4181.015169435813,3746.9112136451895,4615.119125226436
2017-12-30 12:00:00,3831.0,4260.51705906368,3826.4131032730565,4694.621014854303
2017-12-30 13:00:00,4288.0,4318.97069230135,3884.8667365107267,4753.074648091973
2017-12-30 14:00:00,4376.0,4028.965264708867,3594.8613089182436,4463.06922049949
2017-12-30 15:00:00,4514.0,3469.124397386305,3035.020441595682,3903.2283531769285
2017-12-30 16:00:00,3380.0,3005.5769233158026,2571.4729675251792,3439.680879106426
2017-12-30 17:00:00,2597.0,2790.653213811995,2356.5492580213718,3224.7571696026184
2017-12-30 18:00:00,2271.0,2828.1807830821012,2394.076827291478,3262.2847388727246
2017-12-30 19:00:00,2352.0,2496.316822254725,2062.212866464102,2930.4207780453485
2017-12-30 20:00:00,2680.0,1783.8917560305808,1349.7878002399575,2217.995711821204
2017-12-30 21:00:00,1000.0,933.5956504823723,499.491694691749,1367.6996062729957
2017-12-30 22:00:00,711.0,658.8749881238161,224.7710323331928,1092.9789439144395
2017-12-30 23:00:00,519.0,671.9075233287352,237.8035675381119,1106.0114791193587
2017-12-31 00:00:00,303.0,329.4743464250647,0.0,763.578302215688
2017-12-31 01:00:00,285.0,354.52228960640696,0.0,788.6262453970303
2017-12-31 02:00:00,457.0,478.21714381061344,44.113188019990105,912.3210996012367
2017-12-31 03:00:00,808.0,647.3994059181247,213.29545012750134,1081.503361708748
2017-12-31 04:00:00,959.0,880.6299062211416,446.52595043051826,1314.7338620117648
2017-12-31 05:00:00,1319.0,1474.4527823631552,1040.3488265725318,1908.5567381537785
2017-12-31 06:00:00,2384.0,2353.9706444613357,1919.8666886707124,2788.074600251959
2017-12-31 07:00:00,3504.0,2835.732770638784,2401.628814848161,3269.8367264294075
2017-12-31 08:00:00,3404.0,3244.3403845351727,2810.2364287445494,3678.444340325796
2017-12-31 09:00:00,3438.0,3584.730449385944,3150.626493595321,4018.8344051765675
2017-12-31 10:00:00,3212.0,4025.588061498577,3591.484105707954,4459.6920172892005
2017-12-31 11:00:00,3410.0,4057.690013019378,3623.5860572287547,4491.793968810001
2017-12-31 12:00:00,3635.0,3784.6190967970606,3350.5151410064373,4218.723052587684
2017-12-31 13:00:00,3802.0,3593.2562439939625,3159.152288203339,4027.360199784586
2017-12-31 14:00:00,3513.0,3314.3368613081684,2880.232905517545,3748.4408170987917
2017-12-31 15:00:00,3350.0,2838.936200515478,2404.8322447248547,3273.0401563061014
2017-12-31 16:00:00,2995.0,2528.602386010439,2094.498430219816,2962.7063418010625
2017-12-31 17:00:00,2731.0,2272.048367929574,1837.9444121389506,2706.1523237201973
2017-12-31 18:00:00,2483.0,2284.6867877142777,1850.5828319236543,2718.790743504901
2017-12-31 19:00:00,2041.0,1723.1462302047232,1289.0422744141,2157.2501859953463
2017-12-31 20:00:00,1580.0,1274.0594100661658,839.9554542755425,1708.1633658567891
2017-12-31 21:00:00,1478.0,686.1017912903783,251.99783549975496,1120.2057470810016
2017-12-31 22:00:00,1408.0,408.0157289359782,0.0,842.1196847266015
2017-12-31 23:00:00,931.0,373.12758049857126,0.0,807.2315362891945
2018-01-01 00:00:00,585.0,275.54991727379524,0.0,709.6538730644186
2018-01-01 01:00:00,381.0,407.9485879965275,0.0,842.0525437871509
2018-01-01 02:00:00,434.0,674.2876944832252,240.18373869260188,1108.3916502738484
2018-01-01 03:00:00,686.0,1547.8780801008234,1113.7741243102,1981.9820358914467
2018-01-01 04:00:00,677.0,1105.771525773392,671.6675699827688,1539.8754815640154
2018-01-01 05:00:00,811.0,1283.0704184289243,848.966462638301,1717.1743742195476
2018-01-01 06:00:00,1122.0,1996.297662249909,1562.1937064592857,2430.4016180405324
2018-01-01 07:00:00,1738.0,2187.081689063762,1752.9777332731387,2621.1856448543854
2018-01-01 08:00:00,2421.0,2423.8868455304632,1989.78288973984,2857.9908013210866
2018-01-01 09:00:00,2908.0,2604.839755066652,2170.7357992760285,3038.943710857275
2018-01-01 10:00:00,2985.0,2884.5835749663497,2450.4796191757264,3318.687530756973
2018-01-01 11:00:00,3214.0,3060.2385125201295,2626.134556729506,3494.342468310753
2018-01-01 12:00:00,3410.0,3284.029277614938,2849.925321824315,3718.1332334055614
2018-01-01 13:00:00,3290.0,3174.2864388022476,2740.1824830116243,3608.390394592871
2018-01-01 14:00:00,3079.0,3081.4356768045045,2647.331721013881,3515.539632595128
2018-01-01 15:00:00,2891.0,2884.8114272752714,2450.707471484648,3318.9153830658947
2018-01-01 16:00:00,2199.0,2253.8924291034023,1819.788473312779,2687.9963848940256
2018-01-01 17:00:00,1738.0,1827.8183683880022,1393.714412597379,2261.922324178626
2018-01-01 18:00:00,1555.0,1687.287168139742,1253.1832123491188,2121.391123930365
2018-01-01 19:00:00,1213.0,1229.424454193292,795.3204984026686,1663.5284099839153
2018-01-01 20:00:00,830.0,921.993059666399,487.8891038757756,1356.0970154570223
2018-01-01 21:00:00,477.0,413.3249850699951,0.0,847.4289408606185
2018-01-01 22:00:00,279.0,263.0246345874948,0.0,697.1285903781181
2018-01-01 23:00:00,205.0,226.80152340147106,0.0,660.9054791920944
2018-01-02 00:00:00,299.0,211.8542716349675,0.0,645.9582274255908
2018-01-02 01:00:00,729.0,593.0416403055931,158.93768451496976,1027.1455960962164
2018-01-02 02:00:00,2544.0,2316.048369172331,1881.9444133817078,2750.1523249629545
2018-01-02 03:00:00,4801.0,5133.441374403707,4699.337418613084,5567.545330194331
2018-01-02 04:00:00,5696.0,5979.7927427235945,5545.688786932971,6413.896698514218
2018-01-02 05:00:00,4901.0,5047.951452619781,4613.8474968291575,5482.055408410404
2018-01-02 06:00:00,4189.0,4480.843210130651,4046.7392543400274,4914.947165921274
2018-01-02 07:00:00,4065.0,3960.0998877839593,3525.995931993336,4394.203843574583
2018-01-02 08:00:00,4172.0,4039.653550715561,3605.5495949249375,4473.757506506185
2018-01-02 09:00:00,4448.0,4224.173961471503,3790.07000568088,4658.277917262127
2018-01-02 10:00:00,4537.0,4335.044932557152,3900.9409767665284,4769.148888347775
2018-01-02 11:00:00,4698.0,4475.908004862193,4041.8040490715694,4910.011960652816
2018-01-02 12:00:00,5232.0,5088.355731714093,4654.25177592347,5522.459687504716
2018-01-02 13:00:00,5618.0,5877.844176717924,5443.7402209273005,6311.948132508547
2018-01-02 14:00:00,5178.0,5355.032614197195,4920.928658406571,5789.136569987818
2018-01-02 15:00:00,3625.0,4034.580764794792,3600.4768090041684,4468.684720585416
2018-01-02 16:00:00,2669.0,2838.335787256859,2404.2318314662357,3272.4397430474824
2018-01-02 17:00:00,2056.0,2445.7874863861375,2011.6835305955142,2879.891442176761
2018-01-02 18:00:00,2834.0,2118.5849208478285,1684.4809650572051,2552.688876638452
2018-01-02 19:00:00,2785.0,1388.386799407699,954.2828436170757,1822.4907551983224
2018-01-02 20:00:00,1118.0,848.0324405121195,413.92848472149615,1282.136396302743
2018-01-02 21:00:00,599.0,594.4480544101883,160.344098619565,1028.5520102008118
2018-01-02 22:00:00,353.0,452.8383387339,18.73438294327667,886.9422945245233
2018-01-02 23:00:00,283.0,288.15813314494,0.0,722.2620889355633
2018-01-03 00:00:00,358.0,357.2065752798622,0.0,791.3105310704855
2018-01-03 01:00:00,811.0,687.8116769697798,253.70772117915647,1121.9156327604032
2018-01-03 02:00:00,2739.0,2574.9704537616926,2140.8664979710693,3009.074409552316
2018-01-03 03:00:00,5225.0,5308.831510378556,4874.727554587933,5742.93546616918
2018-01-03 04:00:00,6017.0,5870.804720687608,5436.700764896985,6304.908676478231
2018-01-03 05:00:00,5398.0,5337.995246576434,4903.89129078581,5772.099202367057
2018-01-03 06:00:00,5142.0,4722.411287390556,4288.307331599933,5156.515243181179
2018-01-03 07:00:00,4092.0,4216.561259508819,3782.4573037181954,4650.665215299442
2018-01-03 08:00:00,4328.0,4378.872085495245,3944.768129704622,4812.976041285869
2018-01-03 09:00:00,4600.0,4706.937696728664,4272.833740938041,5141.041652519288
2018-01-03 10:00:00,4591.0,4427.126430736631,3993.0224749460076,4861.230386527254
2018-01-03 11:00:00,4983.0,4849.556249373255,4415.452293582632,5283.660205163878
2018-01-03 12:00:00,5589.0,5285.18844629841,4851.0844905077865,5719.292402089033
2018-01-03 13:00:00,6317.0,6122.7363143780285,5688.632358587405,6556.840270168652
2018-01-03 14:00:00,5951.0,5921.476909712074,5487.372953921451,6355.580865502698
2018-01-03 15:00:00,4350.0,4336.470165939348,3902.3662101487243,4770.574121729971
2018-01-03 16:00:00,3144.0,3017.380338764873,2583.27638297425,3451.4842945554965
2018-01-03 17:00:00,2319.0,2504.770072641865,2070.666116851242,2938.8740284324886
2018-01-03 18:00:00,2105.0,2394.58292813683,1960.4789723462068,2828.6868839274534
2018-01-03 19:00:00,1517.0,1782.1909045675663,1348.086948776943,2216.29486035819
2018-01-03 20:00:00,991.0,976.2345399803473,542.130584189724,1410.3384957709707
2018-01-03 21:00:00,529.0,518.8897143559941,84.78575856537077,952.9936701466174
2018-01-03 22:00:00,343.0,366.2448485922807,0.0,800.3488043829041
2018-01-03 23:00:00,247.0,286.8848470651238,0.0,720.988802855747
2018-01-04 00:00:00,325.0,339.85252761659217,0.0,773.9564834072155
2018-01-04 01:00:00,827.0,701.230307754187,267.1263519635637,1135.3342635448103
2018-01-04 02:00:00,2757.0,2630.8274129585893,2196.723457167966,3064.9313687492127
2018-01-04 03:00:00,5323.0,5379.473580018718,4945.369624228095,5813.5775358093415
2018-01-04 04:00:00,6420.0,5648.5359704830635,5214.43201469244,6082.639926273687
2018-01-04 05:00:00,4478.0,5490.66494167099,5056.560985880366,5924.768897461613
2018-01-04 06:00:00,4885.0,4844.560619376442,4410.456663585819,5278.664575167066
2018-01-04 07:00:00,4259.0,4264.3875278235155,3830.283572032892,4698.491483614139
2018-01-04 08:00:00,4446.0,4231.395584235568,3797.2916284449448,4665.499540026191
2018-01-04 09:00:00,4738.0,4643.997755270269,4209.893799479646,5078.101711060893
2018-01-04 10:00:00,4656.0,4730.426579380284,4296.322623589661,5164.530535170908
2018-01-04 11:00:00,5094.0,4975.206577307514,4541.10262151689,5409.310533098137
2018-01-04 12:00:00,5442.0,5716.1409701771545,5282.037014386531,6150.244925967778
2018-01-04 13:00:00,6450.0,6200.816244739737,5766.712288949114,6634.9202005303605
2018-01-04 14:00:00,5993.0,5799.503406277592,5365.399450486969,6233.6073620682155
2018-01-04 15:00:00,4377.0,4358.866566377208,3924.7626105865847,4792.970522167831
2018-01-04 16:00:00,3071.0,3162.6362878154164,2728.532332024793,3596.7402436060397
2018-01-04 17:00:00,2646.0,2747.5512057938085,2313.447250003185,3181.655161584432
2018-01-04 18:00:00,3933.0,2680.977085346916,2246.8731295562925,3115.081041137539
2018-01-04 19:00:00,2422.0,2060.2575053158052,1626.153549525182,2494.3614611064286
2018-01-04 20:00:00,1185.0,1166.382893044353,732.2789372537297,1600.4868488349764
2018-01-04 21:00:00,630.0,623.2281877011567,189.12423191053335,1057.33214349178
2018-01-04 22:00:00,379.0,510.6046080805333,76.50065228990997,944.7085638711567
2018-01-04 23:00:00,301.0,324.5358297868526,0.0,758.639785577476
2018-01-05 00:00:00,335.0,368.910871868755,0.0,803.0148276593784
2018-01-05 01:00:00,813.0,728.5862438739794,294.482288083356,1162.6901996646027
2018-01-05 02:00:00,2629.0,2526.969124955287,2092.8651691646637,2961.0730807459104
2018-01-05 03:00:00,5002.0,5195.312461122949,4761.208505332325,5629.416416913572
2018-01-05 04:00:00,5906.0,6376.582174345167,5942.478218554544,6810.68613013579
2018-01-05 05:00:00,4742.0,5370.225350859132,4936.121395068509,5804.329306649755
2018-01-05 06:00:00,4704.0,4887.668656722778,4453.564700932155,5321.772612513401
2018-01-05 07:00:00,4279.0,4383.9711003803895,3949.867144589766,4818.075056171013
2018-01-05 08:00:00,4566.0,4702.272687404714,4268.168731614091,5136.376643195337
2018-01-05 09:00:00,4989.0,5035.695059824579,4601.591104033956,5469.799015615203
2018-01-05 10:00:00,4968.0,4829.479972397856,4395.3760166072325,5263.583928188479
2018-01-05 11:00:00,5315.0,5142.0009223023635,4707.89696651174,5576.104878092987
2018-01-05 12:00:00,5867.0,5552.595466660746,5118.4915108701225,5986.699422451369
2018-01-05 13:00:00,6504.0,6030.898757799971,5596.794802009347,6465.002713590594
2018-01-05 14:00:00,6185.0,5591.476511399755,5157.372555609131,6025.580467190378
2018-01-05 15:00:00,4611.0,4539.206747017173,4105.10279122655,4973.310702807797
2018-01-05 16:00:00,3652.0,3328.555861368621,2894.451905577998,3762.6598171592445
2018-01-05 17:00:00,2880.0,2891.387405002278,2457.2834492116544,3325.491360792901
2018-01-05 18:00:00,2815.0,2818.487674575454,2384.3837187848308,3252.5916303660774
2018-01-05 19:00:00,2978.0,2603.864429912235,2169.760474121612,3037.9683857028585
2018-01-05 20:00:00,1805.0,1742.920128320122,1308.8161725294988,2177.024084110745
2018-01-05 21:00:00,1003.0,1146.621024265739,712.5170684751156,1580.7249800563623
2018-01-05 22:00:00,673.0,792.6846094463175,358.58065365569416,1226.788565236941
2018-01-05 23:00:00,483.0,524.4861986306018,90.38224283997852,958.5901544212252
2018-01-06 00:00:00,319.0,374.3759954638768,0.0,808.4799512545001
2018-01-06 01:00:00,383.0,395.2983358312571,0.0,829.4022916218804
2018-01-06 02:00:00,694.0,696.0251987451625,261.92124295453914,1130.1291545357858
2018-01-06 03:00:00,1129.0,1183.8513169948637,749.7473612042404,1617.955272785487
2018-01-06 04:00:00,1728.0,1901.054793361414,1466.9508375707908,2335.1587491520377
2018-01-06 05:00:00,2487.0,2702.972936577454,2268.868980786831,3137.0768923680776
2018-01-06 06:00:00,3046.0,3249.785328140905,2815.681372350282,3683.8892839315286
2018-01-06 07:00:00,3593.0,3537.6065824373936,3103.5026266467703,3971.710538228017
2018-01-06 08:00:00,4092.0,4044.709557160662,3610.6056013700386,4478.813512951285
2018-01-06 09:00:00,4506.0,4153.765351702296,3719.661395911673,4587.86930749292
2018-01-06 10:00:00,4501.0,4518.615737149747,4084.5117813591232,4952.71969294037
2018-01-06 11:00:00,4857.0,4603.394564681198,4169.290608890575,5037.498520471821
2018-01-06 12:00:00,4519.0,4605.296730529062,4171.192774738439,5039.4006863196855
2018-01-06 13:00:00,4486.0,4585.008145551611,4150.904189760988,5019.112101342234
2018-01-06 14:00:00,4536.0,4491.133010197127,4057.0290544065037,4925.23696598775
2018-01-06 15:00:00,3801.0,3866.2300675595347,3432.1261117689114,4300.3340233501585
2018-01-06 16:00:00,3174.0,3014.101651714837,2579.9976959242135,3448.20560750546
2018-01-06 17:00:00,2556.0,2772.04978257058,2337.945826779957,3206.1537383612035
2018-01-06 18:00:00,2463.0,2696.992941018301,2262.8889852276775,3131.096896808924
2018-01-06 19:00:00,2801.0,2707.127229718375,2273.0232739277517,3141.2311855089984
2018-01-06 20:00:00,2089.0,1939.9793668592051,1505.8754110685818,2374.0833226498285
2018-01-06 21:00:00,1053.0,1097.6807669222387,663.5768111316154,1531.784722712862
2018-01-06 22:00:00,648.0,787.5318010860126,353.42784529538926,1221.635756876636
2018-01-06 23:00:00,540.0,593.6135220734058,159.50956628278243,1027.7174778640292
2018-01-07 00:00:00,313.0,357.1993774263644,0.0,791.3033332169878
2018-01-07 01:00:00,260.0,348.10890629158877,0.0,782.212862082212
2018-01-07 02:00:00,442.0,523.6484006621555,89.54444487153216,957.7523564527788
2018-01-07 03:00:00,769.0,756.6753727195658,322.5714169289424,1190.779328510189
2018-01-07 04:00:00,1024.0,1110.4350319890693,676.331076198446,1544.5389877796927
2018-01-07 05:00:00,1695.0,1671.7237396735031,1237.6197838828798,2105.8276954641265
2018-01-07 06:00:00,2516.0,2122.440778346747,1688.3368225561235,2556.54473413737
2018-01-07 07:00:00,3256.0,2864.8054474688206,2430.7014916781973,3298.909403259444
2018-01-07 08:00:00,3670.0,3452.4774333551236,3018.3734775645003,3886.581389145747
2018-01-07 09:00:00,4070.0,3661.5015120700727,3227.3975562794494,4095.605467860696
2018-01-07 10:00:00,4065.0,3996.040649587424,3561.9366937968007,4430.144605378047
2018-01-07 11:00:00,4409.0,4020.9313321000286,3586.8273763094053,4455.035287890652
2018-01-07 12:00:00,4082.0,4159.201889189718,3725.0979333990945,4593.305844980341
2018-01-07 13:00:00,4050.0,4027.682435280915,3593.5784794902916,4461.786391071539
2018-01-07 14:00:00,4099.0,3838.592244695645,3404.488288905022,4272.696200486269
2018-01-07 15:00:00,3388.0,3245.037845357504,2810.9338895668807,3679.1418011481273
2018-01-07 16:00:00,2780.0,2682.6099449133167,2248.5059891226933,3116.71390070394
2018-01-07 17:00:00,2261.0,2294.195155976074,1860.0912001854508,2728.2991117666975
2018-01-07 18:00:00,1800.0,2190.7734226795274,1756.669466888904,2624.8773784701507
2018-01-07 19:00:00,1433.0,1659.753558375935,1225.6496025853116,2093.8575141665583
2018-01-07 20:00:00,1073.0,1146.966299001984,712.8623432113607,1581.0702547926073
2018-01-07 21:00:00,455.0,491.5467491737619,57.442793383138564,925.6507049643852
2018-01-07 22:00:00,289.0,376.7217103492392,0.0,810.8256661398625
2018-01-07 23:00:00,220.0,266.0260295628271,0.0,700.1299853534504
2018-01-08 00:00:00,361.0,273.21353541943614,0.0,707.3174912100594
2018-01-08 01:00:00,820.0,714.5331487600696,280.42919296944626,1148.637104550693
2018-01-08 02:00:00,2809.0,2130.9247418710547,1696.8207860804314,2565.028697661678
2018-01-08 03:00:00,5189.0,5373.370091805918,4939.266136015294,5807.474047596541
2018-01-08 04:00:00,6048.0,5752.043044590738,5317.939088800114,6186.147000381361
2018-01-08 05:00:00,5751.0,5236.670419904158,4802.5664641135345,5670.774375694781
2018-01-08 06:00:00,4728.0,4657.229596805284,4223.125641014661,5091.333552595907
2018-01-08 07:00:00,4138.0,4107.897940415652,3673.7939846250283,4542.001896206275
2018-01-08 08:00:00,4324.0,4241.6301057763385,3807.526149985715,4675.734061566962
2018-01-08 09:00:00,4512.0,4521.154207217076,4087.0502514264526,4955.258163007699
2018-01-08 10:00:00,4786.0,4573.903830394188,4139.799874603565,5008.007786184811
2018-01-08 11:00:00,4880.0,4775.360448168169,4341.256492377545,5209.464403958792
2018-01-08 12:00:00,5406.0,5340.852829248215,4906.748873457592,5774.9567850388385
2018-01-08 13:00:00,6458.0,6196.619783872107,5762.515828081484,6630.723739662731
2018-01-08 14:00:00,5732.0,5819.1103301684825,5385.006374377859,6253.214285959106
2018-01-08 15:00:00,4446.0,4050.3376451061545,3616.233689315531,4484.441600896778
2018-01-08 16:00:00,2836.0,2834.0818852842553,2399.977929493632,3268.1858410748787
2018-01-08 17:00:00,2416.0,2288.6755276017325,1854.5715718111092,2722.779483392356
2018-01-08 18:00:00,2076.0,2330.4704289937504,1896.366473203127,2764.5743847843737
2018-01-08 19:00:00,1481.0,1474.1374458710213,1040.033490080398,1908.2414016616447
2018-01-08 20:00:00,948.0,924.4105903752665,490.3066345846431,1358.51454616589
2018-01-08 21:00:00,560.0,433.58965931358614,0.0,867.6936151042095
2018-01-08 22:00:00,342.0,321.7044165163763,0.0,755.8083723069997
2018-01-08 23:00:00,239.0,271.2548295021511,0.0,705.3587852927744
2018-01-09 00:00:00,334.0,350.06192085617255,0.0,784.1658766467958
2018-01-09 01:00:00,832.0,802.9725751057427,368.8686193151194,1237.076530896366
2018-01-09 02:00:00,2972.0,2551.7880518125294,2117.684096021906,2985.8920076031527
2018-01-09 03:00:00,5674.0,5314.920758068676,4880.816802278053,5749.0247138592995
2018-01-09 04:00:00,6229.0,5961.355065949415,5527.251110158792,6395.459021740038
2018-01-09 05:00:00,5965.0,5516.0092270745845,5081.905271283961,5950.113182865208
2018-01-09 06:00:00,5124.0,5011.482273281166,4577.378317490543,5445.58622907179
2018-01-09 07:00:00,4348.0,4267.980436551707,3833.8764807610833,4702.08439234233
2018-01-09 08:00:00,4473.0,4460.546948455775,4026.442992665152,4894.650904246399
2018-01-09 09:00:00,5034.0,4721.6619984425815,4287.558042651958,5155.765954233205
2018-01-09 10:00:00,4784.0,4710.635439558655,4276.531483768032,5144.739395349278
2018-01-09 11:00:00,5065.0,5015.623904460689,4581.519948670066,5449.727860251312
2018-01-09 12:00:00,5589.0,5766.009497331046,5331.905541540423,6200.113453121669
2018-01-09 13:00:00,6559.0,6514.607626735002,6080.503670944378,6948.711582525625
2018-01-09 14:00:00,6104.0,6216.511144327239,5782.407188536616,6650.615100117862
2018-01-09 15:00:00,4405.0,4506.5459712458,4072.4420154551763,4940.649927036423
2018-01-09 16:00:00,3001.0,3131.424479565866,2697.3205237752427,3565.5284353564894
2018-01-09 17:00:00,2604.0,2737.3879408249204,2303.283985034297,3171.4918966155437
2018-01-09 18:00:00,2931.0,2653.4879054723174,2219.383949681694,3087.5918612629407
2018-01-09 19:00:00,3488.0,1872.3210870758273,1438.217131285204,2306.425042866451
2018-01-09 20:00:00,1125.0,1098.5624505423007,664.4584947516773,1532.666406332924
2018-01-09 21:00:00,583.0,680.2288569242063,246.12490113358297,1114.3328127148297
2018-01-09 22:00:00,327.0,466.55262165648503,32.4486658658617,900.6565774471084
2018-01-09 23:00:00,270.0,305.8085554135787,0.0,739.912511204202
2018-01-10 00:00:00,336.0,364.26717643080667,0.0,798.37113222143
2018-01-10 01:00:00,887.0,767.4558074088663,333.351851618243,1201.5597631994897
2018-01-10 02:00:00,2944.0,2668.0267614815175,2233.922805690894,3102.130717272141
2018-01-10 03:00:00,5614.0,5486.826945955509,5052.722990164885,5920.930901746132
2018-01-10 04:00:00,6228.0,6319.024313722032,5884.920357931409,6753.128269512656
2018-01-10 05:00:00,5842.0,5679.207303361128,5245.103347570504,6113.311259151751
2018-01-10 06:00:00,5145.0,5093.692437820495,4659.588482029872,5527.796393611118
2018-01-10 07:00:00,4552.0,4439.808240829412,4005.704285038789,4873.9121966200355
2018-01-10 08:00:00,4623.0,4669.964169047712,4235.860213257089,5104.068124838335
2018-01-10 09:00:00,4911.0,4998.465407543446,4564.361451752823,5432.56936333407
2018-01-10 10:00:00,4926.0,5030.949228167993,4596.84527237737,5465.0531839586165
2018-01-10 11:00:00,5315.0,5270.7713848338735,4836.66742904325,5704.875340624497
2018-01-10 12:00:00,5681.0,5741.180691177411,5307.076735386788,6175.284646968034
2018-01-10 13:00:00,6602.0,6485.190858238362,6051.086902447739,6919.2948140289855
2018-01-10 14:00:00,6128.0,6136.027588148334,5701.923632357711,6570.131543938957
2018-01-10 15:00:00,4520.0,4578.443665589632,4144.339709799008,5012.547621380255
2018-01-10 16:00:00,2986.0,3208.187372254302,2774.0834164636785,3642.291328044925
2018-01-10 17:00:00,2642.0,2788.9739176014605,2354.869961810837,3223.077873392084
2018-01-10 18:00:00,2342.0,2564.7239820683026,2130.6200262776792,2998.827937858926
2018-01-10 19:00:00,1596.0,1907.5497512790398,1473.4457954884165,2341.653707069663
2018-01-10 20:00:00,1115.0,1127.4736902602508,693.3697344696275,1561.5776460508741
2018-01-10 21:00:00,568.0,548.592189690143,114.48823389951963,982.6961454807663
2018-01-10 22:00:00,352.0,353.0929311353716,0.0,787.1968869259949
2018-01-10 23:00:00,291.0,286.35752463068593,0.0,720.4614804213093
2018-01-11 00:00:00,391.0,349.97753404380137,0.0,784.0814898344247
2018-01-11 01:00:00,855.0,771.4705776712385,337.3666218806152,1205.5745334618618
2018-01-11 02:00:00,2869.0,2585.7786098187953,2151.674654028172,3019.8825656094186
2018-01-11 03:00:00,4869.0,5482.898539710326,5048.794583919703,5917.002495500949
2018-01-11 04:00:00,4601.0,6369.550605403801,5935.446649613177,6803.654561194424
2018-01-11 05:00:00,4475.0,5627.522080251909,5193.4181244612855,6061.626036042532
2018-01-11 06:00:00,4021.0,4816.1912904563305,4382.087334665707,5250.295246246954
2018-01-11 07:00:00,3559.0,4371.887611998945,3937.783656208322,4805.991567789569
2018-01-11 08:00:00,3524.0,4163.821540138515,3729.7175843478917,4597.925495929138
2018-01-11 09:00:00,3587.0,4254.558020786801,3820.4540649961773,4688.661976577424
2018-01-11 10:00:00,3293.0,4064.951923913495,3630.847968122872,4499.0558797041185
2018-01-11 11:00:00,3557.0,4502.628794429817,4068.524838639194,4936.732750220441
2018-01-11 12:00:00,4081.0,4528.054096384849,4093.9501405942256,4962.158052175472
2018-01-11 13:00:00,4269.0,4995.021167000988,4560.917211210364,5429.125122791611
2018-01-11 14:00:00,4178.0,3947.7344455999773,3513.630489809354,4381.838401390601
2018-01-11 15:00:00,3130.0,3195.347996149483,2761.24404035886,3629.4519519401065
2018-01-11 16:00:00,2480.0,2439.041943958077,2004.9379881674536,2873.1458997487002
2018-01-11 17:00:00,2251.0,2227.91565006224,1793.8116942716165,2662.019605852863
2018-01-11 18:00:00,2081.0,2303.2954827074564,1869.191526916833,2737.3994384980797
2018-01-11 19:00:00,1450.0,1734.0795086363923,1299.975552845769,2168.1834644270157
2018-01-11 20:00:00,949.0,1072.6914828464426,638.5875270558192,1506.795438637066
2018-01-11 21:00:00,566.0,535.6277989242359,101.52384313361256,969.7317547148592
2018-01-11 22:00:00,335.0,370.6434290837585,0.0,804.7473848743819
2018-01-11 23:00:00,272.0,290.86772731928346,0.0,724.9716831099067
2018-01-12 00:00:00,353.0,354.1116530426557,0.0,788.215608833279
2018-01-12 01:00:00,828.0,654.1124958421445,220.0085400515212,1088.216451632768
2018-01-12 02:00:00,2728.0,2337.8616148791884,1903.757659088565,2771.9655706698118
2018-01-12 03:00:00,4791.0,4878.129182882598,4444.025227091975,5312.233138673221
2018-01-12 04:00:00,5517.0,5388.190875895656,4954.086920105033,5822.294831686279
2018-01-12 05:00:00,4240.0,5141.949381724585,4707.845425933961,5576.053337515208
2018-01-12 06:00:00,4565.0,4458.022977861553,4023.9190220709297,4892.126933652176
2018-01-12 07:00:00,3988.0,4122.467828589765,3688.363872799142,4556.571784380389
2018-01-12 08:00:00,4440.0,4083.969842571971,3649.865886781348,4518.073798362595
2018-01-12 09:00:00,4958.0,4705.641699202013,4271.53774341139,5139.745654992636
2018-01-12 10:00:00,4928.0,4384.4338327241,3950.329876933477,4818.537788514724
2018-01-12 11:00:00,5078.0,4675.352650403053,4241.24869461243,5109.456606193677
2018-01-12 12:00:00,5560.0,5302.893046527204,4868.789090736581,5736.9970023178275
2018-01-12 13:00:00,5841.0,5939.324310634287,5505.220354843664,6373.42826642491
2018-01-12 14:00:00,5779.0,5373.945451994059,4939.841496203436,5808.049407784682
2018-01-12 15:00:00,4677.0,4214.971341562952,3780.867385772329,4649.0752973535755
2018-01-12 16:00:00,3348.0,3155.9025200696683,2721.798564279045,3590.0064758602916
2018-01-12 17:00:00,2690.0,2876.8677216055103,2442.763765814887,3310.9716773961336
2018-01-12 18:00:00,2573.0,2936.6050085857805,2502.501052795157,3370.708964376404
2018-01-12 19:00:00,2440.0,2501.2343059270975,2067.130350136474,2935.338261717721
2018-01-12 20:00:00,1654.0,1711.342876259725,1277.2389204691017,2145.4468320503483
2018-01-12 21:00:00,1032.0,1054.4615700598663,620.357614269243,1488.5655258504896
2018-01-12 22:00:00,601.0,677.9419801814861,243.83802439086276,1112.0459359721094
2018-01-12 23:00:00,467.0,529.8885213390853,95.78456554846196,963.9924771297086
2018-01-13 00:00:00,361.0,360.4062999880779,0.0,794.5102557787012
2018-01-13 01:00:00,388.0,385.97089362687615,0.0,820.0748494174995
2018-01-13 02:00:00,647.0,705.9788933671604,271.87493757653704,1140.0828491577836
2018-01-13 03:00:00,1175.0,1250.2192251754898,816.1152693848665,1684.3231809661131
2018-01-13 04:00:00,1720.0,1823.8391145217543,1389.735158731131,2257.9430703123776
2018-01-13 05:00:00,2582.0,2468.0275488121806,2033.9235930215573,2902.131504602804
2018-01-13 06:00:00,3473.0,3319.6455542509552,2885.541598460332,3753.7495100415786
2018-01-13 07:00:00,3916.0,3644.4153219601253,3210.311366169502,4078.5192777507486
2018-01-13 08:00:00,4155.0,4053.8727518287214,3619.768796038098,4487.976707619345
2018-01-13 09:00:00,4379.0,4446.979171101729,4012.8752153111054,4881.083126892352
2018-01-13 10:00:00,4595.0,4576.810216494275,4142.706260703651,5010.914172284898
2018-01-13 11:00:00,4212.0,4553.560760509831,4119.456804719208,4987.6647163004545
2018-01-13 12:00:00,3941.0,4493.038011399881,4058.9340556092575,4927.141967190504
2018-01-13 13:00:00,3601.0,4566.239906129854,4132.1359503392305,5000.343861920477
2018-01-13 14:00:00,3374.0,4224.730814051202,3790.626858260579,4658.834769841826
2018-01-13 15:00:00,3141.0,3565.9086135053813,3131.804657714758,4000.0125692960046
2018-01-13 16:00:00,3479.0,2496.181513319849,2062.0775575292255,2930.285469110472
2018-01-13 17:00:00,3429.0,2373.6520326234454,1939.548076832822,2807.7559884140687
2018-01-13 18:00:00,4055.0,2699.037028430497,2264.9330726398734,3133.14098422112
2018-01-13 19:00:00,2990.0,2726.0251109010364,2291.921155110413,3160.12906669166
2018-01-13 20:00:00,1872.0,1943.6342146602778,1509.5302588696545,2377.738170450901
2018-01-13 21:00:00,1210.0,1344.8475133346008,910.7435575439774,1778.951469125224
2018-01-13 22:00:00,756.0,865.0457267732131,430.9417709825898,1299.1496825638364
2018-01-13 23:00:00,494.0,561.2073861955122,127.10343040488885,995.3113419861355
2018-01-14 00:00:00,313.0,342.7934569270363,0.0,776.8974127176596
2018-01-14 01:00:00,271.0,331.95729185587567,0.0,766.0612476464989
2018-01-14 02:00:00,474.0,494.8113910174616,60.70743522683824,928.9153468080849
2018-01-14 03:00:00,735.0,824.190239107795,390.0862833171717,1258.2941948984185
2018-01-14 04:00:00,1296.0,1089.102131131899,654.9981753412756,1523.2060869225222
2018-01-14 05:00:00,1880.0,1538.2774515890608,1104.1734957984374,1972.381407379684
2018-01-14 06:00:00,2567.0,2382.7608689190965,1948.6569131284732,2816.86482470972
2018-01-14 07:00:00,3338.0,3327.522311792415,2893.418356001792,3761.6262675830385
2018-01-14 08:00:00,3771.0,3586.3762349131416,3152.2722791225183,4020.480190703765
2018-01-14 09:00:00,4175.0,3788.7066363918043,3354.602680601181,4222.810592182428
2018-01-14 10:00:00,4567.0,4044.7295245116975,3610.625568721074,4478.833480302321
2018-01-14 11:00:00,3873.0,3957.670617329872,3523.566661539249,4391.774573120496
2018-01-14 12:00:00,3383.0,4097.045025461072,3662.941069670449,4531.148981251696
2018-01-14 13:00:00,2769.0,4101.3310588541235,3667.2271030635,4535.435014644747
2018-01-14 14:00:00,2357.0,3527.6386935507962,3093.534737760173,3961.7426493414196
2018-01-14 15:00:00,1935.0,2708.9846782493405,2274.880722458717,3143.088634039964
2018-01-14 16:00:00,1800.0,2015.258897195292,1581.1549414046688,2449.362852985915
2018-01-14 17:00:00,2218.0,1599.6616090385562,1165.5576532479329,2033.7655648291795
2018-01-14 18:00:00,2264.0,1731.8093861814516,1297.7054303908283,2165.9133419720747
2018-01-14 19:00:00,2292.0,1386.721579345321,952.6176235546977,1820.8255351359444
2018-01-14 20:00:00,979.0,1049.4188750292476,615.3149192386243,1483.522830819871
2018-01-14 21:00:00,600.0,519.332451680154,85.22849588953068,953.4364074707773
2018-01-14 22:00:00,341.0,419.2876693735985,0.0,853.3916251642218
2018-01-14 23:00:00,269.0,295.32256243366584,0.0,729.4265182242891
2018-01-15 00:00:00,347.0,361.169596049648,0.0,795.2735518402714
2018-01-15 01:00:00,775.0,836.8917897501667,402.7878339595434,1270.99574554079
2018-01-15 02:00:00,2183.0,2415.686404034297,1981.5824482436738,2849.7903598249204
2018-01-15 03:00:00,3637.0,5146.866382387693,4712.76242659707,5580.9703381783165
2018-01-15 04:00:00,3651.0,4869.144043782435,4435.040087991812,5303.247999573058
2018-01-15 05:00:00,3231.0,3865.216151149508,3431.1121953588845,4299.320106940131
2018-01-15 06:00:00,3410.0,3100.1310019249727,2666.0270461343493,3534.234957715596
2018-01-15 07:00:00,3307.0,2809.7085404322047,2375.6045846415814,3243.812496222828
2018-01-15 08:00:00,3638.0,3551.62919852179,3117.5252427311666,3985.7331543124133
2018-01-15 09:00:00,3970.0,4014.9362781587115,3580.832322368088,4449.040233949335
2018-01-15 10:00:00,4207.0,4067.603104967527,3633.4991491769038,4501.70706075815
2018-01-15 11:00:00,4440.0,4209.215617510558,3775.111661719935,4643.319573301182
2018-01-15 12:00:00,4414.0,4264.139949883839,3830.035994093216,4698.243905674462
2018-01-15 13:00:00,4800.0,4863.045213443353,4428.941257652729,5297.149169233976
2018-01-15 14:00:00,4437.0,4735.976688998443,4301.87273320782,5170.080644789066
2018-01-15 15:00:00,3528.0,3621.6657692471877,3187.5618134565643,4055.769725037811
2018-01-15 16:00:00,2611.0,2651.834314296045,2217.7303585054215,3085.938270086668
2018-01-15 17:00:00,2162.0,2261.8208589489927,1827.7169031583694,2695.924814739616
2018-01-15 18:00:00,1977.0,1970.2499300718896,1536.1459742812663,2404.353885862513
2018-01-15 19:00:00,1430.0,1315.8002563152056,881.6963005245823,1749.904212105829
2018-01-15 20:00:00,888.0,942.8387321893993,508.7347763987759,1376.9426879800226
2018-01-15 21:00:00,494.0,463.897060219508,29.793104428884646,898.0010160101313
2018-01-15 22:00:00,321.0,334.581916807611,0.0,768.6858725982343
2018-01-15 23:00:00,255.0,264.03375076717185,0.0,698.1377065577951
2018-01-16 00:00:00,354.0,344.91010230698527,0.0,779.0140580976085
2018-01-16 01:00:00,872.0,841.9722156119569,407.8682598213336,1276.0761714025803
2018-01-16 02:00:00,2836.0,2495.7764229767317,2061.6724671861084,2929.880378767355
2018-01-16 03:00:00,5254.0,5140.108778613523,4706.0048228229,5574.212734404146
2018-01-16 04:00:00,5568.0,5198.104157006898,4764.000201216275,5632.208112797522
2018-01-16 05:00:00,5066.0,5047.760922936445,4613.656967145822,5481.864878727069
2018-01-16 06:00:00,5045.0,4570.656561923665,4136.552606133042,5004.760517714289
2018-01-16 07:00:00,4302.0,4123.268452342889,3689.1644965522655,4557.372408133512
2018-01-16 08:00:00,4332.0,4229.519730238827,3795.4157744482036,4663.62368602945
2018-01-16 09:00:00,4602.0,4632.5885587638,4198.484602973177,5066.692514554424
2018-01-16 10:00:00,4608.0,4678.30924864074,4244.205292850117,5112.413204431364
2018-01-16 11:00:00,4625.0,4880.007606714727,4445.903650924104,5314.111562505351
2018-01-16 12:00:00,5424.0,5500.796871337529,5066.692915546906,5934.900827128153
2018-01-16 13:00:00,6186.0,6062.602049728399,5628.498093937776,6496.706005519022
2018-01-16 14:00:00,5809.0,5621.070792541871,5186.966836751248,6055.174748332494
2018-01-16 15:00:00,4066.0,4287.688200888328,3853.5842450977043,4721.792156678951
2018-01-16 16:00:00,2924.0,3009.995116556416,2575.891160765793,3444.0990723470395
2018-01-16 17:00:00,2574.0,2479.464139071784,2045.3601832811605,2913.568094862407
2018-01-16 18:00:00,2330.0,2268.0004615564553,1833.896505765832,2702.1044173470787
2018-01-16 19:00:00,1522.0,1644.8154568814653,1210.711501090842,2078.9194126720886
2018-01-16 20:00:00,977.0,1131.008288821794,696.9043330311706,1565.1122446124173
2018-01-16 21:00:00,491.0,555.7917342574692,121.68777846684588,989.8956900480925
2018-01-16 22:00:00,303.0,357.9332831585011,0.0,792.0372389491245
2018-01-16 23:00:00,245.0,280.91342275357874,0.0,715.0173785442021
2018-01-17 00:00:00,346.0,344.9472193726093,0.0,779.0511751632326
2018-01-17 01:00:00,882.0,845.7596427064597,411.6556869158363,1279.8635984970829
2018-01-17 02:00:00,2856.0,2641.855791626974,2207.751835836351,3075.9597474175976
2018-01-17 03:00:00,5351.0,5242.883109055124,4808.779153264501,5676.987064845747
2018-01-17 04:00:00,5684.0,5381.395131211809,4947.2911754211855,5815.499087002432
2018-01-17 05:00:00,5345.0,5324.287442521944,4890.183486731321,5758.391398312568
2018-01-17 06:00:00,4847.0,4774.172422381153,4340.06846659053,5208.276378171777
2018-01-17 07:00:00,4412.0,4239.655708522195,3805.5517527315715,4673.759664312818
2018-01-17 08:00:00,4497.0,4376.207154132694,3942.1031983420708,4810.311109923317
2018-01-17 09:00:00,4653.0,4643.680802389523,4209.5768465988995,5077.784758180146
2018-01-17 10:00:00,4917.0,4735.495958860816,4301.392003070193,5169.59991465144
2018-01-17 11:00:00,5147.0,4984.703902426261,4550.599946635638,5418.807858216885
2018-01-17 12:00:00,3271.0,5754.873400414446,5320.769444623823,6188.97735620507
2018-01-17 13:00:00,5287.0,6287.763790040501,5853.659834249877,6721.867745831124
2018-01-17 14:00:00,5676.0,6085.040802712314,5650.936846921691,6519.144758502937
2018-01-17 15:00:00,4207.0,2725.2978885925504,2291.193932801927,3159.4018443831737
2018-01-17 16:00:00,3080.0,2982.092629910562,2547.988674119939,3416.1965857011855
2018-01-17 17:00:00,2777.0,2547.095158623024,2112.9912028324006,2981.1991144136473
2018-01-17 18:00:00,2278.0,2331.341555372553,1897.2375995819298,2765.4455111631764
2018-01-17 19:00:00,1706.0,1758.1030756931705,1323.9991199025471,2192.207031483794
2018-01-17 20:00:00,2597.0,1143.2306922725736,709.1267364819503,1577.334648063197
2018-01-17 21:00:00,756.0,517.2629202073713,83.15896441674795,951.3668759979946
2018-01-17 22:00:00,352.0,345.4116580060328,0.0,779.5156137966561
2018-01-18 00:00:00,366.0,370.04305317344233,0.0,804.1470089640657
2018-01-18 01:00:00,883.0,742.1419042088964,308.0379484182731,1176.2458599995198
2018-01-18 03:00:00,5369.0,4665.781431659113,4231.67747586849,5099.885387449736
2018-01-18 04:00:00,5848.0,5734.822309825722,5300.718354035099,6168.9262656163455
2018-01-18 05:00:00,5751.0,4955.818367302096,4521.7144115114725,5389.922323092719
2018-01-18 06:00:00,5143.0,4875.026927376431,4440.922971585807,5309.130883167054
2018-01-18 07:00:00,4479.0,4336.966735846669,3902.8627800560453,4771.070691637292
2018-01-18 08:00:00,4706.0,4855.662240912669,4421.558285122046,5289.766196703293
2018-01-18 09:00:00,4872.0,4967.995232249029,4533.891276458406,5402.099188039652
2018-01-18 10:00:00,4878.0,4928.373513216183,4494.2695574255595,5362.477469006806
2018-01-18 11:00:00,5056.0,5238.501533594667,4804.397577804044,5672.605489385291
2018-01-18 12:00:00,5834.0,5693.902897147367,5259.798941356744,6128.0068529379905
2018-01-18 13:00:00,6527.0,6208.925061379563,5774.82110558894,6643.029017170186
2018-01-18 14:00:00,6039.0,5942.423619434063,5508.3196636434395,6376.527575224686
2018-01-18 15:00:00,4502.0,4566.0876981204965,4131.983742329873,5000.19165391112
2018-01-18 16:00:00,3289.0,3254.192360069591,2820.0884042789676,3688.2963158602142
2018-01-18 17:00:00,3096.0,2916.2211051395984,2482.117149348975,3350.3250609302218
2018-01-18 18:00:00,2753.0,2838.6314861957308,2404.5275304051074,3272.735441986354
2018-01-18 19:00:00,1797.0,2456.6758912427013,2022.571935452078,2890.7798470333246
2018-01-18 20:00:00,1188.0,1262.6050150996332,828.5010593090099,1696.7089708902565
2018-01-18 21:00:00,589.0,643.5977897254523,209.493833934829,1077.7017455160758
2018-01-18 22:00:00,333.0,368.3184921541793,0.0,802.4224479448026
2018-01-18 23:00:00,283.0,313.4892133672039,0.0,747.5931691578272
2018-01-19 00:00:00,373.0,362.3769160365338,0.0,796.4808718271572
2018-01-19 01:00:00,886.0,737.0414881354136,302.93753234479027,1171.145443926037
2018-01-19 02:00:00,2795.0,2538.46602732878,2104.3620715381567,2972.5699831194033
2018-01-19 03:00:00,5340.0,5279.217778612629,4845.113822822006,5713.321734403253
2018-01-19 04:00:00,6309.0,6136.607060005763,5702.5031042151395,6570.711015796386
2018-01-19 05:00:00,5673.0,5353.551521847348,4919.447566056725,5787.655477637972
2018-01-19 06:00:00,4948.0,4956.064209812985,4521.960254022361,5390.168165603608
2018-01-19 07:00:00,4463.0,4483.268484007995,4049.1645282173713,4917.372439798618
2018-01-19 08:00:00,4936.0,4897.653150660965,4463.549194870342,5331.757106451589
2018-01-19 09:00:00,5218.0,5221.773662943202,4787.669707152579,5655.877618733825
2018-01-19 10:00:00,5101.0,5067.662467506115,4633.5585117154915,5501.766423296738
2018-01-19 11:00:00,5302.0,5439.12921890148,5005.025263110857,5873.233174692104
2018-01-19 12:00:00,5810.0,5843.749957923126,5409.646002132503,6277.8539137137495
2018-01-19 13:00:00,6305.0,6203.937482683961,5769.833526893338,6638.0414384745845
2018-01-19 14:00:00,5657.0,5873.265905365523,5439.1619495749,6307.369861156147
2018-01-19 15:00:00,4503.0,4604.591778255141,4170.487822464518,5038.695734045765
2018-01-19 16:00:00,3516.0,3369.9030862559016,2935.7991304652783,3804.007042046525
2018-01-19 17:00:00,3094.0,2906.8298560724616,2472.725900281838,3340.933811863085
2018-01-19 18:00:00,3370.0,2917.039376044491,2482.9354202538675,3351.143331835114
2018-01-19 19:00:00,2819.0,2507.2144413384026,2073.1104855477793,2941.318397129026
2018-01-19 20:00:00,1892.0,1856.295537392389,1422.1915816017656,2290.399493183012
2018-01-19 21:00:00,1179.0,1195.3192985812327,761.2153427906094,1629.423254371856
2018-01-19 22:00:00,759.0,752.998748600006,318.8947928093827,1187.1027043906292
2018-01-19 23:00:00,528.0,533.0288929506182,98.9249371599949,967.1328487412416
2018-01-20 00:00:00,366.0,373.6041622058644,0.0,807.7081179964878
2018-01-20 01:00:00,399.0,408.4552770033711,0.0,842.5592327939944
2018-01-20 02:00:00,703.0,824.0470049939304,389.94304920330705,1258.1509607845537
2018-01-20 03:00:00,1307.0,1418.9895350914182,984.8855793007949,1853.0934908820416
2018-01-20 04:00:00,1888.0,1870.2113526022817,1436.1073968116584,2304.315308392905
2018-01-20 05:00:00,2838.0,2782.6130612055417,2348.5091054149184,3216.717016996165
2018-01-20 06:00:00,3381.0,3437.0183739097697,3002.9144181191464,3871.122329700393
2018-01-20 07:00:00,4033.0,3661.4992376106597,3227.3952818200364,4095.603193401283
2018-01-20 08:00:00,4425.0,4251.729863044475,3817.6259072538514,4685.833818835098
2018-01-20 09:00:00,4886.0,4477.827595548615,4043.723639757992,4911.9315513392385
2018-01-20 10:00:00,4693.0,4630.270406448642,4196.166450658018,5064.374362239265
2018-01-20 11:00:00,4986.0,4563.08030693872,4128.976351148097,4997.184262729344
2018-01-20 12:00:00,4811.0,4666.87687686089,4232.772921070266,5100.980832651513
2018-01-20 13:00:00,4757.0,4649.626784712227,4215.522828921604,5083.7307405028505
2018-01-20 14:00:00,4754.0,4577.677153109967,4143.573197319343,5011.78110890059
2018-01-20 15:00:00,4530.0,4070.9531725395786,3636.8492167489553,4505.0571283302015
2018-01-20 16:00:00,3900.0,3286.3801382340935,2852.27618244347,3720.484094024717
2018-01-20 17:00:00,3497.0,2932.7926080168395,2498.688652226216,3366.896563807463
2018-01-20 18:00:00,3742.0,3038.0410991487006,2603.9371433580773,3472.145054939324
2018-01-20 19:00:00,3608.0,3077.543301906574,2643.4393461159507,3511.6472576971973
2018-01-20 20:00:00,3427.0,2238.8741540389497,1804.7701982483263,2672.978109829573
2018-01-20 21:00:00,1830.0,1293.6352391650767,859.5312833744533,1727.7391949557
2018-01-20 22:00:00,1254.0,949.5045435515636,515.4005877609403,1383.6084993421869
2018-01-20 23:00:00,788.0,892.4873163441952,458.38336055357183,1326.5912721348186
2018-01-21 00:00:00,367.0,401.5420936575774,0.0,835.6460494482008
2018-01-21 01:00:00,433.0,382.4785566094501,0.0,816.5825124000735
2018-01-21 02:00:00,582.0,476.4590558376819,42.355100047058556,910.5630116283053
2018-01-21 03:00:00,1070.0,814.8118134122052,380.70785762158187,1248.9157692028284
2018-01-21 04:00:00,1343.0,1350.9032914616896,916.7993356710663,1785.007247252313
2018-01-21 05:00:00,2056.0,1948.5147885780552,1514.410832787432,2382.6187443686786
2018-01-21 06:00:00,2804.0,3057.622799743723,2623.5188439531,3491.7267555343465
2018-01-21 07:00:00,3355.0,3339.600529279039,2905.496573488416,3773.7044850696625
2018-01-21 08:00:00,3686.0,3974.8891849853403,3540.785229194717,4408.993140775963
2018-01-21 09:00:00,4247.0,4265.483095323585,3831.3791395329617,4699.587051114208
2018-01-21 10:00:00,4403.0,4453.830546566003,4019.72659077538,4887.934502356627
2018-01-21 11:00:00,4464.0,4304.523475591951,3870.4195198013276,4738.627431382574
2018-01-21 12:00:00,4261.0,4389.9640849444595,3955.860129153836,4824.068040735083
2018-01-21 13:00:00,4236.0,4402.322680572435,3968.218724781812,4836.426636363059
2018-01-21 14:00:00,3791.0,4230.097524360824,3795.9935685702003,4664.201480151447
2018-01-21 15:00:00,2398.0,3642.7690337357003,3208.665077945077,4076.8729895263236
2018-01-21 16:00:00,1992.0,2816.1718528705574,2382.067897079934,3250.2758086611807
2018-01-21 17:00:00,2566.0,2208.259717312151,1774.155761521528,2642.3636731027746
2018-01-21 18:00:00,2433.0,1818.6133794408388,1384.5094236502155,2252.717335231462
2018-01-21 19:00:00,1481.0,1390.7508180315065,956.6468622408831,1824.8547738221298
2018-01-21 20:00:00,848.0,1190.5393349600834,756.43537916946,1624.6432907507067
2018-01-21 21:00:00,486.0,600.7502394250564,166.64628363443308,1034.8541952156797
2018-01-21 22:00:00,337.0,390.7981262941928,0.0,824.9020820848161
2018-01-21 23:00:00,254.0,293.19573300812823,0.0,727.2996887987515
2018-01-22 00:00:00,325.0,394.09699039847226,0.0,828.2009461890956
2018-01-22 01:00:00,897.0,843.4544526233544,409.3504968327311,1277.5584084139778
2018-01-22 02:00:00,2797.0,2373.7247415474467,1939.6207857568234,2807.82869733807
2018-01-22 03:00:00,5109.0,5315.60096637512,4881.497010584497,5749.7049221657435
2018-01-22 04:00:00,5250.0,5382.26462220221,4948.160666411587,5816.368577992834
2018-01-22 05:00:00,4429.0,5228.1287023779905,4794.024746587367,5662.232658168614
2018-01-22 06:00:00,3794.0,4539.460570824053,4105.35661503343,4973.564526614677
2018-01-22 07:00:00,3351.0,4064.4396278580025,3630.335672067379,4498.543583648626
2018-01-22 08:00:00,3240.0,4068.1267489857464,3634.022793195123,4502.23070477637
2018-01-22 09:00:00,3143.0,4073.0385396094457,3638.9345838188224,4507.142495400069
2018-01-22 10:00:00,3066.0,4177.401259370992,3743.297303580369,4611.5052151616155
2018-01-22 11:00:00,2846.0,4254.935614811695,3820.8316590210716,4689.039570602318
2018-01-22 12:00:00,2132.0,4401.920111549583,3967.81615575896,4836.024067340207
2018-01-22 13:00:00,1488.0,4480.398269899965,4046.294314109342,4914.502225690589
2018-01-22 14:00:00,1379.0,3405.217200569043,2971.11324477842,3839.3211563596665
2018-01-22 15:00:00,1086.0,2186.5763104667385,1752.4723546761152,2620.680266257362
2018-01-22 16:00:00,1291.0,1517.7021619297423,1083.598206139119,1951.8061177203656
2018-01-22 17:00:00,889.0,1383.7181448877109,949.6141890970875,1817.8221006783342
2018-01-22 18:00:00,1246.0,1313.0663843436525,878.9624285530292,1747.1703401342759
2018-01-22 19:00:00,1631.0,1051.829166453611,617.7252106629876,1485.9331222442343
2018-01-22 20:00:00,570.0,854.8316188295714,420.7276630389481,1288.9355746201948
2018-01-22 21:00:00,446.0,388.823835203935,0.0,822.9277909945583
2018-01-22 22:00:00,245.0,1547.3993754071116,1113.2954196164883,1981.503331197735
2018-01-22 23:00:00,211.0,539.715836750901,105.61188096027763,973.8197925415243
2018-01-23 00:00:00,282.0,718.2742026279251,284.17024683730176,1152.3781584185485
2018-01-23 01:00:00,705.0,453.7775310627287,19.67357527210538,887.881486853352
2018-01-23 02:00:00,2008.0,2565.8792903626318,2131.7753345720084,2999.983246153255
2018-01-23 03:00:00,3674.0,3962.5555798075243,3528.451624016901,4396.659535598148
2018-01-23 04:00:00,3788.0,4450.700095769012,4016.5961399783882,4884.804051559635
2018-01-23 05:00:00,3196.0,3009.5930145046145,2575.489058713991,3443.696970295238
2018-01-23 06:00:00,3337.0,2847.2126488681724,2413.108693077549,3281.3166046587958
2018-01-23 07:00:00,3237.0,2663.728863847901,2229.6249080572775,3097.832819638524
2018-01-23 08:00:00,3299.0,3237.908754764513,2803.80479897389,3672.0127105551364
2018-01-23 09:00:00,3506.0,3822.8231412739465,3388.719185483323,4256.92709706457
2018-01-23 10:00:00,3670.0,3993.9827027032543,3559.878746912631,4428.086658493878
2018-01-23 11:00:00,4001.0,4100.118944757275,3666.014988966652,4534.2229005478985
2018-01-23 12:00:00,4287.0,4353.924694467217,3919.8207386765935,4788.02865025784
2018-01-23 13:00:00,5068.0,4666.681020336981,4232.577064546358,5100.784976127605
2018-01-23 14:00:00,4650.0,4283.912127460961,3849.8081716703373,4718.016083251584
2018-01-23 15:00:00,3467.0,3732.2171924753843,3298.113236684761,4166.321148266008
2018-01-23 16:00:00,2652.0,2811.618760861935,2377.5148050713115,3245.722716652558
2018-01-23 17:00:00,2279.0,2424.656615649457,1990.5526598588335,2858.76057144008
2018-01-23 18:00:00,2175.0,2128.7864605937325,1694.6825048031092,2562.890416384356
2018-01-23 19:00:00,1412.0,1491.9882929845278,1057.8843371939045,1926.0922487751511
2018-01-23 20:00:00,979.0,999.3070401498805,565.2030843592572,1433.4109959405039
2018-01-23 21:00:00,512.0,537.6203515519709,103.51639576134755,971.7243073425942
2018-01-23 22:00:00,350.0,352.05259200089296,0.0,786.1565477915162
2018-01-23 23:00:00,235.0,290.327929455858,0.0,724.4318852464813
2018-01-24 00:00:00,373.0,343.5923646563607,0.0,777.696320446984
2018-01-24 01:00:00,893.0,756.7154591511379,322.6115033605146,1190.8194149417614
2018-01-24 02:00:00,2915.0,2446.0056096902895,2011.9016538996661,2880.109565480913
2018-01-24 03:00:00,5445.0,5206.762846207241,4772.658890416617,5640.866801997864
2018-01-24 04:00:00,5866.0,5040.876595502592,4606.772639711969,5474.980551293215
2018-01-24 05:00:00,5625.0,5246.131447894333,4812.02749210371,5680.2354036849565
2018-01-24 06:00:00,5153.0,4606.446131817391,4172.342176026767,5040.550087608014
2018-01-24 07:00:00,4359.0,4129.46582640935,3695.3618706187262,4563.569782199973
2018-01-24 08:00:00,4510.0,4295.714672429336,3861.610716638713,4729.8186282199595
2018-01-24 09:00:00,4704.0,4691.702444720804,4257.598488930181,5125.8064005114275
2018-01-24 10:00:00,4672.0,4713.356660271234,4279.252704480611,5147.460616061858
2018-01-24 11:00:00,4878.0,4968.4540150550865,4534.350059264463,5402.55797084571
2018-01-24 12:00:00,5570.0,5801.287992229968,5367.184036439345,6235.391948020591
2018-01-24 13:00:00,6395.0,6099.60106225299,5665.497106462367,6533.705018043614
2018-01-24 14:00:00,5836.0,6048.48942071828,5614.385464927656,6482.593376508903
2018-01-24 15:00:00,4270.0,4306.891171881204,3872.787216090581,4740.9951276718275
2018-01-24 16:00:00,3104.0,3104.8932645807636,2670.7893087901402,3538.997220371387
2018-01-24 17:00:00,2720.0,2646.9352142888592,2212.831258498236,3081.0391700794826
2018-01-24 18:00:00,2567.0,2414.627154384139,1980.5231985935156,2848.7311101747623
2018-01-24 19:00:00,2254.0,1870.6793452439524,1436.575389453329,2304.7833010345757
2018-01-24 20:00:00,1074.0,1153.6359565208986,719.5320007302753,1587.739912311522
2018-01-24 21:00:00,578.0,597.2786316933502,163.1746759027269,1031.3825874839736
2018-01-24 22:00:00,345.0,405.49964236237975,0.0,839.6035981530031
2018-01-24 23:00:00,265.0,311.7360555929393,0.0,745.8400113835626
2018-01-25 00:00:00,398.0,347.67659032396506,0.0,781.7805461145883
2018-01-25 01:00:00,929.0,755.9196156820802,321.8156598914569,1190.0235714727037
2018-01-25 02:00:00,2932.0,2743.4177285199416,2309.3137727293183,3177.521684310565
2018-01-25 03:00:00,5498.0,5378.913055350188,4944.809099559565,5813.0170111408115
2018-01-25 04:00:00,5702.0,5743.605144364735,5309.501188574111,6177.709100155358
2018-01-25 05:00:00,5616.0,5238.55037390951,4804.446418118887,5672.6543297001335
2018-01-25 06:00:00,5177.0,4882.497195340474,4448.3932395498505,5316.601151131097
2018-01-25 07:00:00,4525.0,4413.709221442502,3979.6052656518787,4847.813177233125
2018-01-25 08:00:00,4529.0,4573.791893573464,4139.687937782841,5007.895849364088
2018-01-25 09:00:00,4646.0,4938.345542710987,4504.241586920363,5372.44949850161
2018-01-25 10:00:00,4866.0,4934.424928036583,4500.32097224596,5368.528883827206
2018-01-25 11:00:00,5152.0,5154.201993918722,4720.098038128099,5588.305949709345
2018-01-25 12:00:00,5720.0,5565.025790083785,5130.921834293162,5999.129745874408
2018-01-25 13:00:00,6669.0,6129.758864088191,5695.654908297568,6563.862819878815
2018-01-25 14:00:00,5883.0,6003.760500674568,5569.656544883945,6437.864456465191
2018-01-25 15:00:00,4449.0,4546.045863022631,4111.941907232008,4980.149818813255
2018-01-25 16:00:00,3637.0,3236.0623239401702,2801.958368149547,3670.1662797307936
2018-01-25 17:00:00,3009.0,2878.0807895044663,2443.976833713843,3312.1847452950897
2018-01-25 18:00:00,2817.0,2766.8470382442624,2332.743082453639,3200.9509940348858
2018-01-25 19:00:00,2047.0,2426.9254160766136,1992.8214602859903,2861.029371867237
2018-01-25 20:00:00,1216.0,1282.3133866577534,848.2094308671301,1716.4173424483768
2018-01-25 21:00:00,893.0,738.4946650837963,304.390709293173,1172.5986208744198
2018-01-25 22:00:00,553.0,386.1799237612949,0.0,820.2838795519183
2018-01-25 23:00:00,421.0,312.15428076066524,0.0,746.2582365512885
2018-01-26 00:00:00,480.0,361.04920132774737,0.0,795.1531571183707
2018-01-26 01:00:00,986.0,541.4918555749854,107.38789978436205,975.5958113656087
2018-01-26 02:00:00,2821.0,1916.753950269369,1482.6499944787456,2350.8579060599923
2018-01-26 03:00:00,5179.0,4413.486744090525,3979.382788299901,4847.590699881148
2018-01-26 04:00:00,6059.0,6075.762183857306,5641.658228066683,6509.866139647929
2018-01-26 05:00:00,5953.0,5245.533171932005,4811.429216141381,5679.637127722628
2018-01-26 06:00:00,4939.0,4917.671749817041,4483.567794026418,5351.775705607664
2018-01-26 07:00:00,4693.0,4580.4555057783555,4146.351549987732,5014.559461568979
2018-01-26 08:00:00,5029.0,4872.536995184262,4438.433039393639,5306.6409509748855
2018-01-26 09:00:00,5401.0,5216.762249400916,4782.658293610292,5650.866205191539
2018-01-26 10:00:00,5380.0,5226.956093619004,4792.85213782838,5661.060049409627
2018-01-26 11:00:00,5464.0,5528.836543655958,5094.732587865335,5962.940499446581
2018-01-26 12:00:00,5810.0,5654.9053036776995,5220.801347887076,6089.009259468323
2018-01-26 13:00:00,6561.0,6182.234692050117,5748.1307362594935,6616.33864784074
2018-01-26 14:00:00,5829.0,6009.797644055048,5575.693688264425,6443.901599845672
2018-01-26 15:00:00,4811.0,4622.217062471764,4188.11310668114,5056.321018262387
2018-01-26 16:00:00,3638.0,3494.7094356054267,3060.6054798148034,3928.81339139605
2018-01-26 17:00:00,3465.0,2926.2603992297168,2492.1564434390934,3360.36435502034
2018-01-26 18:00:00,3215.0,2982.5178868159846,2548.4139310253613,3416.621842606608
2018-01-26 19:00:00,2637.0,2677.749254073539,2243.6452982829155,3111.853209864162
2018-01-26 20:00:00,1841.0,1951.0174364727466,1516.9134806821232,2385.1213922633697
2018-01-26 21:00:00,1121.0,1233.0538957356137,798.9499399449903,1667.157851526237
2018-01-26 22:00:00,672.0,735.2088539074553,301.1048981168319,1169.3128096980786
2018-01-26 23:00:00,476.0,530.2083445321122,96.10438874148883,964.3123003227355
2018-01-27 00:00:00,373.0,378.66450969338706,0.0,812.7684654840104
2018-01-27 01:00:00,449.0,416.324848176163,0.0,850.4288039667863
2018-01-27 02:00:00,753.0,677.3307647368031,243.22680894617974,1111.4347205274264
2018-01-27 03:00:00,1378.0,1465.643398739742,1031.5394429491187,1899.7473545303653
2018-01-27 04:00:00,2158.0,1981.5087789787026,1547.4048231880793,2415.612734769326
2018-01-27 05:00:00,2848.0,2787.5185624013952,2353.414606610772,3221.6225181920186
2018-01-27 06:00:00,3629.0,3446.3261278364707,3012.2221720458474,3880.430083627094
2018-01-27 07:00:00,4325.0,3863.9937526442163,3429.889796853593,4298.09770843484
2018-01-27 08:00:00,4896.0,4138.777664787868,3704.673708997245,4572.8816205784915
2018-01-27 09:00:00,5344.0,4587.769720455118,4153.665764664494,5021.873676245741
2018-01-27 10:00:00,5304.0,4793.624603058128,4359.5206472675045,5227.728558848751
2018-01-27 11:00:00,5132.0,4825.252898544688,4391.148942754065,5259.356854335311
2018-01-27 12:00:00,5407.0,4807.667873165639,4373.563917375016,5241.771828956263
2018-01-27 13:00:00,5460.0,4815.302113013623,4381.198157223,5249.406068804246
2018-01-27 14:00:00,5182.0,4715.938121256422,4281.834165465799,5150.0420770470455
2018-01-27 15:00:00,5052.0,4199.627709927634,3765.5237541370107,4633.731665718257
2018-01-27 16:00:00,4090.0,3351.3823559340512,2917.278400143428,3785.4863117246746
2018-01-27 17:00:00,3584.0,2934.3262506902847,2500.2222948996614,3368.430206480908
2018-01-27 18:00:00,3350.0,3144.00618221816,2709.902226427537,3578.1101380087835
2018-01-27 19:00:00,3070.0,3082.517546261116,2648.4135904704926,3516.6215020517393
2018-01-27 20:00:00,2033.0,2344.0703066494534,1909.96635085883,2778.1742624400767
2018-01-27 21:00:00,1260.0,1368.66121035419,934.5572545635666,1802.7651661448133
2018-01-27 22:00:00,791.0,934.1795671107975,500.0756113201742,1368.2835229014208
2018-01-27 23:00:00,653.0,578.090456167909,143.98650037728567,1012.1944119585323
2018-01-28 00:00:00,444.0,353.5243185349862,0.0,787.6282743256095
2018-01-28 01:00:00,395.0,361.37616873738585,0.0,795.4801245280091
2018-01-28 02:00:00,643.0,485.11505516340463,51.0110993727813,919.2190109540279
2018-01-28 03:00:00,1058.0,1018.2724717816125,584.1685159909891,1452.3764275722358
2018-01-28 04:00:00,1666.0,1502.8511745187839,1068.7472187281605,1936.9551303094072
2018-01-28 05:00:00,2314.0,2171.4285605142313,1737.324604723608,2605.5325163048547
2018-01-28 06:00:00,3024.0,2922.1291196487496,2488.0251638581262,3356.233075439373
2018-01-28 07:00:00,3564.0,3566.1664898818285,3132.062534091205,4000.270445672452
2018-01-28 08:00:00,4065.0,3900.6579547994206,3466.5539990087973,4334.761910590044
2018-01-28 09:00:00,4506.0,4321.561515091465,3887.4575593008412,4755.665470882088
2018-01-28 10:00:00,4784.0,4430.208374242421,3996.1044184517978,4864.312330033044
2018-01-28 11:00:00,4895.0,4481.177807592452,4047.073851801829,4915.2817633830755
2018-01-28 12:00:00,4801.0,4371.867439371899,3937.763483581276,4805.971395162523
2018-01-28 13:00:00,4716.0,4574.152126784897,4140.048170994273,5008.25608257552
2018-01-28 14:00:00,4535.0,4407.178624446817,3973.0746686561934,4841.28258023744
2018-01-28 15:00:00,3849.0,3999.8177917295816,3565.7138359389583,4433.921747520205
2018-01-28 16:00:00,3221.0,3192.653112396648,2758.5491566060246,3626.757068187271
2018-01-28 17:00:00,2554.0,2750.5185959999644,2316.414640209341,3184.6225517905877
2018-01-28 18:00:00,2082.0,2595.781380126183,2161.67742433556,3029.8853359168065
2018-01-28 19:00:00,1433.0,2004.4483653847967,1570.3444095941734,2438.55232117542
2018-01-28 20:00:00,877.0,1194.0676788759058,759.9637230852825,1628.1716346665291
2018-01-28 21:00:00,482.0,509.80182176658934,75.69786597596601,943.9057775572127
2018-01-28 22:00:00,335.0,372.34981022904105,0.0,806.4537660196644
2018-01-28 23:00:00,230.0,276.01994731521756,0.0,710.1239031058409
2018-01-29 00:00:00,353.0,338.2643793365254,0.0,772.3683351271487
2018-01-29 01:00:00,888.0,838.8693043698172,404.76534857919387,1272.9732601604405
2018-01-29 02:00:00,2837.0,2502.0259256739646,2067.9219698833413,2936.129881464588
2018-01-29 03:00:00,5488.0,5272.61392539167,4838.509969601047,5706.717881182293
2018-01-29 04:00:00,6362.0,5097.895902120936,4663.791946330312,5531.999857911559
2018-01-29 05:00:00,5438.0,5041.649834134862,4607.545878344239,5475.753789925486
2018-01-29 06:00:00,4715.0,4585.031184116244,4150.9272283256205,5019.135139906867
2018-01-29 07:00:00,4287.0,4095.188755427085,3661.084799636462,4529.2927112177085
2018-01-29 08:00:00,4409.0,4374.48172452611,3940.377768735487,4808.5856803167335
2018-01-29 09:00:00,4725.0,4541.326995892315,4107.223040101691,4975.430951682938
2018-01-29 10:00:00,4578.0,4606.258574844512,4172.154619053888,5040.362530635135
2018-01-29 11:00:00,5030.0,4700.268267487614,4266.164311696991,5134.3722232782375
2018-01-29 12:00:00,5527.0,5488.886004472259,5054.782048681635,5922.989960262882
2018-01-29 13:00:00,6285.0,5938.497905240519,5504.393949449895,6372.601861031142
2018-01-29 14:00:00,6023.0,5875.896105140632,5441.792149350009,6310.000060931256
2018-01-29 15:00:00,4286.0,4098.847994593583,3664.74403880296,4532.951950384207
2018-01-29 16:00:00,3448.0,2951.340577159688,2517.236621369065,3385.4445329503114
2018-01-29 17:00:00,2957.0,2482.7749639136023,2048.671008122979,2916.8789197042256
2018-01-29 18:00:00,2657.0,2180.4548937349055,1746.3509379442821,2614.558849525529
2018-01-29 19:00:00,1955.0,1712.8919312445928,1278.7879754539695,2146.995887035216
2018-01-29 20:00:00,1185.0,1045.6959704015937,611.5920146109704,1479.799926192217
2018-01-29 21:00:00,588.0,563.4789976449025,129.37504185427917,997.5829534355258
2018-01-29 22:00:00,330.0,353.48754491645116,0.0,787.5915007070745
2018-01-29 23:00:00,249.0,274.55796968993934,0.0,708.6619254805627
2018-01-30 00:00:00,371.0,404.1993400894788,0.0,838.3032958801022
2018-01-30 01:00:00,910.0,675.498765581051,241.39480979042764,1109.6027213716743
2018-01-30 02:00:00,2876.0,2544.0624424395733,2109.95848664895,2978.1663982301966
2018-01-30 03:00:00,5585.0,5446.9157633251225,5012.811807534499,5881.019719115746
2018-01-30 04:00:00,6405.0,6036.9959586060195,5602.892002815396,6471.099914396643
2018-01-30 05:00:00,5489.0,5659.151483154907,5225.047527364283,6093.25543894553
2018-01-30 06:00:00,4462.0,5016.167532472319,4582.063576681696,5450.2714882629425
2018-01-30 07:00:00,4388.0,4433.184196198122,3999.0802404074984,4867.288151988745
2018-01-30 08:00:00,4432.0,4706.263941133116,4272.159985342492,5140.367896923739
2018-01-30 09:00:00,4783.0,4703.816321207575,4269.712365416952,5137.9202769981985
2018-01-30 10:00:00,4801.0,4856.289645058173,4422.18568926755,5290.393600848796
2018-01-30 11:00:00,5195.0,4987.783716583443,4553.679760792819,5421.887672374066
2018-01-30 12:00:00,5701.0,5611.820537627759,5177.716581837136,6045.924493418383
2018-01-30 13:00:00,6838.0,6390.576449936782,5956.472494146159,6824.680405727406
2018-01-30 14:00:00,5944.0,5989.91850388101,5555.814548090387,6424.022459671633
2018-01-30 15:00:00,4589.0,4446.064755630672,4011.960799840049,4880.1687114212955
2018-01-30 16:00:00,3090.0,3147.843385252546,2713.7394294619226,3581.947341043169
2018-01-30 17:00:00,2885.0,2621.269658571213,2187.1657027805895,3055.373614361836
2018-01-30 18:00:00,2490.0,2579.7573452306515,2145.653389440028,3013.861301021275
2018-01-30 19:00:00,2261.0,1969.6707933530315,1535.5668375624082,2403.774749143655
2018-01-30 20:00:00,1430.0,1131.435041930593,697.3310861399696,1565.5389977212162
2018-01-30 21:00:00,628.0,599.2882939356941,165.1843381450708,1033.3922497263175
2018-01-30 22:00:00,381.0,413.5504587585428,0.0,847.6544145491662
2018-01-31 00:00:00,376.0,325.96232026838163,0.0,760.066276059005
2018-01-31 01:00:00,982.0,737.5124007375413,303.40844494691794,1171.6163565281645
2018-01-31 03:00:00,5081.0,5660.473648677987,5226.369692887363,6094.57760446861
2018-01-31 04:00:00,5675.0,6491.636205820824,6057.532250030201,6925.740161611448
2018-01-31 05:00:00,5155.0,5516.802083842106,5082.698128051483,5950.9060396327295
2018-01-31 06:00:00,5210.0,5105.621905968404,4671.51795017778,5539.725861759027
2018-01-31 07:00:00,4379.0,4581.667487156695,4147.563531366071,5015.771442947318
2018-01-31 08:00:00,4546.0,4943.932152092164,4509.828196301541,5378.036107882787
2018-01-31 09:00:00,4885.0,4967.448118946595,4533.344163155972,5401.552074737218
2018-01-31 10:00:00,5021.0,5001.5480034042175,4567.444047613594,5435.651959194841
2018-01-31 11:00:00,5212.0,5238.643761049995,4804.539805259372,5672.7477168406185
2018-01-31 12:00:00,5941.0,5453.462046814743,5019.35809102412,5887.5660026053665
2018-01-31 13:00:00,6818.0,6297.787555325349,5863.6835995347255,6731.891511115972
2018-01-31 14:00:00,6351.0,5680.120492428522,5246.016536637899,6114.224448219145
2018-01-31 15:00:00,4559.0,4595.307963119208,4161.204007328584,5029.411918909831
2018-01-31 16:00:00,3400.0,3308.961035956278,2874.8570801656547,3743.0649917469013
2018-01-31 17:00:00,2856.0,2870.0873181459565,2435.983362355333,3304.19127393658
2018-01-31 18:00:00,2564.0,2680.570023594734,2246.4660678041105,3114.673979385357
2018-01-31 19:00:00,1739.0,2113.916700740493,1679.8127449498697,2548.0206565311164
2018-01-31 20:00:00,1402.0,1240.899534199773,806.7955784091496,1675.0034899903962
2018-01-31 21:00:00,716.0,631.0465007911337,196.94254500051034,1065.150456581757
2018-01-31 22:00:00,363.0,343.0610884513606,0.0,777.1650442419839
2018-01-31 23:00:00,285.0,306.71135830008996,0.0,740.8153140907133
2018-02-01 00:00:00,362.0,337.218206699401,0.0,771.3221624900243
2018-02-01 01:00:00,936.0,721.724710207114,287.6207544164906,1155.8286659977373
2018-02-01 02:00:00,2861.0,2646.3308153464864,2212.226859555863,3080.4347711371097
2018-02-01 03:00:00,5410.0,5612.910610803766,5178.8066550131425,6047.014566594389
2018-02-01 04:00:00,6303.0,6537.778625118171,6103.674669327547,6971.882580908794
2018-02-01 05:00:00,5332.0,5789.912252322551,5355.808296531927,6224.016208113174
2018-02-01 06:00:00,5000.0,5137.908982998422,4703.805027207799,5572.012938789046
2018-02-01 07:00:00,4438.0,4613.355450321784,4179.2514945311605,5047.459406112407
2018-02-01 08:00:00,4717.0,4963.621904976262,4529.517949185639,5397.7258607668855
2018-02-01 09:00:00,4843.0,5110.79845756906,4676.6945017784365,5544.902413359683
2018-02-01 10:00:00,5099.0,5096.706758420086,4662.6028026294625,5530.810714210709
2018-02-01 11:00:00,5402.0,5407.105453108474,4973.00149731785,5841.209408899097
2018-02-01 12:00:00,5961.0,5734.969303476662,5300.865347686039,6169.073259267286
2018-02-01 13:00:00,6636.0,6437.685423627482,6003.581467836859,6871.789379418105
2018-02-01 14:00:00,6375.0,5939.860520514361,5505.756564723738,6373.964476304985
2018-02-01 15:00:00,4723.0,4631.24831125205,4197.144355461427,5065.352267042674
2018-02-01 16:00:00,3595.0,3441.1314122242443,3007.027456433621,3875.2353680148676
2018-02-01 17:00:00,3133.0,3070.824900995185,2636.7209452045618,3504.9288567858084
2018-02-01 18:00:00,2807.0,2936.958381153887,2502.8544253632635,3371.06233694451
2018-02-01 19:00:00,2165.0,2457.6070336406515,2023.5030778500281,2891.710989431275
2018-02-01 20:00:00,1483.0,1361.0223880588442,926.9184322682208,1795.1263438494675
2018-02-01 21:00:00,926.0,749.1293548546663,315.025399064043,1183.2333106452897
2018-02-01 22:00:00,521.0,417.18600021109575,0.0,851.289956001719
2018-02-01 23:00:00,422.0,347.00245821228054,0.0,781.1064140029039
2018-02-02 00:00:00,439.0,357.3099911384085,0.0,791.4139469290319
2018-02-02 01:00:00,922.0,555.8421875060961,121.7382317154728,989.9461432967195
2018-02-02 02:00:00,2731.0,2161.8323727457328,1727.7284169551094,2595.936328536356
2018-02-02 03:00:00,5041.0,4534.398971910346,4100.295016119722,4968.502927700969
2018-02-02 04:00:00,5843.0,6113.705177140612,5679.601221349989,6547.809132931236
2018-02-02 05:00:00,5149.0,5561.4590063378055,5127.355050547182,5995.562962128429
2018-02-02 06:00:00,4963.0,5122.513266446836,4688.409310656212,5556.617222237459
2018-02-02 07:00:00,4379.0,4762.032351681005,4327.928395890382,5196.136307471628
2018-02-02 08:00:00,4932.0,5000.542950197439,4566.438994406815,5434.646905988062
2018-02-02 09:00:00,5104.0,5344.815558269997,4910.711602479374,5778.919514060621
2018-02-02 10:00:00,5378.0,5223.604806838985,4789.500851048361,5657.708762629608
2018-02-02 11:00:00,5487.0,5537.119199251701,5103.015243461077,5971.223155042324
2018-02-02 12:00:00,6080.0,5662.162225431931,5228.058269641308,6096.266181222554
2018-02-02 13:00:00,6646.0,6044.942549970916,5610.838594180293,6479.046505761539
2018-02-02 14:00:00,5891.0,5586.526233126222,5152.422277335599,6020.630188916845
2018-02-02 15:00:00,4691.0,4748.634129779085,4314.530173988462,5182.738085569708
2018-02-02 16:00:00,3790.0,3539.653562254724,3105.5496064641006,3973.7575180453473
2018-02-02 17:00:00,3216.0,3094.7484039963556,2660.6444482057323,3528.852359786979
2018-02-02 18:00:00,3818.0,3035.692140873055,2601.5881850824317,3469.7960966636783
2018-02-02 19:00:00,3788.0,2820.180912338724,2386.0769565481005,3254.284868129347
2018-02-02 20:00:00,2020.0,1995.8483194069738,1561.7443636163505,2429.9522751975974
2018-02-02 21:00:00,1368.0,1112.1150392344696,678.0110834438462,1546.218995025093
2018-02-02 22:00:00,926.0,655.057773135628,220.95381734500472,1089.1617289262513
2018-02-02 23:00:00,631.0,549.6791034452051,115.57514765458177,983.7830592358284
2018-02-03 00:00:00,471.0,341.87873385175345,0.0,775.9826896423767
2018-02-03 01:00:00,519.0,409.5397472821218,0.0,843.6437030727452
2018-02-03 02:00:00,783.0,698.5952910069113,264.491335216288,1132.6992467975347
2018-02-03 03:00:00,1320.0,1506.0150652340028,1071.9111094433795,1940.1190210246261
2018-02-03 04:00:00,1839.0,1912.0511257342707,1477.9471699436474,2346.155081524894
2018-02-03 05:00:00,2552.0,2794.866924779587,2360.7629689889636,3228.9708805702103
2018-02-03 06:00:00,3168.0,3449.8649043995883,3015.760948608965,3883.9688601902117
2018-02-03 07:00:00,3572.0,3816.035548218638,3381.9315924280145,4250.139504009261
2018-02-03 08:00:00,3838.0,4263.640110063132,3829.5361542725086,4697.744065853755
2018-02-03 09:00:00,3924.0,4589.909543148402,4155.805587357779,5024.013498939025
2018-02-03 10:00:00,3562.0,4569.419155374855,4135.315199584232,5003.523111165478
2018-02-03 11:00:00,3572.0,4574.048102795088,4139.944147004465,5008.1520585857115
2018-02-03 12:00:00,3716.0,4304.674843832819,3870.5708880421953,4738.778799623442
2018-02-03 13:00:00,3752.0,3908.42313379593,3474.3191780053066,4342.527089586553
2018-02-03 14:00:00,3652.0,3227.5460664140924,2793.442110623469,3661.6500222047157
2018-02-03 15:00:00,3763.0,2969.305242950889,2535.2012871602656,3403.4091987415122
2018-02-03 16:00:00,3301.0,2433.185855350429,1999.0818995598056,2867.2898111410523
2018-02-03 17:00:00,2632.0,2221.2475047619637,1787.1435489713404,2655.351460552587
2018-02-03 18:00:00,2454.0,2714.10602682606,2280.0020710354365,3148.209982616683
2018-02-03 19:00:00,2892.0,2701.2331004003763,2267.129144609753,3135.3370561909996
2018-02-03 20:00:00,2935.0,1966.0284815515136,1531.9245257608902,2400.1324373421367
2018-02-03 21:00:00,1536.0,1112.2686927247119,678.1647369340885,1546.3726485153352
2018-02-03 22:00:00,986.0,799.4927748226283,365.388819032005,1233.5967306132516
2018-02-03 23:00:00,670.0,630.9829944854939,196.8790386948706,1065.0869502761172
2018-02-04 00:00:00,520.0,323.13775749096243,0.0,757.2417132815858
2018-02-04 01:00:00,524.0,300.9532068302884,0.0,735.0571626209118
2018-02-04 02:00:00,648.0,415.6609738090509,0.0,849.7649295996742
2018-02-04 03:00:00,1046.0,899.0495974431008,464.94564165247743,1333.153553233724
2018-02-04 04:00:00,1320.0,1203.5491671681862,769.4452113775628,1637.6531229588095
2018-02-04 05:00:00,1857.0,1911.0393348334542,1476.9353790428308,2345.1432906240775
2018-02-04 06:00:00,2449.0,2679.966679863388,2245.8627240727646,3114.0706356540113
2018-02-04 07:00:00,3225.0,3200.0399212813286,2765.9359654907053,3634.143877071952
2018-02-04 08:00:00,3452.0,3511.3178288633003,3077.213873072677,3945.4217846539236
2018-02-04 09:00:00,3735.0,3575.23344277348,3141.1294869828566,4009.3373985641033
2018-02-04 10:00:00,3801.0,4150.352816664658,3716.248860874035,4584.456772455282
2018-02-04 11:00:00,3686.0,4026.7220841786966,3592.6181283880733,4460.82603996932
2018-02-04 12:00:00,3508.0,3816.699737900235,3382.5957821096117,4250.803693690858
2018-02-04 13:00:00,3630.0,3639.436871005879,3205.3329152152555,4073.540826796502
2018-02-04 14:00:00,2975.0,3251.0250403034283,2816.921084512805,3685.1289960940517
2018-02-04 15:00:00,2052.0,2787.515192873385,2353.4112370827615,3221.619148664008
2018-02-04 16:00:00,1720.0,2507.0672838197524,2072.963328029129,2941.171239610376
2018-02-04 17:00:00,1855.0,2116.0996460067627,1681.9956902161393,2550.203601797386
2018-02-04 18:00:00,2438.0,1690.5495091822195,1256.4455533915961,2124.653464972843
2018-02-04 19:00:00,2382.0,1325.7547302182693,891.650774427646,1759.8586860088926
2018-02-04 20:00:00,1321.0,973.2499331339073,539.145977343284,1407.3538889245306
2018-02-04 21:00:00,836.0,589.0854468985735,154.9814911079502,1023.1894026891969
2018-02-04 22:00:00,505.0,451.4441113342311,17.34015554360775,885.5480671248545
2018-02-04 23:00:00,411.0,301.1329228149884,0.0,735.2368786056118
2018-02-05 00:00:00,429.0,274.9051206308599,0.0,709.0090764214833
2018-02-05 01:00:00,925.0,688.1275361850766,254.02358039445323,1122.2314919757
2018-02-05 02:00:00,2657.0,1828.8420382167383,1394.738082426115,2262.9459940073616
2018-02-05 03:00:00,4846.0,3855.8672191578867,3421.7632633672633,4289.97117494851
2018-02-05 04:00:00,6026.0,4960.928602248735,4526.824646458112,5395.032558039358
2018-02-05 05:00:00,6048.0,4249.502812146851,3815.398856356228,4683.606767937475
2018-02-05 06:00:00,4893.0,4317.849990137044,3883.746034346421,4751.9539459276675
2018-02-05 07:00:00,4124.0,4147.356331141653,3713.2523753510295,4581.460286932276
2018-02-05 08:00:00,4470.0,4289.833055810111,3855.7291000194873,4723.937011600734
2018-02-05 09:00:00,4450.0,4523.443231861007,4089.3392760703837,4957.54718765163
2018-02-05 10:00:00,4303.0,4532.724640133385,4098.620684342762,4966.828595924008
2018-02-05 11:00:00,4884.0,4865.167595684466,4431.063639893842,5299.271551475089
2018-02-05 12:00:00,5441.0,5030.931698514852,4596.827742724228,5465.035654305475
2018-02-05 13:00:00,6091.0,5903.719154822206,5469.615199031583,6337.82311061283
2018-02-05 14:00:00,5912.0,5831.507111345612,5397.403155554989,6265.611067136236
2018-02-05 15:00:00,4263.0,4125.555280946406,3691.451325155783,4559.6592367370295
2018-02-05 16:00:00,3098.0,2920.364874769645,2486.260918979022,3354.4688305602685
2018-02-05 17:00:00,2587.0,2477.4388822386954,2043.334926448072,2911.542838029319
2018-02-05 18:00:00,2136.0,2260.676737017131,1826.5727812265077,2694.7806928077543
2018-02-05 19:00:00,1459.0,1706.31732431881,1272.2133685281867,2140.4212801094336
2018-02-05 20:00:00,887.0,1043.041351805412,608.9373960147886,1477.1453075960353
2018-02-05 21:00:00,468.0,498.09985936191845,63.995903571295116,932.2038151525418
2018-02-05 22:00:00,334.0,340.5939336036222,0.0,774.6978893942455
2018-02-05 23:00:00,237.0,284.623405230468,0.0,718.7273610210914
2018-02-06 00:00:00,339.0,357.32776378171246,0.0,791.4317195723359
2018-02-06 01:00:00,850.0,886.4145835075514,452.310627716928,1320.5185392981748
2018-02-06 02:00:00,2801.0,2666.4061584634974,2232.302202672874,3100.5101142541207
2018-02-06 03:00:00,5434.0,5344.20162024996,4910.097664459337,5778.305576040583
2018-02-06 04:00:00,6067.0,5758.862082424696,5324.758126634073,6192.96603821532
2018-02-06 05:00:00,5009.0,5440.338371282194,5006.234415491571,5874.4423270728175
2018-02-06 06:00:00,5190.0,4917.150301660189,4483.046345869566,5351.2542574508125
2018-02-06 07:00:00,4290.0,4294.640909222395,3860.5369534317715,4728.744865013018
2018-02-06 08:00:00,4309.0,4438.316568958945,4004.2126131683217,4872.420524749568
2018-02-06 09:00:00,4741.0,4741.50373170146,4307.399775910837,5175.607687492084
2018-02-06 10:00:00,4621.0,4717.996295714729,4283.892339924106,5152.100251505352
2018-02-06 11:00:00,4987.0,4936.980978147349,4502.877022356725,5371.084933937972
2018-02-06 12:00:00,5710.0,5831.710158421139,5397.606202630515,6265.814114211762
2018-02-06 13:00:00,6770.0,6289.292337874849,5855.188382084226,6723.3962936654725
2018-02-06 14:00:00,6207.0,5949.760167901688,5515.656212111065,6383.864123692311
2018-02-06 15:00:00,4612.0,4472.851131115397,4038.7471753247737,4906.95508690602
2018-02-06 16:00:00,3217.0,3177.764845765342,2743.660889974719,3611.8688015559655
2018-02-06 17:00:00,2634.0,2809.2167243356375,2375.112768545014,3243.320680126261
2018-02-06 18:00:00,2407.0,2660.9566646477,2226.852708857077,3095.0606204383234
2018-02-06 19:00:00,1652.0,2080.2165286342465,1646.1125728436232,2514.32048442487
2018-02-06 20:00:00,1120.0,1172.8761016238589,738.7721458332355,1606.9800574144822
2018-02-06 21:00:00,549.0,584.8790652230157,150.77510943239236,1018.983021013639
2018-02-06 22:00:00,346.0,345.20824193256334,0.0,779.3121977231867
2018-02-06 23:00:00,259.0,285.8397300992469,0.0,719.9436858898703
2018-02-07 00:00:00,337.0,349.34139141511207,0.0,783.4453472057354
2018-02-07 01:00:00,865.0,762.4111490609621,328.30719327033876,1196.5151048515854
2018-02-07 02:00:00,2776.0,2710.6469375000993,2276.542981709476,3144.7508932907226
2018-02-07 03:00:00,4899.0,5448.10408283569,5014.000127045067,5882.208038626313
2018-02-07 04:00:00,4967.0,6470.29427225874,6036.190316468117,6904.398228049364
2018-02-07 05:00:00,4915.0,5735.363046675051,5301.259090884428,6169.467002465674
2018-02-07 06:00:00,5343.0,4884.1303081040505,4450.026352313427,5318.234263894674
2018-02-07 07:00:00,4364.0,4238.861112583511,3804.757156792888,4672.965068374135
2018-02-07 08:00:00,4466.0,4413.071952487894,3978.967996697271,4847.175908278517
2018-02-07 09:00:00,4697.0,4762.4487573312745,4328.344801540651,5196.552713121898
2018-02-07 10:00:00,4833.0,4715.6496982953,4281.545742504677,5149.753654085924
2018-02-07 11:00:00,5095.0,5023.743333460376,4589.639377669752,5457.847289250999
2018-02-07 12:00:00,5658.0,5595.035291517378,5160.931335726755,6029.139247308001
2018-02-07 13:00:00,6531.0,6113.255637474384,5679.15168168376,6547.359593265007
2018-02-07 14:00:00,6117.0,5904.000731603916,5469.896775813293,6338.10468739454
2018-02-07 15:00:00,4394.0,4543.889187868724,4109.7852320781,4977.993143659347
2018-02-07 16:00:00,3307.0,3226.4762022030504,2792.372246412427,3660.5801579936738
2018-02-07 17:00:00,3037.0,2813.691715802241,2379.587760011618,3247.7956715928644
2018-02-07 18:00:00,2463.0,2612.4425595302973,2178.338603739674,3046.5465153209207
2018-02-07 19:00:00,1653.0,2077.3842709186674,1643.280315128044,2511.4882267092908
2018-02-07 20:00:00,973.0,1207.6794500737772,773.5754942831538,1641.7834058644005
2018-02-07 21:00:00,573.0,596.4557862588796,162.35183046825625,1030.5597420495028
2018-02-07 22:00:00,315.0,345.20824193256334,0.0,779.3121977231867
2018-02-07 23:00:00,233.0,285.8397300992469,0.0,719.9436858898703
2018-02-08 00:00:00,340.0,348.5468531011361,0.0,782.6508088917594
2018-02-08 01:00:00,882.0,805.372431393536,371.26847560291264,1239.4763871841592
2018-02-08 02:00:00,2830.0,2635.4343868947335,2201.33043110411,3069.538342685357
2018-02-08 03:00:00,5449.0,5366.78280963267,4932.678853842047,5800.886765423294
2018-02-08 04:00:00,5954.0,6300.150200189813,5866.04624439919,6734.254155980437
2018-02-08 05:00:00,5395.0,5639.251104791686,5205.147149001063,6073.355060582309
2018-02-08 06:00:00,5192.0,4983.713115108504,4549.609159317881,5417.817070899127
2018-02-08 07:00:00,4477.0,4402.581567519671,3968.4776117290476,4836.685523310294
2018-02-08 08:00:00,4686.0,4674.627529122887,4240.523573332263,5108.73148491351
2018-02-08 09:00:00,4896.0,4921.51715865215,4487.413202861527,5355.621114442773
2018-02-08 10:00:00,4907.0,4867.737856560219,4433.633900769596,5301.841812350843
2018-02-08 11:00:00,4988.0,5237.507544005342,4803.403588214719,5671.611499795966
2018-02-08 12:00:00,5852.0,5706.7122549067235,5272.6082991161,6140.816210697347
2018-02-08 13:00:00,6883.0,6361.210268422999,5927.106312632376,6795.314224213623
2018-02-08 14:00:00,6278.0,6038.900745512089,5604.796789721466,6473.004701302712
2018-02-08 15:00:00,4550.0,4538.838790620985,4104.734834830361,4972.942746411608
2018-02-08 16:00:00,3494.0,3295.9988246256858,2861.8948688350624,3730.102780416309
2018-02-08 17:00:00,3094.0,2978.2441768258873,2544.140221035264,3412.3481326165106
2018-02-08 18:00:00,3530.0,2879.7935145752604,2445.689558784637,3313.8974703658837
2018-02-08 19:00:00,3197.0,2455.4764511646,2021.3724953739766,2889.580406955223
2018-02-08 20:00:00,1305.0,1315.1385849325495,881.0346291419262,1749.2425407231729
2018-02-08 21:00:00,660.0,766.6265110153328,332.52255522470944,1200.730466805956
2018-02-08 22:00:00,389.0,572.8642058544939,138.76025006387056,1006.9681616451172
2018-02-08 23:00:00,287.0,338.54130965827704,0.0,772.6452654489003
2018-02-09 00:00:00,340.0,361.2250741395886,0.0,795.329029930212
2018-02-09 01:00:00,826.0,710.9839434631108,276.87998767248746,1145.0878992537341
2018-02-09 02:00:00,2651.0,2533.7615479653496,2099.6575921747262,2967.865503755973
2018-02-09 03:00:00,5319.0,5259.720525497703,4825.61656970708,5693.824481288327
2018-02-09 04:00:00,6499.0,6571.969269712129,6137.865313921506,7006.073225502752
2018-02-09 05:00:00,5467.0,5670.355216285289,5236.251260494666,6104.459172075913
2018-02-09 06:00:00,4975.0,5062.118107079034,4628.014151288411,5496.222062869658
2018-02-09 07:00:00,4513.0,4643.395750681023,4209.2917948904,5077.499706471646
2018-02-09 08:00:00,4913.0,5120.970465577071,4686.866509786448,5555.074421367694
2018-02-09 09:00:00,5335.0,5350.166021666833,4916.06206587621,5784.269977457457
2018-02-09 10:00:00,5340.0,5233.472797456063,4799.3688416654395,5667.576753246686
2018-02-09 11:00:00,5429.0,5553.740668066759,5119.636712276136,5987.844623857382
2018-02-09 12:00:00,5861.0,5892.128124471307,5458.024168680684,6326.232080261931
2018-02-09 13:00:00,6347.0,6475.336106067915,6041.232150277292,6909.440061858539
2018-02-09 14:00:00,5833.0,5896.014099767639,5461.910143977016,6330.118055558262
2018-02-09 15:00:00,5021.0,4702.023351153257,4267.919395362634,5136.12730694388
2018-02-09 16:00:00,3804.0,3576.786476131416,3142.6825203407925,4010.890431922039
2018-02-09 17:00:00,3095.0,3020.7941679999976,2586.6902122093743,3454.898123790621
2018-02-09 18:00:00,3092.0,3053.983613814263,2619.87965802364,3488.0875696048865
2018-02-09 19:00:00,2485.0,2743.440922748966,2309.3369669583426,3177.5448785395893
2018-02-09 20:00:00,2126.0,1892.325980566542,1458.2220247759187,2326.4299363571654
2018-02-09 21:00:00,1102.0,1240.4116354395383,806.3076796489149,1674.5155912301616
2018-02-09 22:00:00,603.0,730.2548992939129,296.15094350328957,1164.3588550845361
2018-02-09 23:00:00,438.0,572.3483966983146,138.24444090769123,1006.4523524889379
2018-02-10 00:00:00,330.0,358.1851344923967,0.0,792.28909028302
2018-02-10 01:00:00,389.0,417.7798955697925,0.0,851.8838513604157
2018-02-10 02:00:00,688.0,1077.1485879736083,643.044632182985,1511.2525437642316
2018-02-10 03:00:00,1164.0,1375.747404272564,941.6434484819406,1809.8513600631873
2018-02-10 04:00:00,1911.0,1956.53908382735,1522.4351280367266,2390.643039617973
2018-02-10 05:00:00,3115.0,2894.0942443237286,2459.9902885331053,3328.198200114352
2018-02-10 06:00:00,3653.0,3450.1271620502116,3016.0232062595883,3884.231117840835
2018-02-10 07:00:00,4161.0,3731.873656086376,3297.7697002957525,4165.977611876999
2018-02-10 08:00:00,4514.0,4498.266277456669,4064.1623216660455,4932.370233247292
2018-02-10 09:00:00,5237.0,4497.874654446211,4063.7706986555877,4931.978610236834
2018-02-10 10:00:00,4925.0,4691.0056700508,4256.901714260177,5125.109625841424
2018-02-10 11:00:00,5173.0,4691.119577296863,4257.01562150624,5125.223533087486
2018-02-10 12:00:00,5030.0,4804.676757443534,4370.572801652911,5238.780713234158
2018-02-10 13:00:00,4841.0,4781.431079319578,4347.327123528955,5215.5350351102015
2018-02-10 14:00:00,4808.0,4674.918429541611,4240.814473750987,5109.022385332234
2018-02-10 15:00:00,4803.0,4201.144681372401,3767.040725581777,4635.248637163024
2018-02-10 16:00:00,4346.0,3449.0871437329447,3014.9831879423214,3883.191099523568
2018-02-10 17:00:00,3448.0,3068.0655682951115,2633.961612504488,3502.169524085735
2018-02-10 18:00:00,3962.0,3250.2585818208613,2816.154626030238,3684.3625376114846
2018-02-10 19:00:00,4180.0,3078.3237721377477,2644.2198163471244,3512.427727928371
2018-02-10 20:00:00,2459.0,2263.847136471457,1829.7431806808336,2697.9510922620802
2018-02-10 21:00:00,1367.0,1333.4400257883524,899.336069997729,1767.5439815789757
2018-02-10 22:00:00,761.0,1045.8703222028516,611.7663664122283,1479.974277993475
2018-02-10 23:00:00,488.0,766.3393755222072,332.2354197315839,1200.4433313128307
2018-02-11 00:00:00,302.0,313.4019526897222,0.0,747.5059084803455
2018-02-11 01:00:00,254.0,341.214887361182,0.0,775.3188431518054
2018-02-11 02:00:00,431.0,534.9751495159952,100.87119372537188,969.0791053066185
2018-02-11 03:00:00,789.0,876.3517375452925,442.2477817546692,1310.4556933359158
2018-02-11 04:00:00,1607.0,972.6130722866845,538.5091164960612,1406.717028077308
2018-02-11 05:00:00,2817.0,1663.3246903688646,1229.2207345782413,2097.428646159488
2018-02-11 06:00:00,3358.0,2263.301136516371,1829.1971807257478,2697.4050923069944
2018-02-11 07:00:00,3869.0,3623.2537886488867,3189.1498328582634,4057.35774443951
2018-02-11 08:00:00,4223.0,4327.039461858334,3892.935506067711,4761.143417648957
2018-02-11 09:00:00,4950.0,4318.343159798778,3884.239204008155,4752.447115589402
2018-02-11 10:00:00,4637.0,4498.400997462782,4064.2970416721582,4932.504953253405
2018-02-11 11:00:00,4886.0,4531.285963040901,4097.182007250278,4965.3899188315245
2018-02-11 12:00:00,4629.0,4728.904300810607,4294.800345019984,5163.008256601231
2018-02-11 13:00:00,4678.0,4600.0001302708,4165.896174480176,5034.104086061423
2018-02-11 14:00:00,4276.0,4545.861580888398,4111.7576250977745,4979.965536679021
2018-02-11 15:00:00,3846.0,4113.00050946896,3678.896553678337,4547.104465259584
2018-02-11 16:00:00,2903.0,3411.9852890334573,2977.881333242834,3846.0892448240807
2018-02-11 17:00:00,2435.0,2722.1167279369856,2288.0127721463623,3156.220683727609
2018-02-11 18:00:00,1902.0,2590.359251056682,2156.2552952660585,3024.463206847305
2018-02-11 19:00:00,1372.0,1678.2540741945352,1244.1501184039118,2112.3580299851583
2018-02-11 20:00:00,865.0,1036.417700497272,602.3137447066488,1470.5216562878954
2018-02-11 21:00:00,502.0,455.4167885290172,21.312832738393865,889.5207443196405
2018-02-11 22:00:00,286.0,300.2837155718247,0.0,734.387671362448
2018-02-11 23:00:00,230.0,246.6675393218613,0.0,680.7714951124847
2018-02-12 00:00:00,311.0,298.57510236330927,0.0,732.6790581539326
2018-02-12 01:00:00,809.0,697.0016404768542,262.89768468623083,1131.1055962674775
2018-02-12 02:00:00,2735.0,2415.2896955395468,1981.1857397489234,2849.39365133017
2018-02-12 03:00:00,5454.0,5450.801380431134,5016.697424640511,5884.905336221757
2018-02-12 04:00:00,6107.0,6326.373716438579,5892.269760647956,6760.477672229203
2018-02-12 05:00:00,5876.0,5419.04170956957,4984.937753778947,5853.145665360194
2018-02-12 06:00:00,4941.0,4662.084988339436,4227.981032548812,5096.188944130059
2018-02-12 07:00:00,4307.0,4112.352694972124,3678.2487391815002,4546.456650762747
2018-02-12 08:00:00,4367.0,4332.886900858555,3898.782945067932,4766.990856649179
2018-02-12 09:00:00,4545.0,4610.757085366969,4176.653129576345,5044.861041157592
2018-02-12 10:00:00,4561.0,4712.150426782878,4278.046470992254,5146.254382573501
2018-02-12 11:00:00,4998.0,4955.91341257912,4521.809456788496,5390.017368369743
2018-02-12 12:00:00,5525.0,5477.599586124664,5043.4956303340405,5911.703541915287
2018-02-12 13:00:00,6459.0,6209.397113633223,5775.2931578426,6643.501069423846
2018-02-12 14:00:00,5852.0,5942.084198217138,5507.980242426514,6376.188154007761
2018-02-12 15:00:00,4245.0,4165.237422655501,3731.133466864878,4599.3413784461245
2018-02-12 16:00:00,3034.0,3018.7371666517765,2584.633210861153,3452.8411224424
2018-02-12 17:00:00,2498.0,2461.0244571576563,2026.920501367033,2895.1284129482797
2018-02-12 18:00:00,2055.0,2215.0581846360856,1780.9542288454622,2649.162140426709
2018-02-12 19:00:00,1440.0,1526.4058693608697,1092.3019135702464,1960.509825151493
2018-02-12 20:00:00,934.0,1010.8706562377172,576.7667004470939,1444.9746120283405
2018-02-12 21:00:00,498.0,454.72121520951356,20.617259418890228,888.8251710001368
2018-02-12 22:00:00,300.0,325.4475305638054,0.0,759.5514863544288
2018-02-12 23:00:00,225.0,279.75023807074496,0.0,713.8541938613682
2018-02-13 00:00:00,368.0,348.8275836375025,0.0,782.9315394281259
2018-02-13 01:00:00,885.0,844.0309518277069,409.92699603708354,1278.13490761833
2018-02-13 02:00:00,2885.0,2535.905123300283,2101.8011675096595,2970.009079090906
2018-02-13 03:00:00,5675.0,5422.254155638124,4988.1501998475005,5856.358111428747
2018-02-13 04:00:00,6585.0,6094.419946205433,5660.31599041481,6528.523901996056
2018-02-13 05:00:00,5915.0,5545.404071895604,5111.300116104981,5979.508027686227
2018-02-13 06:00:00,5060.0,4903.365444206505,4469.261488415882,5337.469399997129
2018-02-13 07:00:00,4423.0,4307.790396060683,3873.6864402700594,4741.894351851306
2018-02-13 08:00:00,4722.0,4532.674974933415,4098.571019142792,4966.778930724038
2018-02-13 09:00:00,4825.0,4780.930198893602,4346.826243102979,5215.0341546842255
2018-02-13 10:00:00,4762.0,4805.815298978632,4371.711343188009,5239.9192547692555
2018-02-13 11:00:00,5007.0,5215.266189386469,4781.1622335958455,5649.370145177092
2018-02-13 12:00:00,5647.0,5747.932893836211,5313.828938045588,6182.036849626835
2018-02-13 13:00:00,6587.0,6499.800414277076,6065.696458486453,6933.904370067699
2018-02-13 14:00:00,6308.0,6062.086423386775,5627.982467596152,6496.190379177398
2018-02-13 15:00:00,4917.0,4404.423369076868,3970.3194132862445,4838.527324867491
2018-02-13 16:00:00,3424.0,3177.3520608346225,2743.248105043999,3611.456016625246
2018-02-13 17:00:00,2979.0,2804.6315275983306,2370.5275718077073,3238.735483388954
2018-02-13 18:00:00,3680.0,2726.679691738763,2292.5757359481395,3160.783647529386
2018-02-13 19:00:00,2908.0,1978.6779418500953,1544.573986059472,2412.781897640719
2018-02-13 20:00:00,1107.0,1165.531812542341,731.4278567517176,1599.6357683329643
2018-02-13 21:00:00,597.0,686.7855729828266,252.68161719220325,1120.88952877345
2018-02-13 22:00:00,345.0,468.7760621961344,34.672106405511045,902.8800179867577
2018-02-13 23:00:00,283.0,277.76323301118776,0.0,711.8671888018112
2018-02-14 00:00:00,348.0,326.3953078080515,0.0,760.4992635986748
2018-02-14 01:00:00,882.0,729.8736237202312,295.76966792960786,1163.9775795108544
2018-02-14 02:00:00,2837.0,2640.230557299611,2206.1266015089877,3074.3345130902344
2018-02-14 03:00:00,5402.0,5513.367572974192,5079.263617183568,5947.471528764815
2018-02-14 04:00:00,5826.0,6363.154947101523,5929.0509913109,6797.258902892147
2018-02-14 05:00:00,5572.0,5757.2491089477235,5323.1451531571,6191.353064738347
2018-02-14 06:00:00,5194.0,5072.142375791918,4638.038420001295,5506.246331582542
2018-02-14 07:00:00,4766.0,4590.08058660216,4155.976630811537,5024.184542392783
2018-02-14 08:00:00,4842.0,4701.03351066562,4266.929554874997,5135.137466456244
2018-02-14 09:00:00,4975.0,5008.481258153589,4574.377302362966,5442.585213944212
2018-02-14 10:00:00,5027.0,5054.837122954139,4620.733167163516,5488.941078744762
2018-02-14 11:00:00,5221.0,5390.038819750273,4955.93486395965,5824.142775540897
2018-02-14 12:00:00,5696.0,5692.652274650109,5258.548318859485,6126.756230440732
2018-02-14 13:00:00,6660.0,6221.235435693526,5787.131479902902,6655.339391484149
2018-02-14 14:00:00,6154.0,6001.387311920464,5567.28335612984,6435.491267711087
2018-02-14 15:00:00,4607.0,4683.3503250551685,4249.246369264545,5117.454280845792
2018-02-14 16:00:00,3268.0,3418.6155907688135,2984.51163497819,3852.719546559437
2018-02-14 17:00:00,2775.0,2926.656031429543,2492.5520756389196,3360.7599872201663
2018-02-14 18:00:00,2493.0,2760.4701998118317,2326.3662440212083,3194.574155602455
2018-02-14 19:00:00,1772.0,2153.854319325925,1719.7503635353019,2587.9582751165485
2018-02-14 20:00:00,1122.0,1241.7621006818542,807.6581448912309,1675.8660564724776
2018-02-14 21:00:00,639.0,616.4408948553502,182.33693906472683,1050.5448506459734
2018-02-14 22:00:00,353.0,358.616095133706,0.0,792.7200509243294
2018-02-14 23:00:00,253.0,276.6515922381531,0.0,710.7555480287765
2018-02-15 00:00:00,353.0,345.28098773894607,0.0,779.3849435295695
2018-02-15 01:00:00,889.0,749.5475092870166,315.4435534963933,1183.6514650776398
2018-02-15 02:00:00,2862.0,2654.7188844516663,2220.614928661043,3088.8228402422897
2018-02-15 03:00:00,5454.0,5541.880908786491,5107.776952995868,5975.984864577114
2018-02-15 04:00:00,6174.0,6305.113991627866,5871.010035837243,6739.2179474184895
2018-02-15 05:00:00,5488.0,5689.973044675546,5255.869088884922,6124.077000466169
2018-02-15 06:00:00,5630.0,5145.5192969454765,4711.415341154853,5579.6232527361
2018-02-15 07:00:00,4508.0,4575.174242739682,4141.070286949059,5009.278198530305
2018-02-15 08:00:00,4644.0,4794.579474815077,4360.475519024454,5228.683430605701
2018-02-15 09:00:00,5034.0,5097.425046245964,4663.321090455341,5531.529002036587
2018-02-15 10:00:00,4960.0,5060.769280805781,4626.665325015158,5494.873236596404
2018-02-15 11:00:00,5248.0,5365.913122570834,4931.809166780211,5800.017078361458
2018-02-15 12:00:00,5844.0,5813.505818124659,5379.401862334035,6247.609773915282
2018-02-15 13:00:00,6807.0,6340.854377450382,5906.750421659759,6774.958333241006
2018-02-15 14:00:00,6262.0,6035.8536780589575,5601.749722268334,6469.957633849581
2018-02-15 15:00:00,4982.0,4796.940562808537,4362.836607017914,5231.04451859916
2018-02-15 16:00:00,3463.0,3404.1365240618447,2970.0325682712214,3838.240479852468
2018-02-15 17:00:00,3144.0,3075.0527998887414,2640.948844098118,3509.156755679365
2018-02-15 18:00:00,3916.0,3024.647266256865,2590.5433104662416,3458.751222047488
2018-02-15 19:00:00,2674.0,2441.301988820493,2007.1980330298697,2875.4059446111164
2018-02-15 20:00:00,1179.0,1374.6004435634468,940.4964877728235,1808.7043993540701
2018-02-15 21:00:00,674.0,670.4734319902828,236.36947619965952,1104.577387780906
2018-02-15 22:00:00,387.0,510.9924781550882,76.88852236446485,945.0964339457115
2018-02-15 23:00:00,273.0,314.1304544676876,0.0,748.234410258311
2018-02-16 00:00:00,369.0,353.5364034611399,0.0,787.6403592517632
2018-02-16 01:00:00,831.0,747.653388551336,313.54943276071265,1181.7573443419592
2018-02-16 02:00:00,2676.0,2662.1331114894574,2228.029155698834,3096.2370672800807
2018-02-16 03:00:00,5122.0,5584.532451452667,5150.428495662044,6018.636407243291
2018-02-16 04:00:00,6444.0,6430.350868629127,5996.246912838504,6864.45482441975
2018-02-16 05:00:00,5589.0,5696.574928307602,5262.470972516979,6130.678884098225
2018-02-16 06:00:00,4764.0,5219.471401669106,4785.367445878483,5653.575357459729
2018-02-16 07:00:00,4646.0,4744.017638062303,4309.91368227168,5178.121593852927
2018-02-16 08:00:00,4947.0,5124.998752978643,4690.89479718802,5559.102708769266
2018-02-16 09:00:00,5337.0,5292.674231543156,4858.570275752532,5726.778187333779
2018-02-16 10:00:00,5333.0,5327.597539257132,4893.493583466508,5761.701495047755
2018-02-16 11:00:00,5224.0,5596.526459099425,5162.422503308801,6030.630414890048
2018-02-16 12:00:00,5921.0,5759.3874184575825,5325.283462666959,6193.491374248206
2018-02-16 13:00:00,6371.0,6387.812754794692,5953.708799004069,6821.916710585316
2018-02-16 14:00:00,5731.0,5915.896608652534,5481.792652861911,6350.000564443158
2018-02-16 15:00:00,4896.0,4724.004112356923,4289.900156566299,5158.108068147546
2018-02-16 16:00:00,3687.0,3634.385716631424,3200.281760840801,4068.4896724220475
2018-02-16 17:00:00,3027.0,3086.7856621566766,2652.6817063660533,3520.8896179473
2018-02-16 18:00:00,2903.0,3056.731515044749,2622.6275592541256,3490.8354708353722
2018-02-16 19:00:00,2591.0,2700.1882989167766,2266.0843431261533,3134.2922547074
2018-02-16 20:00:00,1725.0,1820.37236777291,1386.2684119822866,2254.4763235635332
2018-02-16 21:00:00,1068.0,1193.6203303156879,759.5163745250645,1627.7242861063112
2018-02-16 22:00:00,661.0,729.204405254023,295.1004494633996,1163.3083610446463
2018-02-16 23:00:00,538.0,526.5432440803986,92.43928828977528,960.6471998710219
2018-02-17 00:00:00,352.0,333.14815985871167,0.0,767.252115649335
2018-02-17 01:00:00,386.0,401.29468152883226,0.0,835.3986373194556
2018-02-17 02:00:00,627.0,867.5070534355432,433.40309764491985,1301.6110092261665
2018-02-17 03:00:00,1226.0,1364.3169019041345,930.2129461135112,1798.4208576947578
2018-02-17 04:00:00,1831.0,1900.7273570140549,1466.6234012234315,2334.8313128046784
2018-02-17 05:00:00,2826.0,2487.7512991548265,2053.647343364203,2921.85525494545
2018-02-17 06:00:00,3514.0,3412.930103000764,2978.826147210141,3847.0340587913875
2018-02-17 07:00:00,3977.0,3868.1065636863864,3434.002607895763,4302.21051947701
2018-02-17 08:00:00,4526.0,4415.895755508698,3981.791799718075,4849.9997112993215
2018-02-17 09:00:00,4933.0,4600.18416799689,4166.080212206267,5034.2881237875135
2018-02-17 10:00:00,4792.0,4707.996010972211,4273.892055181587,5142.099966762834
2018-02-17 11:00:00,4881.0,4711.839582653378,4277.7356268627545,5145.943538444001
2018-02-17 12:00:00,4912.0,4693.68023616402,4259.576280373397,5127.784191954644
2018-02-17 13:00:00,5935.0,4728.442549025804,4294.33859323518,5162.546504816427
2018-02-17 14:00:00,4550.0,4537.711014650338,4103.607058859715,4971.814970440962
2018-02-17 15:00:00,4284.0,4152.433309490707,3718.3293537000836,4586.53726528133
2018-02-17 16:00:00,3489.0,3398.042523609063,2963.93856781844,3832.1464793996865
2018-02-17 17:00:00,2947.0,2961.5309792081057,2527.4270234174824,3395.634934998729
2018-02-17 18:00:00,3089.0,3075.6321756425373,2641.528219851914,3509.7361314331606
2018-02-17 19:00:00,2945.0,2959.719055026302,2525.615099235679,3393.8230108169255
2018-02-17 20:00:00,1858.0,2067.7713479086733,1633.66739211805,2501.8753036992966
2018-02-17 21:00:00,1169.0,1343.062915993871,908.9589602032477,1777.1668717844943
2018-02-17 22:00:00,733.0,793.7452145584032,359.64125876777985,1227.8491703490265
2018-02-17 23:00:00,593.0,506.11550399585434,72.01154820523101,940.2194597864777
2018-02-18 00:00:00,302.0,272.8950142862548,0.0,706.9989700768781
2018-02-18 01:00:00,284.0,304.6735368513571,0.0,738.7774926419804
2018-02-18 02:00:00,444.0,466.3330824798164,32.229126689193095,900.4370382704398
2018-02-18 03:00:00,742.0,685.034349976385,250.93039418576166,1119.1383057670082
2018-02-18 04:00:00,1210.0,874.3486754659659,440.2447196753426,1308.4526312565893
2018-02-18 05:00:00,1889.0,1376.383438229231,942.2794824386076,1810.4873940198543
2018-02-18 06:00:00,2567.0,2334.40747951293,1900.3035237223066,2768.5114353035533
2018-02-18 07:00:00,3505.0,3279.534892473384,2845.4309366827606,3713.6388482640073
2018-02-18 08:00:00,3826.0,3618.600154730331,3184.4961989397075,4052.704110520954
2018-02-18 09:00:00,4279.0,3970.6247144746817,3536.5207586840584,4404.7286702653055
2018-02-18 10:00:00,4388.0,4204.348665029138,3770.2447092385146,4638.452620819761
2018-02-18 11:00:00,4263.0,4118.682420203457,3684.5784644128335,4552.78637599408
2018-02-18 12:00:00,4343.0,4296.773312493314,3862.6693567026905,4730.877268283937
2018-02-18 13:00:00,4424.0,4269.505653180524,3835.4016973899006,4703.609608971147
2018-02-18 14:00:00,4136.0,3954.9307478133323,3520.826792022709,4389.034703603956
2018-02-18 15:00:00,3587.0,3588.3705217460256,3154.2665659554023,4022.474477536649
2018-02-18 16:00:00,3038.0,2999.315479611507,2565.2115238208835,3433.41943540213
2018-02-18 17:00:00,2522.0,2637.2590220118036,2203.1550662211803,3071.362977802427
2018-02-18 18:00:00,2044.0,2347.606905273979,1913.5029494833557,2781.7108610646023
2018-02-18 19:00:00,1637.0,1767.4815442800673,1333.377588489444,2201.5855000706906
2018-02-18 20:00:00,1152.0,1121.9281386900218,687.8241828993985,1556.0320944806451
2018-02-18 21:00:00,623.0,473.31431091526946,39.21035512464613,907.4182667058928
2018-02-18 22:00:00,360.0,330.3852907224131,0.0,764.4892465130365
2018-02-18 23:00:00,281.0,235.08828623549246,0.0,669.1922420261158
2018-02-19 00:00:00,340.0,300.6730549651912,0.0,734.7770107558146
2018-02-19 01:00:00,781.0,732.1017947046581,297.9978389140348,1166.2057504952813
2018-02-19 02:00:00,2432.0,2553.4115785342838,2119.3076227436604,2987.515534324907
2018-02-19 03:00:00,4228.0,5453.004619313838,5018.9006635232145,5887.108575104461
2018-02-19 04:00:00,4740.0,6077.087001667224,5642.983045876601,6511.190957457848
2018-02-19 05:00:00,3905.0,5299.066927577543,4864.962971786919,5733.170883368166
2018-02-19 06:00:00,3344.0,4023.0554163674224,3588.951460576799,4457.159372158046
2018-02-19 07:00:00,3226.0,3909.277174321505,3475.1732185308815,4343.381130112128
2018-02-19 08:00:00,3239.0,3705.0911294661746,3270.9871736755513,4139.195085256798
2018-02-19 09:00:00,3484.0,4022.1564230959334,3588.05246730531,4456.260378886556
2018-02-19 10:00:00,3450.0,4041.6568094082495,3607.552853617626,4475.760765198873
2018-02-19 11:00:00,3490.0,4301.62810938765,3867.5241535970263,4735.732065178273
2018-02-19 12:00:00,3426.0,4215.252075607554,3781.1481198169304,4649.356031398177
2018-02-19 13:00:00,3682.0,4771.79650423484,4337.692548444216,5205.900460025463
2018-02-19 14:00:00,3585.0,3925.478538954766,3491.3745831641427,4359.582494745389
2018-02-19 15:00:00,2659.0,2724.767736417615,2290.663780626992,3158.8716922082385
2018-02-19 16:00:00,2087.0,2071.4074382666863,1637.303482476063,2505.5113940573096
2018-02-19 17:00:00,1821.0,2017.5863110901137,1583.4823552994903,2451.690266880737
2018-02-19 18:00:00,1593.0,1654.8217427056131,1220.7177869149898,2088.9256984962367
2018-02-19 19:00:00,1354.0,1199.7083864241274,765.6044306335041,1633.8123422147507
2018-02-19 20:00:00,817.0,947.2668582013085,513.1629024106852,1381.3708139919318
2018-02-19 21:00:00,434.0,458.34701797384025,24.24306218321692,892.4509737644636
2018-02-19 22:00:00,269.0,314.1672789322526,0.0,748.271234722876
2018-02-19 23:00:00,234.0,273.99221403831115,0.0,708.0961698289345
2018-02-20 00:00:00,342.0,346.24311030483864,0.0,780.347066095462
2018-02-20 01:00:00,825.0,860.506532609386,426.40257681876267,1294.6104884000092
2018-02-20 02:00:00,2690.0,2395.664266688964,1961.5603108983405,2829.768222479587
2018-02-20 03:00:00,4705.0,5228.304648314321,4794.200692523697,5662.408604104944
2018-02-20 04:00:00,4844.0,5692.708730914507,5258.604775123884,6126.812686705131
2018-02-20 05:00:00,4738.0,5308.452969993384,4874.34901420276,5742.556925784007
2018-02-20 06:00:00,4707.0,4522.732300529587,4088.6283447389633,4956.83625632021
2018-02-20 07:00:00,4062.0,3857.7439703976215,3423.640014606998,4291.847926188245
2018-02-20 08:00:00,4058.0,4156.034643435776,3721.930687645153,4590.1385992263995
2018-02-20 09:00:00,4407.0,4440.775875773523,4006.6719199828995,4874.879831564146
2018-02-20 10:00:00,4439.0,4317.962637388334,3883.8586815977105,4752.066593178957
2018-02-20 11:00:00,4786.0,4562.355246913443,4128.25129112282,4996.459202704066
2018-02-20 12:00:00,5620.0,5226.532773350307,4792.428817559684,5660.636729140931
2018-02-20 13:00:00,6471.0,5653.622084247033,5219.51812845641,6087.726040037656
2018-02-20 14:00:00,5888.0,5610.5650568479405,5176.461101057317,6044.669012638564
2018-02-20 15:00:00,4226.0,4226.553230475998,3792.449274685375,4660.6571862666215
2018-02-20 16:00:00,3012.0,3054.4562037492633,2620.35224795864,3488.5601595398866
2018-02-20 17:00:00,2601.0,2609.637282821194,2175.5333270305705,3043.741238611817
2018-02-20 18:00:00,2591.0,2455.6404630255465,2021.5365072349232,2889.74441881617
2018-02-20 19:00:00,1592.0,1866.9302758069477,1432.8263200163244,2301.0342315975713
2018-02-20 20:00:00,965.0,1184.989367943862,750.8854121532386,1619.0933237344852
2018-02-20 21:00:00,516.0,624.9263543940248,190.82239860340144,1059.030310184648
2018-02-20 22:00:00,359.0,364.5866917033913,0.0,798.6906474940147
2018-02-20 23:00:00,237.0,282.0178817510316,0.0,716.1218375416549
2018-02-21 00:00:00,354.0,348.8727830186583,0.0,782.9767388092816
2018-02-21 01:00:00,886.0,779.5398471726745,345.4358913820512,1213.6438029632977
2018-02-21 02:00:00,2858.0,2666.04042549324,2231.9364697026167,3100.1443812838634
2018-02-21 03:00:00,5569.0,5320.466420715226,4886.362464924603,5754.57037650585
2018-02-21 04:00:00,6045.0,6163.381535766359,5729.2775799757355,6597.485491556982
2018-02-21 05:00:00,5638.0,5557.993525748408,5123.889569957784,5992.097481539031
2018-02-21 06:00:00,5062.0,4939.7255263835095,4505.621570592886,5373.829482174133
2018-02-21 07:00:00,4553.0,4322.589435609426,3888.4854798188026,4756.693391400049
2018-02-21 08:00:00,4837.0,4481.700245645096,4047.596289854473,4915.80420143572
2018-02-21 09:00:00,5091.0,4755.4391639638125,4321.335208173189,5189.543119754436
2018-02-21 10:00:00,4632.0,4798.158416532857,4364.0544607422335,5232.26237232348
2018-02-21 11:00:00,5130.0,5262.662291366867,4828.558335576244,5696.76624715749
2018-02-21 12:00:00,5364.0,5911.485571460397,5477.381615669774,6345.589527251021
2018-02-21 13:00:00,6795.0,6338.787368799241,5904.683413008618,6772.891324589865
2018-02-21 14:00:00,6282.0,6065.907043710073,5631.803087919449,6500.010999500696
2018-02-21 15:00:00,4583.0,4450.488265292712,4016.3843095020884,4884.592221083335
2018-02-21 16:00:00,3356.0,3176.0303705245665,2741.926414733943,3610.13432631519
2018-02-21 17:00:00,2959.0,2822.7009008336254,2388.596945043002,3256.8048566242487
2018-02-21 18:00:00,2471.0,2644.756653846959,2210.652698056336,3078.8606096375825
2018-02-21 19:00:00,1749.0,2044.5065542266175,1610.4025984359942,2478.610510017241
2018-02-21 20:00:00,1029.0,1166.6355273072488,732.5315715166255,1600.7394830978722
2018-02-21 21:00:00,528.0,619.8063455859279,185.7023897953046,1053.9103013765512
2018-02-21 22:00:00,338.0,344.4380363308287,0.0,778.541992121452
2018-02-21 23:00:00,245.0,281.8732620656141,0.0,715.9772178562374
2018-02-22 00:00:00,339.0,353.854816522987,0.0,787.9587723136103
2018-02-22 01:00:00,853.0,799.1479208282399,365.04396503761654,1233.2518766188632
2018-02-22 02:00:00,2854.0,2619.2945376833864,2185.190581892763,3053.3984934740097
2018-02-22 03:00:00,5466.0,5320.698451986654,4886.59449619603,5754.802407777277
2018-02-22 04:00:00,6559.0,6424.693689133112,5990.589733342488,6858.797644923735
2018-02-22 05:00:00,5837.0,5693.883928900264,5259.779973109641,6127.987884690888
2018-02-22 06:00:00,5428.0,5081.01084245358,4646.906886662957,5515.1147982442035
2018-02-22 07:00:00,4827.0,4489.708385707481,4055.604429916858,4923.812341498105
2018-02-22 08:00:00,5108.0,4792.45459614852,4358.350640357897,5226.558551939143
2018-02-22 09:00:00,4980.0,5040.643109655754,4606.539153865131,5474.747065446378
2018-02-22 10:00:00,5174.0,5181.978103104171,4747.874147313548,5616.0820588947945
2018-02-22 11:00:00,5353.0,5506.125146664395,5072.021190873772,5940.229102455019
2018-02-22 12:00:00,6263.0,5873.956151127578,5439.8521953369545,6308.060106918201
2018-02-22 13:00:00,6902.0,6553.975320763386,6119.871364972762,6988.079276554009
2018-02-22 14:00:00,5900.0,6110.783312839225,5676.679357048602,6544.887268629848
2018-02-22 15:00:00,4514.0,4751.23623757371,4317.132281783087,5185.340193364334
2018-02-22 16:00:00,3048.0,3427.435321371048,2993.3313655804245,3861.539277161671
2018-02-22 17:00:00,2736.0,2989.4121438886727,2555.3081880980494,3423.516099679296
2018-02-22 18:00:00,2247.0,2886.0096894234744,2451.905733632851,3320.1136452140977
2018-02-22 19:00:00,1905.0,2280.1354341863353,1846.031478395712,2714.2393899769586
2018-02-22 20:00:00,1372.0,1215.1777808540642,781.0738250634408,1649.2817366446875
2018-02-22 21:00:00,632.0,566.3865452381967,132.2825894475734,1000.4905010288201
2018-02-22 22:00:00,390.0,381.483223443967,0.0,815.5871792345904
2018-02-22 23:00:00,309.0,321.47019398781134,0.0,755.5741497784347
2018-02-23 00:00:00,368.0,359.158016658566,0.0,793.2619724491893
2018-02-23 01:00:00,830.0,750.2184017205542,316.11444592993087,1184.3223575111774
2018-02-23 02:00:00,2451.0,2510.422013972465,2076.3180581818415,2944.525969763088
2018-02-23 03:00:00,4627.0,5474.035172969501,5039.931217178878,5908.139128760125
2018-02-23 04:00:00,5240.0,6394.945692378897,5960.841736588273,6829.04964816952
2018-02-23 05:00:00,4595.0,5409.456667571868,4975.352711781245,5843.560623362491
2018-02-23 06:00:00,4413.0,4880.701695662312,4446.597739871689,5314.805651452935
2018-02-23 07:00:00,4140.0,4505.661033714552,4071.557077923929,4939.764989505175
2018-02-23 08:00:00,4183.0,4606.915260760718,4172.811304970095,5041.019216551342
2018-02-23 09:00:00,4732.0,4882.930020464199,4448.826064673575,5317.033976254822
2018-02-23 10:00:00,4786.0,4581.969976268398,4147.866020477774,5016.073932059021
2018-02-23 11:00:00,5131.0,4812.288730060678,4378.184774270055,5246.392685851301
2018-02-23 12:00:00,5631.0,5258.028536880125,4823.924581089502,5692.132492670748
2018-02-23 13:00:00,6368.0,5523.972815188627,5089.868859398003,5958.07677097925
2018-02-23 14:00:00,5681.0,5408.878374829801,4974.774419039178,5842.982330620424
2018-02-23 15:00:00,4876.0,4305.46427683017,3871.3603210395468,4739.568232620793
2018-02-23 16:00:00,3751.0,3345.585480251103,2911.4815244604797,3779.6894360417264
2018-02-23 17:00:00,3124.0,2905.72220725697,2471.6182514663465,3339.826163047593
2018-02-23 18:00:00,3015.0,2910.5505191064317,2476.4465633158084,3344.654474897055
2018-02-23 19:00:00,2528.0,2640.385675875347,2206.2817200847235,3074.48963166597
2018-02-23 20:00:00,2105.0,1915.9081581625778,1481.8042023719545,2350.012113953201
2018-02-23 21:00:00,1043.0,1153.3103248117086,719.2063690210853,1587.414280602332
2018-02-23 22:00:00,712.0,711.1597717173235,277.0558159267001,1145.263727507947
2018-02-23 23:00:00,490.0,564.6384492417537,130.5344934511304,998.7424050323771
2018-02-24 00:00:00,425.0,358.84020401426824,0.0,792.9441598048916
2018-02-24 01:00:00,404.0,406.59551121499305,0.0,840.6994670056164
2018-02-24 02:00:00,676.0,717.6933741319735,283.5894183413502,1151.7973299225969
2018-02-24 03:00:00,1119.0,1498.011353846697,1063.9073980560736,1932.1153096373203
2018-02-24 04:00:00,1836.0,1843.0534878216638,1408.9495320310405,2277.1574436122874
2018-02-24 05:00:00,3018.0,2782.121181623355,2348.0172258327316,3216.2251374139782
2018-02-24 06:00:00,3753.0,3220.8850513491834,2786.78109555856,3654.9890071398067
2018-02-24 07:00:00,4373.0,3713.287977806837,3279.1840220162135,4147.391933597461
2018-02-24 08:00:00,4487.0,4306.577164222054,3872.473208431431,4740.681120012678
2018-02-24 09:00:00,4938.0,4559.1167951685675,4125.012839377944,4993.220750959191
2018-02-24 10:00:00,4744.0,4705.166172222838,4271.062216432215,5139.2701280134615
2018-02-24 11:00:00,4831.0,4588.016568143607,4153.912612352984,5022.120523934231
2018-02-24 12:00:00,3660.0,4707.037717362367,4272.933761571744,5141.141673152991
2018-02-24 13:00:00,3247.0,4671.250288010354,4237.1463322197305,5105.354243800977
2018-02-24 14:00:00,2709.0,4566.261331625209,4132.157375834586,5000.365287415832
2018-02-24 15:00:00,2677.0,2970.481992381003,2536.3780365903795,3404.585948171626
2018-02-24 16:00:00,2338.0,2079.284646368854,1645.1806905782305,2513.388602159477
2018-02-24 17:00:00,1520.0,1878.5192290114448,1444.4152732208215,2312.623184802068
2018-02-24 18:00:00,1686.0,2205.07550005161,1770.9715442609868,2639.1794558422334
2018-02-24 19:00:00,1786.0,2280.1901290566475,1846.0861732660242,2714.294084847271
2018-02-24 20:00:00,1162.0,1610.0726183946413,1175.968662604018,2044.1765741852646
2018-02-24 21:00:00,779.0,891.0421953474988,456.9382395568755,1325.1461511381221
2018-02-24 22:00:00,510.0,506.1971093409568,72.09315355033345,940.3010651315801
2018-02-24 23:00:00,381.0,409.2143590263278,0.0,843.3183148169512
2018-02-25 00:00:00,254.0,401.699131961441,0.0,835.8030877520644
2018-02-25 01:00:00,251.0,422.78259934654045,0.0,856.8865551371638
2018-02-25 02:00:00,407.0,1078.9216508087188,644.8176950180955,1513.0256065993422
2018-02-25 03:00:00,723.0,777.3217520215481,343.2177962309248,1211.4257078121714
2018-02-25 04:00:00,947.0,1001.6555665193551,567.5516107287318,1435.7595223099784
2018-02-25 05:00:00,1343.0,1564.9988534895474,1130.894897698924,1999.1028092801707
2018-02-25 06:00:00,2014.0,2377.8743733435276,1943.7704175529043,2811.978329134151
2018-02-25 07:00:00,2598.0,2794.4804439883087,2360.3764881976854,3228.584399778932
2018-02-25 08:00:00,3073.0,2866.432308311463,2432.32835252084,3300.5362641020865
2018-02-25 09:00:00,3719.0,3247.538995461459,2813.4350396708355,3681.642951252082
2018-02-25 10:00:00,3840.0,3413.3654904425207,2979.2615346518974,3847.469446233144
2018-02-25 11:00:00,3865.0,3726.6431467080088,3292.5391909173854,4160.747102498632
2018-02-25 12:00:00,3974.0,3825.0570500846493,3390.953094294026,4259.161005875272
2018-02-25 13:00:00,4262.0,3925.9872602102555,3491.883304419632,4360.091216000879
2018-02-25 14:00:00,4131.0,3517.652193430361,3083.5482376397376,3951.7561492209843
2018-02-25 15:00:00,3759.0,3407.1222526762913,2973.018296885668,3841.2262084669146
2018-02-25 16:00:00,2950.0,2861.723488222969,2427.6195324323457,3295.8274440135924
2018-02-25 17:00:00,2604.0,2358.320783112928,1924.2168273223047,2792.4247389035513
2018-02-25 18:00:00,2507.0,2374.9257184164685,1940.8217626258452,2809.029674207092
2018-02-25 19:00:00,3097.0,1777.0259641970642,1342.922008406441,2211.1299199876876
2018-02-25 20:00:00,1239.0,1266.0663987108746,831.9624429202513,1700.170354501498
2018-02-25 21:00:00,517.0,754.7080861477722,320.60413035714885,1188.8120419383954
2018-02-25 22:00:00,348.0,603.177041348638,169.07308555801467,1037.2809971392612
2018-02-25 23:00:00,267.0,315.5313776982168,0.0,749.6353334888402
2018-02-26 00:00:00,336.0,306.4039565838332,0.0,740.5079123744565
2018-02-26 01:00:00,902.0,703.453929136306,269.34997334568266,1137.5578849269293
2018-02-26 02:00:00,2665.0,2362.2844297219235,1928.1804739313002,2796.388385512547
2018-02-26 03:00:00,5186.0,5296.456312307334,4862.352356516711,5730.560268097957
2018-02-26 04:00:00,6034.0,5732.162597766543,5298.058641975919,6166.266553557166
2018-02-26 05:00:00,5602.0,5146.681529658063,4712.577573867439,5580.785485448686
2018-02-26 06:00:00,5033.0,4643.262722856292,4209.158767065669,5077.366678646916
2018-02-26 07:00:00,4472.0,4137.674071893886,3703.570116103263,4571.77802768451
2018-02-26 08:00:00,4371.0,4309.226620764801,3875.1226649741775,4743.330576555424
2018-02-26 09:00:00,4532.0,4605.752788885241,4171.648833094618,5039.856744675864
2018-02-26 10:00:00,4602.0,4847.510807200844,4413.406851410221,5281.614762991468
2018-02-26 11:00:00,4875.0,4917.448623159697,4483.344667369073,5351.55257895032
2018-02-26 12:00:00,5389.0,5501.653697912374,5067.549742121751,5935.757653702997
2018-02-26 13:00:00,6370.0,6110.654163950741,5676.550208160118,6544.758119741365
2018-02-26 14:00:00,5920.0,5900.437368127537,5466.333412336914,6334.541323918161
2018-02-26 15:00:00,4442.0,4241.756472590093,3807.6525167994696,4675.860428380716
2018-02-26 16:00:00,3086.0,2967.831244836296,2533.7272890456725,3401.935200626919
2018-02-26 17:00:00,2642.0,2462.5735152811353,2028.469559490512,2896.6774710717586
2018-02-26 18:00:00,2197.0,2377.889098598398,1943.7851428077747,2811.9930543890214
2018-02-26 19:00:00,1528.0,1704.9009846954125,1270.7970289047892,2139.0049404860356
2018-02-26 20:00:00,1008.0,1081.670998502321,647.5670427116977,1515.7749542929444
2018-02-26 21:00:00,529.0,494.33619633317977,60.23224054255644,928.440152123803
2018-02-26 22:00:00,329.0,344.3286815567417,0.0,778.432637347365
2018-02-26 23:00:00,255.0,277.6185871911401,0.0,711.7225429817634
2018-02-27 00:00:00,370.0,393.3316357898168,0.0,827.4355915804401
2018-02-27 01:00:00,878.0,814.6822824908071,380.57832670018377,1248.7862382814305
2018-02-27 02:00:00,2884.0,2657.6458082494905,2223.541852458867,3091.749764040114
2018-02-27 03:00:00,5418.0,5371.45563953161,4937.351683740987,5805.559595322234
2018-02-27 04:00:00,6318.0,5752.903373241204,5318.79941745058,6187.007329031827
2018-02-27 05:00:00,5876.0,5603.16305620782,5169.0591004171965,6037.267011998443
2018-02-27 06:00:00,5093.0,4994.127938654701,4560.023982864078,5428.2318944453245
2018-02-27 07:00:00,4349.0,4326.334942335803,3892.23098654518,4760.4388981264265
2018-02-27 08:00:00,4607.0,4545.49170507151,4111.387749280887,4979.595660862134
2018-02-27 09:00:00,4901.0,4811.897138836728,4377.793183046105,5246.001094627351
2018-02-27 10:00:00,4912.0,4724.767581328581,4290.663625537958,5158.871537119205
2018-02-27 11:00:00,5221.0,5181.863181362524,4747.759225571901,5615.967137153148
2018-02-27 12:00:00,5755.0,5867.928113008026,5433.824157217403,6302.03206879865
2018-02-27 13:00:00,6445.0,6557.7132229428635,6123.60926715224,6991.817178733487
2018-02-27 14:00:00,6202.0,6157.938884013099,5723.834928222475,6592.042839803722
2018-02-27 15:00:00,4430.0,4503.098153994669,4068.9941982040455,4937.202109785292
2018-02-27 16:00:00,3376.0,3178.8663455021124,2744.762389711489,3612.9703012927357
2018-02-27 17:00:00,2891.0,2822.4830958263083,2388.379140035685,3256.5870516169316
2018-02-27 18:00:00,3376.0,2590.973580701108,2156.8696249104846,3025.0775364917313
2018-02-27 19:00:00,3003.0,1967.5300124742253,1533.426056683602,2401.6339682648486
2018-02-27 20:00:00,1151.0,1177.2100066352662,743.1060508446428,1611.3139624258895
2018-02-27 21:00:00,602.0,739.4680632008474,305.36410741022405,1173.5720189914707
2018-02-27 22:00:00,340.0,514.5022972681666,80.39834147754323,948.6062530587899
2018-02-27 23:00:00,294.0,288.8120844248546,0.0,722.916040215478
2018-02-28 00:00:00,378.0,355.07727250357016,0.0,789.1812282941935
2018-02-28 01:00:00,887.0,766.1400635746058,332.0361077839825,1200.2440193652292
2018-02-28 02:00:00,2873.0,2616.4616163145442,2182.357660523921,3050.5655721051676
2018-02-28 03:00:00,5649.0,5575.689919666455,5141.585963875832,6009.793875457079
2018-02-28 04:00:00,6351.0,6530.562586157726,6096.458630367103,6964.66654194835
2018-02-28 05:00:00,6007.0,5697.2329177673,5263.128961976677,6131.336873557923
2018-02-28 06:00:00,5230.0,5079.302360240685,4645.198404450061,5513.406316031308
2018-02-28 07:00:00,4561.0,4540.727295570642,4106.623339780019,4974.8312513612655
2018-02-28 08:00:00,4860.0,4792.342636723694,4358.238680933071,5226.446592514318
2018-02-28 09:00:00,4936.0,5055.678503000532,4621.574547209909,5489.7824587911555
2018-02-28 10:00:00,5036.0,5105.7837488958,4671.679793105177,5539.887704686424
2018-02-28 11:00:00,5255.0,5436.025486586904,5001.92153079628,5870.129442377527
2018-02-28 12:00:00,5729.0,5758.11141657764,5324.0074607870165,6192.215372368263
2018-02-28 13:00:00,6563.0,6570.996795105602,6136.892839314979,7005.100750896226
2018-02-28 14:00:00,6316.0,6221.36680741443,5787.2628516238065,6655.470763205053
2018-02-28 15:00:00,4877.0,4683.176423993041,4249.072468202417,5117.280379783664
2018-02-28 16:00:00,3267.0,3329.9696855639454,2895.865729773322,3764.0736413545687
2018-02-28 17:00:00,2939.0,2922.571149488499,2488.4671936978757,3356.6751052791224
2018-02-28 18:00:00,2629.0,2679.715295739705,2245.611339949082,3113.8192515303285
2018-02-28 19:00:00,1780.0,1965.5292291923256,1531.4252734017023,2399.633184982949
2018-02-28 20:00:00,1102.0,1167.667388117197,733.5634323265738,1601.7713439078204
2018-02-28 21:00:00,600.0,637.1125492303922,203.0085934397689,1071.2165050210156
2018-02-28 22:00:00,369.0,359.4193415219641,0.0,793.5232973125874
2018-02-28 23:00:00,283.0,280.2389205419647,0.0,714.342876332588
2018-03-01 00:00:00,385.0,361.51778350275606,0.0,795.6217392933794
2018-03-01 01:00:00,919.0,799.7930419824143,365.6890861917909,1233.8969977730376
2018-03-01 02:00:00,2872.0,2692.471759432401,2258.3678036417778,3126.5757152230244
2018-03-01 03:00:00,5703.0,5515.8657539578935,5081.76179816727,5949.969709748517
2018-03-01 04:00:00,6275.0,6478.17963148275,6044.075675692126,6912.283587273373
2018-03-01 05:00:00,5728.0,5804.773471395075,5370.669515604452,6238.877427185698
2018-03-01 06:00:00,5419.0,5109.4115624392525,4675.307606648629,5543.515518229876
2018-03-01 07:00:00,4555.0,4585.056371443776,4150.9524156531525,5019.160327234399
2018-03-01 08:00:00,4875.0,4872.758146495114,4438.65419070449,5306.862102285737
2018-03-01 09:00:00,5080.0,5101.114997108392,4667.011041317769,5535.218952899016
2018-03-01 10:00:00,5210.0,5117.420092511444,4683.31613672082,5551.524048302067
2018-03-01 11:00:00,5328.0,5454.700249430106,5020.596293639483,5888.804205220729
2018-03-01 12:00:00,5952.0,5888.8390747055255,5454.735118914902,6322.943030496149
2018-03-01 13:00:00,6565.0,6511.266642704571,6077.162686913947,6945.370598495194
2018-03-01 14:00:00,6236.0,6038.100143996937,5603.9961882063135,6472.20409978756
2018-03-01 15:00:00,4800.0,4653.852197155171,4219.7482413645475,5087.956152945794
2018-03-01 16:00:00,3709.0,3431.3920577008216,2997.2881019101983,3865.496013491445
2018-03-01 17:00:00,3169.0,3099.8250924069334,2665.72113661631,3533.9290481975568
2018-03-01 18:00:00,2981.0,3046.8544753339224,2612.750519543299,3480.9584311245458
2018-03-01 19:00:00,2166.0,2581.5307207458136,2147.4267649551903,3015.634676536437
2018-03-01 20:00:00,1266.0,1442.4822601009757,1008.3783043103524,1876.586215891599
2018-03-01 21:00:00,644.0,799.8497114651286,365.7457556745053,1233.953667255752
2018-03-01 22:00:00,416.0,451.83161885000004,17.72766305937671,885.9355746406234
2018-03-01 23:00:00,295.0,329.60852557228486,0.0,763.7124813629082
2018-03-02 00:00:00,364.0,366.9488260921234,0.0,801.0527818827468
2018-03-02 01:00:00,846.0,810.2301515018361,376.12619571121274,1244.3341072924595
2018-03-02 02:00:00,2670.0,2610.2021308977987,2176.0981751071754,3044.306086688422
2018-03-02 03:00:00,5165.0,5527.648068647369,5093.544112856745,5961.752024437992
2018-03-02 04:00:00,6497.0,6384.536358582396,5950.432402791773,6818.6403143730195
2018-03-02 05:00:00,5636.0,5759.746882407646,5325.642926617023,6193.850838198269
2018-03-02 06:00:00,4945.0,5159.788237461263,4725.684281670639,5593.892193251886
2018-03-02 07:00:00,4858.0,4758.501002478103,4324.39704668748,5192.6049582687265
2018-03-02 08:00:00,5171.0,5059.970178823164,4625.866223032541,5494.0741346137875
2018-03-02 09:00:00,5391.0,5371.619760097327,4937.515804306704,5805.723715887951
2018-03-02 10:00:00,5390.0,5406.573945716332,4972.469989925708,5840.677901506955
2018-03-02 11:00:00,5692.0,5640.54542995128,5206.441474160657,6074.649385741904
2018-03-02 12:00:00,6057.0,5794.462001005353,5360.35804521473,6228.5659567959765
2018-03-02 13:00:00,6730.0,6517.4633890755285,6083.359433284905,6951.567344866152
2018-03-02 14:00:00,6070.0,5950.9925690606515,5516.888613270028,6385.096524851275
2018-03-02 15:00:00,4954.0,4823.685140955302,4389.581185164679,5257.789096745925
2018-03-02 16:00:00,3996.0,3665.8255841643095,3231.721628373686,4099.929539954933
2018-03-02 17:00:00,3551.0,3176.8613948042325,2742.757439013609,3610.965350594856
2018-03-02 18:00:00,3238.0,3129.1929962827135,2695.08904049209,3563.296952073337
2018-03-02 19:00:00,2453.0,2949.280401289397,2515.176445498774,3383.3843570800204
2018-03-02 20:00:00,1798.0,2083.83468768657,1649.7307318959465,2517.938643477193
2018-03-02 21:00:00,1516.0,1281.1264757091394,847.0225199185161,1715.2304314997627
2018-03-02 22:00:00,751.0,701.793477718852,267.6895219282287,1135.8974335094754
2018-03-02 23:00:00,497.0,529.4199111450968,95.31595535447343,963.5238669357201
2018-03-03 00:00:00,365.0,406.95671174002223,0.0,841.0606675306456
2018-03-03 01:00:00,457.0,450.08217094613195,15.978215155508622,884.1861267367553
2018-03-03 02:00:00,686.0,744.1215780042129,310.01762221358956,1178.2255337948363
2018-03-03 03:00:00,1174.0,1577.104085165613,1143.0001293749897,2011.2080409562363
2018-03-03 04:00:00,2050.0,2229.8098346718025,1795.7058788811792,2663.913790462426
2018-03-03 05:00:00,3029.0,2899.4107385017433,2465.30678271112,3333.5146942923666
2018-03-03 06:00:00,3911.0,3577.34636738428,3143.2424115936565,4011.450323174903
2018-03-03 07:00:00,4598.0,4154.7870565161875,3720.683100725564,4588.891012306811
2018-03-03 08:00:00,4766.0,4458.838485447112,4024.734529656489,4892.942441237736
2018-03-03 09:00:00,5023.0,4876.879189747789,4442.775233957165,5310.983145538412
2018-03-03 10:00:00,5240.0,4918.635158260134,4484.53120246951,5352.739114050757
2018-03-03 11:00:00,5040.0,4845.635985263344,4411.532029472721,5279.739941053967
2018-03-03 12:00:00,4945.0,4839.851654162129,4405.747698371506,5273.955609952753
2018-03-03 13:00:00,4855.0,4879.341259216815,4445.237303426192,5313.4452150074385
2018-03-03 14:00:00,4837.0,4730.1708875127,4296.066931722076,5164.274843303323
2018-03-03 15:00:00,4396.0,4304.454697863206,3870.3507420725828,4738.558653653829
2018-03-03 16:00:00,3817.0,3504.5188554091824,3070.414899618559,3938.6228111998057
2018-03-03 17:00:00,3169.0,3151.148597209084,2717.0446414184607,3585.2525529997074
2018-03-03 18:00:00,3632.0,3292.541143185935,2858.437187395312,3726.6450989765585
2018-03-03 19:00:00,3148.0,3236.248340028488,2802.144384237865,3670.3522958191115
2018-03-03 20:00:00,1934.0,2164.7518078193775,1730.6478520287542,2598.855763610001
2018-03-03 21:00:00,1216.0,1415.5292700770904,981.425314286467,1849.6332258677137
2018-03-03 22:00:00,756.0,833.4201725825524,399.31621679192904,1267.5241283731757
2018-03-03 23:00:00,543.0,596.8461216262349,162.74216583561156,1030.9500774168582
2018-03-04 00:00:00,351.0,340.99921338353016,0.0,775.1031691741534
2018-03-04 01:00:00,299.0,367.52926752217553,0.0,801.6332233127989
2018-03-04 02:00:00,431.0,615.8571842942621,181.75322850363875,1049.9611400848853
2018-03-04 03:00:00,733.0,737.6495651720218,303.54560938139844,1171.753520962645
2018-03-04 04:00:00,1149.0,1051.0968017713083,616.9928459806849,1485.2007575619316
2018-03-04 05:00:00,1840.0,1704.1615112035913,1270.057555412968,2138.265466994215
2018-03-04 06:00:00,2434.0,2463.2414654233,2029.1375096326765,2897.345421213923
2018-03-04 07:00:00,3193.0,3464.95472968613,3030.850773895507,3899.0586854767535
2018-03-04 08:00:00,3594.0,3805.929334211895,3371.8253784212716,4240.033290002519
2018-03-04 09:00:00,4241.0,4142.391179277619,3708.2872234869956,4576.495135068242
2018-03-04 10:00:00,4328.0,4326.16490076271,3892.060944972087,4760.2688565533335
2018-03-04 11:00:00,4341.0,4204.794676944744,3770.690721154121,4638.898632735368
2018-03-04 12:00:00,4226.0,4426.711089072642,3992.6071332820184,4860.815044863265
2018-03-04 13:00:00,4537.0,4329.881913355202,3895.777957564579,4763.985869145826
2018-03-04 14:00:00,4093.0,4122.994126221754,3688.890170431131,4557.098082012378
2018-03-04 15:00:00,3910.0,3777.5787787417207,3343.4748229510974,4211.682734532344
2018-03-04 16:00:00,2945.0,3417.599688795413,2983.4957330047896,3851.7036445860363
2018-03-04 17:00:00,3258.0,2818.7651233140655,2384.661167523442,3252.869079104689
2018-03-04 18:00:00,3017.0,2640.214241302157,2206.1102855115337,3074.3181970927803
2018-03-04 19:00:00,1747.0,1791.1188237337244,1357.014867943101,2225.222779524348
2018-03-04 20:00:00,1138.0,1409.5771120209672,975.4731562303439,1843.6810678115905
2018-03-04 21:00:00,703.0,823.5001136410476,389.3961578504243,1257.604069431671
2018-03-04 22:00:00,471.0,402.59196938185306,0.0,836.6959251724763
2018-03-04 23:00:00,391.0,287.11677835120776,0.0,721.2207341418311
2018-03-05 00:00:00,486.0,319.3271467250346,0.0,753.4311025156579
2018-03-05 01:00:00,976.0,658.6242559941504,224.52030020352709,1092.7282117847737
2018-03-05 02:00:00,2704.0,2612.1221451085335,2178.01818931791,3046.226100899157
2018-03-05 03:00:00,4879.0,5676.261544095058,5242.157588304434,6110.365499885681
2018-03-05 04:00:00,5062.0,6138.490527571187,5704.386571780564,6572.5944833618105
2018-03-05 05:00:00,4211.0,5591.967264718906,5157.863308928283,6026.07122050953
2018-03-05 06:00:00,3780.0,4660.003090074386,4225.899134283763,5094.107045865009
2018-03-05 07:00:00,3586.0,4191.729840826202,3757.625885035579,4625.833796616826
2018-03-05 08:00:00,3611.0,4413.8859040800235,3979.7819482894,4847.989859870647
2018-03-05 09:00:00,3719.0,4324.814539077123,3890.7105832865,4758.918494867747
2018-03-05 10:00:00,3682.0,4379.1725360599785,3945.068580269355,4813.276491850602
2018-03-05 11:00:00,3928.0,4499.412048192476,4065.3080924018523,4933.516003983099
2018-03-05 12:00:00,4151.0,4619.095459774975,4184.991503984352,5053.199415565598
2018-03-05 13:00:00,3260.0,5022.1298668474265,4588.025911056803,5456.23382263805
2018-03-05 14:00:00,1953.0,4393.588277279744,3959.4843214891207,4827.692233070367
2018-03-05 15:00:00,1389.0,3707.3163752048695,3273.212419414246,4141.420330995493
2018-03-05 16:00:00,1117.0,2294.0204527682044,1859.9164969775811,2728.124408558828
2018-03-05 17:00:00,844.0,1645.501357447027,1211.3974016564036,2079.60531323765
2018-03-05 18:00:00,753.0,1580.9607294907414,1146.856773700118,2015.0646852813647
2018-03-05 19:00:00,694.0,1230.959250212942,796.8552944223186,1665.0632060035653
2018-03-05 20:00:00,599.0,983.3733012574979,549.2693454668746,1417.4772570481214
2018-03-05 21:00:00,308.0,473.8670358309542,39.76308004033086,907.9709916215775
2018-03-05 22:00:00,242.0,508.573439419287,74.46948362866368,942.6773952099104
2018-03-05 23:00:00,231.0,912.1383791801337,478.0344233895104,1346.242334970757
2018-03-06 00:00:00,335.0,2572.5014875935867,2138.3975318029634,3006.60544338421
2018-03-06 01:00:00,807.0,1436.2322112937165,1002.1282555030932,1870.3361670843399
2018-03-06 02:00:00,2537.0,2789.9069554627717,2355.8029996721484,3224.010911253395
2018-03-06 03:00:00,4601.0,5270.279555314402,4836.175599523779,5704.383511105026
2018-03-06 04:00:00,4848.0,5154.200132701619,4720.096176910995,5588.304088492242
2018-03-06 05:00:00,4623.0,4776.930518825607,4342.826563034983,5211.03447461623
2018-03-06 06:00:00,4085.0,4521.592681169844,4087.4887253792203,4955.696636960467
2018-03-06 07:00:00,3602.0,4028.166434842302,3594.0624790516786,4462.270390632925
2018-03-06 08:00:00,3781.0,4193.457447698019,3759.3534919073954,4627.561403488642
2018-03-06 09:00:00,4037.0,4210.667708235566,3776.563752444943,4644.77166402619
2018-03-06 10:00:00,4166.0,4171.498875669347,3737.394919878724,4605.602831459971
2018-03-06 11:00:00,4671.0,4542.585581044965,4108.481625254341,4976.689536835588
2018-03-06 12:00:00,5260.0,5183.740306763006,4749.636350972382,5617.844262553629
2018-03-06 13:00:00,6420.0,5451.770584715058,5017.666628924435,5885.874540505682
2018-03-06 14:00:00,5874.0,5320.534175900392,4886.430220109769,5754.638131691016
2018-03-06 15:00:00,4400.0,3964.5155551666444,3530.411599376021,4398.619510957267
2018-03-06 16:00:00,3188.0,3140.3514673705145,2706.247511579891,3574.455423161138
2018-03-06 17:00:00,2600.0,2675.2753432193435,2241.17138742872,3109.379299009967
2018-03-06 18:00:00,3415.0,2664.275678498796,2230.1717227081726,3098.3796342894193
2018-03-06 19:00:00,2587.0,2054.138073715924,1620.0341179253005,2488.242029506547
2018-03-06 20:00:00,1144.0,1305.648819368664,871.5448635780406,1739.7527751592872
2018-03-06 21:00:00,591.0,770.553387225644,336.44943143502064,1204.6573430162673
2018-03-06 22:00:00,376.0,506.17535125147896,72.07139546085563,940.2793070421023
2018-03-06 23:00:00,247.0,301.8027747993255,0.0,735.9067305899489
2018-03-07 00:00:00,378.0,389.1003457902338,0.0,823.2043015808572
2018-03-07 01:00:00,921.0,825.3977556180205,391.29379982739715,1259.5017114086438
2018-03-07 02:00:00,2875.0,2732.7339850986123,2298.630029307989,3166.8379408892356
2018-03-07 03:00:00,5670.0,5463.131958818183,5029.02800302756,5897.2359146088065
2018-03-07 04:00:00,6121.0,6192.765307296148,5758.661351505525,6626.869263086772
2018-03-07 05:00:00,5896.0,5598.403985307938,5164.300029517314,6032.507941098561
2018-03-07 06:00:00,5343.0,4872.741360558636,4438.637404768013,5306.8453163492595
2018-03-07 07:00:00,4619.0,4351.942370195821,3917.838414405198,4786.046325986445
2018-03-07 08:00:00,4819.0,4562.205722784301,4128.101766993677,4996.309678574924
2018-03-07 09:00:00,4879.0,4831.169041606431,4397.065085815808,5265.2729973970545
2018-03-07 10:00:00,5093.0,4973.512419963093,4539.408464172469,5407.616375753716
2018-03-07 11:00:00,5160.0,5334.280818754127,4900.1768629635035,5768.38477454475
2018-03-07 12:00:00,5886.0,5718.179606601423,5284.0756508108,6152.283562392046
2018-03-07 13:00:00,6849.0,6502.541700926961,6068.437745136338,6936.645656717585
2018-03-07 14:00:00,5951.0,6161.424281583205,5727.320325792582,6595.528237373828
2018-03-07 15:00:00,4637.0,4713.247297012608,4279.143341221985,5147.351252803232
2018-03-07 16:00:00,3367.0,3314.9873795544777,2880.8834237638544,3749.091335345101
2018-03-07 17:00:00,3297.0,2756.612185342954,2322.5082295523307,3190.7161411335774
2018-03-07 18:00:00,2451.0,2696.094688368969,2261.9907325783456,3130.1986441595923
2018-03-07 19:00:00,1790.0,2103.5520708628596,1669.4481150722363,2537.656026653483
2018-03-07 20:00:00,1352.0,1431.7260514609297,997.6220956703064,1865.830007251553
2018-03-07 21:00:00,545.0,635.2440799269261,201.1401241363028,1069.3480357175495
2018-03-07 22:00:00,368.0,363.7255635549488,0.0,797.8295193455722
2018-03-07 23:00:00,260.0,307.7006295458657,0.0,741.804585336489
2018-03-08 00:00:00,344.0,362.00401914783055,0.0,796.1079749384539
2018-03-08 01:00:00,887.0,779.2536870053135,345.1497312146902,1213.357642795937
2018-03-08 02:00:00,2788.0,2665.0175671281927,2230.9136113375694,3099.121522918816
2018-03-08 03:00:00,5661.0,5567.128248858034,5133.02429306741,6001.232204648657
2018-03-08 04:00:00,6280.0,6624.107617203101,6190.003661412477,7058.211572993724
2018-03-08 05:00:00,6042.0,5753.987303099731,5319.883347309108,6188.091258890355
2018-03-08 06:00:00,5221.0,5173.6239789821775,4739.520023191554,5607.727934772801
2018-03-08 07:00:00,4669.0,4587.571270514569,4153.4673147239455,5021.675226305192
2018-03-08 08:00:00,4922.0,4868.141384340565,4434.037428549942,5302.245340131189
2018-03-08 09:00:00,4946.0,5057.045133160553,4622.941177369929,5491.149088951176
2018-03-08 10:00:00,5117.0,5109.049741380771,4674.945785590147,5543.153697171394
2018-03-08 11:00:00,5349.0,5459.491297571631,5025.387341781007,5893.595253362254
2018-03-08 12:00:00,5983.0,5887.091039139828,5452.987083349205,6321.194994930452
2018-03-08 13:00:00,6738.0,6497.672372143212,6063.568416352588,6931.776327933835
2018-03-08 14:00:00,6200.0,6167.881612410148,5733.777656619524,6601.985568200771
2018-03-08 15:00:00,5136.0,4603.662455659899,4169.558499869276,5037.766411450522
2018-03-08 16:00:00,3509.0,3479.865117035591,3045.7611612449678,3913.9690728262144
2018-03-08 17:00:00,3565.0,3022.927975596938,2588.8240198063145,3457.031931387561
2018-03-08 18:00:00,2951.0,3052.519538647616,2618.415582856993,3486.6234944382395
2018-03-08 19:00:00,2759.0,2484.089018247103,2049.9850624564797,2918.1929740377263
2018-03-08 20:00:00,2179.0,1523.5570879099632,1089.45313211934,1957.6610437005866
2018-03-08 21:00:00,665.0,844.718208993835,410.61425320321166,1278.8221647844584
2018-03-08 22:00:00,415.0,578.8677121589134,144.76375636829005,1012.9716679495367
2018-03-08 23:00:00,300.0,418.63320840869414,0.0,852.7371641993175
2018-03-09 00:00:00,389.0,370.36657021684715,0.0,804.4705260074704
2018-03-09 01:00:00,839.0,810.6402249524361,376.5362691618128,1244.7441807430596
2018-03-09 02:00:00,2711.0,2630.332554849188,2196.2285990585647,3064.4365106398113
2018-03-09 03:00:00,5349.0,5571.483769783339,5137.379813992716,6005.587725573962
2018-03-09 04:00:00,6520.0,6499.869430443061,6065.765474652438,6933.973386233684
2018-03-09 05:00:00,5947.0,5746.107191759606,5312.003235968983,6180.21114755023
2018-03-09 06:00:00,5174.0,5145.288477895327,4711.184522104703,5579.39243368595
2018-03-09 07:00:00,4876.0,4790.859311705805,4356.755355915182,5224.963267496429
2018-03-09 08:00:00,5160.0,5216.224916185739,4782.120960395116,5650.328871976362
2018-03-09 09:00:00,5257.0,5459.206694757842,5025.102738967219,5893.310650548466
2018-03-09 10:00:00,5602.0,5429.45809127133,4995.354135480707,5863.562047061953
2018-03-09 11:00:00,5763.0,5664.407923230917,5230.3039674402935,6098.51187902154
2018-03-09 12:00:00,6001.0,5972.814034435007,5538.710078644383,6406.91799022563
2018-03-09 13:00:00,6641.0,6443.928640985173,6009.82468519455,6878.032596775796
2018-03-09 14:00:00,6062.0,6046.143758256889,5612.039802466265,6480.247714047512
2018-03-09 15:00:00,5207.0,4803.11507444536,4369.0111186547365,5237.219030235983
2018-03-09 16:00:00,3864.0,3703.3074681717235,3269.2035123811,4137.411423962347
2018-03-09 17:00:00,3377.0,3148.842062959804,2714.7381071691807,3582.9460187504274
2018-03-09 18:00:00,3118.0,3121.258481148289,2687.1545253576655,3555.362436938912
2018-03-09 19:00:00,2649.0,2770.032199307225,2335.9282435166015,3204.136155097848
2018-03-09 20:00:00,2989.0,2096.385433458246,1662.2814776676228,2530.4893892488694
2018-03-09 21:00:00,1175.0,1264.7298578611762,830.6259020705529,1698.8338136517996
2018-03-09 22:00:00,685.0,756.7700618102162,322.6661060195929,1190.8740176008396
2018-03-10 00:00:00,358.0,403.3071420681556,0.0,837.4110978587789
2018-03-10 01:00:00,404.0,477.78427323581445,43.68031744519112,911.8882290264378
2018-03-10 03:00:00,1242.0,1467.38021437631,1033.2762585856867,1901.4841701669334
2018-03-10 04:00:00,1911.0,2339.682956995943,1905.5790012053199,2773.7869127865665
2018-03-10 05:00:00,3100.0,2884.07147449249,2449.9675187018665,3318.175430283113
2018-03-10 06:00:00,4057.0,3748.586466209944,3314.4825104193205,4182.690422000567
2018-03-10 07:00:00,4476.0,3933.092833097553,3498.9888773069297,4367.196788888176
2018-03-10 08:00:00,4732.0,4365.26097893841,3931.1570231477863,4799.364934729033
2018-03-10 09:00:00,5312.0,4924.888523014279,4490.784567223655,5358.992478804902
2018-03-10 10:00:00,4990.0,4921.3175715987045,4487.213615808081,5355.421527389328
2018-03-10 11:00:00,5404.0,4894.132795883236,4460.028840092613,5328.2367516738595
2018-03-10 12:00:00,5548.0,4907.794280931333,4473.690325140709,5341.898236721956
2018-03-10 13:00:00,5194.0,4872.55810614195,4438.4541503513265,5306.662061932573
2018-03-10 14:00:00,5142.0,4795.478856845564,4361.374901054941,5229.582812636188
2018-03-10 15:00:00,4776.0,4386.771210051861,3952.6672542612378,4820.875165842484
2018-03-10 16:00:00,4004.0,3420.9831190974614,2986.879163306838,3855.0870748880848
2018-03-10 17:00:00,3223.0,3109.9935254218244,2675.889569631201,3544.0974812124477
2018-03-10 18:00:00,3602.0,3216.1749646040976,2782.0710088134742,3650.278920394721
2018-03-10 19:00:00,4040.0,3204.00925899788,2769.9053032072566,3638.1132147885032
2018-03-10 20:00:00,2433.0,2273.7323113672164,1839.628355576593,2707.8362671578398
2018-03-10 21:00:00,1662.0,1389.3838929588956,955.2799371682722,1823.487848749519
2018-03-10 22:00:00,975.0,947.3428412732534,513.23888548263,1381.4467970638766
2018-03-11 00:00:00,420.0,386.32811787132556,0.0,820.4320736619488
2018-03-11 01:00:00,419.0,370.459360772373,0.0,804.5633165629963
2018-03-11 03:00:00,740.0,1037.4532753293663,603.349319538743,1471.5572311199896
2018-03-11 04:00:00,1039.0,1614.0681152062427,1179.9641594156194,2048.172070996866
2018-03-11 05:00:00,1607.0,1781.8783694091112,1347.7744136184879,2215.9823251997345
2018-03-11 06:00:00,2559.0,2640.6898526553596,2206.5858968647362,3074.793808445983
2018-03-11 07:00:00,3400.0,3154.939494801862,2720.835539011239,3589.0434505924854
2018-03-11 08:00:00,3810.0,3864.2669725492506,3430.1630167586272,4298.370928339874
2018-03-11 09:00:00,4339.0,4283.446259419072,3849.3423036284485,4717.550215209695
2018-03-11 10:00:00,4840.0,4558.421547332942,4124.317591542319,4992.525503123566
2018-03-11 11:00:00,4749.0,4415.62422436843,3981.5202685778067,4849.728180159053
2018-03-11 12:00:00,4396.0,4522.531821333311,4088.427865542688,4956.6357771239345
2018-03-11 13:00:00,4242.0,4707.364852549004,4273.260896758381,5141.468808339628
2018-03-11 14:00:00,4068.0,4444.852517711229,4010.7485619206054,4878.956473501852
2018-03-11 15:00:00,3571.0,3969.289754268048,3535.1857984774247,4403.393710058672
2018-03-11 16:00:00,2939.0,3192.527009525934,2758.4230537353105,3626.630965316557
2018-03-11 17:00:00,2546.0,2789.9151339536825,2355.811178163059,3224.019089744306
2018-03-11 18:00:00,2118.0,2469.5536564107806,2035.4497006201573,2903.657612201404
2018-03-11 19:00:00,1523.0,1827.9917027145448,1393.8877469239214,2262.095658505168
2018-03-11 20:00:00,1000.0,1260.2231306294266,826.1191748388032,1694.32708642005
2018-03-11 21:00:00,528.0,592.0687842098155,157.96482841919214,1026.1727400004388
2018-03-11 22:00:00,360.0,375.28193841524484,0.0,809.3858942058682
2018-03-11 23:00:00,228.0,305.3256244954807,0.0,739.429580286104
2018-03-12 00:00:00,356.0,346.4266040117385,0.0,780.5305598023618
2018-03-12 01:00:00,851.0,771.4417120007842,337.3377562101608,1205.5456677914076
2018-03-12 02:00:00,2742.0,2718.79223722073,2284.6882814301066,3152.8961930113533
2018-03-12 03:00:00,5331.0,5614.2827948872355,5180.178839096612,6048.386750677859
2018-03-12 04:00:00,6336.0,5818.151092983134,5384.0471371925105,6252.255048773757
2018-03-12 05:00:00,5668.0,5545.250545783626,5111.146589993003,5979.354501574249
2018-03-12 06:00:00,4693.0,4725.602101214938,4291.498145424314,5159.706057005561
2018-03-12 07:00:00,4213.0,4213.044570797655,3778.9406150070317,4647.148526588278
2018-03-12 08:00:00,4265.0,4372.71318865459,3938.609232863967,4806.817144445214
2018-03-12 09:00:00,4666.0,4651.657964592101,4217.554008801478,5085.761920382724
2018-03-12 10:00:00,4748.0,4731.587873582374,4297.483917791751,5165.691829372998
2018-03-12 11:00:00,4554.0,4818.6260127737805,4384.522056983157,5252.729968564404
2018-03-12 12:00:00,5784.0,5626.946791109244,5192.842835318621,6061.050746899868
2018-03-12 13:00:00,6655.0,6316.190471843634,5882.086516053011,6750.294427634258
2018-03-12 14:00:00,6001.0,5583.997367588889,5149.893411798265,6018.101323379512
2018-03-12 15:00:00,4388.0,4212.987581557394,3778.883625766771,4647.0915373480175
2018-03-12 16:00:00,3346.0,3118.0247568316076,2683.9208010409843,3552.128712622231
2018-03-12 17:00:00,2806.0,2588.2003610790357,2154.0964052884124,3022.304316869659
2018-03-12 18:00:00,2301.0,2416.6330129690446,1982.5290571784212,2850.736968759668
2018-03-12 19:00:00,2592.0,1894.6671262983489,1460.5631705077255,2328.7710820889724
2018-03-12 20:00:00,2003.0,1138.1151842025185,704.0112284118952,1572.2191399931419
2018-03-12 21:00:00,666.0,518.9426734561957,84.8387176655724,953.0466292468191
2018-03-12 22:00:00,414.0,396.23591700721,0.0,830.3398727978333
2018-03-12 23:00:00,301.0,317.7531602260399,0.0,751.8571160166632
2018-03-13 00:00:00,380.0,408.5610730486908,0.0,842.6650288393141
2018-03-13 01:00:00,865.0,802.8326312454936,368.7286754548703,1236.936587036117
2018-03-13 02:00:00,2872.0,2756.8260717893377,2322.7221159987143,3190.930027579961
2018-03-13 03:00:00,5420.0,5759.427159860868,5325.323204070245,6193.531115651492
2018-03-13 04:00:00,6404.0,6567.421782719354,6133.317826928731,7001.525738509978
2018-03-13 05:00:00,5880.0,5895.324655729887,5461.220699939264,6329.4286115205105
2018-03-13 06:00:00,5093.0,5223.547026712947,4789.443070922323,5657.65098250357
2018-03-13 07:00:00,4410.0,4644.593689439176,4210.489733648553,5078.6976452297995
2018-03-13 08:00:00,4591.0,4857.045372358548,4422.9414165679245,5291.149328149171
2018-03-13 09:00:00,4749.0,5066.151320918652,4632.047365128029,5500.255276709276
2018-03-13 10:00:00,5062.0,5101.053619951004,4666.949664160381,5535.157575741628
2018-03-13 11:00:00,5187.0,5314.684337686198,4880.580381895575,5748.788293476821
2018-03-13 12:00:00,5895.0,5676.7504711333395,5242.646515342716,6110.854426923963
2018-03-13 13:00:00,6366.0,6366.668096715291,5932.564140924667,6800.772052505914
2018-03-13 14:00:00,5413.0,6074.197343689969,5640.0933878993455,6508.301299480592
2018-03-13 15:00:00,4470.0,4701.275065581491,4267.171109790867,5135.379021372114
2018-03-13 16:00:00,3436.0,3340.7832671366455,2906.679311346022,3774.887222927269
2018-03-13 17:00:00,2933.0,2795.8495722269354,2361.745616436312,3229.9535280175587
2018-03-13 18:00:00,2736.0,2632.631476137907,2198.527520347284,3066.7354319285305
2018-03-13 19:00:00,3761.0,2037.937920614935,1603.8339648243116,2472.0418764055585
2018-03-13 20:00:00,1287.0,1272.0152019643415,837.9112461737182,1706.1191577549648
2018-03-13 21:00:00,665.0,682.2953946358906,248.19143884526727,1116.399350426514
2018-03-13 22:00:00,340.0,456.28380678730326,22.17985099667993,890.3877625779267
2018-03-13 23:00:00,285.0,326.7420140666949,0.0,760.8459698573182
2018-03-14 00:00:00,378.0,367.4381421388961,0.0,801.5420979295195
2018-03-14 01:00:00,903.0,828.3817769170114,394.27782112638806,1262.4857327076347
2018-03-14 02:00:00,2785.0,2789.1020227621098,2354.9980669714864,3223.205978552733
2018-03-14 03:00:00,5526.0,5869.459730195972,5435.355774405349,6303.563685986595
2018-03-14 04:00:00,6542.0,6448.827735586949,6014.723779796325,6882.931691377572
2018-03-14 05:00:00,5854.0,5804.836012925997,5370.732057135374,6238.939968716621
2018-03-14 06:00:00,5312.0,5198.651906739246,4764.547950948623,5632.75586252987
2018-03-14 07:00:00,4511.0,4682.049780210199,4247.945824419576,5116.153736000822
2018-03-14 08:00:00,4825.0,4877.3668749265635,4443.26291913594,5311.470830717187
2018-03-14 09:00:00,4908.0,5132.658748526489,4698.554792735866,5566.762704317112
2018-03-14 10:00:00,5044.0,5270.093258132348,4835.989302341724,5704.197213922971
2018-03-14 11:00:00,5251.0,5478.639920991637,5044.535965201014,5912.7438767822605
2018-03-14 12:00:00,5906.0,5735.758660324701,5301.654704534078,6169.862616115324
2018-03-14 13:00:00,6789.0,6530.806871017817,6096.702915227193,6964.91082680844
2018-03-14 14:00:00,6137.0,6077.8202157050555,5643.716259914432,6511.924171495679
2018-03-14 15:00:00,4718.0,4682.066569903856,4247.962614113233,5116.17052569448
2018-03-14 16:00:00,3426.0,3383.5007256197478,2949.3967698291244,3817.604681410371
2018-03-14 17:00:00,3115.0,2936.486098569753,2502.3821427791295,3370.590054360376
2018-03-14 18:00:00,2507.0,2768.883904150132,2334.7799483595086,3202.9878599407552
2018-03-14 19:00:00,1810.0,2164.7655003168484,1730.661544526225,2598.8694561074717
2018-03-14 20:00:00,1094.0,1389.1488835817036,955.0449277910802,1823.252839372327
2018-03-14 21:00:00,577.0,662.3640313469219,228.2600755562986,1096.4679871375452
2018-03-14 22:00:00,354.0,355.28820938913236,0.0,789.3921651797557
2018-03-14 23:00:00,259.0,292.19700321758313,0.0,726.3009590082065
2018-03-15 01:00:00,910.0,803.698316361651,369.59436057102766,1237.8022721522743
2018-03-15 02:00:00,2797.0,2768.5265394827534,2334.42258369213,3202.6304952733767
2018-03-15 04:00:00,6537.0,6767.202996818994,6333.09904102837,7201.306952609617
2018-03-15 05:00:00,5907.0,5893.948937973816,5459.844982183193,6328.052893764439
2018-03-15 06:00:00,5177.0,5281.1518636233195,4847.047907832696,5715.255819413943
2018-03-15 07:00:00,4675.0,4794.3493789988515,4360.245423208228,5228.453334789475
2018-03-15 08:00:00,4905.0,4980.269249398408,4546.165293607784,5414.373205189031
2018-03-15 09:00:00,5113.0,5393.935658560766,4959.831702770142,5828.039614351389
2018-03-15 10:00:00,5165.0,5365.044795271515,4930.940839480892,5799.148751062138
2018-03-15 11:00:00,5448.0,5578.4171906654265,5144.313234874803,6012.52114645605
2018-03-15 12:00:00,5960.0,5711.1794895780795,5277.075533787456,6145.283445368703
2018-03-15 13:00:00,6586.0,6551.494469311314,6117.390513520691,6985.598425101937
2018-03-15 14:00:00,6279.0,6158.562906698854,5724.458950908231,6592.666862489477
2018-03-15 15:00:00,4771.0,4802.538864775987,4368.434908985364,5236.642820566611
2018-03-15 16:00:00,3503.0,3629.590689169039,3195.4867333784155,4063.694644959662
2018-03-15 17:00:00,3093.0,3122.7699845723164,2688.666028781693,3556.8739403629397
2018-03-15 18:00:00,2685.0,3124.386529647815,2690.282573857192,3558.4904854384386
2018-03-15 19:00:00,2157.0,2464.761658091295,2030.6577023006716,2898.8656138819183
2018-03-15 20:00:00,1205.0,1389.3519900472454,955.2480342566221,1823.4559458378687
2018-03-15 21:00:00,661.0,724.2656803125722,290.1617245219488,1158.3696361031955
2018-03-15 22:00:00,386.0,471.05347134288934,36.94951555226601,905.1574271335127
2018-03-15 23:00:00,287.0,323.30665243542387,0.0,757.4106082260472
2018-03-16 01:00:00,793.0,812.5393035706455,378.4353477800222,1246.643259361269
2018-03-16 02:00:00,2731.0,2782.868221329358,2348.764265538735,3216.9721771199816
2018-03-16 04:00:00,6242.0,6566.212789024408,6132.108833233785,7000.316744815032
2018-03-16 05:00:00,5574.0,5833.516628396974,5399.4126726063505,6267.620584187597
2018-03-16 06:00:00,4900.0,5412.572564085709,4978.468608295086,5846.676519876332
2018-03-16 07:00:00,4578.0,4868.286664486379,4434.1827086957555,5302.390620277002
2018-03-16 08:00:00,5056.0,5148.665615459062,4714.561659668439,5582.769571249685
2018-03-16 09:00:00,5381.0,5427.279897064656,4993.175941274033,5861.38385285528
2018-03-16 10:00:00,5398.0,5448.1186177992095,5014.014662008586,5882.222573589833
2018-03-16 11:00:00,5594.0,5721.236727967539,5287.132772176916,6155.340683758162
2018-03-16 12:00:00,5999.0,5804.313765861286,5370.209810070663,6238.417721651909
2018-03-16 13:00:00,6607.0,6359.581448084103,5925.477492293479,6793.685403874726
2018-03-16 14:00:00,6023.0,5875.561795206841,5441.457839416218,6309.665750997465
2018-03-16 15:00:00,4952.0,4872.094842354513,4437.99088656389,5306.198798145137
2018-03-16 16:00:00,4004.0,3687.8691232483347,3253.7651674577114,4121.9730790389585
2018-03-16 17:00:00,3503.0,3201.388043762172,2767.2840879715486,3635.4919995527953
2018-03-16 18:00:00,3111.0,3145.897802187513,2711.79384639689,3580.0017579781365
2018-03-16 19:00:00,3079.0,2979.1434126889767,2545.0394568983534,3413.2473684796
2018-03-16 20:00:00,1903.0,2115.0431427800027,1680.9391869893793,2549.147098570626
2018-03-16 21:00:00,1125.0,1265.6449391240944,831.5409833334711,1699.7488949147178
2018-03-16 22:00:00,621.0,883.9353375658758,449.83138177525245,1318.039293356499
2018-03-16 23:00:00,498.0,555.1533080694325,121.04935227880912,989.2572638600558
2018-03-17 00:00:00,386.0,394.7305172219182,0.0,828.8344730125416
2018-03-17 01:00:00,391.0,488.3762046415388,54.272248850915446,922.4801604321622
2018-03-17 02:00:00,681.0,941.8499008128686,507.7459450222452,1375.9538566034919
2018-03-17 03:00:00,1167.0,1832.2041838914229,1398.1002281007995,2266.308139682046
2018-03-17 04:00:00,1895.0,2080.09210156949,1645.9881457788665,2514.196057360113
2018-03-17 05:00:00,3095.0,2977.3624721472347,2543.2585163566114,3411.466427937858
2018-03-17 06:00:00,3956.0,3602.480127830183,3168.3761720395596,4036.5840836208063
2018-03-17 07:00:00,4651.0,3955.75830209321,3521.654346302587,4389.862257883833
2018-03-17 08:00:00,5278.0,4591.163995115476,4157.060039324852,5025.267950906099
2018-03-17 09:00:00,5798.0,4927.20720058513,4493.103244794506,5361.311156375753
2018-03-17 10:00:00,5686.0,4959.083683058092,4524.979727267469,5393.187638848715
2018-03-17 11:00:00,5616.0,4990.260492572664,4556.15653678204,5424.364448363287
2018-03-17 12:00:00,5217.0,4900.100744089444,4465.99678829882,5334.204699880067
2018-03-17 13:00:00,4708.0,4874.615817794593,4440.511862003969,5308.719773585216
2018-03-17 14:00:00,4954.0,4704.2653009407695,4270.161345150146,5138.369256731393
2018-03-17 15:00:00,4595.0,4341.107457627227,3907.0035018366034,4775.21141341785
2018-03-17 16:00:00,3918.0,3533.948408655765,3099.8444528651416,3968.0523644463883
2018-03-17 17:00:00,3534.0,3163.104578461354,2729.0006226707305,3597.208534251977
2018-03-17 18:00:00,3351.0,3206.4629432712354,2772.358987480612,3640.5668990618587
2018-03-17 19:00:00,3739.0,3159.4727007578444,2725.368744967221,3593.576656548468
2018-03-17 20:00:00,2596.0,2250.2434718293125,1816.1395160386892,2684.347427619936
2018-03-17 21:00:00,1642.0,1389.7295041854165,955.6255483947932,1823.8334599760399
2018-03-17 22:00:00,1075.0,961.3915858992791,527.2876301086558,1395.4955416899024
2018-03-17 23:00:00,719.0,720.6786520744914,286.5746962838681,1154.7826078651146
2018-03-18 00:00:00,417.0,389.3032842321461,0.0,823.4072400227694
2018-03-18 01:00:00,321.0,365.9060643863856,0.0,800.010020177009
2018-03-18 02:00:00,439.0,570.6763625867036,136.57240679608026,1004.7803183773269
2018-03-18 03:00:00,761.0,1189.3294968685084,755.225541077885,1623.4334526591317
2018-03-18 04:00:00,1020.0,1443.7018520938443,1009.597896303221,1877.8058078844676
2018-03-18 05:00:00,1840.0,1958.7516651939793,1524.647709403356,2392.855620984603
2018-03-18 06:00:00,2776.0,2701.6688695155135,2267.56491372489,3135.772825306137
2018-03-18 07:00:00,3658.0,3235.1218418457624,2801.017886055139,3669.225797636386
2018-03-18 08:00:00,4175.0,3931.0474017932233,3496.9434460026,4365.151357583847
2018-03-18 09:00:00,4575.0,4493.366254270914,4059.262298480291,4927.470210061538
2018-03-18 10:00:00,4713.0,4582.962538826019,4148.858583035396,5017.066494616643
2018-03-18 11:00:00,4783.0,4634.573404784099,4200.469448993475,5068.677360574722
2018-03-18 12:00:00,4797.0,4715.661278176225,4281.557322385602,5149.765233966848
2018-03-18 13:00:00,4727.0,4673.5090929329735,4239.40513714235,5107.613048723597
2018-03-18 14:00:00,4649.0,4502.134247444443,4068.0302916538194,4936.238203235066
2018-03-18 15:00:00,3868.0,4160.170367816284,3726.0664120256606,4594.274323606907
2018-03-18 16:00:00,3174.0,3493.6079904639532,3059.50403467333,3927.7119462545766
2018-03-18 17:00:00,2692.0,3122.8653887044397,2688.7614329138164,3556.969344495063
2018-03-18 18:00:00,2068.0,2728.8589574258353,2294.755001635212,3162.9629132164587
2018-03-18 19:00:00,1560.0,2067.6307202561034,1633.52676446548,2501.7346760467267
2018-03-18 20:00:00,966.0,1232.4496512476242,798.3456954570008,1666.5536070382475
2018-03-18 21:00:00,540.0,518.0891623567738,83.98520656615051,952.1931181473972
2018-03-18 22:00:00,293.0,378.83248447520276,0.0,812.9364402658261
2018-03-18 23:00:00,254.0,279.1969986927303,0.0,713.3009544833536
2018-03-19 00:00:00,348.0,333.3045827530385,0.0,767.4085385436618
2018-03-19 01:00:00,819.0,754.5211952992233,320.4172395086,1188.6251510898467
2018-03-19 02:00:00,2788.0,2743.5351891478817,2309.4312333572584,3177.639144938505
2018-03-19 03:00:00,5370.0,5742.186080434601,5308.082124643977,6176.290036225224
2018-03-19 04:00:00,6710.0,6335.33799459061,5901.234038799987,6769.441950381233
2018-03-19 05:00:00,5983.0,5749.13917077335,5315.035214982727,6183.243126563973
2018-03-19 06:00:00,4958.0,4839.807707861144,4405.703752070521,5273.911663651767
2018-03-19 07:00:00,4320.0,4263.398145093676,3829.294189303053,4697.5021008843
2018-03-19 08:00:00,4551.0,4580.691328980757,4146.587373190134,5014.7952847713805
2018-03-19 09:00:00,4636.0,4762.057632029217,4327.953676238593,5196.16158781984
2018-03-19 10:00:00,4712.0,4865.924849717998,4431.8208939273745,5300.028805508621
2018-03-19 11:00:00,4974.0,5183.445908975094,4749.341953184471,5617.549864765718
2018-03-19 12:00:00,5694.0,5635.41226602812,5201.308310237497,6069.516221818743
2018-03-19 13:00:00,6470.0,6322.643126337463,5888.53917054684,6756.747082128087
2018-03-19 14:00:00,5955.0,5912.963222544377,5478.859266753753,6347.067178335
2018-03-19 15:00:00,4314.0,4369.273594714702,3935.1696389240788,4803.377550505325
2018-03-19 16:00:00,3201.0,3188.2687131110456,2754.1647573204223,3622.372668901669
2018-03-19 17:00:00,2582.0,2652.2139606350443,2218.110004844421,3086.3179164256676
2018-03-19 18:00:00,2628.0,2395.9562836635337,1961.8523278729103,2830.060239454157
2018-03-19 19:00:00,3231.0,1752.9873341841,1318.8833783934767,2187.0912899747236
2018-03-19 20:00:00,1086.0,1155.2005016223593,721.096545831736,1589.3044574129826
2018-03-19 21:00:00,556.0,571.3943807735857,137.29042498296235,1005.498336564209
2018-03-19 22:00:00,337.0,461.987371979227,27.88341618860369,896.0913277698503
2018-03-19 23:00:00,247.0,271.6857578706667,0.0,705.7897136612901
2018-03-20 00:00:00,353.0,362.25517802483,0.0,796.3591338154533
2018-03-20 01:00:00,885.0,813.7612414959054,379.6572857052821,1247.8651972865287
2018-03-20 02:00:00,2867.0,2813.0692678861,2378.9653120954767,3247.1732236767234
2018-03-20 03:00:00,5619.0,5841.4980184877495,5407.394062697126,6275.601974278373
2018-03-20 04:00:00,6426.0,6639.756887648942,6205.652931858319,7073.8608434395655
2018-03-20 05:00:00,5876.0,5990.2033024149605,5556.099346624337,6424.307258205584
2018-03-20 06:00:00,5130.0,5343.175365037419,4909.071409246796,5777.279320828043
2018-03-20 07:00:00,4406.0,4602.855990423201,4168.752034632577,5036.959946213824
2018-03-20 08:00:00,4427.0,4802.940051529876,4368.836095739252,5237.044007320499
2018-03-20 09:00:00,4600.0,5061.183138412089,4627.079182621465,5495.287094202712
2018-03-20 10:00:00,4696.0,5120.048651008867,4685.944695218243,5554.15260679949
2018-03-20 11:00:00,4958.0,5244.945528363448,4810.841572572825,5679.049484154071
2018-03-20 12:00:00,5690.0,5588.150457973065,5154.046502182442,6022.254413763689
2018-03-20 13:00:00,6609.0,6283.861435130538,5849.757479339914,6717.965390921161
2018-03-20 14:00:00,6097.0,5915.719713491602,5481.615757700979,6349.823669282226
2018-03-20 15:00:00,4569.0,4591.150166738764,4157.0462109481405,5025.254122529387
2018-03-20 16:00:00,3098.0,3314.9500418563407,2880.8460860657174,3749.053997646964
2018-03-20 17:00:00,2741.0,2872.122258773073,2438.0183029824498,3306.2262145636964
2018-03-20 18:00:00,2517.0,2729.4771026534077,2295.3731468627843,3163.581058444031
2018-03-20 19:00:00,1621.0,2087.9493990129326,1653.8454432223093,2522.053354803556
2018-03-20 20:00:00,1062.0,1248.5568650047808,814.4529092141574,1682.660820795404
2018-03-20 21:00:00,578.0,648.3422983777813,214.23834258715794,1082.4462541684047
2018-03-20 22:00:00,335.0,402.9014637356215,0.0,837.0054195262449
2018-03-20 23:00:00,261.0,288.79107083686904,0.0,722.8950266274924
2018-03-21 00:00:00,353.0,362.25517802483,0.0,796.3591338154533
2018-03-21 01:00:00,893.0,790.8961460814196,356.79219029079627,1225.000101872043
2018-03-21 02:00:00,2950.0,2770.9935471637427,2336.8895913731194,3205.097502954366
2018-03-21 03:00:00,5538.0,5797.679871992312,5363.575916201688,6231.783827782935
2018-03-21 04:00:00,6840.0,6573.251952482429,6139.147996691806,7007.355908273053
2018-03-21 05:00:00,6218.0,5875.700171128294,5441.59621533767,6309.804126918917
2018-03-21 06:00:00,5356.0,5204.426396656206,4770.322440865582,5638.530352446829
2018-03-21 07:00:00,4551.0,4590.666154878985,4156.562199088362,5024.770110669609
2018-03-21 08:00:00,4807.0,4797.555182457666,4363.451226667043,5231.659138248289
2018-03-21 09:00:00,4993.0,5046.712362356001,4612.608406565378,5480.816318146624
2018-03-21 10:00:00,4879.0,5103.073291618181,4668.969335827558,5537.177247408805
2018-03-21 11:00:00,5173.0,5419.136276914551,4985.032321123927,5853.240232705174
2018-03-21 12:00:00,5863.0,5866.437151487366,5432.333195696742,6300.541107277989
2018-03-21 13:00:00,6790.0,6515.4672866643,6081.363330873677,6949.571242454924
2018-03-21 14:00:00,6310.0,6279.697029339883,5845.593073549259,6713.800985130506
2018-03-21 15:00:00,4591.0,4698.465911118798,4264.361955328175,5132.569866909422
2018-03-21 16:00:00,3493.0,3342.7275272384013,2908.623571447778,3776.8314830290246
2018-03-21 17:00:00,2991.0,2983.132654716335,2549.0286989257115,3417.236610506958
2018-03-21 18:00:00,2592.0,2750.741471395233,2316.6375156046097,3184.8454271858564
2018-03-21 19:00:00,1664.0,2142.285915442392,1708.1819596517685,2576.389871233015
2018-03-21 20:00:00,1093.0,1302.7192063361815,868.6152505455582,1736.8231621268048
2018-03-21 21:00:00,609.0,664.0316706120935,229.9277148214702,1098.1356264027168
2018-03-21 22:00:00,346.0,368.5638875114093,0.0,802.6678433020327
2018-03-21 23:00:00,228.0,286.59619366030097,0.0,720.7001494509243
2018-03-22 00:00:00,330.0,359.8878276529426,0.0,793.991783443566
2018-03-22 01:00:00,868.0,788.6145318898294,354.5105760992061,1222.7184876804527
2018-03-22 02:00:00,2903.0,2735.402098592596,2301.2981428019725,3169.506054383219
2018-03-22 03:00:00,5530.0,5636.178252610553,5202.074296819929,6070.282208401176
2018-03-22 04:00:00,6833.0,6606.200524840198,6172.096569049575,7040.304480630822
2018-03-22 05:00:00,6206.0,5900.657100525846,5466.553144735222,6334.761056316469
2018-03-22 06:00:00,5222.0,5268.33849082327,4834.234535032647,5702.4424466138935
2018-03-22 07:00:00,4573.0,4718.3478975704975,4284.243941779874,5152.451853361121
2018-03-22 08:00:00,5059.0,4962.3006066986845,4528.196650908061,5396.404562489308
2018-03-22 09:00:00,5162.0,5173.119170235501,4739.0152144448775,5607.223126026124
2018-03-22 10:00:00,5165.0,5219.360438719339,4785.256482928716,5653.464394509962
2018-03-22 11:00:00,5386.0,5595.516310957243,5161.41235516662,6029.6202667478665
2018-03-22 12:00:00,5963.0,5914.388285275625,5480.284329485002,6348.492241066248
2018-03-22 13:00:00,6918.0,6536.065259149102,6101.961303358478,6970.169214939725
2018-03-22 14:00:00,6374.0,6289.916989106762,5855.813033316139,6724.020944897386
2018-03-22 15:00:00,4694.0,4750.699735727341,4316.595779936718,5184.803691517965
2018-03-22 16:00:00,3737.0,3529.2080466173443,3095.104090826721,3963.3120024079676
2018-03-22 17:00:00,3510.0,3143.89072884989,2709.7867730592666,3577.9946846405132
2018-03-22 18:00:00,2896.0,3046.01118649349,2611.907230702867,3480.1151422841135
2018-03-22 19:00:00,2298.0,2505.697407935715,2071.5934521450918,2939.8013637263384
2018-03-22 20:00:00,1235.0,1481.7524626894694,1047.648506898846,1915.8564184800928
2018-03-22 21:00:00,645.0,786.0388582652569,351.93490247463353,1220.14281405588
2018-03-22 22:00:00,379.0,458.1238523858152,24.01989659519188,892.2278081764385
2018-03-22 23:00:00,285.0,325.36764515351604,0.0,759.4716009441394
2018-03-23 00:00:00,382.0,373.14547972008955,0.0,807.2494355107128
2018-03-23 01:00:00,800.0,792.9748384239521,358.87088263332873,1227.0787942145753
2018-03-23 02:00:00,2744.0,2751.046868729141,2316.9429129385176,3185.1508245197642
2018-03-23 03:00:00,5245.0,5866.760213258121,5432.656257467498,6300.864169048745
2018-03-23 04:00:00,6407.0,6618.18395364514,6184.0799978545165,7052.287909435763
2018-03-23 05:00:00,5885.0,5853.282719522179,5419.178763731556,6287.386675312802
2018-03-23 06:00:00,5294.0,5250.016572750778,4815.912616960155,5684.120528541402
2018-03-23 07:00:00,4876.0,4871.792118823688,4437.6881630330645,5305.896074614311
2018-03-23 08:00:00,5230.0,5155.949305576845,4721.845349786222,5590.053261367469
2018-03-23 09:00:00,5405.0,5505.8335034465445,5071.729547655921,5939.937459237168
2018-03-23 10:00:00,5369.0,5498.33227728039,5064.228321489767,5932.436233071014
2018-03-23 11:00:00,5525.0,5714.547783087092,5280.443827296469,6148.651738877716
2018-03-23 12:00:00,6042.0,5812.456325631253,5378.35236984063,6246.560281421876
2018-03-23 13:00:00,6712.0,6409.514211099747,5975.410255309123,6843.61816689037
2018-03-23 14:00:00,6248.0,5976.671284072258,5542.567328281634,6410.775239862881
2018-03-23 15:00:00,5041.0,4882.04428399425,4447.940328203626,5316.148239784873
2018-03-23 16:00:00,4067.0,3706.4965240529937,3272.3925682623703,4140.600479843617
2018-03-23 17:00:00,3229.0,3245.5726469921146,2811.4686912014913,3679.676602782738
2018-03-23 18:00:00,2915.0,3138.888902409492,2704.7849466188686,3572.9928582001153
2018-03-23 19:00:00,2928.0,2954.1720722880636,2520.0681164974403,3388.276028078687
2018-03-23 20:00:00,2932.0,2052.8665619711724,1618.762606180549,2486.9705177617957
2018-03-23 21:00:00,1453.0,1239.9218751278918,805.8179193372684,1674.025830918515
2018-03-23 22:00:00,950.0,793.4442594735716,359.3403036829483,1227.5482152641948
2018-03-24 08:00:00,6006.0,4325.212341523766,3891.1083857331423,4759.316297314389
2018-03-24 09:00:00,6470.0,4827.638529246831,4393.534573456208,5261.742485037455
2018-03-24 10:00:00,5148.0,4929.618571912336,4495.514616121713,5363.722527702959
2018-03-24 11:00:00,4994.0,5323.118669251491,4889.014713460868,5757.2226250421145
2018-03-24 12:00:00,5019.0,5312.666019396939,4878.562063606316,5746.7699751875625
2018-03-24 13:00:00,4874.0,5321.798183734566,4887.694227943943,5755.902139525189
2018-03-24 14:00:00,4787.0,5055.44545709526,4621.341501304637,5489.549412885884
2018-03-24 15:00:00,4511.0,4721.3076995081565,4287.203743717533,5155.41165529878
2018-03-24 16:00:00,3788.0,3582.567744861735,3148.4637890711115,4016.671700652358
2018-03-24 17:00:00,3044.0,3213.8950315872617,2779.7910757966383,3647.998987377885
2018-03-24 18:00:00,3602.0,3113.0386414038044,2678.934685613181,3547.1425971944277
2018-03-24 19:00:00,4409.0,2960.0916295803972,2525.987673789774,3394.1955853710206
2018-03-24 20:00:00,2104.0,2096.9295382900727,1662.8255824994494,2531.033494080696
2018-03-24 21:00:00,1324.0,1435.173921827997,1001.0699660373737,1869.2778776186203
2018-03-24 22:00:00,795.0,1147.7482723074716,713.6443165168482,1581.8522280980949
2018-03-24 23:00:00,658.0,657.6352984649525,223.53134267432915,1091.7392542555758
2018-03-25 00:00:00,340.0,398.079078247811,0.0,832.1830340384344
2018-03-25 01:00:00,274.0,424.57911427701174,0.0,858.6830700676351
2018-03-25 02:00:00,440.0,669.7235843782889,235.6196285876656,1103.8275401689123
2018-03-25 03:00:00,771.0,1399.495703539923,965.3917477492996,1833.5996593305463
2018-03-25 04:00:00,1158.0,1611.1472205124207,1177.0432647217974,2045.251176303044
2018-03-25 05:00:00,1847.0,2213.012400370901,1778.9084445802778,2647.1163561615244
2018-03-25 06:00:00,2788.0,2902.3635360449944,2468.259580254371,3336.4674918356177
2018-03-25 07:00:00,3617.0,3617.8760207471696,3183.7720649565463,4051.979976537793
2018-03-25 08:00:00,3939.0,4021.011709483959,3586.9077536933355,4455.115665274582
2018-03-25 09:00:00,4628.0,4470.968249632,4036.864293841377,4905.0722054226235
2018-03-25 10:00:00,4615.0,4520.197490653601,4086.0935348629773,4954.301446444224
2018-03-25 11:00:00,4447.0,4545.6948008818,4111.590845091177,4979.798756672423
2018-03-25 12:00:00,4447.0,4685.065743218377,4250.961787427754,5119.169699009
2018-03-25 13:00:00,4540.0,4568.901621998959,4134.797666208336,5003.005577789582
2018-03-25 14:00:00,4345.0,4417.698825638942,3983.594869848319,4851.802781429566
2018-03-25 15:00:00,3799.0,4023.7103756410415,3589.606419850418,4457.814331431665
2018-03-25 16:00:00,2980.0,3488.500465573607,3054.3965097829837,3922.6044213642303
2018-03-25 17:00:00,2784.0,2983.888829410461,2549.7848736198375,3417.992785201084
2018-03-25 18:00:00,3967.0,2622.1665428066913,2188.062587016068,3056.2704985973146
2018-03-25 19:00:00,1794.0,1839.6016726416399,1405.4977168510165,2273.7056284322634
2018-03-25 20:00:00,984.0,1290.9280284557738,856.8240726651504,1725.031984246397
2018-03-25 21:00:00,518.0,664.7287402030772,230.6247844124539,1098.8326959937006
2018-03-25 22:00:00,325.0,407.423095139045,0.0,841.5270509296683
2018-03-25 23:00:00,248.0,308.10056942107735,0.0,742.2045252117007
2018-03-26 00:00:00,336.0,338.47763647349535,0.0,772.5815922641186
2018-03-26 01:00:00,851.0,812.1253765302511,378.02142073962773,1246.2293323208744
2018-03-26 02:00:00,2625.0,2811.5128876138683,2377.408931823245,3245.6168434044916
2018-03-26 03:00:00,5213.0,5754.249084492364,5320.145128701741,6188.353040282987
2018-03-26 04:00:00,6382.0,6361.323662180938,5927.219706390315,6795.427617971562
2018-03-26 05:00:00,5654.0,5766.589732246353,5332.48577645573,6200.693688036977
2018-03-26 06:00:00,4843.0,4932.419424819927,4498.315469029304,5366.523380610551
2018-03-26 07:00:00,4129.0,4316.852240177241,3882.7482843866173,4750.956195967864
2018-03-26 08:00:00,4370.0,4497.52161688839,4063.4176610977665,4931.625572679013
2018-03-26 09:00:00,4562.0,4824.423621482306,4390.3196656916825,5258.527577272929
2018-03-26 10:00:00,4661.0,4660.114185521125,4226.010229730502,5094.218141311749
2018-03-26 11:00:00,4992.0,5103.505454364444,4669.40149857382,5537.609410155067
2018-03-26 12:00:00,5494.0,5396.462717794682,4962.358762004059,5830.566673585306
2018-03-26 13:00:00,6402.0,6251.666708322757,5817.562752532133,6685.77066411338
2018-03-26 14:00:00,5956.0,5889.854179265928,5455.750223475305,6323.958135056551
2018-03-26 15:00:00,4041.0,4375.341929019842,3941.2379732292184,4809.445884810465
2018-03-26 16:00:00,3000.0,3175.3209176422715,2741.216961851648,3609.424873432895
2018-03-26 17:00:00,2500.0,2603.135973373439,2169.0320175828156,3037.2399291640622
2018-03-26 18:00:00,2012.0,2255.8171374881576,1821.7131816975343,2689.921093278781
2018-03-26 19:00:00,1413.0,1663.3727201009103,1229.268764310287,2097.476675891534
2018-03-26 20:00:00,877.0,1122.0162452167888,687.9122894261654,1556.120201007412
2018-03-26 21:00:00,516.0,474.65091843099316,40.54696264036983,908.7548742216165
2018-03-26 22:00:00,313.0,336.13250767983504,0.0,770.2364634704584
2018-03-26 23:00:00,249.0,258.9868163243324,0.0,693.0907721149557
2018-03-27 00:00:00,344.0,373.0940936706881,0.0,807.1980494613115
2018-03-27 01:00:00,879.0,859.2553631048285,425.15140731420513,1293.359318895452
2018-03-27 02:00:00,2781.0,2743.548171120821,2309.4442153301975,3177.652126911444
2018-03-27 03:00:00,5421.0,5804.089150839048,5369.985195048424,6238.193106629671
2018-03-27 04:00:00,6696.0,6463.929228716281,6029.825272925657,6898.033184506904
2018-03-27 05:00:00,5970.0,5742.9635406025145,5308.859584811891,6177.067496393138
2018-03-27 06:00:00,5088.0,5215.644248763781,4781.540292973158,5649.748204554405
2018-03-27 07:00:00,4388.0,4478.921648276808,4044.8176924861846,4913.025604067431
2018-03-27 08:00:00,4466.0,4655.573382470369,4221.469426679746,5089.677338260993
2018-03-27 09:00:00,5025.0,4870.90532428825,4436.801368497627,5305.009280078873
2018-03-27 10:00:00,4793.0,4937.815806576978,4503.711850786354,5371.919762367601
2018-03-27 11:00:00,5374.0,5167.729097984211,4733.625142193588,5601.833053774834
2018-03-27 12:00:00,5801.0,5812.093237857138,5377.9892820665145,6246.197193647761
2018-03-27 13:00:00,6868.0,6495.140981766447,6061.037025975824,6929.24493755707
2018-03-27 14:00:00,6139.0,6183.016384968613,5748.91242917799,6617.120340759237
2018-03-27 15:00:00,4715.0,4572.961609524563,4138.8576537339395,5007.065565315186
2018-03-27 16:00:00,3441.0,3326.600922788589,2892.4969669979655,3760.704878579212
2018-03-27 17:00:00,2952.0,2879.4507643533434,2445.34680856272,3313.5547201439667
2018-03-27 18:00:00,2415.0,2766.829296553348,2332.7253407627245,3200.933252343971
2018-03-27 19:00:00,2058.0,2085.2648474012694,1651.160891610646,2519.3688031918928
2018-03-27 20:00:00,1060.0,1288.3537789761576,854.2498231855343,1722.457734766781
2018-03-27 21:00:00,600.0,614.6560561957454,180.55210040512202,1048.7600119863687
2018-03-27 22:00:00,380.0,369.5419795562804,0.0,803.6459353469038
2018-03-27 23:00:00,263.0,286.8041222625498,0.0,720.9080780531731
2018-03-28 00:00:00,352.0,370.4104926311818,0.0,804.5144484218051
2018-03-28 01:00:00,859.0,824.8285789908706,390.72462320024727,1258.9325347814938
2018-03-28 02:00:00,2825.0,2794.1857201202097,2360.0817643295863,3228.289675910833
2018-03-28 03:00:00,5355.0,5839.931259457226,5405.827303666602,6274.035215247849
2018-03-28 04:00:00,6650.0,6779.023568192021,6344.919612401398,7213.127523982645
2018-03-28 05:00:00,6014.0,5983.078079929975,5548.974124139351,6417.182035720598
2018-03-28 06:00:00,5082.0,5256.086570783121,4821.9826149924975,5690.190526573744
2018-03-28 07:00:00,4655.0,4685.047486655516,4250.943530864893,5119.151442446139
2018-03-28 08:00:00,4775.0,4883.386255038492,4449.282299247869,5317.490210829115
2018-03-28 09:00:00,5066.0,5076.698945624797,4642.594989834173,5510.80290141542
2018-03-28 10:00:00,5197.0,5195.53453187974,4761.430576089117,5629.638487670363
2018-03-28 11:00:00,5484.0,5457.383377768453,5023.27942197783,5891.487333559076
2018-03-28 12:00:00,5938.0,5824.51875362206,5390.414797831437,6258.622709412683
2018-03-28 13:00:00,6988.0,6513.515458292735,6079.411502502112,6947.619414083359
2018-03-28 14:00:00,6540.0,6172.789048239668,5738.6850924490445,6606.893004030291
2018-03-28 15:00:00,4918.0,4684.996194509434,4250.89223871881,5119.100150300057
2018-03-28 16:00:00,3392.0,3465.555027242804,3031.4510714521807,3899.6589830334274
2018-03-28 17:00:00,3105.0,3004.218533323536,2570.114577532913,3438.3224891141595
2018-03-28 18:00:00,2616.0,2789.7315567181904,2355.627600927567,3223.8355125088137
2018-03-28 19:00:00,1736.0,2051.213241394999,1617.1092856043756,2485.3171971856223
2018-03-28 20:00:00,1132.0,1481.772250041964,1047.6682942513407,1915.8762058325874
2018-03-28 21:00:00,553.0,654.9924642975578,220.8885085069345,1089.0964200881813
2018-03-28 22:00:00,354.0,351.99359309012476,0.0,786.097548880748
2018-03-29 00:00:00,353.0,361.05180786315185,0.0,795.1557636537752
2018-03-29 01:00:00,859.0,810.6567896786389,376.5528338880156,1244.7607454692622
2018-03-29 03:00:00,5405.0,5923.073721915529,5488.969766124906,6357.177677706152
2018-03-29 04:00:00,6460.0,6648.1358001088565,6214.031844318233,7082.23975589948
2018-03-29 05:00:00,6002.0,6079.086714167862,5644.9827583772385,6513.190669958485
2018-03-29 06:00:00,4995.0,5441.754305816725,5007.6503500261015,5875.858261607348
2018-03-29 07:00:00,4579.0,4847.4650244911845,4413.361068700561,5281.568980281808
2018-03-29 08:00:00,5058.0,5230.574743920864,4796.470788130241,5664.678699711488
2018-03-29 09:00:00,5252.0,5288.3176202428385,4854.213664452215,5722.421576033462
2018-03-29 10:00:00,5338.0,5268.240786646581,4834.136830855958,5702.344742437204
2018-03-29 11:00:00,5562.0,5676.342078534194,5242.238122743571,6110.446034324817
2018-03-29 12:00:00,6040.0,5966.079417693123,5531.9754619025,6400.183373483746
2018-03-29 13:00:00,6573.0,6556.24438575289,6122.140429962266,6990.348341543513
2018-03-29 14:00:00,6034.0,6162.9141311960775,5728.810175405454,6597.018086986701
2018-03-29 15:00:00,5050.0,4826.521405739135,4392.417449948512,5260.625361529758
2018-03-29 16:00:00,3656.0,3624.312172449787,3190.2082166591636,4058.41612824041
2018-03-29 17:00:00,3373.0,3174.7332028795913,2740.629247088968,3608.8371586702146
2018-03-29 18:00:00,3584.0,3168.815515096584,2734.7115593059607,3602.9194708872074
2018-03-29 19:00:00,3691.0,2531.6988904182826,2097.5949346276593,2965.802846208906
2018-03-29 20:00:00,1484.0,1514.549958720253,1080.4460029296297,1948.6539145108763
2018-03-29 21:00:00,817.0,795.1751170121788,361.0711612215555,1229.2790728028021
2018-03-29 22:00:00,413.0,602.1377865897877,168.03383079916432,1036.2417423804109
2018-03-29 23:00:00,329.0,391.9126726766165,0.0,826.0166284672398
2018-03-30 00:00:00,359.0,426.3096478781599,0.0,860.4136036687833
2018-03-30 01:00:00,749.0,809.3704264295816,375.26647063895825,1243.474382220205
2018-03-30 02:00:00,2367.0,2842.325906186143,2408.22195039552,3276.4298619767665
2018-03-30 03:00:00,4463.0,5619.224938065442,5185.120982274819,6053.328893856065
2018-03-30 04:00:00,5449.0,6441.517144064926,6007.413188274302,6875.621099855549
2018-03-30 05:00:00,5227.0,5795.558697311131,5361.454741520508,6229.662653101755
2018-03-30 06:00:00,4964.0,5106.622920811953,4672.51896502133,5540.726876602576
2018-03-30 07:00:00,4892.0,4877.837462452402,4443.733506661779,5311.9414182430255
2018-03-30 08:00:00,5350.0,5083.358108493984,4649.254152703361,5517.462064284608
2018-03-30 09:00:00,5783.0,5466.224857040683,5032.120901250059,5900.328812831306
2018-03-30 10:00:00,5589.0,5532.217550212652,5098.113594422029,5966.321506003275
2018-03-30 11:00:00,5713.0,5745.969263362553,5311.865307571929,6180.073219153176
2018-03-30 12:00:00,5936.0,5809.460207979265,5375.3562521886415,6243.564163769888
2018-03-30 13:00:00,6137.0,6096.291971997584,5662.188016206961,6530.395927788208
2018-03-30 14:00:00,5289.0,5617.856524697199,5183.752568906576,6051.960480487823
2018-03-30 15:00:00,4573.0,4848.022731014815,4413.918775224191,5282.126686805438
2018-03-30 16:00:00,3604.0,3715.4666491948383,3281.362693404215,4149.570604985462
2018-03-30 17:00:00,3233.0,3121.0719876335424,2686.968031842919,3555.175943424166
2018-03-30 18:00:00,3024.0,2975.0291553519805,2540.925199561357,3409.133111142604
2018-03-30 19:00:00,2358.0,2675.7153295590206,2241.6113737683972,3109.819285349644
2018-03-30 20:00:00,1685.0,2047.010125252133,1612.9061694615098,2481.1140810427564
2018-03-30 21:00:00,963.0,1251.4451957238866,817.3412399332633,1685.54915151451
2018-03-30 22:00:00,580.0,691.6342621775841,257.5303063869608,1125.7382179682074
2018-03-30 23:00:00,485.0,549.2578754146206,115.15391962399724,983.3618312052439
2018-03-31 00:00:00,386.0,356.82013959172946,0.0,790.9240953823528
2018-03-31 01:00:00,352.0,448.4441632131633,14.340207422539947,882.5481190037866
2018-03-31 02:00:00,588.0,1018.5880504824112,584.4840946917878,1452.6920062730346
2018-03-31 03:00:00,1045.0,1526.6944798628192,1092.5905240721959,1960.7984356534425
2018-03-31 04:00:00,1556.0,1792.7537640346366,1358.6498082440132,2226.8577198252597
2018-03-31 05:00:00,2289.0,2335.4333739360163,1901.329418145393,2769.5373297266397
2018-03-31 06:00:00,3092.0,3290.0196258859864,2855.915670095363,3724.12358167661
2018-03-31 07:00:00,3629.0,3864.508487755691,3430.4045319650677,4298.612443546314
2018-03-31 08:00:00,4051.0,4230.796728115079,3796.6927723244553,4664.900683905702
2018-03-31 09:00:00,4348.0,4608.991656022551,4174.887700231928,5043.095611813174
2018-03-31 10:00:00,4337.0,4487.8763976821065,4053.772441891483,4921.98035347273
2018-03-31 11:00:00,4548.0,4568.546937985862,4134.442982195239,5002.650893776486
2018-03-31 12:00:00,4400.0,4409.81858788557,3975.714632094947,4843.9225436761935
2018-03-31 13:00:00,4222.0,4346.893861556281,3912.7899057656577,4780.997817346904
2018-03-31 14:00:00,4155.0,4285.391511615869,3851.2875558252454,4719.495467406492
2018-03-31 15:00:00,3993.0,3798.044433098023,3363.9404773073998,4232.148388888647
2018-03-31 16:00:00,3333.0,3080.4312356945957,2646.3272799039723,3514.535191485219
2018-03-31 17:00:00,2910.0,2837.1263748358233,2403.0224190452,3271.2303306264466
2018-03-31 18:00:00,2761.0,3004.455793772669,2570.3518379820457,3438.5597495632924
2018-03-31 19:00:00,2695.0,2921.525516116296,2487.4215603256725,3355.629471906919
2018-03-31 20:00:00,1771.0,2268.246103033416,1834.1421472427928,2702.3500588240395
2018-03-31 21:00:00,1128.0,1333.3934813775475,899.2895255869241,1767.4974371681708
2018-03-31 22:00:00,652.0,878.5042865424488,444.40033075182544,1312.6082423330722
2018-03-31 23:00:00,520.0,551.5567207671202,117.45276497649684,985.6606765577435
2018-04-01 00:00:00,313.0,348.1061789563153,0.0,782.2101347469386
2018-04-01 01:00:00,249.0,377.16903382469167,0.0,811.272989615315
2018-04-01 02:00:00,426.0,578.1474276565868,144.0434718659635,1012.2513834472102
2018-04-01 03:00:00,751.0,831.1788036341246,397.0748478435013,1265.2827594247478
2018-04-01 04:00:00,978.0,1093.5933030119306,659.4893472213073,1527.697258802554
2018-04-01 05:00:00,1718.0,1555.288481698377,1121.1845259077536,1989.3924374890003
2018-04-01 06:00:00,2444.0,2521.9956967470916,2087.8917409564683,2956.099652537715
2018-04-01 07:00:00,3306.0,3075.0758691742703,2640.971913383647,3509.1798249648937
2018-04-01 08:00:00,3641.0,3626.890460814033,3192.7865050234095,4060.994416604656
2018-04-01 09:00:00,3964.0,3741.411251832155,3307.3072960415316,4175.515207622779
2018-04-01 10:00:00,4043.0,4013.8071188596405,3579.703163069017,4447.911074650264
2018-04-01 11:00:00,3996.0,4037.6498358624754,3603.545880071852,4471.753791653098
2018-04-01 12:00:00,4102.0,4161.947826969545,3727.8438711789213,4596.051782760168
2018-04-01 13:00:00,4679.0,4160.114565325501,3726.0106095348774,4594.218521116124
2018-04-01 14:00:00,4569.0,3836.139371596567,3402.0354158059436,4270.24332738719
2018-04-01 15:00:00,4424.0,3583.6517629169803,3149.547807126357,4017.7557187076036
2018-04-01 16:00:00,3892.0,3360.7540778372427,2926.6501220466193,3794.858033627866
2018-04-01 17:00:00,3320.0,2904.8198761102008,2470.7159203195774,3338.923831900824
2018-04-01 18:00:00,2545.0,2741.439629036418,2307.3356732457946,3175.5435848270413
2018-04-01 19:00:00,1682.0,2168.5187204596464,1734.414764669023,2602.6226762502697
2018-04-01 20:00:00,952.0,1304.9558398183483,870.851884027725,1739.0597956089716
2018-04-01 21:00:00,543.0,803.4340438951442,369.3300881045209,1237.5379996857675
2018-04-01 22:00:00,311.0,382.8857549245443,0.0,816.9897107151676
2018-04-01 23:00:00,246.0,287.2366369204694,0.0,721.3405927110928
2018-04-02 00:00:00,352.0,339.6192642776372,0.0,773.7232200682606
2018-04-02 01:00:00,807.0,772.7885669033608,338.68461111273746,1206.8925226939841
2018-04-02 02:00:00,2683.0,2688.23031354555,2254.1263577549266,3122.3342693361733
2018-04-02 03:00:00,5147.0,5685.883804806154,5251.779849015531,6119.987760596778
2018-04-02 04:00:00,6148.0,6260.637327734645,5826.533371944021,6694.741283525268
2018-04-02 05:00:00,5557.0,5691.440137347643,5257.33618155702,6125.544093138266
2018-04-02 06:00:00,4776.0,4829.517144201424,4395.413188410801,5263.621099992048
2018-04-02 07:00:00,4397.0,4298.377332469262,3864.2733766786387,4732.481288259885
2018-04-02 08:00:00,4509.0,4406.989115396002,3972.8851596053782,4841.093071186625
2018-04-02 09:00:00,4947.0,4680.520384195199,4246.4164284045755,5114.624339985822
2018-04-02 10:00:00,4895.0,4773.840220285917,4339.736264495294,5207.94417607654
2018-04-02 11:00:00,4750.0,5052.377617685751,4618.273661895128,5486.481573476374
2018-04-02 12:00:00,4949.0,5604.963856631879,5170.859900841256,6039.067812422502
2018-04-02 13:00:00,6000.0,6355.681577462755,5921.5776216721315,6789.785533253378
2018-04-02 14:00:00,5301.0,5868.9979402787785,5434.893984488155,6303.101896069402
2018-04-02 15:00:00,3893.0,4224.48764415138,3790.3836883607564,4658.591599942003
2018-04-02 16:00:00,2521.0,3064.4998954828593,2630.395939692236,3498.6038512734826
2018-04-02 17:00:00,2159.0,2541.9058245015435,2107.80186871092,2976.009780292167
2018-04-02 18:00:00,2702.0,2285.3276794631397,1851.2237236725164,2719.431635253763
2018-04-02 19:00:00,2359.0,1414.5500386777346,980.4460828871113,1848.653994468358
2018-04-02 20:00:00,1040.0,1009.7521306073957,575.6481748167723,1443.856086398019
2018-04-02 21:00:00,552.0,644.0579151210782,209.95395933045484,1078.1618709117015
2018-04-02 22:00:00,346.0,446.5694664560073,12.465510665383988,880.6734222466307
2018-04-02 23:00:00,277.0,303.2996761177318,0.0,737.4036319083551
2018-04-03 00:00:00,329.0,351.54030732552275,0.0,785.644263116146
2018-04-03 01:00:00,836.0,858.8084198184113,424.70446402778794,1292.9123756090346
2018-04-03 02:00:00,2555.0,2722.307054414179,2288.203098623556,3156.4110102048026
2018-04-03 03:00:00,4311.0,5579.493914671635,5145.389958881012,6013.5978704622585
2018-04-03 04:00:00,4096.0,6406.705653115658,5972.601697325034,6840.809608906281
2018-04-03 05:00:00,4790.0,5719.255166392283,5285.15121060166,6153.3591221829065
2018-04-03 06:00:00,3893.0,4440.259220926778,4006.1552651361544,4874.363176717401
2018-04-03 07:00:00,3403.0,3944.941980304347,3510.8380245137237,4379.04593609497
2018-04-03 08:00:00,3587.0,4385.540037023163,3951.4360812325394,4819.643992813786
2018-04-03 09:00:00,3822.0,4202.42827499911,3768.3243192084865,4636.532230789733
2018-04-03 10:00:00,3917.0,4109.906430758009,3675.802474967386,4544.010386548633
2018-04-03 11:00:00,4058.0,4419.199409869751,3985.095454079128,4853.303365660375
2018-04-03 12:00:00,4689.0,4776.178067603806,4342.074111813183,5210.282023394429
2018-04-03 13:00:00,4930.0,5177.250637860595,4743.146682069972,5611.354593651218
2018-04-03 14:00:00,4207.0,4880.394826622286,4446.290870831663,5314.498782412909
2018-04-03 15:00:00,2887.0,4025.9381311216,3591.8341753309764,4460.042086912223
2018-04-03 16:00:00,1834.0,2961.4712250137954,2527.367269223172,3395.575180804419
2018-04-03 17:00:00,1703.0,2386.582265769187,1952.4783099785636,2820.6862215598103
2018-04-03 18:00:00,1450.0,2191.9148138550117,1757.8108580643884,2626.018769645635
2018-04-03 19:00:00,1511.0,1454.545255285655,1020.4412994950317,1888.6492110762783
2018-04-03 20:00:00,1271.0,1061.7108872155584,627.606931424935,1495.8148430061817
2018-04-03 21:00:00,501.0,505.8396983750948,71.7357425844715,939.9436541657182
2018-04-03 22:00:00,327.0,366.23137861264047,0.0,800.3353344032638
2018-04-03 23:00:00,259.0,311.84132676785106,0.0,745.9452825584744
2018-04-04 00:00:00,337.0,406.95060944088215,0.0,841.0545652315054
2018-04-04 01:00:00,821.0,892.4539423755593,458.349986584936,1326.5578981661827
2018-04-04 02:00:00,2580.0,1906.631750382382,1472.5277945917587,2340.7357061730054
2018-04-04 03:00:00,4551.0,5104.046309464371,4669.942353673748,5538.150265254994
2018-04-04 04:00:00,4979.0,5934.34527764844,5500.241321857817,6368.449233439063
2018-04-04 05:00:00,4778.0,5640.341877031274,5206.23792124065,6074.445832821897
2018-04-04 06:00:00,5252.0,4424.095404859916,3989.9914490692927,4858.199360650539
2018-04-04 07:00:00,4717.0,4086.6540688115533,3652.55011302093,4520.758024602177
2018-04-04 08:00:00,4590.0,4237.062528012316,3802.9585722216925,4671.166483802939
2018-04-04 09:00:00,4749.0,4593.775300682933,4159.67134489231,5027.879256473557
2018-04-04 10:00:00,4793.0,4716.6952692403565,4282.591313449733,5150.79922503098
2018-04-04 11:00:00,4903.0,4947.260632357423,4513.156676566799,5381.364588148046
2018-04-04 12:00:00,5491.0,5594.219600633874,5160.11564484325,6028.323556424497
2018-04-04 13:00:00,6500.0,6085.2574339523135,5651.15347816169,6519.361389742937
2018-04-04 14:00:00,5898.0,5703.422266599155,5269.318310808531,6137.526222389778
2018-04-04 15:00:00,4539.0,4305.311710888325,3871.207755097702,4739.415666678949
2018-04-04 16:00:00,3400.0,3304.309013542241,2870.2050577516175,3738.412969332864
2018-04-04 17:00:00,3022.0,2676.2006092972874,2242.096653506664,3110.3045650879108
2018-04-04 18:00:00,2444.0,2673.6614637602847,2239.5575079696614,3107.765419550908
2018-04-04 19:00:00,1885.0,2114.3696365820597,1680.2656807914364,2548.473592372683
2018-04-04 20:00:00,1097.0,1295.9378880728868,861.8339322822635,1730.0418438635102
2018-04-04 21:00:00,640.0,623.5169300099012,189.41297421927788,1057.6208858005245
2018-04-04 22:00:00,384.0,357.00057821333854,0.0,791.1045340039618
2018-04-04 23:00:00,280.0,294.27882642826046,0.0,728.3827822188838
2018-04-05 00:00:00,352.0,366.09742319640515,0.0,800.2013789870284
2018-04-05 01:00:00,910.0,797.9742585729228,363.8703027822995,1232.078214363546
2018-04-05 02:00:00,2815.0,2725.465378331757,2291.361422541134,3159.5693341223805
2018-04-05 03:00:00,5560.0,5503.9328972742205,5069.828941483597,5938.036853064844
2018-04-05 04:00:00,6297.0,6502.087844173013,6067.9838883823895,6936.191799963636
2018-04-05 05:00:00,5887.0,5688.91720891867,5254.813253128047,6123.021164709294
2018-04-05 06:00:00,5389.0,5005.45638138668,4571.3524255960565,5439.560337177303
2018-04-05 07:00:00,4663.0,4506.904694741637,4072.800738951014,4941.008650532261
2018-04-05 08:00:00,5078.0,4914.6885949662565,4480.584639175633,5348.79255075688
2018-04-05 09:00:00,5535.0,5048.181770824927,4614.077815034304,5482.285726615551
2018-04-05 10:00:00,5492.0,5114.468670293011,4680.364714502388,5548.5726260836345
2018-04-05 11:00:00,5535.0,5488.798326092279,5054.694370301656,5922.902281882903
2018-04-05 12:00:00,5705.0,5929.174821140216,5495.070865349593,6363.27877693084
2018-04-05 13:00:00,6642.0,6561.148698527656,6127.044742737033,6995.252654318279
2018-04-05 14:00:00,6476.0,6083.944149433398,5649.8401936427745,6518.048105224021
2018-04-05 15:00:00,4992.0,4706.701090640716,4272.5971348500925,5140.805046431339
2018-04-05 16:00:00,3322.0,3462.19368224884,3028.089726458217,3896.2976380394634
2018-04-05 17:00:00,3288.0,3073.820990225446,2639.717034434823,3507.9249460160695
2018-04-05 18:00:00,2888.0,3016.942156504963,2582.8382007143396,3451.046112295586
2018-04-05 19:00:00,2422.0,2378.362418741587,1944.2584629509638,2812.4663745322105
2018-04-05 20:00:00,2390.0,1476.4599194891985,1042.3559636985751,1910.5638752798218
2018-04-05 21:00:00,932.0,760.581876459198,326.4779206685747,1194.6858322498215
2018-04-05 22:00:00,514.0,526.4211259044945,92.31717011387116,960.5250816951178
2018-04-05 23:00:00,312.0,504.0649445885568,69.96098879793345,938.1689003791801
2018-04-06 00:00:00,363.0,411.6880047813971,0.0,845.7919605720205
2018-04-06 01:00:00,879.0,713.4799577037494,279.37600191312606,1147.5839134943726
2018-04-06 02:00:00,2687.0,1905.731732593857,1471.6277768032337,2339.8356883844804
2018-04-06 03:00:00,5211.0,4721.978916463324,4287.874960672701,5156.082872253947
2018-04-06 04:00:00,6253.0,6413.465019539239,5979.361063748615,6847.568975329862
2018-04-06 05:00:00,5738.0,6053.548481763382,5619.444525972759,6487.652437554006
2018-04-06 06:00:00,5067.0,5198.467595438311,4764.363639647688,5632.571551228934
2018-04-06 07:00:00,4748.0,4830.626302073579,4396.522346282955,5264.730257864202
2018-04-06 08:00:00,5022.0,5096.474617326815,4662.370661536192,5530.578573117438
2018-04-06 09:00:00,5409.0,5458.738412914552,5024.634457123929,5892.842368705175
2018-04-06 10:00:00,5298.0,5355.320009840437,4921.2160540498135,5789.42396563106
2018-04-06 11:00:00,5363.0,5652.64659570282,5218.542639912197,6086.750551493444
2018-04-06 12:00:00,5786.0,5712.785372010179,5278.681416219556,6146.889327800803
2018-04-06 13:00:00,6525.0,6319.889333193838,5885.785377403215,6753.993288984461
2018-04-06 14:00:00,5735.0,5932.237850509148,5498.133894718525,6366.341806299772
2018-04-06 15:00:00,4863.0,4718.218067485531,4284.1141116949075,5152.322023276154
2018-04-06 16:00:00,3923.0,3640.8979329592066,3206.7939771685833,4075.00188874983
2018-04-06 17:00:00,3193.0,3063.25179532586,2629.1478395352365,3497.355751116483
2018-04-06 18:00:00,3031.0,3060.4024466905175,2626.298490899894,3494.506402481141
2018-04-06 19:00:00,2992.0,2875.394864951833,2441.2909091612096,3309.4988207424562
2018-04-06 20:00:00,2205.0,2037.2973413339814,1603.193385543358,2471.4012971246048
2018-04-06 21:00:00,1196.0,1244.8528589058146,810.7489031151913,1678.956814696438
2018-04-06 22:00:00,657.0,789.6228195463691,355.51886375574577,1223.7267753369924
2018-04-06 23:00:00,496.0,597.8728511518968,163.7688953612735,1031.9768069425202
2018-04-07 00:00:00,381.0,377.7588426023384,0.0,811.8627983929617
2018-04-07 01:00:00,342.0,437.68343510948483,3.5794793188615017,871.7873909001082
2018-04-07 02:00:00,643.0,807.2726356455616,373.1686798549383,1241.376591436185
2018-04-07 03:00:00,1221.0,1574.9328298494418,1140.8288740588184,2009.036785640065
2018-04-07 04:00:00,1995.0,1804.758482534565,1370.6545267439417,2238.862438325188
2018-04-07 05:00:00,3074.0,2722.319379110446,2288.2154233198225,3156.423334901069
2018-04-07 06:00:00,3960.0,3632.562815480141,3198.458859689518,4066.6667712707645
2018-04-07 07:00:00,4304.0,4103.3055115922425,3669.201555801619,4537.409467382866
2018-04-07 08:00:00,4771.0,4541.054601919021,4106.950646128397,4975.158557709644
2018-04-07 09:00:00,5298.0,4871.889288661155,4437.785332870531,5305.993244451778
2018-04-07 10:00:00,5126.0,4801.732248779531,4367.628292988908,5235.836204570154
2018-04-07 11:00:00,5237.0,4851.373839908803,4417.26988411818,5285.477795699427
2018-04-07 12:00:00,4908.0,4829.724282391643,4395.62032660102,5263.828238182266
2018-04-07 13:00:00,5118.0,4826.550418007671,4392.446462217048,5260.654373798295
2018-04-07 14:00:00,5441.0,4713.09228916543,4278.988333374807,5147.196244956053
2018-04-07 15:00:00,5019.0,4261.595520306701,3827.4915645160772,4695.699476097324
2018-04-07 16:00:00,3699.0,3458.2429405666817,3024.1389847760584,3892.346896357305
2018-04-07 17:00:00,3079.0,3077.10071051734,2642.9967547267165,3511.204666307963
2018-04-07 18:00:00,4104.0,3235.261063510329,2801.157107719706,3669.3650193009526
2018-04-07 19:00:00,4107.0,3284.46782208009,2850.363866289467,3718.5717778707135
2018-04-07 20:00:00,2740.0,2251.227851598556,1817.1238958079325,2685.331807389179
2018-04-07 21:00:00,1578.0,1432.8539776822788,998.7500218916555,1866.9579334729021
2018-04-07 22:00:00,844.0,896.6758474653484,462.57189167472507,1330.7798032559717
2018-04-07 23:00:00,649.0,801.3695807704723,367.265624979849,1235.4735365610957
2018-04-08 00:00:00,401.0,384.37782726667706,0.0,818.4817830573004
2018-04-08 01:00:00,295.0,378.0566657797577,0.0,812.160621570381
2018-04-08 02:00:00,441.0,518.4548734209416,84.35091763031824,952.5588292115649
2018-04-08 03:00:00,976.0,1034.8354340398275,600.7314782492042,1468.9393898304509
2018-04-08 04:00:00,1357.0,1126.430174820566,692.3262190299426,1560.5341306111893
2018-04-08 05:00:00,1910.0,1694.418752442961,1260.3147966523377,2128.522708233584
2018-04-08 06:00:00,2736.0,2891.5794106805006,2457.4754548898773,3325.683366471124
2018-04-08 07:00:00,3401.0,3628.22537825553,3194.1214224649066,4062.3293340461532
2018-04-08 08:00:00,3961.0,3879.655369201425,3445.5514134108016,4313.759324992048
2018-04-08 09:00:00,4483.0,4414.9242011052975,3980.820245314674,4849.028156895921
2018-04-08 10:00:00,4423.0,4431.839257114614,3997.735301323991,4865.9432129052375
2018-04-08 11:00:00,4272.0,4521.27006282592,4087.1661070352966,4955.374018616543
2018-04-08 12:00:00,4083.0,4548.477323258071,4114.373367467448,4982.581279048694
2018-04-08 13:00:00,4389.0,4517.436452527587,4083.3324967369635,4951.54040831821
2018-04-08 14:00:00,3687.0,4201.545135473156,3767.4411796825325,4635.649091263779
2018-04-08 15:00:00,3224.0,3831.4026599449544,3397.298704154331,4265.506615735578
2018-04-08 16:00:00,2455.0,3268.9715702846743,2834.867614494051,3703.0755260752976
2018-04-08 17:00:00,2145.0,2463.570299131938,2029.4663433413148,2897.6742549225614
2018-04-08 18:00:00,1799.0,2422.829459930068,1988.7255041394446,2856.9334157206913
2018-04-08 19:00:00,1425.0,1617.2911859149272,1183.1872301243038,2051.3951417055505
2018-04-08 20:00:00,992.0,1120.530229732858,686.4262739422347,1554.6341855234814
2018-04-08 21:00:00,427.0,503.067882735099,68.96392694447565,937.1718385257223
2018-04-08 22:00:00,315.0,354.9227877713525,0.0,789.0267435619758
2018-04-08 23:00:00,251.0,308.4821597234747,0.0,742.5861155140981
2018-04-09 00:00:00,339.0,456.94229816807353,22.838342377450203,891.0462539586969
2018-04-09 01:00:00,869.0,974.4625673651155,540.3586115744922,1408.5665231557389
2018-04-09 02:00:00,2704.0,2911.2743814399796,2477.1704256493563,3345.378337230603
2018-04-09 03:00:00,5192.0,5583.246984029118,5149.1430282384945,6017.350939819741
2018-04-09 04:00:00,6110.0,6015.795581464332,5581.691625673709,6449.899537254955
2018-04-09 05:00:00,5824.0,5263.297417452851,4829.1934616622275,5697.401373243474
2018-04-09 06:00:00,4933.0,4621.191244510395,4187.087288719772,5055.295200301019
2018-04-09 07:00:00,4149.0,4192.693932532084,3758.5899767414603,4626.797888322707
2018-04-09 08:00:00,4276.0,4413.670624232205,3979.566668441582,4847.774580022829
2018-04-09 09:00:00,4516.0,4653.733103137347,4219.629147346724,5087.83705892797
2018-04-09 10:00:00,4633.0,4664.055263263088,4229.951307472465,5098.159219053711
2018-04-09 11:00:00,5093.0,4851.920121920381,4417.816166129757,5286.024077711004
2018-04-09 12:00:00,5769.0,5411.368062713303,4977.264106922679,5845.472018503926
2018-04-09 13:00:00,6719.0,6221.683704956617,5787.579749165993,6655.78766074724
2018-04-09 14:00:00,6244.0,5844.786985972115,5410.683030181492,6278.890941762738
2018-04-09 15:00:00,4640.0,4212.888455585547,3778.7844997949232,4646.99241137617
2018-04-09 16:00:00,3073.0,3110.157992689472,2676.0540368988486,3544.2619484800953
2018-04-09 17:00:00,2635.0,2730.8142260836894,2296.710270293066,3164.9181818743127
2018-04-09 18:00:00,2048.0,2601.020383126045,2166.9164273354218,3035.1243389166684
2018-04-09 19:00:00,1521.0,1877.3369444277494,1443.232988637126,2311.440900218373
2018-04-09 20:00:00,983.0,1115.8584559558058,681.7545001651824,1549.962411746429
2018-04-09 21:00:00,530.0,486.4739214251295,52.36996563450617,920.5778772157528
2018-04-09 22:00:00,333.0,337.08102853399487,0.0,771.1849843246182
2018-04-09 23:00:00,235.0,291.4307708114703,0.0,725.5347266020937
2018-04-10 00:00:00,358.0,361.6084421761919,0.0,795.7123979668152
2018-04-10 01:00:00,905.0,848.689440867523,414.58548507689966,1282.7933966581463
2018-04-10 02:00:00,2902.0,2748.248218999434,2314.1442632088106,3182.3521747900572
2018-04-10 03:00:00,5806.0,5552.406595532564,5118.302639741941,5986.510551323187
2018-04-10 04:00:00,6708.0,6541.173436962377,6107.069481171754,6975.277392753001
2018-04-10 05:00:00,6190.0,5919.519019786118,5485.415063995495,6353.622975576742
2018-04-10 06:00:00,5221.0,5075.618082745739,4641.514126955116,5509.722038536363
2018-04-10 07:00:00,4436.0,4411.857597629885,3977.753641839262,4845.961553420509
2018-04-10 08:00:00,4714.0,4708.041728493906,4273.9377727032825,5142.145684284529
2018-04-10 09:00:00,4850.0,5008.029218148468,4573.925262357845,5442.133173939092
2018-04-10 10:00:00,5099.0,5017.09227609066,4582.988320300036,5451.196231881283
2018-04-10 11:00:00,5315.0,5271.845303272433,4837.7413474818095,5705.949259063056
2018-04-10 12:00:00,5784.0,5834.272580925368,5400.168625134745,6268.376536715991
2018-04-10 13:00:00,7013.0,6565.760351152576,6131.6563953619525,6999.864306943199
2018-04-10 14:00:00,6304.0,6315.284051991695,5881.180096201072,6749.388007782319
2018-04-10 15:00:00,4606.0,4554.359260861163,4120.25530507054,4988.463216651787
2018-04-10 16:00:00,3190.0,3290.8681345644745,2856.764178773851,3724.972090355098
2018-04-10 17:00:00,2829.0,2891.101865971128,2456.9979101805047,3325.2058217617514
2018-04-10 18:00:00,2337.0,2726.4433660428836,2292.33941025226,3160.547321833507
2018-04-10 19:00:00,1738.0,2002.3871251430764,1568.2831693524531,2436.4910809337
2018-04-10 20:00:00,1007.0,1222.548810593354,788.4448548027306,1656.6527663839772
2018-04-10 21:00:00,562.0,548.2851161282495,114.18116033762612,982.3890719188728
2018-04-10 22:00:00,344.0,354.2118950960059,0.0,788.3158508866293
2018-04-10 23:00:00,259.0,291.4374508819752,0.0,725.5414066725986
2018-04-11 00:00:00,374.0,368.043372452007,0.0,802.1473282426304
2018-04-11 01:00:00,886.0,853.7728221543125,419.6688663636892,1287.8767779449358
2018-04-11 02:00:00,2843.0,2716.659395426552,2282.5554396359285,3150.763351217175
2018-04-11 03:00:00,5670.0,5770.088870495313,5335.98491470469,6204.1928262859365
2018-04-11 04:00:00,6495.0,6752.678063026937,6318.5741072363135,7186.78201881756
2018-04-11 05:00:00,5887.0,5903.560418884193,5469.456463093569,6337.664374674816
2018-04-11 06:00:00,5581.0,5184.88742453216,4750.783468741537,5618.991380322784
2018-04-11 07:00:00,4791.0,4611.170329218843,4177.06637342822,5045.274285009466
2018-04-11 08:00:00,5123.0,4889.111935603587,4455.007979812964,5323.21589139421
2018-04-11 09:00:00,4964.0,5112.371760836491,4678.267805045868,5546.475716627115
2018-04-11 10:00:00,4982.0,5212.2888140218265,4778.184858231203,5646.39276981245
2018-04-11 11:00:00,5169.0,5549.082912196318,5114.978956405695,5983.186867986941
2018-04-11 12:00:00,5768.0,5817.220298754845,5383.116342964222,6251.324254545469
2018-04-11 13:00:00,6988.0,6532.65501174472,6098.551055954096,6966.758967535343
2018-04-11 14:00:00,6744.0,6101.72826692148,5667.624311130857,6535.832222712103
2018-04-11 15:00:00,4955.0,4831.490289836854,4397.38633404623,5265.594245627477
2018-04-11 16:00:00,3308.0,3398.7794509637592,2964.675495173136,3832.8834067543826
2018-04-11 17:00:00,2804.0,3016.3840395477723,2582.280083757149,3450.4879953383956
2018-04-11 18:00:00,2418.0,2783.8342293889823,2349.730273598359,3217.9381851796056
2018-04-11 19:00:00,1603.0,1976.0324355834243,1541.928479792801,2410.136391374048
2018-04-11 20:00:00,1099.0,1372.2135876344464,938.1096318438231,1806.3175434250697
2018-04-11 21:00:00,531.0,595.2299663274637,161.12601053684034,1029.333922118087
2018-04-11 22:00:00,310.0,349.417207186747,0.0,783.5211629773703
2018-04-11 23:00:00,291.0,288.76584908018185,0.0,722.8698048708052
2018-04-12 00:00:00,331.0,360.0124777788347,0.0,794.116433569458
2018-04-12 01:00:00,949.0,796.6887411331677,362.58478534254436,1230.792696923791
2018-04-12 02:00:00,2857.0,2762.1511799387895,2328.047224148166,3196.255135729413
2018-04-12 03:00:00,5772.0,5737.751384663081,5303.647428872458,6171.855340453704
2018-04-12 04:00:00,6475.0,6754.566868468658,6320.462912678035,7188.670824259281
2018-04-12 05:00:00,6198.0,6247.030177753288,5812.926221962664,6681.134133543911
2018-04-12 06:00:00,5391.0,5331.784998025245,4897.681042234622,5765.888953815868
2018-04-12 07:00:00,4743.0,4734.597433859372,4300.493478068749,5168.701389649996
2018-04-12 08:00:00,4982.0,4973.362294609477,4539.258338818854,5407.466250400101
2018-04-12 09:00:00,5317.0,5174.794693380047,4740.690737589423,5608.89864917067
2018-04-12 10:00:00,5322.0,5332.942372292381,4898.838416501758,5767.0463280830045
2018-04-12 11:00:00,5574.0,5603.655598425171,5169.5516426345475,6037.759554215794
2018-04-12 12:00:00,6252.0,6032.4343174112755,5598.330361620652,6466.538273201899
2018-04-12 13:00:00,7213.0,6542.179106321298,6108.075150530674,6976.283062111921
2018-04-12 14:00:00,6811.0,6287.953700530362,5853.8497447397385,6722.057656320985
2018-04-12 15:00:00,5064.0,4826.032762166317,4391.928806375694,5260.136717956941
2018-04-12 16:00:00,3697.0,3593.075077887812,3158.9711220971885,4027.179033678435
2018-04-12 17:00:00,3082.0,3168.27721632214,2734.1732605315165,3602.381172112763
2018-04-12 18:00:00,2762.0,3022.908754300382,2588.8047985097587,3457.0127100910054
2018-04-12 19:00:00,2053.0,2495.267826128265,2061.1638703376416,2929.3717819188882
2018-04-12 20:00:00,1168.0,1512.5256072595037,1078.4216514688803,1946.629563050127
2018-04-12 21:00:00,633.0,760.3967254093637,326.2927696187404,1194.500681199987
2018-04-12 22:00:00,387.0,392.0352786233856,0.0,826.1392344140089
2018-04-12 23:00:00,306.0,318.15816467156134,0.0,752.2621204621846
2018-04-13 00:00:00,356.0,380.35442600811643,0.0,814.4583817987398
2018-04-13 01:00:00,846.0,779.0675707957839,344.9636150051606,1213.1715265864073
2018-04-13 02:00:00,2721.0,2805.2973758251414,2371.193420034518,3239.401331615765
2018-04-13 03:00:00,5426.0,5908.439079273785,5474.335123483162,6342.543035064408
2018-04-13 04:00:00,6585.0,6713.594310973416,6279.490355182793,7147.6982667640395
2018-04-13 05:00:00,5894.0,6147.391601157781,5713.287645367158,6581.495556948405
2018-04-13 06:00:00,5227.0,5276.2229228302485,4842.118967039625,5710.326878620872
2018-04-13 07:00:00,4853.0,4882.153383811592,4448.049428020969,5316.257339602215
2018-04-13 08:00:00,5233.0,5267.226767391392,4833.122811600769,5701.330723182015
2018-04-13 09:00:00,5302.0,5533.391455456155,5099.287499665532,5967.4954112467785
2018-04-13 10:00:00,5174.0,5561.1241852570065,5127.020229466383,5995.22814104763
2018-04-13 11:00:00,5330.0,5733.992915857511,5299.888960066888,6168.096871648135
2018-04-13 12:00:00,5953.0,5996.415647974246,5562.311692183623,6430.519603764869
2018-04-13 13:00:00,6686.0,6359.246716596746,5925.142760806123,6793.35067238737
2018-04-13 14:00:00,5687.0,5967.246254157232,5533.142298366609,6401.350209947856
2018-04-13 15:00:00,4167.0,4777.945462418328,4343.841506627705,5212.0494182089515
2018-04-13 16:00:00,2882.0,3695.565806026618,3261.4618502359945,4129.669761817241
2018-04-13 17:00:00,2320.0,3123.7739709846837,2689.6700151940604,3557.877926775307
2018-04-13 18:00:00,2158.0,2826.9673831473974,2392.863427356774,3261.0713389380207
2018-04-13 19:00:00,1773.0,2368.2878308442587,1934.1838750536353,2802.391786634882
2018-04-13 20:00:00,1143.0,1670.7524629927277,1236.6485072021044,2104.856418783351
2018-04-13 21:00:00,625.0,961.6655043278258,527.5615485372025,1395.7694601184492
2018-04-13 22:00:00,441.0,553.5316609800307,119.42770518940733,987.635616770654
2018-04-13 23:00:00,397.0,425.14559263478344,0.0,859.2495484254068
2018-04-14 00:00:00,309.0,356.7776312594985,0.0,790.8815870501219
2018-04-14 01:00:00,300.0,567.0836837379427,132.97972794731936,1001.187639528566
2018-04-14 02:00:00,540.0,1560.1264217301077,1126.0224659394844,1994.230377520731
2018-04-14 03:00:00,986.0,1034.7701094156441,600.6661536250208,1468.8740652062675
2018-04-14 04:00:00,1311.0,1434.807629513491,1000.7036737228677,1868.9115853041144
2018-04-14 05:00:00,1489.0,2015.8800378462345,1581.7760820556111,2449.983993636858
2018-04-14 06:00:00,1755.0,3157.685999422188,2723.582043631565,3591.7899552128115
2018-04-14 07:00:00,1978.0,3208.9232966785485,2774.819340887925,3643.027252469172
2018-04-14 08:00:00,2153.0,3308.0864162872094,2873.982460496586,3742.1903720778328
2018-04-14 09:00:00,2147.0,3298.5008217391755,2864.396865948552,3732.604777529799
2018-04-14 10:00:00,1987.0,2869.590837027861,2435.486881237238,3303.6947928184845
2018-04-14 11:00:00,1822.0,2749.176677117899,2315.0727213272758,3183.2806329085224
2018-04-14 12:00:00,1881.0,2757.9859602008437,2323.8820044102204,3192.089915991467
2018-04-14 13:00:00,1461.0,2421.0641992259675,1986.9602434353442,2855.168155016591
2018-04-14 14:00:00,1478.0,2244.369696872966,1810.2657410823426,2678.4736526635893
2018-04-14 15:00:00,1068.0,2212.738578685252,1778.6346228946286,2646.8425344758753
2018-04-14 16:00:00,881.0,1472.590058773356,1038.4861029827327,1906.6940145639794
2018-04-14 17:00:00,618.0,1477.0959956161448,1042.9920398255215,1911.1999514067682
2018-04-14 18:00:00,707.0,1502.197099714393,1068.0931439237697,1936.3010555050164
2018-04-14 19:00:00,594.0,1562.5045661121926,1128.4006103215693,1996.608521902816
2018-04-14 20:00:00,526.0,1298.8772635892544,864.7733077986311,1732.9812193798778
2018-04-14 21:00:00,353.0,1080.08697045434,645.9830146637166,1514.1909262449633
2018-04-14 22:00:00,259.0,863.1327621919619,429.02880640133856,1297.236717982585
2018-04-14 23:00:00,198.0,937.6429118324048,503.5389560417815,1371.7468676230283
2018-04-15 00:00:00,151.0,296.35335491395244,0.0,730.4573107045758
2018-04-15 01:00:00,175.0,332.514252144054,0.0,766.6182079346773
2018-04-15 02:00:00,301.0,1043.330810466195,609.2268546755718,1477.4347662568184
2018-04-15 03:00:00,490.0,1508.6990221362823,1074.595066345659,1942.8029779269057
2018-04-15 04:00:00,634.0,1434.5549992082156,1000.4510434175922,1868.658954998839
2018-04-15 05:00:00,674.0,1070.9674899466943,636.863534156071,1505.0714457373176
2018-04-15 06:00:00,984.0,1089.5316319692274,655.4276761786041,1523.6355877598508
2018-04-15 07:00:00,1494.0,1310.2838645427203,876.1799087520969,1744.3878203333436
2018-04-15 08:00:00,1794.0,1434.4638743449339,1000.3599185543105,1868.5678301355572
2018-04-15 09:00:00,2037.0,1545.9648616777786,1111.8609058871552,1980.068817468402
2018-04-15 10:00:00,2205.0,1964.5584424680414,1530.4544866774181,2398.662398258665
2018-04-15 11:00:00,2406.0,2873.2504052009385,2439.146449410315,3307.354360991562
2018-04-15 12:00:00,2171.0,2835.290961870005,2401.1870060793817,3269.3949176606284
2018-04-15 13:00:00,2109.0,2841.1914683321907,2407.0875125415673,3275.295424122814
2018-04-15 14:00:00,1849.0,2607.2012880146945,2173.097332224071,3041.305243805318
2018-04-15 15:00:00,1659.0,2605.8558605745693,2171.751904783946,3039.9598163651926
2018-04-15 16:00:00,1417.0,2423.5833050899937,1989.4793492993704,2857.687260880617
2018-04-15 17:00:00,1642.0,1854.6838552730508,1420.5798994824274,2288.787811063674
2018-04-15 18:00:00,2809.0,1371.440775239941,937.3368194493178,1805.5447310305644
2018-04-15 19:00:00,1203.0,975.2033715510469,541.0994157604235,1409.3073273416703
2018-04-15 20:00:00,706.0,686.7835795589598,252.67962376833646,1120.8875353495832
2018-04-15 21:00:00,407.0,656.4697488900764,222.36579309945307,1090.5737046806998
2018-04-15 22:00:00,272.0,182.37608098836355,0.0,616.4800367789869
2018-04-15 23:00:00,247.0,449.8552070527364,15.751251262113044,883.9591628433598
2018-04-16 00:00:00,357.0,572.4268830675121,138.32292727688878,1006.5308388581354
2018-04-16 01:00:00,779.0,624.6871840348796,190.58322824425625,1058.7911398255028
2018-04-16 02:00:00,2238.0,2841.9799869955364,2407.876031204913,3276.0839427861597
2018-04-16 03:00:00,4364.0,4764.678450514959,4330.574494724336,5198.782406305582
2018-04-16 04:00:00,4963.0,4921.819568954363,4487.715613163739,5355.923524744986
2018-04-16 05:00:00,4463.0,4365.0845967646865,3930.980640974063,4799.18855255531
2018-04-16 06:00:00,4045.0,4182.576069722479,3748.4721139318553,4616.680025513102
2018-04-16 07:00:00,3626.0,3818.8234195193777,3384.7194637287544,4252.927375310001
2018-04-16 08:00:00,3860.0,4066.3792481974847,3632.2752924068614,4500.483203988108
2018-04-16 09:00:00,4149.0,4216.859930009392,3782.7559742187686,4650.963885800015
2018-04-16 10:00:00,4110.0,3978.82399289189,3544.720037101267,4412.9279486825135
2018-04-16 11:00:00,4387.0,4374.1848591723,3940.0809033816768,4808.288814962923
2018-04-16 12:00:00,4942.0,4813.687951728416,4379.583995937793,5247.791907519039
2018-04-16 13:00:00,5788.0,5108.542498861046,4674.438543070422,5542.646454651669
2018-04-16 14:00:00,5567.0,5121.708283029838,4687.604327239214,5555.812238820461
2018-04-16 15:00:00,4061.0,3960.8825457367516,3526.7785899461282,4394.986501527375
2018-04-16 16:00:00,2979.0,2917.773185196308,2483.6692294056847,3351.8771409869314
2018-04-16 17:00:00,2556.0,2518.588167700489,2084.4842119098657,2952.6921234911124
2018-04-16 18:00:00,2100.0,2393.876824440199,1959.7728686495757,2827.9807802308223
2018-04-16 19:00:00,1489.0,1783.7940007958193,1349.690045005196,2217.897956586443
2018-04-16 20:00:00,978.0,1256.69557628583,822.5916204952066,1690.7995320764533
2018-04-16 21:00:00,524.0,548.1325597731999,114.02860398257656,982.2365155638232
2018-04-16 22:00:00,336.0,351.6330717131186,0.0,785.737027503742
2018-04-16 23:00:00,271.0,295.14817320111194,0.0,729.2521289917353
2018-04-17 00:00:00,347.0,383.95823416560063,0.0,818.062189956224
2018-04-17 01:00:00,898.0,751.6121750386859,317.5082192480626,1185.7161308293093
2018-04-17 02:00:00,2848.0,2679.7002756011307,2245.5963198105073,3113.804231391754
2018-04-17 03:00:00,5516.0,5498.061161667401,5063.957205876778,5932.165117458025
2018-04-17 04:00:00,6208.0,5862.706230353051,5428.602274562428,6296.810186143674
2018-04-17 05:00:00,5892.0,5632.473088996586,5198.3691332059625,6066.577044787209
2018-04-17 06:00:00,5677.0,4864.470792980532,4430.366837189908,5298.574748771155
2018-04-17 07:00:00,4456.0,4331.398515223398,3897.294559432775,4765.5024710140215
2018-04-17 08:00:00,4715.0,4543.236858380248,4109.132902589625,4977.340814170871
2018-04-17 09:00:00,4962.0,4761.654514807525,4327.550559016901,5195.758470598148
2018-04-17 10:00:00,4913.0,4853.476617633128,4419.372661842504,5287.580573423751
2018-04-17 11:00:00,5220.0,5189.2173198551445,4755.113364064521,5623.321275645768
2018-04-17 12:00:00,5844.0,5743.640626290181,5309.536670499558,6177.744582080804
2018-04-17 13:00:00,6657.0,6454.19391006594,6020.089954275317,6888.2978658565635
2018-04-17 14:00:00,6277.0,6068.926923377375,5634.8229675867515,6503.030879167998
2018-04-17 15:00:00,4827.0,4844.310095573885,4410.206139783261,5278.414051364508
2018-04-17 16:00:00,3481.0,3203.2142323088306,2769.1102765182072,3637.318188099454
2018-04-17 17:00:00,2877.0,2841.1259989116224,2407.022043120999,3275.229954702246
2018-04-17 18:00:00,3418.0,2655.4117657241254,2221.307809933502,3089.5157215147487
2018-04-17 19:00:00,3294.0,2002.6457949484513,1568.541839157828,2436.7497507390744
2018-04-17 20:00:00,1297.0,1279.8695625213868,845.7656067307635,1713.9735183120101
2018-04-17 21:00:00,826.0,767.0976218797825,332.9936660891592,1201.2015776704059
2018-04-17 22:00:00,594.0,508.4740552664922,74.37009947586887,942.5780110571155
2018-04-17 23:00:00,431.0,317.92729285155184,0.0,752.0312486421751
2018-04-18 00:00:00,521.0,403.26565041278735,0.0,837.3696062034107
2018-04-18 01:00:00,975.0,693.4082923952319,259.3043366046086,1127.5122481858552
2018-04-18 02:00:00,2986.0,2443.2213640382224,2009.117408247599,2877.3253198288457
2018-04-18 03:00:00,5943.0,5250.846979028242,4816.743023237618,5684.950934818865
2018-04-18 04:00:00,6871.0,6353.779619878943,5919.6756640883195,6787.883575669566
2018-04-18 05:00:00,6614.0,5691.683392485258,5257.579436694635,6125.787348275881
2018-04-18 06:00:00,5378.0,5153.089677369374,4718.985721578751,5587.193633159997
2018-04-18 07:00:00,4751.0,4799.0147575059855,4364.910801715362,5233.118713296609
2018-04-18 08:00:00,4824.0,4981.324632891154,4547.22067710053,5415.428588681777
2018-04-18 09:00:00,5013.0,5150.5379042831255,4716.433948492502,5584.641860073749
2018-04-18 10:00:00,5017.0,5248.377471864379,4814.273516073756,5682.481427655002
2018-04-18 11:00:00,5437.0,5531.826424261757,5097.722468471134,5965.93038005238
2018-04-18 12:00:00,5835.0,6015.5675549790885,5581.463599188465,6449.671510769712
2018-04-18 13:00:00,7022.0,6354.688046504527,5920.584090713904,6788.79200229515
2018-04-18 14:00:00,6459.0,6346.043684742484,5911.939728951861,6780.147640533108
2018-04-18 15:00:00,4663.0,4736.776395009364,4302.672439218741,5170.880350799987
2018-04-18 16:00:00,3393.0,3412.1963264667206,2978.0923706760973,3846.300282257344
2018-04-18 17:00:00,3034.0,2964.3039383894243,2530.199982598801,3398.4078941800476
2018-04-18 18:00:00,2604.0,2721.477319774688,2287.373363984065,3155.5812755653114
2018-04-18 19:00:00,1726.0,2015.2062557568893,1581.102299966266,2449.3102115475126
2018-04-18 20:00:00,1085.0,1243.1154093095877,809.0114535189643,1677.219365100211
2018-04-18 21:00:00,561.0,669.713192643332,235.6092368527087,1103.8171484339555
2018-04-18 22:00:00,351.0,367.33097356022256,0.0,801.4349293508459
2018-04-18 23:00:00,275.0,292.7654080948399,0.0,726.8693638854633
2018-04-19 00:00:00,361.0,384.88518593196574,0.0,818.989141722589
2018-04-19 01:00:00,909.0,804.3609689554339,370.2570131648106,1238.4649247460572
2018-04-19 02:00:00,2885.0,2738.3858801254373,2304.281924334814,3172.4898359160607
2018-04-19 03:00:00,5715.0,5578.510304742612,5144.406348951989,6012.614260533235
2018-04-19 04:00:00,6461.0,6488.13516301038,6054.031207219757,6922.239118801003
2018-04-19 05:00:00,6046.0,5971.607731918389,5537.503776127765,6405.711687709012
2018-04-19 06:00:00,5842.0,5234.515869716667,4800.411913926044,5668.61982550729
2018-04-19 07:00:00,4882.0,4748.161801858869,4314.057846068245,5182.265757649492
2018-04-19 08:00:00,5035.0,4976.257199396313,4542.15324360569,5410.361155186936
2018-04-19 09:00:00,5027.0,5133.570025671679,4699.466069881056,5567.673981462302
2018-04-19 10:00:00,5110.0,5292.451635398885,4858.347679608261,5726.555591189508
2018-04-19 11:00:00,5444.0,5582.12093589455,5148.0169801039265,6016.224891685173
2018-04-19 12:00:00,6188.0,5938.899313805671,5504.795358015048,6373.003269596295
2018-04-19 13:00:00,6851.0,6473.115300340108,6039.011344549484,6907.219256130731
2018-04-19 14:00:00,6368.0,6141.6125792414605,5707.508623450837,6575.716535032084
2018-04-19 15:00:00,4978.0,4905.835030305887,4471.731074515264,5339.93898609651
2018-04-19 16:00:00,3676.0,3522.996243305457,3088.8922875148337,3957.1001990960804
2018-04-19 17:00:00,3471.0,3078.7650020348,2644.6610462441768,3512.8689578254234
2018-04-19 18:00:00,3451.0,2919.3349705261085,2485.231014735485,3353.438926316732
2018-04-19 19:00:00,2148.0,2515.757203083836,2081.6532472932126,2949.8611588744593
2018-04-19 20:00:00,1273.0,1530.9729555115841,1096.8689997209608,1965.0769113022075
2018-04-19 21:00:00,712.0,818.0307294495192,383.92677365889585,1252.1346852401425
2018-04-19 22:00:00,417.0,465.0574430866713,30.953487296047967,899.1613988772947
2018-04-19 23:00:00,322.0,326.6440140925871,0.0,760.7479698832104
2018-04-20 00:00:00,393.0,399.95784547966815,0.0,834.0618012702914
2018-04-20 01:00:00,830.0,814.6758384315848,380.57188264096146,1248.7797942222082
2018-04-20 02:00:00,2691.0,2690.369098841228,2256.265143050605,3124.4730546318515
2018-04-20 03:00:00,5492.0,5518.326819765424,5084.222863974801,5952.430775556048
2018-04-20 04:00:00,6626.0,6373.546048701071,5939.442092910448,6807.650004491695
2018-04-20 05:00:00,6126.0,5681.166580160007,5247.062624369383,6115.27053595063
2018-04-20 06:00:00,5141.0,5160.178815468086,4726.074859677463,5594.2827712587095
2018-04-20 07:00:00,4670.0,4826.355688692342,4392.251732901718,5260.459644482965
2018-04-20 08:00:00,5200.0,5221.412939502406,4787.308983711782,5655.516895293029
2018-04-20 09:00:00,5433.0,5405.211088110848,4971.107132320225,5839.315043901472
2018-04-20 10:00:00,5370.0,5395.080314291682,4960.976358501059,5829.184270082305
2018-04-20 11:00:00,5803.0,5652.27559401542,5218.171638224797,6086.3795498060435
2018-04-20 12:00:00,6383.0,5965.169102371359,5531.065146580736,6399.273058161983
2018-04-20 13:00:00,6900.0,6394.819569913087,5960.715614122464,6828.923525703711
2018-04-20 14:00:00,6268.0,6080.249945015797,5646.145989225173,6514.35390080642
2018-04-20 15:00:00,4959.0,4868.926333649633,4434.82237785901,5303.030289440257
2018-04-20 16:00:00,4091.0,3629.64077791914,3195.5368221285166,4063.7447337097633
2018-04-20 17:00:00,3552.0,3140.2076958905313,2706.103740099908,3574.3116516811547
2018-04-20 18:00:00,3538.0,2983.506342182489,2549.4023863918655,3417.610297973112
2018-04-20 19:00:00,2842.0,2803.2615164893323,2369.157560698709,3237.3654722799556
2018-04-20 20:00:00,1977.0,2130.6978974580406,1696.5939416674173,2564.801853248664
2018-04-20 21:00:00,1291.0,1248.6042243063525,814.5002685157292,1682.7081800969759
2018-04-20 22:00:00,732.0,773.3765903013866,339.2726345107633,1207.48054609201
2018-04-20 23:00:00,526.0,569.8634793055453,135.75952351492197,1003.9674350961686
2018-04-21 00:00:00,386.0,426.0860901758757,0.0,860.190045966499
2018-04-21 01:00:00,369.0,576.0144617265804,141.91050593595708,1010.1184175172037
2018-04-21 02:00:00,683.0,942.0437289036037,507.93977311298033,1376.1476846942269
2018-04-21 03:00:00,1418.0,1538.970053889913,1104.8660980992897,1973.0740096805364
2018-04-21 04:00:00,2307.0,2173.968162916972,1739.8642071263484,2608.072118707595
2018-04-21 05:00:00,3392.0,2907.1602578385605,2473.056302047937,3341.264213629184
2018-04-21 06:00:00,4153.0,3761.7579304554474,3327.653974664824,4195.861886246071
2018-04-21 07:00:00,4464.0,4165.7095504967665,3731.605594706143,4599.81350628739
2018-04-21 08:00:00,4985.0,4444.09545726532,4009.9915014746966,4878.199413055943
2018-04-21 09:00:00,5263.0,4903.681347264161,4469.577391473537,5337.785303054784
2018-04-21 10:00:00,5307.0,4883.834969282634,4449.731013492011,5317.938925073257
2018-04-21 11:00:00,5296.0,4954.20646815437,4520.102512363746,5388.310423944993
2018-04-21 12:00:00,5340.0,4902.803462486929,4468.699506696305,5336.907418277552
2018-04-21 13:00:00,5027.0,4945.193741077404,4511.089785286781,5379.297696868028
2018-04-21 14:00:00,5007.0,4908.111210131072,4474.0072543404485,5342.215165921695
2018-04-21 15:00:00,4541.0,4332.767819953277,3898.663864162653,4766.8717757439
2018-04-21 16:00:00,3892.0,3426.801910023566,2992.6979542329427,3860.9058658141894
2018-04-21 17:00:00,3346.0,3115.851596323811,2681.7476405331877,3549.9555521144343
2018-04-21 18:00:00,3199.0,3186.5536384293537,2752.4496826387303,3620.657594219977
2018-04-21 19:00:00,3814.0,3052.165666141756,2618.0617103511327,3486.2696219323793
2018-04-21 20:00:00,2760.0,2219.422762759123,1785.3188069684998,2653.5267185497464
2018-04-21 21:00:00,1447.0,1347.4917788293512,913.3878230387279,1781.5957346199746
2018-04-21 22:00:00,945.0,858.5100702076281,424.4061144170048,1292.6140259982515
2018-04-21 23:00:00,671.0,746.8040048020737,312.70004901145035,1180.907960592697
2018-04-22 00:00:00,465.0,412.954435924994,0.0,847.0583917156173
2018-04-22 01:00:00,368.0,446.6652214539294,12.561265663306074,880.7691772445528
2018-04-22 02:00:00,563.0,581.7287919434335,147.6248361528102,1015.8327477340569
2018-04-22 03:00:00,904.0,1086.7787292706598,652.6747734800365,1520.8826850612832
2018-04-22 04:00:00,1289.0,1341.2646861478147,907.1607303571914,1775.368641938438
2018-04-22 05:00:00,2200.0,1941.401853441247,1507.2978976506238,2375.5058092318704
2018-04-22 06:00:00,3219.0,2962.464982226021,2528.361026435398,3396.5689380166446
2018-04-22 07:00:00,4088.0,3614.885013329779,3180.781057539156,4048.9889691204025
2018-04-22 08:00:00,4541.0,4227.560735295768,3793.4567795051444,4661.664691086391
2018-04-22 09:00:00,4781.0,4612.004356900172,4177.9004011095485,5046.108312690795
2018-04-22 10:00:00,4761.0,4742.979803038959,4308.875847248336,5177.083758829583
2018-04-22 11:00:00,4753.0,4726.018930557894,4291.914974767271,5160.122886348518
2018-04-22 12:00:00,4866.0,4723.165960092903,4289.06200430228,5157.269915883527
2018-04-22 13:00:00,4713.0,4682.877135398452,4248.773179607829,5116.981091189075
2018-04-22 14:00:00,4303.0,4493.134851654321,4059.030895863698,4927.2388074449445
2018-04-22 15:00:00,3787.0,4158.184202527193,3724.0802467365693,4592.288158317816
2018-04-22 16:00:00,3228.0,3492.661823222719,3058.5578674320955,3926.765779013342
2018-04-22 17:00:00,3139.0,2893.015129555619,2458.9111737649955,3327.119085346242
2018-04-22 18:00:00,2412.0,2606.0818399506024,2171.977884159979,3040.185795741226
2018-04-22 19:00:00,1906.0,2039.786965708626,1605.6830099180027,2473.890921499249
2018-04-22 20:00:00,1356.0,1279.6353850206895,845.5314292300661,1713.7393408113128
2018-04-22 21:00:00,614.0,653.1343144750809,219.0303586844576,1087.2382702657042
2018-04-22 22:00:00,349.0,383.57337345116093,0.0,817.6773292417843
2018-04-22 23:00:00,259.0,334.01419553316845,0.0,768.1181513237918
2018-04-23 00:00:00,373.0,406.9425756616334,0.0,841.0465314522567
2018-04-23 01:00:00,900.0,819.2911872650872,385.18723147446383,1253.3951430557104
2018-04-23 02:00:00,2864.0,2746.824023982644,2312.720068192021,3180.9279797732675
2018-04-23 03:00:00,5769.0,5820.000324032318,5385.896368241694,6254.104279822941
2018-04-23 04:00:00,6574.0,6418.557762644832,5984.453806854209,6852.661718435455
2018-04-23 05:00:00,5970.0,5809.446528367824,5375.3425725772,6243.550484158447
2018-04-23 06:00:00,5325.0,4912.085460308466,4477.981504517843,5346.18941609909
2018-04-23 07:00:00,4547.0,4413.681708152326,3979.5777523617026,4847.785663942949
2018-04-23 08:00:00,4577.0,4699.264820293284,4265.160864502661,5133.3687760839075
2018-04-23 09:00:00,4739.0,4913.560660202693,4479.4567044120695,5347.664615993316
2018-04-23 10:00:00,4803.0,5113.209773228484,4679.10581743786,5547.313729019107
2018-04-23 11:00:00,5243.0,5254.630560182916,4820.526604392293,5688.73451597354
2018-04-23 12:00:00,5852.0,5728.026492458049,5293.922536667425,6162.130448248672
2018-04-23 13:00:00,6883.0,6398.701063222967,5964.597107432343,6832.80501901359
2018-04-23 14:00:00,6188.0,6082.944504243581,5648.840548452958,6517.048460034204
2018-04-23 15:00:00,4660.0,4634.936298086767,4200.832342296144,5069.040253877391
2018-04-23 16:00:00,3243.0,3257.262965968308,2823.1590101776846,3691.3669217589313
2018-04-23 17:00:00,2759.0,2784.7232122865016,2350.6192564958783,3218.827168077125
2018-04-23 18:00:00,2183.0,2526.2171935748797,2092.1132377842564,2960.321149365503
2018-04-23 19:00:00,1537.0,1934.6993861071342,1500.5954303165108,2368.8033418977575
2018-04-23 20:00:00,963.0,1206.6854983075161,772.5815425168928,1640.7894540981395
2018-04-23 21:00:00,530.0,528.305803916359,94.20184812573564,962.4097597069823
2018-04-23 22:00:00,330.0,348.08716541111585,0.0,782.1911212017392
2018-04-23 23:00:00,248.0,290.1028936061745,0.0,724.2068493967979
2018-04-24 00:00:00,346.0,375.43364328966146,0.0,809.5375990802847
2018-04-24 01:00:00,911.0,878.0046662992972,443.9007105086739,1312.1086220899206
2018-04-24 02:00:00,2936.0,2827.1419238428616,2393.0379680522383,3261.245879633485
2018-04-24 03:00:00,5886.0,5904.417287322336,5470.313331531713,6338.521243112959
2018-04-24 04:00:00,6535.0,6786.237936606409,6352.133980815785,7220.341892397032
2018-04-24 05:00:00,5905.0,6067.251366282684,5633.147410492061,6501.355322073307
2018-04-24 06:00:00,5509.0,5321.440180330856,4887.336224540232,5755.544136121479
2018-04-24 07:00:00,4540.0,4627.701847623373,4193.59789183275,5061.805803413997
2018-04-24 08:00:00,4957.0,4846.276884062537,4412.172928271913,5280.38083985316
2018-04-24 09:00:00,4881.0,5091.797805884857,4657.693850094233,5525.90176167548
2018-04-24 10:00:00,4960.0,5230.767982719001,4796.664026928378,5664.871938509625
2018-04-24 11:00:00,5353.0,5504.627794645918,5070.523838855294,5938.731750436541
2018-04-24 12:00:00,6010.0,5899.595764518497,5465.491808727874,6333.6997203091205
2018-04-24 13:00:00,7149.0,6523.133334259014,6089.029378468391,6957.2372900496375
2018-04-24 14:00:00,6253.0,6113.401724165822,5679.297768375199,6547.505679956445
2018-04-24 15:00:00,4513.0,4735.384288961827,4301.280333171204,5169.488244752451
2018-04-24 16:00:00,3325.0,3353.8232821492043,2919.719326358581,3787.9272379398276
2018-04-24 17:00:00,3115.0,3014.394126343066,2580.2901705524428,3448.4980821336894
2018-04-24 18:00:00,2497.0,2677.877522845778,2243.7735670551547,3111.9814786364013
2018-04-24 19:00:00,1589.0,2134.360496166341,1700.2565403757176,2568.4644519569642
2018-04-24 20:00:00,988.0,1428.558259997778,994.4543042071546,1862.6622157884012
2018-04-24 21:00:00,532.0,624.7658998623265,190.66194407170315,1058.8698556529498
2018-04-24 22:00:00,310.0,377.1652195768896,0.0,811.269175367513
2018-04-24 23:00:00,237.0,291.16865485899876,0.0,725.272610649622
2018-04-25 00:00:00,341.0,369.0844109506636,0.0,803.1883667412869
2018-04-25 01:00:00,904.0,848.4893675315333,414.38541174090994,1282.5933233221567
2018-04-25 02:00:00,2917.0,2789.6608385397435,2355.55688274912,3223.764794330367
2018-04-25 03:00:00,5866.0,5897.963141185931,5463.859185395308,6332.067096976554
2018-04-25 04:00:00,6303.0,6771.829880383637,6337.725924593014,7205.93383617426
2018-04-25 05:00:00,5850.0,6060.5552004,5626.451244609377,6494.659156190623
2018-04-25 06:00:00,5455.0,5287.868415283795,4853.764459493172,5721.972371074418
2018-04-25 07:00:00,4524.0,4678.621023549843,4244.51706775922,5112.724979340466
2018-04-25 08:00:00,4891.0,4899.117686528254,4465.013730737631,5333.2216423188775
2018-04-25 09:00:00,5067.0,5094.6099923502225,4660.506036559599,5528.713948140846
2018-04-25 10:00:00,5020.0,5172.849134491632,4738.745178701009,5606.953090282255
2018-04-25 11:00:00,5276.0,5475.085727003127,5040.981771212504,5909.189682793751
2018-04-25 12:00:00,6002.0,5970.850654430741,5536.746698640118,6404.954610221364
2018-04-25 13:00:00,6816.0,6514.095989513579,6079.992033722956,6948.199945304203
2018-04-25 14:00:00,6420.0,6097.069204248087,5662.9652484574635,6531.17316003871
2018-04-25 15:00:00,4695.0,4737.994427852152,4303.890472061528,5172.098383642775
2018-04-25 16:00:00,3543.0,3396.4562861750087,2962.3523303843854,3830.560241965632
2018-04-25 17:00:00,3225.0,3026.5608155769933,2592.45685978637,3460.6647713676166
2018-04-25 18:00:00,2560.0,2731.4722033575463,2297.368247566923,3165.5761591481696
2018-04-25 19:00:00,1618.0,2165.723540217696,1731.6195844270728,2599.8274960083195
2018-04-25 20:00:00,1023.0,1437.2531966028805,1003.1492408122572,1871.3571523935038
2018-04-25 21:00:00,551.0,661.8712707650004,227.7673149743771,1095.9752265556237
2018-04-25 22:00:00,358.0,349.8452852259722,0.0,783.9492410165956
2018-04-25 23:00:00,255.0,288.9737776824307,0.0,723.077733473054
2018-04-26 00:00:00,350.0,361.8071654661349,0.0,795.9111212567582
2018-04-26 01:00:00,899.0,843.5542373524821,409.4502815618588,1277.6581931431056
2018-04-26 02:00:00,2953.0,2764.8041592708573,2330.700203480234,3198.9081150614807
2018-04-26 03:00:00,5813.0,5838.548849190139,5404.444893399515,6272.652804980762
2018-04-26 04:00:00,6493.0,6712.061213513882,6277.957257723258,7146.165169304505
2018-04-26 05:00:00,5890.0,6040.534927293807,5606.430971503184,6474.638883084431
2018-04-26 06:00:00,5495.0,5312.063042276716,4877.959086486093,5746.16699806734
2018-04-26 07:00:00,4675.0,4721.345604015814,4287.241648225191,5155.449559806438
2018-04-26 08:00:00,5110.0,5037.35304379721,4603.249088006587,5471.456999587834
2018-04-26 09:00:00,5078.0,5178.21915368291,4744.115197892286,5612.323109473533
2018-04-26 10:00:00,5281.0,5277.342466794974,4843.238511004351,5711.446422585597
2018-04-26 11:00:00,5661.0,5629.494855662069,5195.390899871446,6063.598811452693
2018-04-26 12:00:00,6257.0,6015.7973857380075,5581.693429947384,6449.901341528631
2018-04-26 13:00:00,7139.0,6553.8821476647245,6119.778191874101,6987.986103455348
2018-04-26 14:00:00,6372.0,6119.997103148302,5685.893147357679,6554.101058938925
2018-04-26 15:00:00,5068.0,4813.041119031546,4378.937163240923,5247.14507482217
2018-04-26 16:00:00,3813.0,3601.672309160869,3167.568353370246,4035.7762649514925
2018-04-26 17:00:00,3338.0,3214.3231007136487,2780.2191449230254,3648.427056504272
2018-04-26 18:00:00,3058.0,3014.732018858146,2580.628063067523,3448.8359746487695
2018-04-26 19:00:00,2171.0,2567.5232786116176,2133.4193228209942,3001.627234402241
2018-04-26 20:00:00,1253.0,1511.9384344597045,1077.8344786690811,1946.0423902503278
2018-04-26 21:00:00,683.0,808.5336731659694,374.42971737534606,1242.6376289565928
2018-04-26 22:00:00,422.0,429.4152899513897,0.0,863.519245742013
2018-04-26 23:00:00,328.0,326.12059874221137,0.0,760.2245545328346
2018-04-27 00:00:00,380.0,390.6947755292712,0.0,824.7987313198946
2018-04-27 01:00:00,849.0,897.2793288435249,463.1753730529016,1331.3832846341484
2018-04-27 02:00:00,2744.0,2813.822839886556,2379.7188840959325,3247.926795677179
2018-04-27 03:00:00,5573.0,5875.313640552932,5441.209684762309,6309.4175963435555
2018-04-27 04:00:00,6712.0,6673.259934101859,6239.155978311235,7107.363889892482
2018-04-27 05:00:00,6109.0,5868.321686621289,5434.2177308306655,6302.425642411912
2018-04-27 06:00:00,5414.0,5314.7855676752215,4880.681611884598,5748.889523465845
2018-04-27 07:00:00,4946.0,4929.299529876123,4495.1955740855,5363.403485666747
2018-04-27 08:00:00,5365.0,5293.234836259367,4859.130880468743,5727.33879204999
2018-04-27 09:00:00,5622.0,5543.00110063449,5108.897144843867,5977.105056425114
2018-04-27 10:00:00,5487.0,5566.264193050309,5132.160237259685,6000.368148840932
2018-04-27 11:00:00,6005.0,5755.109328299283,5321.00537250866,6189.213284089907
2018-04-27 12:00:00,6560.0,6097.691783041968,5663.587827251345,6531.795738832591
2018-04-27 13:00:00,6471.0,6450.139457088895,6016.035501298272,6884.2434128795185
2018-04-27 14:00:00,6459.0,6124.338137015941,5690.234181225318,6558.442092806565
2018-04-27 15:00:00,5355.0,5002.486857779151,4568.382901988528,5436.590813569775
2018-04-27 16:00:00,4083.0,3779.2639522531376,3345.1599964625143,4213.367908043761
2018-04-27 17:00:00,3319.0,3348.7271605293918,2914.6232047387684,3782.831116320015
2018-04-27 18:00:00,3384.0,3282.661233875606,2848.5572780849825,3716.765189666229
2018-04-27 19:00:00,2709.0,2802.724751891872,2368.6207961012487,3236.8287076824954
2018-04-27 20:00:00,1942.0,2064.996316041075,1630.8923602504515,2499.100271831698
2018-04-27 21:00:00,1097.0,1280.8890619506694,846.7851061600461,1714.9930177412928
2018-04-27 22:00:00,725.0,791.7126013216605,357.60864553103715,1225.8165571122838
2018-04-27 23:00:00,531.0,557.9413249652113,123.83736917458793,992.0452807558346
2018-04-28 00:00:00,382.0,398.11291149579046,0.0,832.2168672864138
2018-04-28 01:00:00,365.0,482.91720478999997,48.81324899937664,917.0211605806232
2018-04-28 02:00:00,744.0,873.1638972467533,439.05994145613,1307.2678530373767
2018-04-28 03:00:00,1366.0,1751.3156813443707,1317.2117255537473,2185.419637134994
2018-04-28 04:00:00,2330.0,2267.9256456478665,1833.8216898572432,2702.02960143849
2018-04-28 05:00:00,3737.0,3320.1692873657016,2886.0653315750783,3754.273243156325
2018-04-28 06:00:00,4509.0,3898.5158231825135,3464.41186739189,4332.619778973137
2018-04-28 07:00:00,4752.0,4385.924847712677,3951.8208919220533,4820.0288035033
2018-04-28 08:00:00,5130.0,4704.181550397393,4270.07759460677,5138.285506188016
2018-04-28 09:00:00,5453.0,5076.820979276442,4642.717023485819,5510.924935067065
2018-04-28 10:00:00,5529.0,5058.763592252027,4624.659636461403,5492.86754804265
2018-04-28 11:00:00,5191.0,5017.179183191051,4583.075227400428,5451.283138981675
2018-04-28 12:00:00,4925.0,4929.731651280275,4495.627695489652,5363.835607070899
2018-04-28 13:00:00,5034.0,4913.293689154627,4479.189733364004,5347.39764494525
2018-04-28 14:00:00,4991.0,4900.1839852886,4466.080029497976,5334.287941079223
2018-04-28 15:00:00,4300.0,4353.827238608408,3919.723282817785,4787.9311943990315
2018-04-28 16:00:00,3764.0,3560.482463396981,3126.3785076063577,3994.5864191876044
2018-04-28 17:00:00,3189.0,3144.9205263887025,2710.816570598079,3579.024482179326
2018-04-28 18:00:00,3076.0,3038.5929523719647,2604.4889965813413,3472.696908162588
2018-04-28 19:00:00,2900.0,3024.063054981059,2589.9590991904356,3458.1670107716823
2018-04-28 20:00:00,3360.0,2186.6599671635677,1752.5560113729443,2620.763922954191
2018-04-28 21:00:00,1532.0,1414.6463200286603,980.542364238037,1848.7502758192836
2018-04-28 22:00:00,821.0,895.7360712210826,461.6321154304593,1329.8400270117058
2018-04-28 23:00:00,601.0,779.401308535273,345.29735274464963,1213.5052643258964
2018-04-29 00:00:00,347.0,402.758580046711,0.0,836.8625358373343
2018-04-29 01:00:00,280.0,376.899707193766,0.0,811.0036629843894
2018-04-29 02:00:00,427.0,617.6708271933231,183.5668714026998,1051.7747829839464
2018-04-29 03:00:00,839.0,1052.381203593645,618.2772478030217,1486.4851593842684
2018-04-29 04:00:00,1397.0,1417.9427721140014,983.8388163233781,1852.0467279046247
2018-04-29 05:00:00,2153.0,2087.5330106625374,1653.429054871914,2521.6369664531608
2018-04-29 06:00:00,3258.0,2868.27340527616,2434.1694494855365,3302.377361066783
2018-04-29 07:00:00,3848.0,3800.1912830293068,3366.0873272386834,4234.29523881993
2018-04-29 08:00:00,4381.0,4328.449349966667,3894.3453941760436,4762.55330575729
2018-04-29 09:00:00,4886.0,4684.252765301706,4250.148809511083,5118.356721092329
2018-04-29 10:00:00,4828.0,4637.597094601875,4203.493138811252,5071.7010503924985
2018-04-29 11:00:00,4715.0,4697.089111386716,4262.985155596092,5131.193067177339
2018-04-29 12:00:00,4570.0,4783.506953122223,4349.4029973316,5217.610908912847
2018-04-29 13:00:00,4886.0,4697.392957036216,4263.289001245593,5131.496912826839
2018-04-29 14:00:00,4390.0,4508.891786140163,4074.78783034954,4942.995741930787
2018-04-29 15:00:00,3903.0,4215.10263240535,3780.9986766147267,4649.206588195973
2018-04-29 16:00:00,3351.0,3492.4953895690355,3058.391433778412,3926.599345359659
2018-04-29 17:00:00,3026.0,3112.088247651057,2677.9842918604336,3546.1922034416802
2018-04-29 18:00:00,2367.0,2685.6901448271988,2251.5861890365754,3119.794100617822
2018-04-29 19:00:00,1703.0,2057.58406745338,1623.4801116627568,2491.6880232440035
2018-04-29 20:00:00,1035.0,1271.8892911935409,837.7853354029176,1705.9932469841642
2018-04-29 21:00:00,541.0,611.1032344558786,176.99927866525525,1045.2071902465018
2018-04-29 22:00:00,327.0,392.09794935394973,0.0,826.2019051445731
2018-04-29 23:00:00,275.0,321.8778769338738,0.0,755.981832724497
2018-04-30 00:00:00,355.0,369.1399875877433,0.0,803.2439433783666
2018-04-30 01:00:00,891.0,813.5413314108542,379.4373756202309,1247.6452872014775
2018-04-30 02:00:00,2871.0,2774.6873317591712,2340.583375968548,3208.7912875497946
2018-04-30 03:00:00,5730.0,5838.4412478954255,5404.337292104802,6272.545203686049
2018-04-30 04:00:00,6633.0,6546.10500732464,6112.001051534016,6980.208963115263
2018-04-30 05:00:00,5724.0,5858.687184774637,5424.583228984014,6292.79114056526
2018-04-30 06:00:00,5171.0,4954.313430282693,4520.20947449207,5388.417386073316
2018-04-30 07:00:00,4523.0,4365.2923194082105,3931.188363617587,4799.396275198834
2018-04-30 08:00:00,4619.0,4656.931292164267,4222.827336373643,5091.03524795489
2018-04-30 09:00:00,4825.0,4873.599184359448,4439.495228568825,5307.703140150072
2018-04-30 10:00:00,4837.0,4952.712979802413,4518.60902401179,5386.816935593037
2018-04-30 11:00:00,5147.0,5231.064474046011,4796.960518255388,5665.1684298366345
2018-04-30 12:00:00,5792.0,5771.3564560293025,5337.252500238679,6205.460411819926
2018-04-30 13:00:00,6901.0,6379.174308626027,5945.070352835403,6813.27826441665
2018-04-30 14:00:00,6184.0,5918.209229540924,5484.1052737503005,6352.313185331547
2018-04-30 15:00:00,4568.0,4449.148790706129,4015.044834915506,4883.2527464967525
2018-04-30 16:00:00,3259.0,3231.1209620586233,2797.017006268,3665.2249178492466
2018-04-30 17:00:00,2673.0,2783.5764707131307,2349.4725149225073,3217.680426503754
2018-04-30 18:00:00,2329.0,2510.201735600862,2076.0977798102385,2944.305691391485
2018-04-30 19:00:00,1594.0,1888.178459044138,1454.0745032535146,2322.2824148347613
2018-04-30 20:00:00,1061.0,1170.4152232246815,736.3112674340582,1604.5191790153049
2018-04-30 21:00:00,576.0,542.7736751944765,108.66971940385315,976.8776309850998
2018-04-30 22:00:00,395.0,345.3835221804408,0.0,779.4874779710642
2018-04-30 23:00:00,275.0,290.4168083617429,0.0,724.5207641523662
2018-05-01 00:00:00,370.0,379.67356729926485,0.0,813.7775230898882
2018-05-01 01:00:00,916.0,855.3362868464275,421.23233105580414,1289.4402426370507
2018-05-01 02:00:00,2893.0,2888.407091030189,2454.3031352395656,3322.511046820812
2018-05-01 03:00:00,5653.0,5919.797958002293,5485.69400221167,6353.901913792916
2018-05-01 04:00:00,6046.0,6805.984233816158,6371.880278025535,7240.088189606781
2018-05-01 05:00:00,6140.0,6052.926603133189,5618.822647342566,6487.030558923812
2018-05-01 06:00:00,5420.0,5266.827132051293,4832.72317626067,5700.931087841916
2018-05-01 07:00:00,4468.0,4653.316426222921,4219.212470432298,5087.420382013544
2018-05-01 08:00:00,4473.0,4807.583103725108,4373.479147934485,5241.687059515732
2018-05-01 09:00:00,5111.0,5081.731898255387,4647.627942464764,5515.83585404601
2018-05-01 10:00:00,4988.0,5163.497202665014,4729.393246874391,5597.601158455637
2018-05-01 11:00:00,4926.0,5287.333475823308,4853.229520032684,5721.437431613931
2018-05-01 12:00:00,5802.0,5854.582658068713,5420.478702278089,6288.686613859336
2018-05-01 13:00:00,6900.0,6406.1383859082825,5972.034430117659,6840.242341698906
2018-05-01 14:00:00,6410.0,6219.773363951926,5785.669408161302,6653.877319742549
2018-05-01 15:00:00,4866.0,4689.400830652167,4255.296874861544,5123.504786442791
2018-05-01 16:00:00,3411.0,3338.9360999554224,2904.832144164799,3773.0400557460457
2018-05-01 17:00:00,2907.0,2962.5801128271446,2528.4761570365213,3396.684068617768
2018-05-01 18:00:00,2287.0,2758.2602020464865,2324.156246255863,3192.36415783711
2018-05-01 19:00:00,1438.0,1925.5520941918326,1491.4481384012092,2359.656049982456
2018-05-01 20:00:00,1093.0,1330.1888683897455,896.0849125991222,1764.2928241803688
2018-05-01 21:00:00,517.0,561.8302467733239,127.72629098270056,995.9342025639472
2018-05-01 22:00:00,324.0,351.145115650617,0.0,785.2490714412404
2018-05-01 23:00:00,253.0,294.7709052723347,0.0,728.874861062958
2018-05-02 00:00:00,351.0,379.8434614983572,0.0,813.9474172889805
2018-05-02 01:00:00,915.0,863.3317538139505,429.2277980233272,1297.4357096045737
2018-05-02 02:00:00,2959.0,2843.0244374741537,2408.9204816835304,3277.128393264777
2018-05-02 03:00:00,5910.0,5971.708055612916,5537.6040998222925,6405.812011403539
2018-05-02 04:00:00,6606.0,6748.917827553276,6314.8138717626525,7183.021783343899
2018-05-02 05:00:00,5676.0,6196.855646585804,5762.75169079518,6630.959602376427
2018-05-02 06:00:00,5638.0,5253.049372167254,4818.94541637663,5687.153327957877
2018-05-02 07:00:00,4815.0,4696.0467157556,4261.942759964977,5130.150671546224
2018-05-02 08:00:00,4999.0,4887.305565966101,4453.201610175478,5321.409521756725
2018-05-02 09:00:00,5088.0,5115.514405840621,4681.410450049998,5549.618361631245
2018-05-02 10:00:00,5034.0,5321.970998208072,4887.867042417449,5756.0749539986955
2018-05-02 11:00:00,5179.0,5555.406779507355,5121.302823716732,5989.5107352979785
2018-05-02 12:00:00,5913.0,5991.2944570147565,5557.190501224133,6425.39841280538
2018-05-02 13:00:00,6935.0,6533.651864878562,6099.547909087939,6967.755820669186
2018-05-02 14:00:00,6291.0,6072.040007431583,5637.93605164096,6506.143963222206
2018-05-02 15:00:00,4763.0,4814.270904920539,4380.166949129915,5248.374860711162
2018-05-02 16:00:00,3518.0,3440.4699454321226,3006.3659896414993,3874.573901222746
2018-05-02 17:00:00,3114.0,3063.891821409045,2629.7878656184216,3497.9957771996683
2018-05-02 18:00:00,2634.0,2772.6200999865237,2338.5161441959003,3206.724055777147
2018-05-02 19:00:00,1721.0,2028.827562302688,1594.7236065120646,2462.9315180933113
2018-05-02 20:00:00,1074.0,1387.4397576149092,953.3358018242859,1821.5437134055326
2018-05-02 21:00:00,591.0,664.9395035836048,230.83554779298152,1099.0434593742282
2018-05-02 22:00:00,373.0,360.4724895679032,0.0,794.5764453585266
2018-05-02 23:00:00,259.0,294.7709052723347,0.0,728.874861062958
2018-05-03 00:00:00,345.0,375.1085211477736,0.0,809.212476938397
2018-05-03 01:00:00,937.0,845.449366810666,411.34541102004266,1279.5533226012894
2018-05-03 02:00:00,3025.0,2783.6478193680578,2349.5438635774344,3217.751775158681
2018-05-03 03:00:00,5893.0,5897.8523742567,5463.748418466077,6331.956330047324
2018-05-03 04:00:00,6457.0,6857.022595502941,6422.918639712318,7291.126551293564
2018-05-03 05:00:00,6084.0,5979.379594360385,5545.275638569762,6413.483550151009
2018-05-03 06:00:00,5289.0,5294.642358788037,4860.538402997414,5728.7463145786605
2018-05-03 07:00:00,4763.0,4800.3009404434215,4366.196984652798,5234.404896234045
2018-05-03 08:00:00,4987.0,5044.831652729252,4610.7276969386285,5478.935608519875
2018-05-03 09:00:00,5210.0,5194.199342113456,4760.095386322832,5628.303297904079
2018-05-03 10:00:00,5332.0,5315.444016096222,4881.340060305599,5749.5479718868455
2018-05-03 11:00:00,5462.0,5653.588696536383,5219.48474074576,6087.692652327007
2018-05-03 12:00:00,6103.0,5994.655544275749,5560.551588485126,6428.759500066372
2018-05-03 13:00:00,6977.0,6548.827932849712,6114.723977059089,6982.931888640335
2018-05-03 14:00:00,6630.0,6207.518103036103,5773.414147245479,6641.622058826726
2018-05-03 15:00:00,5019.0,4787.922132977609,4353.818177186986,5222.0260887682325
2018-05-03 16:00:00,3664.0,3601.3834596946626,3167.2795039040393,4035.487415485286
2018-05-03 17:00:00,3325.0,3198.228682427521,2764.124726636898,3632.3326382181444
2018-05-03 18:00:00,2716.0,3039.682500438766,2605.5785446481427,3473.7864562293894
2018-05-03 19:00:00,1918.0,2413.952891364655,1979.8489355740317,2848.0568471552783
2018-05-03 20:00:00,1308.0,1544.6006869846244,1110.496731194001,1978.7046427752477
2018-05-03 21:00:00,655.0,724.8840365392432,290.78008074861987,1158.9879923298665
2018-05-03 22:00:00,393.0,380.7120977863591,0.0,814.8160535769824
2018-05-03 23:00:00,338.0,325.86498438373127,0.0,759.9689401743547
2018-05-04 00:00:00,409.0,398.402865684672,0.0,832.5068214752953
2018-05-04 01:00:00,882.0,908.2225454111826,474.1185896205593,1342.326501201806
2018-05-04 02:00:00,2841.0,2902.9377432491965,2468.833787458573,3337.04169903982
2018-05-04 03:00:00,5503.0,5827.909451337362,5393.805495546739,6262.013407127985
2018-05-04 04:00:00,6587.0,6603.895298927134,6169.7913431365105,7037.999254717757
2018-05-04 05:00:00,5771.0,6010.698254401557,5576.594298610934,6444.802210192181
2018-05-04 06:00:00,5156.0,5294.377268107894,4860.273312317271,5728.481223898518
2018-05-04 07:00:00,4982.0,4874.410290555272,4440.306334764648,5308.514246345895
2018-05-04 08:00:00,5275.0,5267.715057818304,4833.61110202768,5701.819013608927
2018-05-04 09:00:00,5528.0,5488.782444680627,5054.678488890004,5922.88640047125
2018-05-04 10:00:00,5557.0,5561.420096728629,5127.316140938005,5995.524052519252
2018-05-04 11:00:00,5869.0,5718.308494967708,5284.204539177084,6152.412450758331
2018-05-04 12:00:00,6262.0,6012.044756992251,5577.940801201627,6446.148712782874
2018-05-04 13:00:00,6662.0,6373.263921302273,5939.15996551165,6807.367877092896
2018-05-04 14:00:00,6014.0,5833.645987550387,5399.542031759764,6267.74994334101
2018-05-04 15:00:00,5024.0,4903.945866530047,4469.841910739424,5338.0498223206705
2018-05-04 16:00:00,4000.0,3752.6762158334677,3318.5722600428444,4186.780171624091
2018-05-04 17:00:00,3541.0,3208.4688136613354,2774.364857870712,3642.5727694519587
2018-05-04 18:00:00,3323.0,3071.6797916447226,2637.5758358540993,3505.783747435346
2018-05-04 19:00:00,2718.0,2867.8856689846048,2433.7817131939814,3301.989624775228
2018-05-04 20:00:00,2103.0,2124.2756205991523,1690.171664808529,2558.3795763897756
2018-05-04 21:00:00,1446.0,1317.2818328036847,883.1778770130613,1751.385788594308
2018-05-04 22:00:00,691.0,811.5149585554885,377.4110027648652,1245.618914346112
2018-05-05 00:00:00,345.0,423.42656796571714,0.0,857.5305237563405
2018-05-05 01:00:00,399.0,496.4119213241335,62.307965533510185,930.5158771147569
2018-05-05 03:00:00,1382.0,1622.7945764325445,1188.6906206419212,2056.898532223168
2018-05-05 04:00:00,2248.0,2440.220611530858,2006.1166557402348,2874.3245673214815
2018-05-05 05:00:00,3095.0,2976.8425489917527,2542.7385932011293,3410.946504782376
2018-05-05 06:00:00,3848.0,3916.287791414077,3482.183835623454,4350.391747204701
2018-05-05 07:00:00,3915.0,4366.983963895362,3932.8800081047384,4801.087919685985
2018-05-05 08:00:00,4280.0,4410.551535601335,3976.4475798107114,4844.655491391958
2018-05-05 09:00:00,4775.0,4884.47021087344,4450.366255082817,5318.574166664063
2018-05-05 10:00:00,4730.0,4698.484575924599,4264.380620133976,5132.588531715222
2018-05-05 11:00:00,4394.0,4611.297883691136,4177.193927900513,5045.401839481759
2018-05-05 12:00:00,4699.0,4712.84462863236,4278.740672841736,5146.948584422983
2018-05-05 13:00:00,4580.0,4700.852208247205,4266.748252456582,5134.956164037829
2018-05-05 14:00:00,4539.0,4415.193047396011,3981.0890916053877,4849.297003186634
2018-05-05 15:00:00,4156.0,4189.911360104742,3755.8074043141187,4624.015315895365
2018-05-05 16:00:00,3146.0,3397.2648701501457,2963.1609143595224,3831.368825940769
2018-05-05 17:00:00,2767.0,3024.6221000925248,2590.5181443019014,3458.726055883148
2018-05-05 18:00:00,2922.0,3051.8463686771856,2617.7424128865623,3485.950324467809
2018-05-05 19:00:00,3145.0,2915.091732977611,2480.987777186988,3349.1956887682345
2018-05-05 20:00:00,2432.0,2116.682156356648,1682.5782005660249,2550.7861121472715
2018-05-05 21:00:00,1674.0,1317.973591795758,883.8696360051347,1752.0775475863813
2018-05-05 22:00:00,784.0,925.3194560238683,491.21550023324494,1359.4234118144916
2018-05-05 23:00:00,509.0,739.6694816876006,305.5655258969773,1173.773437478224
2018-05-06 00:00:00,346.0,423.71345260337097,0.0,857.8174083939944
2018-05-06 01:00:00,269.0,396.1457216743283,0.0,830.2496774649517
2018-05-06 02:00:00,459.0,568.7707807495891,134.66682495896578,1002.8747365402124
2018-05-06 03:00:00,998.0,1017.3926337963017,583.2886780056783,1451.496589586925
2018-05-06 04:00:00,1332.0,1200.3085783668523,766.204622576229,1634.4125341574756
2018-05-06 05:00:00,2390.0,1820.7794854205983,1386.675529629975,2254.883441211222
2018-05-06 06:00:00,3000.0,2925.2187098323634,2491.11475404174,3359.3226656229867
2018-05-06 07:00:00,3568.0,3644.875047238089,3210.7710914474656,4078.979003028712
2018-05-06 08:00:00,3914.0,4127.454665090923,3693.3507093003,4561.558620881547
2018-05-06 09:00:00,4053.0,4337.614697107835,3903.510741317212,4771.7186528984585
2018-05-06 10:00:00,4237.0,4361.376018403381,3927.2720626127575,4795.479974194004
2018-05-06 11:00:00,4295.0,4351.453058034239,3917.3491022436156,4785.557013824862
2018-05-06 12:00:00,4332.0,4315.5962523778235,3881.4922965872,4749.700208168447
2018-05-06 13:00:00,4181.0,4287.358662165127,3853.2547063745033,4721.46261795575
2018-05-06 14:00:00,3739.0,4234.986159895319,3800.882204104696,4669.090115685943
2018-05-06 15:00:00,3778.0,3837.2128482122357,3403.1088924216124,4271.3168040028595
2018-05-06 16:00:00,3041.0,3275.9774649066826,2841.8735091160593,3710.081420697306
2018-05-06 17:00:00,2658.0,2692.267345207137,2258.163389416514,3126.3713009977605
2018-05-06 18:00:00,2350.0,2615.2484664037224,2181.144510613099,3049.3524221943458
2018-05-06 19:00:00,1717.0,1986.2211688632635,1552.1172130726402,2420.3251246538866
2018-05-06 20:00:00,1248.0,1297.2785756120925,863.1746198214692,1731.3825314027158
2018-05-06 21:00:00,597.0,613.0106619420786,178.9067061514553,1047.1146177327018
2018-05-06 22:00:00,353.0,415.1018428828053,0.0,849.2057986734286
2018-05-06 23:00:00,244.0,308.55946112206584,0.0,742.6634169126892
2018-05-07 00:00:00,326.0,334.92015426436575,0.0,769.024110054989
2018-05-07 01:00:00,875.0,798.602867580365,364.49891178974167,1232.7068233709883
2018-05-07 02:00:00,2729.0,2774.860086133061,2340.7561303424377,3208.9640419236844
2018-05-07 03:00:00,5780.0,5795.122816566609,5361.018860775986,6229.226772357232
2018-05-07 04:00:00,6339.0,6481.443736440524,6047.339780649901,6915.547692231147
2018-05-07 05:00:00,5793.0,5603.3134054484335,5169.20944965781,6037.417361239057
2018-05-07 06:00:00,4932.0,4913.332271881718,4479.228316091095,5347.436227672341
2018-05-07 07:00:00,4369.0,4339.624977516453,3905.52102172583,4773.728933307077
2018-05-07 08:00:00,4608.0,4555.439902064081,4121.335946273458,4989.543857854705
2018-05-07 09:00:00,4792.0,4814.709454451251,4380.605498660628,5248.813410241874
2018-05-07 10:00:00,4815.0,4854.651237893439,4420.547282102816,5288.755193684063
2018-05-07 11:00:00,4969.0,5188.050494820869,4753.946539030246,5622.154450611492
2018-05-07 12:00:00,5799.0,5757.565894956576,5323.461939165953,6191.669850747199
2018-05-07 13:00:00,6663.0,6331.9818026405155,5897.877846849892,6766.085758431139
2018-05-07 14:00:00,6197.0,5930.641733302213,5496.537777511589,6364.745689092836
2018-05-07 15:00:00,4502.0,4395.768075973168,3961.664120182545,4829.872031763792
2018-05-07 16:00:00,3292.0,3178.3620089371893,2744.258053146566,3612.4659647278127
2018-05-07 17:00:00,2791.0,2738.3092589089897,2304.2053031183664,3172.413214699613
2018-05-07 18:00:00,2494.0,2448.953906437961,2014.8499506473377,2883.0578622285843
2018-05-07 19:00:00,1591.0,1828.0884188033226,1393.9844630126993,2262.1923745939457
2018-05-07 20:00:00,1010.0,1158.9339105469555,724.8299547563322,1593.0378663375789
2018-05-07 21:00:00,585.0,593.3899167729305,159.2859609823072,1027.4938725635539
2018-05-07 22:00:00,356.0,352.35061846897645,0.0,786.4545742595998
2018-05-07 23:00:00,264.0,296.4398093842617,0.0,730.543765174885
2018-05-08 00:00:00,331.0,377.8637955547516,0.0,811.967751345375
2018-05-08 01:00:00,868.0,890.1905485829287,456.0865927923054,1324.2945043735522
2018-05-08 02:00:00,2849.0,2886.896541470873,2452.79258568025,3321.0004972614965
2018-05-08 03:00:00,5958.0,5932.668190250023,5498.5642344594,6366.7721460406465
2018-05-08 04:00:00,6651.0,6757.958093342674,6323.854137552051,7192.0620491332975
2018-05-08 05:00:00,6203.0,6053.533760432384,5619.429804641761,6487.637716223007
2018-05-08 06:00:00,5428.0,5248.279219244999,4814.175263454375,5682.383175035622
2018-05-08 07:00:00,4500.0,4611.671839785557,4177.567883994933,5045.77579557618
2018-05-08 08:00:00,4614.0,4823.756368763259,4389.652412972636,5257.8603245538825
2018-05-08 09:00:00,4601.0,5099.81074795294,4665.706792162317,5533.914703743563
2018-05-08 10:00:00,4583.0,5119.307339416733,4685.20338362611,5553.4112952073565
2018-05-08 11:00:00,5196.0,5399.541795851808,4965.437840061185,5833.645751642432
2018-05-08 12:00:00,5855.0,5803.0000411782585,5368.896085387635,6237.103996968882
2018-05-08 13:00:00,6578.0,6169.735271975518,5735.631316184895,6603.839227766141
2018-05-08 14:00:00,6279.0,6084.826133084888,5650.722177294265,6518.9300888755115
2018-05-08 15:00:00,4545.0,4715.236859266501,4281.132903475877,5149.340815057124
2018-05-08 16:00:00,3274.0,3321.8244643061225,2887.720508515499,3755.928420096746
2018-05-08 17:00:00,3044.0,2966.742880975632,2532.6389251850087,3400.8468367662554
2018-05-08 18:00:00,2334.0,2769.824224991647,2335.7202692010237,3203.9281807822704
2018-05-08 19:00:00,1513.0,2039.2705252948695,1605.1665695042461,2473.374481085493
2018-05-08 20:00:00,1027.0,1250.7050498732192,816.6010940825959,1684.8090056638425
2018-05-08 21:00:00,516.0,558.3163723301251,124.21241653950176,992.4203281207484
2018-05-08 22:00:00,319.0,357.9179780073259,0.0,792.0219337979493
2018-05-08 23:00:00,261.0,297.2666199007609,0.0,731.3705756913841
2018-05-09 00:00:00,340.0,373.9737838210263,0.0,808.0777396116496
2018-05-09 01:00:00,885.0,896.8347589579671,462.73080316734377,1330.9387147485904
2018-05-09 02:00:00,2881.0,2833.266056182823,2399.1621003921996,3267.3700119734463
2018-05-09 03:00:00,6008.0,5978.812334031978,5544.708378241355,6412.916289822601
2018-05-09 04:00:00,6523.0,6600.252252200647,6166.148296410023,7034.35620799127
2018-05-09 05:00:00,6254.0,6031.073090398031,5596.969134607408,6465.1770461886545
2018-05-09 06:00:00,5210.0,5236.985157183696,4802.881201393073,5671.0891129743195
2018-05-09 07:00:00,4720.0,4657.26139940507,4223.1574436144465,5091.365355195693
2018-05-09 08:00:00,4693.0,4925.4223840548175,4491.318428264194,5359.526339845441
2018-05-09 09:00:00,4840.0,5101.464075028786,4667.360119238163,5535.56803081941
2018-05-09 10:00:00,4933.0,5194.331791305292,4760.227835514669,5628.435747095916
2018-05-09 11:00:00,5109.0,5422.64865004942,4988.544694258797,5856.7526058400435
2018-05-09 12:00:00,6159.0,5933.616313843631,5499.512358053008,6367.720269634255
2018-05-09 13:00:00,6844.0,6505.480349513879,6071.376393723256,6939.584305304503
2018-05-09 14:00:00,6436.0,6265.529371498655,5831.425415708031,6699.633327289278
2018-05-09 15:00:00,4768.0,4660.795079878651,4226.691124088028,5094.899035669275
2018-05-09 16:00:00,3511.0,3386.75468521654,2952.650729425917,3820.8586410071634
2018-05-09 17:00:00,3287.0,2997.6158019960453,2563.511846205422,3431.7197577866687
2018-05-09 18:00:00,2734.0,2729.7146460804006,2295.6106902897773,3163.818601871024
2018-05-09 19:00:00,1736.0,2014.2852744772338,1580.1813186866104,2448.389230267857
2018-05-09 20:00:00,1466.0,1442.310673103026,1008.2067173124026,1876.4146288936493
2018-05-09 21:00:00,633.0,679.3829035367467,245.27894774612332,1113.48685932737
2018-05-09 22:00:00,364.0,362.2359412913596,0.0,796.3398970819829
2018-05-09 23:00:00,270.0,343.1535841604013,0.0,777.2575399510247
2018-05-10 00:00:00,374.0,371.7763276482312,0.0,805.8802834388546
2018-05-10 01:00:00,928.0,841.3945515285894,407.2905957379661,1275.4985073192129
2018-05-10 02:00:00,2881.0,2787.082836929429,2352.9788811388057,3221.1867927200524
2018-05-10 03:00:00,5840.0,5935.041156414459,5500.937200623835,6369.145112205082
2018-05-10 04:00:00,6197.0,6753.916809110659,6319.812853320036,7188.020764901283
2018-05-10 05:00:00,5690.0,6122.021074993644,5687.917119203021,6556.125030784267
2018-05-10 06:00:00,5568.0,5290.607906087154,4856.503950296531,5724.711861877778
2018-05-10 07:00:00,4691.0,4784.8963488067075,4350.792393016084,5219.000304597331
2018-05-10 08:00:00,5120.0,5026.782329869454,4592.6783740788305,5460.886285660077
2018-05-10 09:00:00,5268.0,5239.947651336467,4805.843695545844,5674.05160712709
2018-05-10 10:00:00,5140.0,5334.713669743536,4900.609713952913,5768.81762553416
2018-05-10 11:00:00,5599.0,5646.92776337054,5212.823807579916,6081.031719161163
2018-05-10 12:00:00,6364.0,6016.076242652573,5581.972286861949,6450.180198443196
2018-05-10 13:00:00,7074.0,6461.350516102142,6027.246560311519,6895.4544718927655
2018-05-10 14:00:00,6722.0,6081.740707806693,5647.636752016069,6515.844663597316
2018-05-10 15:00:00,5110.0,4890.411054667373,4456.3070988767495,5324.515010457996
2018-05-10 16:00:00,3824.0,3625.454182433911,3191.3502266432874,4059.558138224534
2018-05-10 17:00:00,3310.0,3217.338846824695,2783.2348910340716,3651.442802615318
2018-05-10 18:00:00,2906.0,3009.993046267341,2575.8890904767177,3444.0970020579643
2018-05-10 19:00:00,2014.0,2541.8188120623304,2107.714856271707,2975.9227678529537
2018-05-10 20:00:00,1287.0,1545.7973080074696,1111.6933522168463,1979.901263798093
2018-05-10 21:00:00,660.0,783.7585982006835,349.6546424100602,1217.8625539913069
2018-05-10 22:00:00,379.0,400.5360494439646,0.0,834.640005234588
2018-05-10 23:00:00,302.0,333.7413591324633,0.0,767.8453149230866
2018-05-11 00:00:00,342.0,406.4151576678483,0.0,840.5191134584716
2018-05-11 01:00:00,814.0,835.1371648774216,401.03320908679825,1269.241120668045
2018-05-11 02:00:00,2640.0,2867.1659554809207,2433.0619996902974,3301.269911271544
2018-05-11 03:00:00,5561.0,5867.645318028162,5433.541362237539,6301.749273818786
2018-05-11 04:00:00,6472.0,6664.519982540668,6230.416026750045,7098.623938331291
2018-05-11 05:00:00,5594.0,6127.360767476129,5693.256811685505,6561.464723266752
2018-05-11 06:00:00,5189.0,5325.370182632997,4891.266226842374,5759.47413842362
2018-05-11 07:00:00,4978.0,4919.226763307866,4485.122807517243,5353.33071909849
2018-05-11 08:00:00,5292.0,5265.071649493524,4830.967693702901,5699.175605284147
2018-05-11 09:00:00,5530.0,5495.113897835576,5061.009942044952,5929.217853626199
2018-05-11 10:00:00,5323.0,5480.873213985431,5046.769258194808,5914.977169776054
2018-05-11 11:00:00,5648.0,5711.400863364517,5277.296907573894,6145.5048191551405
2018-05-11 12:00:00,6354.0,6034.9492898471635,5600.84533405654,6469.053245637787
2018-05-11 13:00:00,6858.0,6334.786901628227,5900.682945837603,6768.89085741885
2018-05-11 14:00:00,5773.0,5787.000951941424,5352.896996150801,6221.104907732048
2018-05-11 15:00:00,5138.0,4906.439105901424,4472.335150110801,5340.543061692048
2018-05-11 16:00:00,3863.0,3736.601674268396,3302.4977184777727,4170.705630059019
2018-05-11 17:00:00,3108.0,3152.8651324515586,2718.7611766609352,3586.969088242182
2018-05-11 18:00:00,3134.0,3084.5667307253557,2650.4627749347324,3518.670686515979
2018-05-11 19:00:00,2436.0,2852.2507671524136,2418.1468113617902,3286.354722943037
2018-05-11 20:00:00,1740.0,2047.654028888635,1613.5500730980116,2481.7579846792582
2018-05-11 21:00:00,1107.0,1337.9235632790906,903.8196074884672,1772.027519069714
2018-05-11 22:00:00,642.0,700.4988272524567,266.3948714618334,1134.60278304308
2018-05-11 23:00:00,427.0,546.8452266020464,112.74127081142308,980.9491823926697
2018-05-12 00:00:00,482.0,376.03991777869845,0.0,810.1438735693218
2018-05-12 01:00:00,440.0,470.2655763395584,36.16162054893505,904.3695321301817
2018-05-12 02:00:00,809.0,1239.0043043807727,804.9003485901494,1673.108260171396
2018-05-12 03:00:00,1428.0,1890.556125447052,1456.4521696564286,2324.6600812376755
2018-05-12 04:00:00,2113.0,2324.8634988490476,1890.7595430584242,2758.967454639671
2018-05-12 05:00:00,3110.0,3103.703350340678,2669.5993945500545,3537.807306131301
2018-05-12 06:00:00,3792.0,3779.6565639917803,3345.552608201157,4213.760519782403
2018-05-12 07:00:00,4455.0,4239.033949701141,3804.9299939105176,4673.137905491764
2018-05-12 08:00:00,4818.0,4607.498359553557,4173.3944037629335,5041.60231534418
2018-05-12 09:00:00,5167.0,4680.481028613514,4246.377072822891,5114.584984404138
2018-05-12 10:00:00,4769.0,4807.674958773666,4373.5710029830425,5241.778914564289
2018-05-12 11:00:00,4631.0,4860.2739293161,4426.169973525477,5294.377885106724
2018-05-12 12:00:00,4283.0,4825.624606993307,4391.520651202683,5259.72856278393
2018-05-12 13:00:00,4148.0,4734.85491488838,4300.750959097757,5168.958870679004
2018-05-12 14:00:00,3972.0,4601.902964935582,4167.799009144958,5036.006920726205
2018-05-12 15:00:00,3736.0,3983.0034686920408,3548.8995129014174,4417.107424482664
2018-05-12 16:00:00,3060.0,3197.9003997203895,2763.796443929766,3632.004355511013
2018-05-12 17:00:00,2718.0,2870.0867598624523,2435.982804071829,3304.1907156530756
2018-05-12 18:00:00,2727.0,2896.489385385569,2462.385429594946,3330.5933411761926
2018-05-12 19:00:00,2527.0,2803.502023878466,2369.3980680878426,3237.6059796690893
2018-05-12 20:00:00,2033.0,2063.0869803949777,1628.9830246043543,2497.190936185601
2018-05-12 21:00:00,1191.0,1265.0989314328524,830.9949756422291,1699.2028872234757
2018-05-12 22:00:00,756.0,789.9431284564248,355.83917266580147,1224.0470842470481
2018-05-12 23:00:00,622.0,588.5077265845744,154.40377079395103,1022.6116823751977
2018-05-13 00:00:00,353.0,363.9610138500748,0.0,798.0649696406981
2018-05-13 01:00:00,342.0,396.28332810273025,0.0,830.3872838933536
2018-05-13 02:00:00,460.0,627.9223153147332,193.81835952410984,1062.0262711053565
2018-05-13 03:00:00,868.0,908.4909775446147,474.38702175399135,1342.594933335238
2018-05-13 04:00:00,1304.0,1316.432604300147,882.3286485095236,1750.5365600907703
2018-05-13 05:00:00,1965.0,1817.466491074496,1383.3625352838726,2251.5704468651193
2018-05-13 06:00:00,3117.0,2709.9064761453064,2275.802520354683,3144.01043193593
2018-05-13 07:00:00,3725.0,3556.6383420229513,3122.534386232328,3990.7422978135746
2018-05-13 08:00:00,3983.0,3992.43291814929,3558.3289623586666,4426.536873939913
2018-05-13 09:00:00,4088.0,4332.895972839587,3898.7920170489633,4766.99992863021
2018-05-13 10:00:00,4184.0,4350.1217357212645,3916.017779930641,4784.225691511888
2018-05-13 11:00:00,4091.0,4313.683667023272,3879.579711232649,4747.787622813896
2018-05-13 12:00:00,4072.0,4280.89027554526,3846.7863197546367,4714.994231335883
2018-05-13 13:00:00,4169.0,4209.736821769408,3775.632865978785,4643.840777560032
2018-05-13 14:00:00,3827.0,3900.3978034262327,3466.2938476356094,4334.501759216856
2018-05-13 15:00:00,3555.0,3667.3265955620855,3233.222639771462,4101.430551352709
2018-05-13 16:00:00,3256.0,3187.549084938425,2753.4451291478017,3621.6530407290484
2018-05-13 17:00:00,3049.0,2702.945644281648,2268.841688491025,3137.0496000722715
2018-05-13 18:00:00,2586.0,2509.363662140565,2075.2597063499416,2943.467617931188
2018-05-13 19:00:00,1759.0,2018.0465038642737,1583.9425480736504,2452.150459654897
2018-05-13 20:00:00,1077.0,1270.5548674566376,836.4509116660142,1704.658823247261
2018-05-13 21:00:00,598.0,728.9687694060274,294.86481361540405,1163.0727251966507
2018-05-13 22:00:00,366.0,387.7332748347828,0.0,821.8372306254062
2018-05-13 23:00:00,243.0,309.0463217206031,0.0,743.1502775112265
2018-05-14 00:00:00,308.0,364.87455004404325,0.0,798.9785058346665
2018-05-14 01:00:00,875.0,808.7844290388304,374.680473248207,1242.8883848294536
2018-05-14 02:00:00,2816.0,2771.036244223968,2336.9322884333446,3205.1402000145913
2018-05-14 03:00:00,5792.0,5662.523959561159,5228.420003770536,6096.627915351783
2018-05-14 04:00:00,6559.0,6608.38255012085,6174.278594330227,7042.486505911474
2018-05-14 05:00:00,5870.0,5772.335732028257,5338.231776237633,6206.43968781888
2018-05-14 06:00:00,5052.0,4906.7889769008625,4472.685021110239,5340.892932691486
2018-05-14 07:00:00,4392.0,4355.111753036651,3921.0077972460276,4789.215708827274
2018-05-14 08:00:00,4573.0,4615.985199458992,4181.881243668368,5050.089155249615
2018-05-14 09:00:00,4794.0,4868.515744155576,4434.411788364952,5302.619699946199
2018-05-14 10:00:00,4831.0,4869.065585060348,4434.961629269725,5303.169540850971
2018-05-14 11:00:00,5025.0,5211.118349068411,4777.014393277787,5645.222304859034
2018-05-14 12:00:00,5598.0,5758.113560143729,5324.009604353106,6192.217515934352
2018-05-14 13:00:00,6463.0,6358.590644043474,5924.48668825285,6792.694599834097
2018-05-14 14:00:00,5971.0,5972.610862490816,5538.506906700192,6406.714818281439
2018-05-14 15:00:00,4545.0,4367.916121203758,3933.8121654131346,4802.020076994381
2018-05-14 16:00:00,3113.0,3178.685866824925,2744.581911034302,3612.7898226155485
2018-05-14 17:00:00,2681.0,2717.205927567032,2283.101971776409,3151.3098833576555
2018-05-14 18:00:00,2293.0,2596.2421095947884,2162.138153804165,3030.3460653854117
2018-05-14 19:00:00,2107.0,1788.2976349202163,1354.193679129593,2222.4015907108396
2018-05-14 20:00:00,1022.0,1153.8018610088004,719.6979052181771,1587.9058167994237
2018-05-14 21:00:00,555.0,559.9781614610367,125.8742056704134,994.0821172516601
2018-05-14 22:00:00,309.0,394.93769069446927,0.0,829.0416464850925
2018-05-14 23:00:00,248.0,297.6375033833671,0.0,731.7414591739905
2018-05-15 00:00:00,349.0,374.11139024942827,0.0,808.2153460400516
2018-05-15 01:00:00,934.0,878.2181138087185,444.11415801809517,1312.3220695993418
2018-05-15 02:00:00,3020.0,2890.379246389723,2456.2752905990997,3324.4832021803463
2018-05-15 03:00:00,5914.0,5962.557021786265,5528.453065995642,6396.660977576888
2018-05-15 04:00:00,6264.0,6752.053943348581,6317.949987557958,7186.157899139204
2018-05-15 05:00:00,5433.0,6005.245284221239,5571.141328430615,6439.349240011862
2018-05-15 06:00:00,5399.0,5213.514442108077,4779.410486317453,5647.6183978987
2018-05-15 07:00:00,4528.0,4589.2569567613555,4155.153000970732,5023.360912551979
2018-05-15 08:00:00,4808.0,4776.984717841588,4342.880762050964,5211.088673632211
2018-05-15 09:00:00,4967.0,5044.63944653319,4610.535490742566,5478.743402323813
2018-05-15 10:00:00,5017.0,5140.645164811573,4706.541209020949,5574.749120602196
2018-05-15 11:00:00,5380.0,5416.353668734013,4982.24971294339,5850.457624524636
2018-05-15 12:00:00,6033.0,5869.965622928781,5435.861667138158,6304.0695787194045
2018-05-15 13:00:00,6888.0,6471.33133865806,6037.227382867437,6905.435294448684
2018-05-15 14:00:00,6548.0,6032.057072450999,5597.953116660376,6466.161028241622
2018-05-15 15:00:00,4953.0,4671.169238068813,4237.065282278189,5105.273193859436
2018-05-15 16:00:00,3602.0,3352.1773014672276,2918.0733456766043,3786.281257257851
2018-05-15 17:00:00,3050.0,2966.276705522361,2532.172749731738,3400.3806613129846
2018-05-15 18:00:00,2773.0,2770.237099940711,2336.1331441500874,3204.341055731334
2018-05-15 19:00:00,3335.0,2064.5185829380443,1630.414627147421,2498.6225387286677
2018-05-15 20:00:00,2286.0,1512.2144922244065,1078.1105364337832,1946.3184480150298
2018-05-15 21:00:00,720.0,700.5616974224748,266.4577416318515,1134.6656532130983
2018-05-15 22:00:00,442.0,542.5409617645976,108.43700597397424,976.6449175552209
2018-05-15 23:00:00,352.0,421.86758965202415,0.0,855.9715454426475
2018-05-16 00:00:00,367.0,383.4829200119242,0.0,817.5868758025475
2018-05-16 01:00:00,895.0,827.9127186014452,393.8087628108219,1262.0166743920686
2018-05-16 02:00:00,3014.0,3008.5091475705985,2574.405191779975,3442.613103361222
2018-05-16 03:00:00,5844.0,6029.268507191272,5595.164551400649,6463.372462981895
2018-05-16 04:00:00,5988.0,6746.47000319417,6312.366047403547,7180.5739589847935
2018-05-16 05:00:00,5293.0,6240.751040168982,5806.647084378359,6674.854995959606
2018-05-16 06:00:00,5122.0,5328.024139008242,4893.920183217619,5762.128094798865
2018-05-16 07:00:00,4941.0,4809.994910392215,4375.890954601592,5244.098866182839
2018-05-16 08:00:00,5110.0,5058.525563252841,4624.421607462217,5492.629519043464
2018-05-16 09:00:00,5042.0,5209.093235257062,4774.989279466438,5643.197191047685
2018-05-16 10:00:00,4952.0,5392.8739418314635,4958.76998604084,5826.977897622087
2018-05-16 11:00:00,5286.0,5609.0817010185665,5174.977745227943,6043.18565680919
2018-05-16 12:00:00,5871.0,5967.240525678003,5533.13656988738,6401.344481468626
2018-05-16 13:00:00,6775.0,6324.315245260485,5890.211289469862,6758.419201051109
2018-05-16 14:00:00,6123.0,5853.438519105061,5419.334563314437,6287.542474895684
2018-05-16 15:00:00,4717.0,4772.759709125579,4338.655753334956,5206.863664916203
2018-05-16 16:00:00,3697.0,3508.730272390093,3074.6263165994696,3942.8342281807163
2018-05-16 17:00:00,3387.0,3032.679547047167,2598.5755912565437,3466.7835028377904
2018-05-16 18:00:00,3187.0,2775.6827330818505,2341.578777291227,3209.786688872474
2018-05-16 19:00:00,2443.0,2084.0799619891823,1649.976006198559,2518.1839177798056
2018-05-16 20:00:00,2291.0,1431.4323925299177,997.3284367392944,1865.536348320541
2018-05-16 21:00:00,684.0,796.8951053317508,362.7911495411274,1230.999061122374
2018-05-16 22:00:00,495.0,496.36260745219994,62.25865166157661,930.4665632428232
2018-05-16 23:00:00,294.0,441.6089807144978,7.505024923874487,875.7129365051212
2018-05-17 00:00:00,364.0,382.4870854375327,0.0,816.591041228156
2018-05-17 01:00:00,929.0,817.4970602087428,383.3931044181195,1251.6010159993662
2018-05-17 02:00:00,2935.0,2814.832189225276,2380.728233434653,3248.9361450158995
2018-05-17 03:00:00,5846.0,5791.787086713047,5357.6831309224235,6225.89104250367
2018-05-17 04:00:00,6323.0,6813.636655413164,6379.53269962254,7247.740611203787
2018-05-17 05:00:00,5494.0,5945.67003892454,5511.566083133916,6379.773994715163
2018-05-17 06:00:00,5299.0,5318.687040060775,4884.583084270152,5752.790995851398
2018-05-17 07:00:00,4444.0,4838.313650313566,4404.209694522942,5272.417606104189
2018-05-17 08:00:00,4913.0,5168.548149923259,4734.444194132636,5602.6521057138825
2018-05-17 09:00:00,5120.0,5334.03017505496,4899.926219264336,5768.134130845583
2018-05-17 10:00:00,5096.0,5239.149004022734,4805.04504823211,5673.252959813357
2018-05-17 11:00:00,5480.0,5533.610046626256,5099.506090835633,5967.714002416879
2018-05-17 12:00:00,6289.0,6012.626265445862,5578.522309655239,6446.730221236486
2018-05-17 13:00:00,6594.0,6466.915315800471,6032.811360009848,6901.019271591094
2018-05-17 14:00:00,6171.0,6012.439098211285,5578.335142420662,6446.543054001909
2018-05-17 15:00:00,4989.0,4848.033753314505,4413.9297975238815,5282.137709105128
2018-05-17 16:00:00,3647.0,3605.9601671265045,3171.856211335881,4040.064122917128
2018-05-17 17:00:00,3400.0,3161.206514032662,2727.102558242039,3595.3104698232855
2018-05-17 18:00:00,3238.0,3079.5608662935606,2645.4569105029373,3513.664822084184
2018-05-17 19:00:00,2677.0,2453.471282038747,2019.3673262481238,2887.5752378293705
2018-05-17 20:00:00,1852.0,1514.5006402118045,1080.3966844211811,1948.6045960024278
2018-05-17 21:00:00,736.0,848.449663581185,414.3457077905616,1282.5536193718083
2018-05-17 22:00:00,453.0,541.0815880953385,106.97763230471514,975.1855438859618
2018-05-17 23:00:00,365.0,381.4790834699044,0.0,815.5830392605278
2018-05-18 00:00:00,351.0,395.0706721851297,0.0,829.1746279757531
2018-05-18 01:00:00,846.0,837.9345978209736,403.8306420303503,1272.0385536115969
2018-05-18 02:00:00,2786.0,2847.8728555729645,2413.768899782341,3281.976811363588
2018-05-18 03:00:00,5552.0,5786.290847586154,5352.186891795531,6220.394803376777
2018-05-18 04:00:00,6583.0,6516.4324754473455,6082.328519656722,6950.536431237969
2018-05-18 05:00:00,5321.0,5802.956292817321,5368.852337026698,6237.060248607944
2018-05-18 06:00:00,4984.0,5313.957820632575,4879.853864841952,5748.061776423198
2018-05-18 07:00:00,4736.0,4864.261699721897,4430.157743931273,5298.36565551252
2018-05-18 08:00:00,5133.0,5323.987177765479,4889.883221974856,5758.091133556102
2018-05-18 09:00:00,5337.0,5547.836812675771,5113.732856885148,5981.940768466395
2018-05-18 10:00:00,5316.0,5455.408563548015,5021.304607757392,5889.512519338638
2018-05-18 11:00:00,5810.0,5678.726017300417,5244.622061509794,6112.82997309104
2018-05-18 12:00:00,6400.0,5994.170755999267,5560.066800208644,6428.274711789891
2018-05-18 13:00:00,6496.0,6299.981580610658,5865.877624820035,6734.085536401281
2018-05-18 14:00:00,6197.0,5747.324510214185,5313.220554423561,6181.428466004808
2018-05-18 15:00:00,5241.0,4881.671143184715,4447.567187394092,5315.775098975339
2018-05-18 16:00:00,3850.0,3724.9500777140343,3290.846121923411,4159.054033504657
2018-05-18 17:00:00,3441.0,3274.2883093590426,2840.1843535684193,3708.392265149666
2018-05-18 18:00:00,3196.0,3149.950672865464,2715.846717074841,3584.0546286560875
2018-05-18 19:00:00,2728.0,2848.9159090230505,2414.811953232427,3283.019864813674
2018-05-18 20:00:00,1797.0,2089.0268987752765,1654.9229429846532,2523.1308545659
2018-05-18 21:00:00,1420.0,1319.9656692115534,885.8617134209301,1754.0696250021767
2018-05-18 22:00:00,855.0,811.8773296799812,377.7733738893579,1245.9812854706047
2018-05-18 23:00:00,639.0,544.3809474314826,110.27699164085925,978.4849032221059
2018-05-19 00:00:00,494.0,410.11046740545146,0.0,844.2144231960748
2018-05-19 01:00:00,477.0,492.0817908269221,57.97783503629876,926.1857466175454
2018-05-19 02:00:00,806.0,951.1264078384297,517.0224520478064,1385.230363629053
2018-05-19 03:00:00,1430.0,1571.179747547304,1137.0757917566807,2005.2837033379274
2018-05-19 04:00:00,2062.0,2172.004549861197,1737.9005940705738,2606.1085056518205
2018-05-19 05:00:00,3277.0,3026.613023622098,2592.5090678314746,3460.7169794127212
2018-05-19 06:00:00,3569.0,3771.4215228548605,3337.317567064237,4205.525478645484
2018-05-19 07:00:00,3857.0,4233.839076438959,3799.7351206483354,4667.943032229582
2018-05-19 08:00:00,4112.0,4623.601457031035,4189.497501240412,5057.705412821659
2018-05-19 09:00:00,4259.0,4663.05733772426,4228.953381933637,5097.161293514883
2018-05-19 10:00:00,4542.0,4634.135762054981,4200.031806264357,5068.239717845604
2018-05-19 11:00:00,4802.0,4554.239423037163,4120.1354672465395,4988.343378827786
2018-05-19 12:00:00,4598.0,4415.490615585836,3981.386659795213,4849.5945713764595
2018-05-19 13:00:00,4398.0,4616.8802568519795,4182.776301061356,5050.984212642603
2018-05-19 14:00:00,4133.0,4573.898974646284,4139.795018855661,5008.002930436907
2018-05-19 15:00:00,3640.0,4169.188897319642,3735.0849415290186,4603.292853110265
2018-05-19 16:00:00,2979.0,3359.6781830376226,2925.5742272469993,3793.782138828246
2018-05-19 17:00:00,2706.0,2908.330604092443,2474.2266483018198,3342.4345598830664
2018-05-19 18:00:00,2705.0,2791.9084656315435,2357.80450984092,3226.012421422167
2018-05-19 19:00:00,2714.0,2736.3944113573275,2302.290455566704,3170.498367147951
2018-05-19 20:00:00,2047.0,2077.693528629735,1643.5895728391115,2511.797484420358
2018-05-19 21:00:00,1216.0,1274.3701703796933,840.2662145890699,1708.4741261703166
2018-05-19 22:00:00,761.0,842.257337868758,408.15338207813465,1276.3612936593813
2018-05-19 23:00:00,525.0,588.5077265845744,154.40377079395103,1022.6116823751977
2018-05-20 00:00:00,324.0,368.02371883391373,0.0,802.1276746245371
2018-05-20 01:00:00,273.0,396.1457216743283,0.0,830.2496774649517
2018-05-20 02:00:00,433.0,631.6081695181297,197.50421372750634,1065.712125308753
2018-05-20 03:00:00,850.0,914.7616822711683,480.65772648054497,1348.8656380617917
2018-05-20 04:00:00,1242.0,1216.7123215115807,782.6083657209574,1650.816277302204
2018-05-20 05:00:00,1829.0,1814.614001626362,1380.5100458357388,2248.7179574169854
2018-05-20 06:00:00,2638.0,2744.5052452691043,2310.401289478481,3178.6092010597276
2018-05-20 07:00:00,3501.0,3501.2451629714565,3067.141207180833,3935.34911876208
2018-05-20 08:00:00,4300.0,3741.777407601694,3307.6734518110707,4175.881363392317
2018-05-20 09:00:00,4661.0,3957.761689066151,3523.657733275528,4391.865644856774
2018-05-20 10:00:00,3956.0,4167.6091122722455,3733.505156481622,4601.713068062869
2018-05-20 11:00:00,3932.0,4367.212091958038,3933.108136167415,4801.316047748662
2018-05-20 12:00:00,3920.0,4449.172109651318,4015.068153860695,4883.276065441942
2018-05-20 13:00:00,3938.0,4088.4482084179044,3654.344252627281,4522.552164208528
2018-05-20 14:00:00,3768.0,3781.934888637652,3347.8309328470286,4216.038844428275
2018-05-20 15:00:00,3378.0,3433.815784915361,2999.7118291247375,3867.919740705984
2018-05-20 16:00:00,2842.0,2996.490686422253,2562.3867306316297,3430.5946422128764
2018-05-20 17:00:00,2692.0,2639.453879688164,2205.3499238975405,3073.557835478787
2018-05-20 18:00:00,2194.0,2414.5095375066567,1980.4055817160333,2848.61349329728
2018-05-20 19:00:00,1696.0,1764.8094216203426,1330.7054658297193,2198.913377410966
2018-05-20 20:00:00,1107.0,1282.4901372981433,848.38618150752,1716.5940930887666
2018-05-20 21:00:00,652.0,605.1128425387443,171.00888674812097,1039.2167983293675
2018-05-20 22:00:00,350.0,410.4641891175867,0.0,844.5681449082101
2018-05-20 23:00:00,321.0,299.8532851838581,0.0,733.9572409744815
2018-05-21 00:00:00,333.0,395.6769818951835,0.0,829.7809376858067
2018-05-21 01:00:00,860.0,783.3485970635586,349.24464127293527,1217.452552854182
2018-05-21 02:00:00,2796.0,2764.0538841939315,2329.949928403308,3198.157839984555
2018-05-21 03:00:00,5721.0,5882.1938698267395,5448.089914036116,6316.297825617363
2018-05-21 04:00:00,6799.0,6368.6316443493715,5934.527688558748,6802.735600139995
2018-05-21 05:00:00,5726.0,5619.176568059247,5185.072612268624,6053.28052384987
2018-05-21 06:00:00,4865.0,4910.15706527788,4476.053109487257,5344.261021068503
2018-05-21 07:00:00,4254.0,4328.306292098219,3894.202336307596,4762.410247888843
2018-05-21 08:00:00,4454.0,4557.338509912965,4123.234554122341,4991.442465703588
2018-05-21 09:00:00,4810.0,4816.22480710138,4382.120851310757,5250.328762892003
2018-05-21 10:00:00,2040.0,4806.849703006651,4372.745747216028,5240.953658797274
2018-05-21 11:00:00,4224.0,5030.287609200315,4596.183653409692,5464.391564990939
2018-05-21 12:00:00,5895.0,5714.780072446219,5280.676116655595,6148.884028236842
2018-05-21 13:00:00,6968.0,3390.6282721013213,2956.524316310698,3824.7322278919446
2018-05-21 14:00:00,6134.0,5415.5105074671865,4981.406551676563,5849.61446325781
2018-05-21 15:00:00,4586.0,4335.666608568959,3901.562652778336,4769.770564359583
2018-05-21 16:00:00,3249.0,3177.6611122703484,2743.557156479725,3611.7650680609718
2018-05-21 17:00:00,2699.0,2706.6944742398623,2272.590518449239,3140.7984300304856
2018-05-21 18:00:00,2318.0,2544.0439427757033,2109.93998698508,2978.1478985663266
2018-05-21 19:00:00,1668.0,1902.6734456364902,1468.5694898458669,2336.7774014271135
2018-05-21 20:00:00,1060.0,1207.9146325790512,773.8106767884278,1642.0185883696745
2018-05-21 21:00:00,554.0,546.7232134967686,112.61925770614528,980.8271692873919
2018-05-21 22:00:00,333.0,352.8201468068058,0.0,786.924102597429
2018-05-21 23:00:00,249.0,295.38993377784647,0.0,729.4938895684697
2018-05-22 00:00:00,337.0,374.11139024942827,0.0,808.2153460400516
2018-05-22 01:00:00,886.0,877.950743166104,443.84678737548063,1312.0546989567274
2018-05-22 02:00:00,3026.0,2909.132572912678,2475.0286171220546,3343.2365287033012
2018-05-22 03:00:00,5875.0,5876.656147256932,5442.552191466309,6310.760103047555
2018-05-22 04:00:00,6019.0,6732.913155875178,6298.8092000845545,7167.017111665801
2018-05-22 05:00:00,5752.0,6037.996369813059,5603.892414022435,6472.100325603682
2018-05-22 06:00:00,5085.0,5096.303722448636,4662.199766658013,5530.407678239259
2018-05-22 07:00:00,4450.0,4439.016177966445,4004.9122221758216,4873.120133757068
2018-05-22 08:00:00,4631.0,4670.360424867766,4236.256469077142,5104.464380658389
2018-05-22 09:00:00,4760.0,4874.32190287904,4440.217947088417,5308.425858669663
2018-05-22 10:00:00,4840.0,4875.8457727612395,4441.741816970616,5309.949728551863
2018-05-22 11:00:00,5197.0,5258.2899784892215,4824.186022698598,5692.393934279845
2018-05-22 12:00:00,5901.0,5800.341103972517,5366.237148181894,6234.44505976314
2018-05-22 13:00:00,6907.0,6344.210741217397,5910.106785426774,6778.314697008021
2018-05-22 14:00:00,6371.0,6070.246817019803,5636.142861229179,6504.350772810426
2018-05-22 15:00:00,4649.0,4549.109787072596,4115.005831281973,4983.2137428632195
2018-05-22 16:00:00,3367.0,3306.008138465448,2871.904182674825,3740.1120942560715
2018-05-22 17:00:00,3028.0,2982.41352714461,2548.3095713539865,3416.517482935233
2018-05-22 18:00:00,3047.0,2725.895350149904,2291.7913943592807,3159.9993059405274
2018-05-22 19:00:00,1953.0,1992.9635562178248,1558.8596004272015,2427.067512008448
2018-05-22 20:00:00,1084.0,1278.647652410076,844.5436966194527,1712.7516082006994
2018-05-22 21:00:00,599.0,765.7505462681071,331.64659047748376,1199.8545020587303
2018-05-22 22:00:00,363.0,406.4736182077867,0.0,840.5775739984101
2018-05-22 23:00:00,303.0,301.651505143329,0.0,735.7554609339523
2018-05-23 00:00:00,349.0,369.0436139197739,0.0,803.1475697103972
2018-05-23 01:00:00,919.0,850.7371398403889,416.63318404976553,1284.8410956310122
2018-05-23 02:00:00,2989.0,2886.115585492269,2452.0116297016457,3320.2195412828924
2018-05-23 03:00:00,5979.0,5832.618236943188,5398.514281152565,6266.722192733811
2018-05-23 04:00:00,6641.0,6820.599545807919,6386.495590017295,7254.703501598542
2018-05-23 05:00:00,5557.0,5979.324853376543,5545.220897585919,6413.428809167166
2018-05-23 06:00:00,5217.0,5166.749854204963,4732.64589841434,5600.853809995587
2018-05-23 07:00:00,4728.0,4611.895018560805,4177.791062770181,5045.998974351428
2018-05-23 08:00:00,4956.0,4896.056550920769,4461.952595130146,5330.160506711392
2018-05-23 09:00:00,4760.0,5128.396918335454,4694.2929625448305,5562.500874126077
2018-05-23 10:00:00,4912.0,5207.384873094217,4773.280917303594,5641.488828884841
2018-05-23 11:00:00,5221.0,5453.187459156951,5019.083503366328,5887.291414947575
2018-05-23 12:00:00,5959.0,5900.079332347639,5465.975376557016,6334.1832881382625
2018-05-23 13:00:00,6897.0,6528.70842942427,6094.604473633647,6962.812385214894
2018-05-23 14:00:00,6228.0,6017.768166398978,5583.664210608355,6451.872122189601
2018-05-23 15:00:00,4632.0,4633.793531911151,4199.689576120528,5067.8974877017745
2018-05-23 16:00:00,3359.0,3364.2561582375856,2930.1522024469623,3798.360114028209
2018-05-23 17:00:00,2993.0,2966.145849819628,2532.0418940290047,3400.2498056102513
2018-05-23 18:00:00,2888.0,2737.5698953129677,2303.4659395223443,3171.673851103591
2018-05-23 19:00:00,2028.0,1979.6126425037114,1545.508686713088,2413.7165982943347
2018-05-23 20:00:00,1215.0,1310.2565190867415,876.1525632961182,1744.3604748773648
2018-05-23 21:00:00,628.0,749.4723497284854,315.36839393786204,1183.5763055191087
2018-05-23 22:00:00,356.0,386.1970638208858,0.0,820.3010196115091
2018-05-23 23:00:00,261.0,309.8714451275877,0.0,743.9754009182111
2018-05-24 00:00:00,363.0,364.6233837762004,0.0,798.7273395668237
2018-05-24 01:00:00,883.0,787.497018274714,353.3930624840907,1221.6009740653374
2018-05-24 02:00:00,3012.0,2783.9880829432013,2349.884127152578,3218.0920387338247
2018-05-24 03:00:00,5763.0,5764.687764285507,5330.583808494884,6198.79172007613
2018-05-24 04:00:00,6298.0,6720.626587865135,6286.522632074511,7154.730543655758
2018-05-24 05:00:00,5695.0,5833.606528355135,5399.502572564512,6267.7104841457585
2018-05-24 06:00:00,5232.0,5218.342997540437,4784.239041749814,5652.44695333106
2018-05-24 07:00:00,4532.0,4650.102106909492,4215.998151118869,5084.206062700116
2018-05-24 08:00:00,4923.0,4946.615300745234,4512.511344954611,5380.719256535857
2018-05-24 09:00:00,4969.0,5182.527604786704,4748.42364899608,5616.631560577327
2018-05-24 10:00:00,5036.0,5089.488269944686,4655.384314154063,5523.5922257353095
2018-05-24 11:00:00,5414.0,5479.0615017861855,5044.957545995562,5913.165457576809
2018-05-24 12:00:00,6184.0,5819.214561826179,5385.110606035556,6253.318517616803
2018-05-24 13:00:00,6193.0,6523.10985631044,6089.005900519816,6957.213812101063
2018-05-24 14:00:00,6107.0,6003.390743693006,5569.2867879023825,6437.494699483629
2018-05-24 15:00:00,4787.0,4684.524976794579,4250.4210210039555,5118.628932585202
2018-05-24 16:00:00,3746.0,3440.8750279953333,3006.77107220471,3874.9789837859566
2018-05-24 17:00:00,2938.0,3077.5184959033645,2643.414540112741,3511.622451693988
2018-05-24 18:00:00,2626.0,2972.1524153696205,2538.048459578997,3406.256371160244
2018-05-24 19:00:00,1938.0,2499.274693780498,2065.170737989875,2933.3786495711215
2018-05-24 20:00:00,1261.0,1376.0627283100948,941.9587725194715,1810.1666841007182
2018-05-24 21:00:00,648.0,744.3725545301985,310.26859873957517,1178.476510320822
2018-05-24 22:00:00,430.0,414.5982729373225,0.0,848.7022287279458
2018-05-24 23:00:00,300.0,334.98985878338675,0.0,769.0938145740101
2018-05-25 00:00:00,329.0,364.83632033291457,0.0,798.9402761235378
2018-05-25 01:00:00,788.0,795.319702568379,361.2157467777556,1229.4236583590023
2018-05-25 02:00:00,2645.0,2651.84338596859,2217.739430177967,3085.9473417592135
2018-05-25 03:00:00,5111.0,5215.335245618234,4781.23128982761,5649.439201408857
2018-05-25 04:00:00,6075.0,6044.282541081683,5610.17858529106,6478.386496872306
2018-05-25 05:00:00,5206.0,5663.881482511804,5229.777526721181,6097.985438302428
2018-05-25 06:00:00,4859.0,5115.567396759533,4681.46344096891,5549.671352550156
2018-05-25 07:00:00,4534.0,4694.793704059342,4260.689748268719,5128.897659849966
2018-05-25 08:00:00,4928.0,4972.004832440939,4537.900876650316,5406.108788231562
2018-05-25 09:00:00,5139.0,5244.4104916016395,4810.306535811016,5678.514447392263
2018-05-25 10:00:00,5148.0,5175.93037239017,4741.826416599547,5610.034328180794
2018-05-25 11:00:00,5403.0,5458.423038200188,5024.3190824095645,5892.526993990811
2018-05-25 12:00:00,6083.0,5585.4333227412435,5151.32936695062,6019.537278531867
2018-05-25 13:00:00,5753.0,6066.772005576858,5632.668049786234,6500.875961367481
2018-05-25 14:00:00,4904.0,5486.438854768434,5052.334898977811,5920.542810559057
2018-05-25 15:00:00,4023.0,4588.789280835201,4154.685325044577,5022.893236625824
2018-05-25 16:00:00,3334.0,3370.652255541232,2936.5482997506087,3804.7562113318554
2018-05-25 17:00:00,3026.0,2919.382296561011,2485.278340770388,3353.4862523516344
2018-05-25 18:00:00,2953.0,2854.748526904833,2420.6445711142096,3288.8524826954563
2018-05-25 19:00:00,2863.0,2617.9758036426956,2183.8718478520723,3052.079759433319
2018-05-25 20:00:00,1828.0,1940.8388863119865,1506.7349305213631,2374.9428421026096
2018-05-25 21:00:00,1300.0,1244.68047689029,810.5765210996667,1678.7844326809134
2018-05-25 22:00:00,719.0,797.9707262197961,363.8667704291728,1232.0746820104196
2018-05-25 23:00:00,579.0,545.0768894606235,110.9729336700002,979.1808452512469
2018-05-26 00:00:00,363.0,377.24495337645965,0.0,811.348909167083
2018-05-26 01:00:00,376.0,452.4167720489621,18.312816258338785,886.5207278395854
2018-05-26 02:00:00,649.0,743.9116995365118,309.8077437458885,1178.0156553271352
2018-05-26 03:00:00,1263.0,1282.237096177032,848.1331403864087,1716.3410519676554
2018-05-26 04:00:00,1690.0,1969.9553987016118,1535.8514429109885,2404.059354492235
2018-05-26 05:00:00,2392.0,2555.221520367337,2121.1175645767134,2989.32547615796
2018-05-26 06:00:00,3360.0,3524.6047414797845,3090.500785689161,3958.708697270408
2018-05-26 07:00:00,3540.0,3833.762865749068,3399.658909958445,4267.866821539692
2018-05-26 08:00:00,3937.0,4196.984916101758,3762.880960311135,4631.088871892382
2018-05-26 09:00:00,4176.0,4521.030636674405,4086.926680883782,4955.134592465029
2018-05-26 10:00:00,4130.0,4438.662093829501,4004.5581380388776,4872.766049620124
2018-05-26 11:00:00,3887.0,4432.710757915806,3998.606802125183,4866.81471370643
2018-05-26 12:00:00,3761.0,4337.766567001792,3903.662611211169,4771.870522792416
2018-05-26 13:00:00,3970.0,4292.038908340593,3857.9349525499692,4726.142864131216
2018-05-26 14:00:00,3858.0,3854.1100378471883,3420.006082056565,4288.213993637812
2018-05-26 15:00:00,3714.0,3146.284501333463,2712.18054554284,3580.3884571240865
2018-05-26 16:00:00,2965.0,2996.3443411069948,2562.2403853163714,3430.448296897618
2018-05-26 17:00:00,2855.0,2884.4684954096056,2450.3645396189822,3318.572451200229
2018-05-26 18:00:00,2956.0,2921.2973769185483,2487.193421127925,3355.4013327091716
2018-05-26 19:00:00,3036.0,2638.7278756810833,2204.62391989046,3072.8318314717067
2018-05-26 20:00:00,2141.0,2061.3944110065363,1627.290455215913,2495.4983667971596
2018-05-26 21:00:00,1633.0,1272.1461965069886,838.0422407163653,1706.250152297612
2018-05-26 22:00:00,829.0,916.9177991655795,482.81384337495615,1351.0217549562028
2018-05-26 23:00:00,712.0,623.1905485119729,189.08659272134958,1057.2945043025961
2018-05-27 00:00:00,486.0,425.38060587572056,0.0,859.4845616663439
2018-05-27 01:00:00,401.0,393.70829542421507,0.0,827.8122512148384
2018-05-27 02:00:00,844.0,533.5926542275852,99.48869843696184,967.6966100182085
2018-05-27 03:00:00,1192.0,961.6547111224853,527.550755331862,1395.7586669131088
2018-05-27 04:00:00,1205.0,1405.5851013604388,971.4811455698155,1839.6890571510621
2018-05-27 05:00:00,1819.0,2277.5224985224195,1843.4185427317962,2711.626454313043
2018-05-27 06:00:00,2660.0,3118.088086624057,2683.9841308334335,3552.19204241468
2018-05-27 07:00:00,3431.0,3400.4963125866293,2966.392356796006,3834.6002683772526
2018-05-27 08:00:00,3782.0,3607.8550601264337,3173.7511043358104,4041.959015917057
2018-05-27 09:00:00,4190.0,3980.446730280262,3546.3427744896385,4414.550686070885
2018-05-27 10:00:00,4139.0,4276.619056420698,3842.515100630075,4710.7230122113215
2018-05-27 11:00:00,3963.0,4118.55885111433,3684.4548953237063,4552.662806904953
2018-05-27 12:00:00,3821.0,4137.039179433293,3702.9352236426694,4571.143135223916
2018-05-27 13:00:00,3739.0,4136.798037895278,3702.6940821046546,4570.901993685901
2018-05-27 14:00:00,3266.0,3716.9965910841916,3282.892635293568,4151.100546874815
2018-05-27 15:00:00,3127.0,3108.2208516900323,2674.116895899409,3542.3248074806556
2018-05-27 16:00:00,2830.0,2910.945601652473,2476.84164586185,3345.0495574430965
2018-05-27 17:00:00,2825.0,2489.422197319507,2055.318241528884,2923.5261531101305
2018-05-27 18:00:00,2656.0,2291.317415647783,1857.2134598571597,2725.4213714384064
2018-05-27 19:00:00,2565.0,1744.3700496883673,1310.266093897744,2178.474005478991
2018-05-27 20:00:00,1660.0,1315.6263243644653,881.522368573842,1749.7302801550886
2018-05-27 21:00:00,1088.0,736.2923941548823,302.188438364259,1170.3963499455058
2018-05-27 22:00:00,559.0,628.6407033843362,194.5367475937129,1062.7446591749595
2018-05-27 23:00:00,440.0,395.95380291073707,0.0,830.0577587013604
2018-05-28 00:00:00,332.0,413.2125754761335,0.0,847.3165312667568
2018-05-28 01:00:00,314.0,595.6495656667264,161.54560987610307,1029.7535214573497
2018-05-28 02:00:00,488.0,1785.0267844863672,1350.9228286957439,2219.1307402769908
2018-05-28 03:00:00,882.0,3472.643741408351,3038.539785617728,3906.7476971989745
2018-05-28 04:00:00,989.0,2713.283718119219,2279.1797623285956,3147.3876739098423
2018-05-28 05:00:00,1294.0,1923.030464056777,1488.9265082661536,2357.1344198474003
2018-05-28 06:00:00,1873.0,2517.8546530842646,2083.750697293641,2951.958608874888
2018-05-28 07:00:00,2576.0,2716.7980147946287,2282.6940590040053,3150.901970585252
2018-05-28 08:00:00,3037.0,2912.240090654098,2478.1361348634746,3346.3440464447212
2018-05-28 09:00:00,3375.0,3068.4387474831433,2634.33479169252,3502.5427032737666
2018-05-28 10:00:00,3611.0,3675.562022719064,3241.4580669284405,4109.665978509687
2018-05-28 11:00:00,4032.0,3655.2246771306195,3221.120721339996,4089.328632921243
2018-05-28 12:00:00,3812.0,3697.8735240433257,3263.7695682527024,4131.9774798339495
2018-05-28 13:00:00,3810.0,3731.960529209343,3297.8565734187196,4166.064484999966
2018-05-28 14:00:00,3822.0,3903.1475694506416,3469.0436136600183,4337.251525241265
2018-05-28 15:00:00,3749.0,3214.4753901644167,2780.3714343737934,3648.57934595504
2018-05-28 16:00:00,3145.0,2734.318794102064,2300.214838311441,3168.4227498926875
2018-05-28 17:00:00,2611.0,2538.878584865397,2104.7746290747737,2972.9825406560203
2018-05-28 18:00:00,2338.0,2366.142507391792,1932.0385516011688,2800.2464631824155
2018-05-28 19:00:00,1936.0,1971.7825475777981,1537.6785917871748,2405.8865033684215
2018-05-28 20:00:00,1141.0,1377.4519883929875,943.3480326023641,1811.5559441836108
2018-05-28 21:00:00,565.0,701.504496617791,267.4005408271677,1135.6084524084145
2018-05-28 22:00:00,347.0,418.24724830502913,0.0,852.3512040956525
2018-05-28 23:00:00,239.0,299.43577635426,0.0,733.5397321448834
2018-05-29 00:00:00,340.0,358.26698127001896,0.0,792.3709370606423
2018-05-29 01:00:00,828.0,794.1041459625156,360.0001901718923,1228.208101753139
2018-05-29 02:00:00,2911.0,2647.315248578391,2213.211292787768,3081.4192043690146
2018-05-29 03:00:00,5723.0,5216.095400810985,4781.991445020361,5650.199356601608
2018-05-29 04:00:00,6106.0,5601.10121797879,5166.997262188167,6035.205173769414
2018-05-29 05:00:00,5530.0,5240.938452298003,4806.834496507379,5675.042408088626
2018-05-29 06:00:00,5117.0,4816.962906200321,4382.858950409698,5251.066861990945
2018-05-29 07:00:00,4530.0,4242.550018381013,3808.4460625903894,4676.653974171636
2018-05-29 08:00:00,4436.0,4446.467820443043,4012.3638646524196,4880.571776233666
2018-05-29 09:00:00,4866.0,4715.788744752821,4281.684788962198,5149.892700543444
2018-05-29 10:00:00,4973.0,4760.429044168892,4326.325088378268,5194.532999959515
2018-05-29 11:00:00,5159.0,4930.930633447803,4496.82667765718,5365.034589238427
2018-05-29 12:00:00,6018.0,5792.605799494439,5358.501843703816,6226.709755285063
2018-05-29 13:00:00,6820.0,6272.153802802623,5838.049847012,6706.257758593247
2018-05-29 14:00:00,5990.0,6050.3803101282265,5616.276354337603,6484.48426591885
2018-05-29 15:00:00,4267.0,4370.552422490819,3936.4484667001952,4804.656378281442
2018-05-29 16:00:00,3036.0,3203.503228624921,2769.399272834298,3637.6071844155445
2018-05-29 17:00:00,2466.0,2795.362964447553,2361.25900865693,3229.4669202381765
2018-05-29 18:00:00,2154.0,2552.623793666113,2118.51983787549,2986.7277494567365
2018-05-29 19:00:00,1595.0,1839.6523405863109,1405.5483847956875,2273.756296376934
2018-05-29 20:00:00,969.0,1189.4097827325959,755.3058269419726,1623.5137385232192
2018-05-29 21:00:00,527.0,568.1753984142205,134.07144262359714,1002.2793542048438
2018-05-29 22:00:00,351.0,362.4205023534333,0.0,796.5244581440566
2018-05-29 23:00:00,306.0,301.7691442468682,0.0,735.8731000374916
2018-05-30 00:00:00,329.0,382.6008617231309,0.0,816.7048175137543
2018-05-30 01:00:00,893.0,924.1541909968132,490.0502352061899,1358.2581467874365
2018-05-30 02:00:00,3023.0,2946.0681665932198,2511.9642108025964,3380.172122383843
2018-05-30 03:00:00,6046.0,5669.563712351457,5235.459756560834,6103.66766814208
2018-05-30 04:00:00,6326.0,6514.261776697108,6080.157820906485,6948.365732487731
2018-05-30 05:00:00,5716.0,5731.234675528144,5297.130719737521,6165.3386313187675
2018-05-30 06:00:00,5283.0,5105.344272276931,4671.240316486308,5539.448228067555
2018-05-30 07:00:00,4554.0,4524.665682296448,4090.5617265058245,4958.769638087071
2018-05-30 08:00:00,4744.0,4756.240425302842,4322.136469512218,5190.344381093465
2018-05-30 09:00:00,4923.0,4976.626792005471,4542.522836214847,5410.730747796094
2018-05-30 10:00:00,4823.0,4957.224205165654,4523.120249375031,5391.328160956277
2018-05-30 11:00:00,5343.0,5296.528213724825,4862.424257934202,5730.632169515448
2018-05-30 12:00:00,6062.0,5949.926471497181,5515.822515706558,6384.030427287805
2018-05-30 13:00:00,7042.0,6463.234810697707,6029.130854907084,6897.33876648833
2018-05-30 14:00:00,6429.0,6004.181177006174,5570.077221215551,6438.285132796797
2018-05-30 15:00:00,4621.0,4561.6445825455285,4127.540626754905,4995.748538336152
2018-05-30 16:00:00,3555.0,3271.297639012899,2837.1936832222755,3705.401594803522
2018-05-30 17:00:00,2788.0,2924.644526584328,2490.540570793705,3358.7484823749514
2018-05-30 18:00:00,2612.0,2680.6774213925632,2246.57346560194,3114.7813771831866
2018-05-30 19:00:00,1932.0,2000.2192611158039,1566.1153053251805,2434.323216906427
2018-05-30 20:00:00,1233.0,1303.2186681939825,869.1147124033591,1737.3226239846058
2018-05-30 21:00:00,695.0,696.3017926450484,262.1978368544251,1130.4057484356717
2018-05-30 22:00:00,382.0,393.57614857297295,0.0,827.6801043635962
2018-05-30 23:00:00,307.0,319.27838070047727,0.0,753.3823364911007
2018-05-31 00:00:00,343.0,398.71186150347035,0.0,832.8158172940937
2018-05-31 01:00:00,922.0,847.4007380324912,413.29678224186785,1281.5046938231144
2018-05-31 02:00:00,3013.0,2876.793247421301,2442.689291630678,3310.8972032119245
2018-05-31 03:00:00,6007.0,5694.697741164856,5260.5937853742325,6128.801696955479
2018-05-31 04:00:00,6420.0,6482.42641978228,6048.322463991657,6916.530375572904
2018-05-31 05:00:00,5912.0,5937.886862431153,5503.782906640529,6371.990818221776
2018-05-31 06:00:00,5313.0,5210.120805807743,4776.016850017119,5644.224761598366
2018-05-31 07:00:00,4734.0,4738.59765790313,4304.493702112507,5172.701613693754
2018-05-31 08:00:00,5008.0,4955.017004345437,4520.913048554814,5389.120960136061
2018-05-31 09:00:00,5031.0,5204.355210901119,4770.251255110496,5638.459166691742
2018-05-31 10:00:00,5199.0,5219.925463111331,4785.8215073207075,5654.029418901954
2018-05-31 11:00:00,5407.0,5611.983323169605,5177.879367378981,6046.087278960228
2018-05-31 12:00:00,5950.0,6001.582637578359,5567.478681787736,6435.686593368982
2018-05-31 13:00:00,6860.0,6453.095035160855,6018.991079370232,6887.198990951479
2018-05-31 14:00:00,6358.0,6072.321921186422,5638.217965395798,6506.425876977045
2018-05-31 15:00:00,5042.0,4722.252366693779,4288.148410903155,5156.356322484402
2018-05-31 16:00:00,3671.0,3567.4897508706376,3133.3857950800143,4001.593706661261
2018-05-31 17:00:00,3037.0,3135.1217363206733,2701.01778053005,3569.2256921112967
2018-05-31 18:00:00,3102.0,3014.7933545592523,2580.689398768629,3448.8973103498756
2018-05-31 19:00:00,2222.0,2604.780227161511,2170.6762713708877,3038.8841829521343
2018-05-31 20:00:00,1446.0,1418.0323724063512,983.9284166157279,1852.1363281969745
2018-05-31 21:00:00,786.0,786.1397322324807,352.03577644185737,1220.243688023104
2018-05-31 22:00:00,497.0,457.1481393119366,23.044183521313244,891.2520951025599
2018-05-31 23:00:00,346.0,384.9011391073293,0.0,819.0050948979526
2018-06-01 00:00:00,395.0,407.0018963318071,0.0,841.1058521224304
2018-06-01 01:00:00,872.0,750.42383418027,316.31987838964665,1184.5277899708933
2018-06-01 02:00:00,2965.0,2779.8424668340595,2345.738511043436,3213.946422624683
2018-06-01 03:00:00,5345.0,5541.935547812211,5107.831592021587,5976.039503602834
2018-06-01 04:00:00,6658.0,6349.784922369762,5915.680966579139,6783.8888781603855
2018-06-01 05:00:00,5639.0,5683.9180659736,5249.814110182977,6118.022021764224
2018-06-01 06:00:00,5132.0,5193.505973299863,4759.40201750924,5627.609929090487
2018-06-01 07:00:00,4739.0,4857.096887867217,4422.992932076594,5291.200843657841
2018-06-01 08:00:00,5043.0,5239.966704853197,4805.862749062574,5674.070660643821
2018-06-01 09:00:00,5387.0,5459.1359663664825,5025.032010575859,5893.239922157106
2018-06-01 10:00:00,5381.0,5368.440787600293,4934.33683180967,5802.544743390917
2018-06-01 11:00:00,5742.0,5654.451881066631,5220.347925276008,6088.555836857255
2018-06-01 12:00:00,6352.0,5962.983748636717,5528.879792846094,6397.08770442734
2018-06-01 13:00:00,6860.0,6347.528037757578,5913.424081966955,6781.6319935482015
2018-06-01 14:00:00,5983.0,5843.111251053702,5409.007295263079,6277.215206844326
2018-06-01 15:00:00,4926.0,4807.263412185818,4373.159456395195,5241.3673679764415
2018-06-01 16:00:00,3804.0,3679.9271147357726,3245.8231589451493,4114.031070526396
2018-06-01 17:00:00,3446.0,3145.132187654338,2711.0282318637146,3579.2361434449613
2018-06-01 18:00:00,3519.0,3112.7922361397887,2678.6882803491653,3546.896191930412
2018-06-01 19:00:00,2865.0,2840.6981506422526,2406.5941948516293,3274.802106432876
2018-06-01 20:00:00,2218.0,2050.782081209895,1616.6781254192715,2484.886037000518
2018-06-01 21:00:00,1601.0,1256.0691031535057,821.9651473628824,1690.173058944129
2018-06-01 22:00:00,830.0,836.6286026879534,402.52464689733006,1270.7325584785767
2018-06-02 00:00:00,446.0,451.83412409728896,17.730168306665632,885.9380798879123
2018-06-02 01:00:00,424.0,507.43945168365576,73.33549589303243,941.5434074742791
2018-06-02 03:00:00,1385.0,1498.6201729328282,1064.5162171422048,1932.7241287234515
2018-06-02 04:00:00,1928.0,2396.6700035615477,1962.5660477709243,2830.773959352171
2018-06-02 05:00:00,2730.0,2598.483199631381,2164.3792438407577,3032.5871554220043
2018-06-02 06:00:00,3707.0,3902.4952012040835,3468.39124541346,4336.599156994707
2018-06-02 07:00:00,3864.0,4198.140402903946,3764.0364471133225,4632.244358694569
2018-06-02 08:00:00,4260.0,4369.345838631741,3935.2418828411173,4803.449794422364
2018-06-02 09:00:00,4671.0,4697.528350646315,4263.424394855691,5131.632306436938
2018-06-02 10:00:00,4741.0,4677.810025199017,4243.706069408394,5111.913980989641
2018-06-02 11:00:00,4896.0,4629.504442467408,4195.400486676785,5063.608398258031
2018-06-02 12:00:00,4509.0,4710.21455382723,4276.1105980366065,5144.318509617853
2018-06-02 13:00:00,4560.0,4704.880256414157,4270.776300623534,5138.98421220478
2018-06-02 14:00:00,4221.0,4677.161699198806,4243.057743408182,5111.265654989429
2018-06-02 15:00:00,4013.0,4137.233935437599,3703.1299796469757,4571.337891228222
2018-06-02 16:00:00,3480.0,3413.831930230097,2979.7279744394737,3847.9358860207203
2018-06-02 17:00:00,3074.0,2951.3225857530365,2517.218629962413,3385.42654154366
2018-06-02 18:00:00,2905.0,3071.155872429326,2637.0519166387026,3505.259828219949
2018-06-02 19:00:00,2808.0,2900.2050824765856,2466.1011266859623,3334.309038267209
2018-06-02 20:00:00,2103.0,2193.488426386718,1759.3844705960946,2627.5923821773413
2018-06-02 21:00:00,1516.0,1365.0281706915325,930.9242149009092,1799.1321264821559
2018-06-02 22:00:00,905.0,899.761618312484,465.65766252186063,1333.8655741031073
2018-06-02 23:00:00,647.0,609.7586600732873,175.65470428266394,1043.8626158639106
2018-06-03 00:00:00,477.0,406.87268544265544,0.0,840.9766412332788
2018-06-03 01:00:00,419.0,392.68449727214295,0.0,826.7884530627663
2018-06-03 02:00:00,643.0,535.0853343998657,100.98137860924237,969.189290190489
2018-06-03 03:00:00,1103.0,991.9427718690326,557.8388160784093,1426.046727659656
2018-06-03 04:00:00,1519.0,1214.8069680463484,780.7030122557251,1648.9109238369717
2018-06-03 05:00:00,2380.0,2076.665472612614,1642.5615168219906,2510.7694284032373
2018-06-03 06:00:00,3350.0,3130.9782178767014,2696.874262086078,3565.0821736673247
2018-06-03 07:00:00,3820.0,3721.5332187871786,3287.4292629965553,4155.6371745778015
2018-06-03 08:00:00,4453.0,4082.8196713962293,3648.715715605606,4516.923627186852
2018-06-03 09:00:00,4858.0,4400.474442989104,3966.370487198481,4834.578398779728
2018-06-03 10:00:00,4563.0,4335.360180881594,3901.2562250909705,4769.464136672217
2018-06-03 11:00:00,4458.0,4434.5710831212355,4000.467127330612,4868.675038911859
2018-06-03 12:00:00,4554.0,4530.54128314719,4096.437327356567,4964.645238937814
2018-06-03 13:00:00,4547.0,4444.978958296753,4010.87500250613,4879.082914087377
2018-06-03 14:00:00,4262.0,4261.0487792437425,3826.944823453119,4695.152735034366
2018-06-03 15:00:00,3972.0,4029.603383692414,3595.4994279017906,4463.707339483037
2018-06-03 16:00:00,3527.0,3409.8884154872244,2975.784459696601,3843.9923712778477
2018-06-03 17:00:00,3043.0,2804.4162587166184,2370.312302925995,3238.5202145072417
2018-06-03 18:00:00,2490.0,2616.282186857702,2182.1782310670787,3050.3861426483254
2018-06-03 19:00:00,2051.0,2026.6323901966412,1592.5284344060178,2460.7363459872645
2018-06-03 20:00:00,1166.0,1316.1058829306994,882.0019271400761,1750.2098387213227
2018-06-03 21:00:00,667.0,715.9178050158524,281.8138492252291,1150.0217608064759
2018-06-03 22:00:00,377.0,441.99915486283174,7.895199072208413,876.1031106534551
2018-06-03 23:00:00,285.0,328.4579354371253,0.0,762.5618912277487
2018-06-04 00:00:00,375.0,378.6455243057126,0.0,812.7494800963359
2018-06-04 01:00:00,928.0,796.8926467092028,362.7886909185795,1230.9966024998262
2018-06-04 02:00:00,3021.0,2813.134022250091,2379.030066459468,3247.2379780407146
2018-06-04 03:00:00,5765.0,5598.607819872884,5164.50386408226,6032.711775663507
2018-06-04 04:00:00,6081.0,6138.418214344155,5704.3142585535315,6572.522170134778
2018-06-04 05:00:00,5546.0,5788.472946524353,5354.368990733729,6222.576902314976
2018-06-04 06:00:00,5108.0,4856.675421205113,4422.5714654144895,5290.779376995736
2018-06-04 07:00:00,4334.0,4381.229268585783,3947.1253127951595,4815.333224376406
2018-06-04 08:00:00,4489.0,4587.156813509567,4153.052857718943,5021.26076930019
2018-06-04 09:00:00,4741.0,4822.974854307426,4388.870898516802,5257.078810098049
2018-06-04 10:00:00,4873.0,4912.566462597282,4478.462506806659,5346.670418387906
2018-06-04 11:00:00,5170.0,5074.053448378387,4639.949492587763,5508.15740416901
2018-06-04 12:00:00,5797.0,5665.868658556382,5231.764702765759,6099.972614347005
2018-06-04 13:00:00,7024.0,6338.61958151861,5904.515625727987,6772.7235373092335
2018-06-04 14:00:00,6234.0,5940.21495160987,5506.110995819246,6374.318907400493
2018-06-04 15:00:00,4374.0,4494.271010689231,4060.1670548986076,4928.374966479854
2018-06-04 16:00:00,3279.0,3269.0268602074816,2834.9229044168583,3703.130815998105
2018-06-04 17:00:00,2941.0,2832.0362701425297,2397.9323143519064,3266.140225933153
2018-06-04 18:00:00,2776.0,2531.6063103871584,2097.502354596535,2965.7102661777817
2018-06-04 19:00:00,1871.0,1820.3824087186142,1386.2784529279909,2254.4863645092373
2018-06-04 20:00:00,1115.0,1230.9701549094048,796.8661991187814,1665.074110700028
2018-06-04 21:00:00,635.0,669.7581538525363,235.654198061913,1103.8621096431598
2018-06-04 22:00:00,399.0,362.3355912512922,0.0,796.4395470419156
2018-06-04 23:00:00,297.0,303.87043935207265,0.0,737.974395142696
2018-06-05 00:00:00,355.0,390.7182990309259,0.0,824.8222548215492
2018-06-05 01:00:00,952.0,860.5116814901573,426.407725699534,1294.6156372807807
2018-06-05 02:00:00,3078.0,2930.8269887910105,2496.723033000387,3364.930944581634
2018-06-05 03:00:00,5970.0,5852.049544295153,5417.94558850453,6286.153500085777
2018-06-05 04:00:00,5972.0,6749.11999952946,6315.016043738837,7183.223955320083
2018-06-05 05:00:00,5645.0,6075.14489479008,5641.040938999457,6509.248850580703
2018-06-05 06:00:00,5046.0,5206.507826971497,4772.4038711808735,5640.61178276212
2018-06-05 07:00:00,4592.0,4661.449960388612,4227.346004597989,5095.553916179236
2018-06-05 08:00:00,4778.0,4916.995025740042,4482.891069949419,5351.098981530666
2018-06-05 09:00:00,5256.0,5143.054383783079,4708.950427992456,5577.1583395737025
2018-06-05 10:00:00,5285.0,5230.888882769064,4796.784926978441,5664.992838559688
2018-06-05 11:00:00,5340.0,5460.407372067898,5026.303416277275,5894.511327858521
2018-06-05 12:00:00,6102.0,6042.954195901211,5608.850240110588,6477.058151691835
2018-06-05 13:00:00,7037.0,6371.204975015417,5937.101019224794,6805.308930806041
2018-06-05 14:00:00,6431.0,6061.26724105566,5627.163285265036,6495.371196846283
2018-06-05 15:00:00,4582.0,4713.760041034982,4279.656085244359,5147.863996825606
2018-06-05 16:00:00,3510.0,3437.4818800986227,3003.3779243079994,3871.585835889246
2018-06-05 17:00:00,3012.0,3050.3243504908164,2616.220394700193,3484.4283062814397
2018-06-05 18:00:00,2754.0,2737.9811689626463,2303.877213172023,3172.0851247532696
2018-06-05 19:00:00,2212.0,2028.9701889740365,1594.8662331834132,2463.0741447646596
2018-06-05 20:00:00,1227.0,1312.1704621271854,878.066506336562,1746.2744179178087
2018-06-05 21:00:00,663.0,700.1690271439625,266.06507135333914,1134.2729829345858
2018-06-05 22:00:00,415.0,434.76328515049016,0.659329359866831,868.8672409411136
2018-06-05 23:00:00,318.0,327.15168065919215,0.0,761.2556364498155
2018-06-06 00:00:00,362.0,391.63538162516437,0.0,825.7393374157878
2018-06-06 01:00:00,934.0,935.4238617965668,501.3199060059435,1369.5278175871902
2018-06-06 02:00:00,2980.0,2967.4190690252212,2533.315113234598,3401.5230248158446
2018-06-06 03:00:00,5195.0,5882.8274378743,5448.723482083677,6316.931393664923
2018-06-06 04:00:00,6083.0,6654.499390314967,6220.395434524344,7088.60334610559
2018-06-06 05:00:00,5301.0,6142.331391036823,5708.2274352462,6576.435346827447
2018-06-06 06:00:00,5324.0,5183.354153637977,4749.250197847354,5617.4581094286
2018-06-06 07:00:00,4621.0,4767.355798518195,4333.251842727572,5201.459754308818
2018-06-06 08:00:00,4915.0,4883.229855429545,4449.1258996389215,5317.333811220168
2018-06-06 09:00:00,5098.0,5158.640999232344,4724.537043441721,5592.744955022968
2018-06-06 10:00:00,4799.0,5269.94823501355,4835.844279222927,5704.052190804174
2018-06-06 11:00:00,5226.0,5529.076544972278,5094.972589181654,5963.180500762901
2018-06-06 12:00:00,6264.0,5637.196368140481,5203.092412349858,6071.300323931105
2018-06-06 13:00:00,6925.0,6273.827826673751,5839.723870883127,6707.931782464374
2018-06-06 14:00:00,6637.0,5888.351939667275,5454.247983876651,6322.455895457898
2018-06-06 15:00:00,5055.0,4781.420374981629,4347.3164191910055,5215.524330772252
2018-06-06 16:00:00,3648.0,3428.5677694005262,2994.463813609903,3862.6717251911496
2018-06-06 17:00:00,3157.0,3077.6223858498415,2643.518430059218,3511.726341640465
2018-06-06 18:00:00,2723.0,2876.9413958890227,2442.8374400983994,3311.045351679646
2018-06-06 19:00:00,2224.0,2055.5586135405415,1621.4546577499182,2489.662569331165
2018-06-06 20:00:00,1303.0,1462.9093099046793,1028.805354114056,1897.0132656953026
2018-06-06 21:00:00,685.0,733.6800286672765,299.57607287665314,1167.7839844578998
2018-06-06 22:00:00,439.0,434.76328515049016,0.659329359866831,868.8672409411136
2018-06-06 23:00:00,328.0,331.48132959229844,0.0,765.5852853829217
2018-06-07 00:00:00,380.0,387.73650217379236,0.0,821.8404579644157
2018-06-07 01:00:00,977.0,911.6748821034261,477.5709263128027,1345.7788378940495
2018-06-07 02:00:00,3018.0,2928.377057515034,2494.2731017244105,3362.481013305657
2018-06-07 03:00:00,5885.0,5772.3425244999125,5338.238568709289,6206.446480290536
2018-06-07 04:00:00,6097.0,6610.646859901058,6176.542904110434,7044.750815691681
2018-06-07 05:00:00,5871.0,6095.022733326439,5660.918777535816,6529.126689117063
2018-06-07 06:00:00,5136.0,5302.7133086343665,4868.609352843743,5736.81726442499
2018-06-07 07:00:00,4691.0,4792.365146122109,4358.2611903314855,5226.469101912732
2018-06-07 08:00:00,5168.0,5116.651383268089,4682.547427477466,5550.755339058713
2018-06-07 09:00:00,5220.0,5298.078833146003,4863.974877355379,5732.182788936626
2018-06-07 10:00:00,5094.0,5370.546462432295,4936.442506641672,5804.650418222918
2018-06-07 11:00:00,5399.0,5659.43631406061,5225.332358269987,6093.5402698512335
2018-06-07 12:00:00,6202.0,6025.17078526884,5591.066829478216,6459.274741059463
2018-06-07 13:00:00,6858.0,6421.323689637942,5987.219733847319,6855.4276454285655
2018-06-07 14:00:00,6286.0,6123.6924054192905,5689.588449628667,6557.796361209914
2018-06-07 15:00:00,4858.0,4865.196253959267,4431.0922981686435,5299.30020974989
2018-06-07 16:00:00,3715.0,3661.0167971684587,3226.9128413778353,4095.120752959082
2018-06-07 17:00:00,3222.0,3243.2424433570113,2809.138487566388,3677.3463991476347
2018-06-07 18:00:00,2912.0,3058.7396284043452,2624.635672613722,3492.8435841949686
2018-06-07 19:00:00,2215.0,2590.5275729351993,2156.423617144576,3024.6315287258226
2018-06-07 20:00:00,1398.0,1500.2832730964533,1066.17931730583,1934.3872288870766
2018-06-07 21:00:00,800.0,811.7360385551592,377.6320827645359,1245.8399943457825
2018-06-07 22:00:00,480.0,455.5150068369395,21.411051046316175,889.6189626275628
2018-06-07 23:00:00,354.0,373.90386315799293,0.0,808.0078189486162
2018-06-08 00:00:00,364.0,398.2827578248786,0.0,832.386713615502
2018-06-08 01:00:00,884.0,686.5023544504994,252.39839865987608,1120.6063102411226
2018-06-08 02:00:00,2793.0,2773.9712950984376,2339.8673393078143,3208.075250889061
2018-06-08 03:00:00,5554.0,5712.596178116847,5278.492222326224,6146.70013390747
2018-06-08 04:00:00,6584.0,6513.619828391592,6079.515872600969,6947.723784182215
2018-06-08 05:00:00,5442.0,5862.1694326134875,5428.065476822864,6296.273388404111
2018-06-08 06:00:00,5011.0,5335.188191115747,4901.084235325124,5769.29214690637
2018-06-08 07:00:00,4681.0,4865.478403927174,4431.374448136551,5299.582359717798
2018-06-08 08:00:00,4996.0,5300.133317459504,4866.0293616688805,5734.237273250127
2018-06-08 09:00:00,5415.0,5522.13476184096,5088.030806050337,5956.238717631583
2018-06-08 10:00:00,5563.0,5421.754211868896,4987.650256078273,5855.8581676595195
2018-06-08 11:00:00,5936.0,5658.187562185669,5224.0836063950455,6092.291517976292
2018-06-08 12:00:00,6290.0,5982.105944429188,5548.001988638564,6416.209900219811
2018-06-08 13:00:00,6727.0,6291.513533251664,5857.4095774610405,6725.617489042287
2018-06-08 14:00:00,5865.0,5804.454326975456,5370.3503711848325,6238.558282766079
2018-06-08 15:00:00,4959.0,4893.02572274685,4458.921766956227,5327.129678537473
2018-06-08 16:00:00,3792.0,3753.3641072721275,3319.260151481504,4187.468063062751
2018-06-08 17:00:00,3251.0,3173.63743715394,2739.5334813633167,3607.7413929445634
2018-06-08 18:00:00,3050.0,3134.708700215344,2700.6047444247206,3568.8126560059673
2018-06-08 19:00:00,3360.0,2828.7536948913257,2394.6497391007024,3262.857650681949
2018-06-08 20:00:00,2903.0,2073.86061878347,1639.7566629928465,2507.964574574093
2018-06-08 21:00:00,1511.0,1304.0550038040008,869.9510480133774,1738.158959594624
2018-06-08 22:00:00,1110.0,802.6475058543747,368.54355006375135,1236.751461644998
2018-06-08 23:00:00,866.0,738.4178318274435,304.31387603682015,1172.5217876180668
2018-06-09 00:00:00,614.0,442.76932855545044,8.665372764827111,876.8732843460738
2018-06-09 01:00:00,517.0,520.172728931666,86.0687731410427,954.2766847222894
2018-06-09 02:00:00,795.0,858.642301136005,424.5383453453817,1292.7462569266283
2018-06-09 03:00:00,1398.0,1547.8460079552913,1113.742052164668,1981.9499637459146
2018-06-09 04:00:00,2172.0,1907.0287884566856,1472.9248326660622,2341.132744247309
2018-06-09 05:00:00,2686.0,2797.7651124105546,2363.6611566199313,3231.869068201178
2018-06-09 06:00:00,3367.0,3802.949671902811,3368.845716112188,4237.0536276934345
2018-06-09 07:00:00,3684.0,4237.061317442937,3802.957361652314,4671.165273233561
2018-06-09 08:00:00,4085.0,4453.829044679316,4019.725088888693,4887.9330004699395
2018-06-09 09:00:00,4257.0,4631.204501822096,4197.100546031473,5065.308457612719
2018-06-09 10:00:00,4186.0,4540.103481016431,4105.999525225808,4974.207436807054
2018-06-09 11:00:00,4196.0,4676.120460897713,4242.01650510709,5110.2244166883365
2018-06-09 12:00:00,3957.0,4491.93823820122,4057.8342824105966,4926.042193991843
2018-06-09 13:00:00,3940.0,4453.085031173156,4018.9810753825323,4887.188986963779
2018-06-09 14:00:00,3589.0,4287.087180183297,3852.983224392674,4721.191135973921
2018-06-09 15:00:00,3571.0,3779.1957255458947,3345.0917697552713,4213.299681336518
2018-06-09 16:00:00,3128.0,3100.2176538850385,2666.113698094415,3534.321609675662
2018-06-09 17:00:00,2782.0,2610.609319042026,2176.5053632514027,3044.7132748326494
2018-06-09 18:00:00,2835.0,2859.4376582248346,2425.3337024342113,3293.541614015458
2018-06-09 19:00:00,2863.0,2820.2993366776773,2386.195380887054,3254.4032924683006
2018-06-09 20:00:00,1928.0,2079.112417770403,1645.00846197978,2513.2163735610266
2018-06-09 21:00:00,1226.0,1330.7841258732753,896.680170082652,1764.8880816638987
2018-06-09 22:00:00,777.0,888.5771492920549,454.4731935014315,1322.6811050826782
2018-06-09 23:00:00,570.0,616.4362841183869,182.33232832776355,1050.5402399090103
2018-06-10 00:00:00,350.0,378.0137874556691,0.0,812.1177432462924
2018-06-10 01:00:00,293.0,406.13579029608366,0.0,840.239746086707
2018-06-10 02:00:00,427.0,632.3569525740221,198.25299678339877,1066.4609083646455
2018-06-10 03:00:00,808.0,914.1002565170427,479.99630072641935,1348.204212307666
2018-06-10 04:00:00,1012.0,1171.2722040787237,737.1682482881004,1605.376159869347
2018-06-10 05:00:00,1617.0,1801.645991357696,1367.5420355670726,2235.7499471483193
2018-06-10 06:00:00,2417.0,2722.138826938886,2288.0348711482625,3156.242782729509
2018-06-10 07:00:00,3075.0,3224.7267635173544,2790.622807726731,3658.8307193079777
2018-06-10 08:00:00,3656.0,3675.928732817034,3241.8247770264106,4110.032688607657
2018-06-10 09:00:00,3993.0,3928.66961825433,3494.5656624637068,4362.773574044953
2018-06-10 10:00:00,3888.0,4033.408139147915,3599.3041833572915,4467.512094938538
2018-06-10 11:00:00,4125.0,4067.727021798891,3633.623066008268,4501.830977589514
2018-06-10 12:00:00,4062.0,4235.1391743534095,3801.035218562786,4669.243130144033
2018-06-10 13:00:00,3901.0,4073.507682536897,3639.4037267462736,4507.61163832752
2018-06-10 14:00:00,3584.0,3978.1021107308857,3543.9981549402623,4412.206066521509
2018-06-10 15:00:00,3477.0,3749.6010476534357,3315.4970918628123,4183.705003444059
2018-06-10 16:00:00,3010.0,3158.5223780809615,2724.418422290338,3592.626333871585
2018-06-10 17:00:00,2979.0,2710.9104558580116,2276.8065000673882,3145.014411648635
2018-06-10 18:00:00,2353.0,2515.677495588061,2081.5735397974377,2949.7814513786843
2018-06-10 19:00:00,1834.0,2093.499580825518,1659.3956250348947,2527.6035366161414
2018-06-10 20:00:00,1101.0,1354.485233248095,920.3812774574717,1788.5891890387184
2018-06-10 21:00:00,642.0,689.9824414987106,255.87848570808728,1124.086397289334
2018-06-10 22:00:00,396.0,442.8189209779696,8.714965187346252,876.9228767685929
2018-06-10 23:00:00,291.0,348.6957393877175,0.0,782.7996951783408
2018-06-11 00:00:00,310.0,312.08854260557473,0.0,746.1924983961981
2018-06-11 01:00:00,873.0,702.0818242220095,267.9778684313861,1136.1857800126327
2018-06-11 02:00:00,2947.0,2662.223919543678,2228.119963753055,3096.3278753343016
2018-06-11 03:00:00,5476.0,5370.679687002569,4936.575731211946,5804.7836427931925
2018-06-11 04:00:00,6336.0,6290.252016186879,5856.1480603962555,6724.355971977502
2018-06-11 05:00:00,5676.0,5535.955265019363,5101.851309228739,5970.059220809986
2018-06-11 06:00:00,4588.0,4691.443798237195,4257.339842446571,5125.547754027818
2018-06-11 07:00:00,4270.0,4261.106698640441,3827.002742849818,4695.2106544310645
2018-06-11 08:00:00,4435.0,4541.448596127739,4107.344640337115,4975.552551918362
2018-06-11 09:00:00,4763.0,4633.298814862532,4199.1948590719085,5067.402770653155
2018-06-11 10:00:00,4658.0,4773.957530918894,4339.853575128271,5208.061486709517
2018-06-11 11:00:00,4923.0,5000.1163573886715,4566.012401598048,5434.220313179295
2018-06-11 12:00:00,5691.0,5548.941036420119,5114.837080629496,5983.044992210743
2018-06-11 13:00:00,6556.0,6201.990834679262,5767.886878888638,6636.094790469885
2018-06-11 14:00:00,5922.0,5841.850551603329,5407.746595812706,6275.954507393953
2018-06-11 15:00:00,4512.0,4228.299848011446,3794.1958922208223,4662.403803802069
2018-06-11 16:00:00,3078.0,3124.503483632643,2690.39952784202,3558.6074394232664
2018-06-11 17:00:00,2611.0,2644.526300250429,2210.4223444598056,3078.6302560410522
2018-06-11 18:00:00,2240.0,2540.606080939332,2106.5021251487087,2974.7100367299554
2018-06-11 19:00:00,1861.0,1746.297247389964,1312.1932915993407,2180.4012031805873
2018-06-11 20:00:00,1109.0,1179.1474702097125,745.0435144190892,1613.2514260003359
2018-06-11 21:00:00,621.0,566.1317556286624,132.02779983803907,1000.2357114192857
2018-06-11 22:00:00,396.0,362.8123158765175,0.0,796.9162716671408
2018-06-11 23:00:00,314.0,306.5947335828186,0.0,740.698689373442
2018-06-12 00:00:00,362.0,382.0034360536597,0.0,816.107391844283
2018-06-12 01:00:00,912.0,852.9278148825879,418.82385909196455,1287.0317706732112
2018-06-12 02:00:00,3013.0,2943.202844228076,2509.098888437453,3377.3068000186995
2018-06-12 03:00:00,5905.0,5719.01998074095,5284.916024950327,6153.123936531573
2018-06-12 04:00:00,6283.0,6373.618555991912,5939.514600201289,6807.722511782536
2018-06-12 05:00:00,5656.0,5812.703007983804,5378.599052193181,6246.8069637744275
2018-06-12 06:00:00,4948.0,5041.5689836668635,4607.46502787624,5475.672939457487
2018-06-12 07:00:00,4574.0,4493.577866545723,4059.4739107550995,4927.681822336346
2018-06-12 08:00:00,4531.0,4705.853831479213,4271.74987568859,5139.957787269836
2018-06-12 09:00:00,4911.0,4848.952979988429,4414.849024197806,5283.056935779053
2018-06-12 10:00:00,4777.0,5103.342979340501,4669.239023549878,5537.4469351311245
2018-06-12 11:00:00,5185.0,5241.476240806495,4807.372285015872,5675.580196597119
2018-06-12 12:00:00,6092.0,5816.675932041886,5382.571976251263,6250.779887832509
2018-06-12 13:00:00,6777.0,6460.1111467398705,6026.007190949247,6894.215102530494
2018-06-12 14:00:00,6366.0,5997.427278936328,5563.323323145704,6431.531234726951
2018-06-12 15:00:00,4701.0,4585.8730669331935,4151.76911114257,5019.977022723817
2018-06-12 16:00:00,3235.0,3283.811200272242,2849.7072444816185,3717.915156062865
2018-06-12 17:00:00,2975.0,2943.4288698132045,2509.324914022581,3377.532825603828
2018-06-12 18:00:00,2990.0,2781.223844659373,2347.1198888687495,3215.327800449996
2018-06-12 19:00:00,2332.0,2023.2969347457883,1589.192978955165,2457.4008905364117
2018-06-12 20:00:00,1250.0,1255.3992320783607,821.2952762877374,1689.503187868984
2018-06-12 21:00:00,684.0,755.8262328026457,321.72227701202235,1189.9301885932691
2018-06-12 22:00:00,439.0,452.66008594833414,18.55613015771081,886.7640417389575
2018-06-12 23:00:00,328.0,333.971288831002,0.0,768.0752446216254
2018-06-13 00:00:00,387.0,382.95280641858864,0.0,817.0567622092119
2018-06-13 01:00:00,922.0,923.8396525825118,489.7356967918885,1357.9436083731352
2018-06-13 02:00:00,3022.0,2931.7004482160223,2497.596492425399,3365.8044040066457
2018-06-13 03:00:00,5767.0,5704.141254387298,5270.037298596675,6138.245210177922
2018-06-13 04:00:00,6127.0,6458.125917254552,6024.021961463929,6892.229873045176
2018-06-13 05:00:00,5664.0,5794.525162329052,5360.421206538429,6228.629118119676
2018-06-13 06:00:00,5157.0,5128.588690427209,4694.484734636586,5562.692646217833
2018-06-13 07:00:00,4579.0,4598.15119149987,4164.047235709247,5032.255147290493
2018-06-13 08:00:00,4687.0,4901.007817075309,4466.903861284685,5335.111772865932
2018-06-13 09:00:00,5110.0,5162.056554112742,4727.952598322118,5596.160509903365
2018-06-13 10:00:00,4998.0,5156.29231757523,4722.188361784607,5590.396273365854
2018-06-13 11:00:00,5227.0,5368.128957496437,4934.025001705813,5802.23291328706
2018-06-13 12:00:00,6188.0,5839.508065016528,5405.404109225905,6273.612020807152
2018-06-13 13:00:00,6781.0,6396.986071595411,5962.882115804788,6831.090027386034
2018-06-13 14:00:00,5644.0,6040.684902056255,5606.580946265632,6474.788857846878
2018-06-13 15:00:00,4617.0,4737.3051086201895,4303.201152829566,5171.409064410813
2018-06-13 16:00:00,3560.0,3402.443406509514,2968.3394507188905,3836.547362300137
2018-06-13 17:00:00,3277.0,2873.4081251434927,2439.3041693528694,3307.512080934116
2018-06-13 18:00:00,2777.0,2833.1955476343446,2399.0915918437213,3267.299503424968
2018-06-13 19:00:00,2123.0,2128.369690057268,1694.2657342666448,2562.4736458478915
2018-06-13 20:00:00,1283.0,1450.578675258753,1016.4747194681297,1884.6826310493764
2018-06-13 21:00:00,724.0,759.8440307462095,325.7400749555861,1193.9479865368328
2018-06-13 22:00:00,424.0,414.3047079014979,0.0,848.4086636921213
2018-06-13 23:00:00,308.0,330.3000009466146,0.0,764.4039567372379
2018-06-14 00:00:00,368.0,377.34652695588215,0.0,811.4504827465055
2018-06-14 01:00:00,928.0,827.4269610755226,393.3230052848993,1261.530916866146
2018-06-14 02:00:00,3013.0,2824.4548183689926,2390.3508625783693,3258.558774159616
2018-06-14 03:00:00,5824.0,5572.254878234826,5138.1509224442025,6006.358834025449
2018-06-14 04:00:00,6438.0,6468.11399410083,6034.010038310206,6902.217949891453
2018-06-14 05:00:00,5778.0,5665.352958886779,5231.249003096155,6099.456914677402
2018-06-14 06:00:00,4983.0,5189.903814995115,4755.799859204491,5624.007770785738
2018-06-14 07:00:00,4510.0,4666.828779709236,4232.724823918613,5100.9327354998595
2018-06-14 08:00:00,4810.0,4985.92121965061,4551.817263859986,5420.025175441233
2018-06-14 09:00:00,5062.0,5189.230263609844,4755.1263078192205,5623.334219400467
2018-06-14 10:00:00,5018.0,5151.5149673246615,4717.411011534038,5585.618923115285
2018-06-14 11:00:00,5434.0,5479.50694125692,5045.402985466297,5913.610897047543
2018-06-14 12:00:00,6192.0,5917.50072692639,5483.396771135766,6351.604682717013
2018-06-14 13:00:00,6890.0,6528.385129962004,6094.28117417138,6962.489085752627
2018-06-14 14:00:00,6049.0,6054.859020399968,5620.755064609345,6488.962976190592
2018-06-14 15:00:00,4819.0,4726.43293069566,4292.328974905036,5160.536886486283
2018-06-14 16:00:00,3709.0,3477.0962986243353,3042.992342833712,3911.2002544149586
2018-06-14 17:00:00,3274.0,3089.2427569434994,2655.138801152876,3523.346712734123
2018-06-14 18:00:00,2922.0,3034.0174554627642,2599.913499672141,3468.1214112533876
2018-06-14 19:00:00,2284.0,2517.702087314035,2083.5981315234117,2951.8060431046583
2018-06-14 20:00:00,1388.0,1502.3081287630864,1068.204172972463,1936.4120845537097
2018-06-14 21:00:00,830.0,813.2584655961907,379.1545098055674,1247.362421386814
2018-06-14 22:00:00,500.0,473.4118076347836,39.30785184416027,907.5157634254069
2018-06-14 23:00:00,358.0,375.9350925119583,0.0,810.0390483025817
2018-06-15 00:00:00,384.0,390.1184400197876,0.0,824.222395810411
2018-06-15 01:00:00,866.0,655.2447656207083,221.140809830085,1089.3487214113316
2018-06-15 02:00:00,2843.0,2749.778221416106,2315.674265625483,3183.8821772067295
2018-06-15 03:00:00,5432.0,5217.057330195494,4782.95337440487,5651.161285986117
2018-06-15 04:00:00,6361.0,6316.65741976592,5882.553463975297,6750.7613755565435
2018-06-15 05:00:00,5671.0,5587.2610148188105,5153.157059028187,6021.364970609434
2018-06-15 06:00:00,4977.0,5114.886760003864,4680.7828042132405,5548.990715794487
2018-06-15 07:00:00,4801.0,4789.9307255370895,4355.826769746466,5224.034681327713
2018-06-15 08:00:00,5025.0,5211.375857777269,4777.271901986645,5645.479813567892
2018-06-15 09:00:00,5396.0,5411.523286687492,4977.419330896869,5845.6272424781155
2018-06-15 10:00:00,5168.0,5408.036569871244,4973.932614080621,5842.140525661867
2018-06-15 11:00:00,5614.0,5638.477739410841,5204.373783620218,6072.581695201465
2018-06-15 12:00:00,5993.0,5897.350154304713,5463.24619851409,6331.454110095337
2018-06-15 13:00:00,6333.0,6285.029559118575,5850.925603327952,6719.133514909198
2018-06-15 14:00:00,5165.0,5799.400853347848,5365.296897557225,6233.5048091384715
2018-06-15 15:00:00,4369.0,4802.873414020374,4368.769458229751,5236.9773698109975
2018-06-15 16:00:00,3688.0,3670.474508970642,3236.3705531800188,4104.578464761265
2018-06-15 17:00:00,3123.0,3108.92742327188,2674.8234674812566,3543.031379062503
2018-06-15 18:00:00,3118.0,3063.018839283169,2628.914883492546,3497.1227950737925
2018-06-15 19:00:00,2778.0,2802.1955855178244,2368.091629727201,3236.2995413084477
2018-06-15 20:00:00,2666.0,1995.1276310921742,1561.0236753015508,2429.2315868827973
2018-06-15 21:00:00,1386.0,1279.950429188867,845.8464733982437,1714.0543849794904
2018-06-15 22:00:00,825.0,843.8405776907341,409.7366219001108,1277.9445334813574
2018-06-15 23:00:00,587.0,763.1890015994519,329.08504580882857,1197.2929573900751
2018-06-16 00:00:00,391.0,411.6842589327333,0.0,845.7882147233566
2018-06-16 01:00:00,402.0,469.325344216663,35.22138842603965,903.4293000072863
2018-06-16 02:00:00,772.0,729.4494531210578,295.34549733043445,1163.5534089116811
2018-06-16 03:00:00,1196.0,1401.174561166124,967.0706053755007,1835.2785169567474
2018-06-16 04:00:00,1651.0,2074.5406670526504,1640.436711262027,2508.6446228432737
2018-06-16 05:00:00,2329.0,2895.8668921280737,2461.7629363374504,3329.970847918697
2018-06-16 06:00:00,3017.0,3523.7297658001066,3089.6258100094833,3957.83372159073
2018-06-16 07:00:00,3514.0,3855.30090389886,3421.1969481082365,4289.404859689483
2018-06-16 08:00:00,3907.0,4175.712339618549,3741.6083838279255,4609.816295409172
2018-06-16 09:00:00,4494.0,4384.6617544087385,3950.557798618115,4818.765710199362
2018-06-16 10:00:00,4834.0,4387.066553216304,3952.9625974256805,4821.170509006927
2018-06-16 11:00:00,4900.0,4458.8131812724205,4024.709225481797,4892.917137063044
2018-06-16 12:00:00,4363.0,4492.702404603309,4058.598448812686,4926.806360393933
2018-06-16 13:00:00,4495.0,4677.084764848367,4242.9808090577435,5111.18872063899
2018-06-16 14:00:00,4053.0,4490.037448605903,4055.9334928152794,4924.141404396526
2018-06-16 15:00:00,3987.0,4026.6425954013607,3592.5386396107374,4460.746551191984
2018-06-16 16:00:00,3223.0,3393.0382164343832,2958.93426064376,3827.1421722250066
2018-06-16 17:00:00,2928.0,2933.2283545758605,2499.124398785237,3367.332310366484
2018-06-16 18:00:00,2887.0,3009.509625454091,2575.4056696634675,3443.613581244714
2018-06-16 19:00:00,2606.0,2883.6000744707485,2449.496118680125,3317.704030261372
2018-06-16 20:00:00,2047.0,2183.14376901023,1749.0398132196065,2617.247724800853
2018-06-16 21:00:00,1332.0,1336.915943018994,902.8119872283708,1771.0198988096174
2018-06-16 22:00:00,866.0,839.086089457123,404.98213366649964,1273.1900452477462
2018-06-16 23:00:00,659.0,603.2998383673031,169.19588257667976,1037.4037941579263
2018-06-17 00:00:00,413.0,383.80297447026885,0.0,817.9069302608922
2018-06-17 01:00:00,393.0,395.1143109204858,0.0,829.2182667111092
2018-06-17 02:00:00,552.0,528.9667585232974,94.86280273267403,963.0707143139207
2018-06-17 03:00:00,885.0,917.8171285006734,483.7131727100501,1351.9210842912967
2018-06-17 04:00:00,1185.0,1435.071898593937,1000.9679428033137,1869.1758543845604
2018-06-17 05:00:00,1724.0,1849.90680599322,1415.8028502025966,2284.010761783843
2018-06-17 06:00:00,2723.0,2759.1780272920396,2325.0740715014163,3193.281983082663
2018-06-17 07:00:00,3488.0,3385.1645686782144,2951.060612887591,3819.2685244688378
2018-06-17 08:00:00,3790.0,3723.3306018660683,3289.226646075445,4157.434557656692
2018-06-17 09:00:00,4260.0,4178.891424433122,3744.7874686424984,4612.995380223745
2018-06-17 10:00:00,4365.0,4207.217201826546,3773.113246035923,4641.32115761717
2018-06-17 11:00:00,4192.0,4145.106228746802,3711.002272956179,4579.210184537425
2018-06-17 12:00:00,4234.0,4264.838504775314,3830.7345489846903,4698.942460565937
2018-06-17 13:00:00,4404.0,4257.234525121607,3823.1305693309832,4691.33848091223
2018-06-17 14:00:00,4175.0,3926.4898932719843,3492.385937481361,4360.593849062608
2018-06-17 15:00:00,3843.0,3735.662637845277,3301.5586820546537,4169.766593635901
2018-06-17 16:00:00,3613.0,3371.500505088169,2937.396549297546,3805.6044608787925
2018-06-17 17:00:00,3185.0,2827.985378258487,2393.8814224678636,3262.08933404911
2018-06-17 18:00:00,2568.0,2644.5965146440126,2210.4925588533893,3078.700470434636
2018-06-17 19:00:00,2045.0,2032.9071846955,1598.8032289048767,2467.0111404861236
2018-06-17 20:00:00,1218.0,1371.2075013521037,937.1035455614804,1805.311457142727
2018-06-17 21:00:00,627.0,727.5426911079213,293.438735317298,1161.6466468985445
2018-06-17 22:00:00,367.0,431.848988009692,0.0,865.9529438003153
2018-06-17 23:00:00,272.0,309.6336587913032,0.0,743.7376145819266
2018-06-18 00:00:00,365.0,368.58539622135805,0.0,802.6893520119813
2018-06-18 01:00:00,802.0,808.1288256293587,374.0248698387354,1242.232781419982
2018-06-18 02:00:00,2891.0,2776.514650197078,2342.4106944064547,3210.6186059877014
2018-06-18 03:00:00,5541.0,5701.966088484671,5267.862132694047,6136.070044275294
2018-06-18 04:00:00,6386.0,6309.2095906556215,5875.105634864998,6743.313546446245
2018-06-18 05:00:00,5765.0,5689.03522334785,5254.931267557226,6123.139179138473
2018-06-18 06:00:00,4767.0,4836.9387784343035,4402.83482264368,5271.042734224927
2018-06-18 07:00:00,4161.0,4308.126817752734,3874.0228619621103,4742.230773543357
2018-06-18 08:00:00,4435.0,4558.714819341172,4124.610863550549,4992.8187751317955
2018-06-18 09:00:00,4829.0,4710.682374617602,4276.578418826979,5144.786330408226
2018-06-18 10:00:00,4743.0,4693.815160101903,4259.711204311279,5127.919115892526
2018-06-18 11:00:00,4935.0,5073.697013141648,4639.593057351025,5507.800968932272
2018-06-18 12:00:00,5558.0,5637.268747787051,5203.164791996428,6071.372703577675
2018-06-18 13:00:00,6757.0,6336.5369236689385,5902.432967878315,6770.640879459562
2018-06-18 14:00:00,6306.0,5864.838239568569,5430.734283777946,6298.942195359193
2018-06-18 15:00:00,4352.0,4325.794020038997,3891.6900642483733,4759.89797582962
2018-06-18 16:00:00,3248.0,3112.199376533337,2678.0954207427135,3546.30333232396
2018-06-18 17:00:00,2762.0,2753.007190220843,2318.9032344302195,3187.111146011466
2018-06-18 18:00:00,2460.0,2513.411272440317,2079.307316649694,2947.5152282309405
2018-06-18 19:00:00,1710.0,1821.8915029342816,1387.7875471436582,2255.995458724905
2018-06-18 20:00:00,1012.0,1221.6460793144715,787.5421235238482,1655.7500351050949
2018-06-18 21:00:00,592.0,600.437311434032,166.3333556434087,1034.5412672246553
2018-06-18 22:00:00,373.0,363.6306902895074,0.0,797.7346460801307
2018-06-18 23:00:00,269.0,304.34716397729795,0.0,738.4511197679212
2018-06-19 00:00:00,369.0,381.3523534107535,0.0,815.4563092013768
2018-06-19 01:00:00,893.0,893.9953363118318,459.8913805212085,1328.0992921024551
2018-06-19 02:00:00,3038.0,2895.1442156969947,2461.0402599063714,3329.248171487618
2018-06-19 03:00:00,5483.0,5676.644763167383,5242.540807376759,6110.748718958006
2018-06-19 04:00:00,5506.0,6584.194135342262,6150.090179551638,7018.298091132885
2018-06-19 05:00:00,4851.0,5898.49847422194,5464.394518431317,6332.602430012564
2018-06-19 06:00:00,4792.0,5093.16583453998,4659.061878749357,5527.269790330603
2018-06-19 07:00:00,4244.0,4531.90728323753,4097.803327446906,4966.011239028153
2018-06-19 08:00:00,4346.0,4507.958231129727,4073.854275339104,4942.0621869203505
2018-06-19 09:00:00,4585.0,4806.327621378778,4372.223665588154,5240.431577169401
2018-06-19 10:00:00,4728.0,4743.950887687628,4309.846931897005,5178.054843478251
2018-06-19 11:00:00,5109.0,5060.056487368776,4625.952531578153,5494.1604431594
2018-06-19 12:00:00,5852.0,5469.741583717288,5035.637627926665,5903.845539507912
2018-06-19 13:00:00,6821.0,6152.109954869231,5718.005999078608,6586.213910659854
2018-06-19 14:00:00,6085.0,5791.336271517057,5357.232315726434,6225.44022730768
2018-06-19 15:00:00,4546.0,4458.286890366128,4024.182934575505,4892.390846156752
2018-06-19 16:00:00,3263.0,3280.322855750139,2846.2188999595155,3714.426811540762
2018-06-19 17:00:00,2804.0,2936.1281996081198,2502.0242438174964,3370.232155398743
2018-06-19 18:00:00,2454.0,2713.751052553345,2279.6470967627215,3147.855008343968
2018-06-19 19:00:00,1796.0,1973.4136427328037,1539.3096869421804,2407.5175985234273
2018-06-19 20:00:00,1190.0,1324.626696146319,890.5227403556958,1758.7306519369424
2018-06-19 21:00:00,663.0,648.5560648170293,214.452109026406,1082.6600206076528
2018-06-19 22:00:00,406.0,371.1931714908111,0.0,805.2971272814344
2018-06-19 23:00:00,301.0,312.21743072774456,0.0,746.321386518368
2018-06-20 00:00:00,385.0,383.29638843400056,0.0,817.400344224624
2018-06-20 01:00:00,935.0,858.5794004091175,424.4754446184942,1292.683356199741
2018-06-20 02:00:00,3134.0,2852.8816801284893,2418.777724337866,3286.9856359191126
2018-06-20 03:00:00,5769.0,5658.085196250102,5223.981240459479,6092.189152040725
2018-06-20 04:00:00,6295.0,6536.50872511116,6102.404769320537,6970.612680901783
2018-06-20 05:00:00,5540.0,5682.689566855002,5248.585611064379,6116.793522645626
2018-06-20 06:00:00,4890.0,4931.1350922676575,4497.031136477034,5365.239048058281
2018-06-20 07:00:00,4544.0,4461.032715760446,4026.9287599698227,4895.136671551069
2018-06-20 08:00:00,4675.0,4841.43699124989,4407.333035459266,5275.540947040513
2018-06-20 09:00:00,4824.0,4922.140863035244,4488.036907244621,5356.244818825868
2018-06-20 10:00:00,4941.0,5058.213052392557,4624.109096601934,5492.31700818318
2018-06-20 11:00:00,5161.0,5303.610696095525,4869.5067403049015,5737.714651886148
2018-06-20 12:00:00,5864.0,5731.381324960119,5297.277369169496,6165.485280750742
2018-06-20 13:00:00,6811.0,6509.423446739051,6075.319490948427,6943.527402529674
2018-06-20 14:00:00,6439.0,5996.657636987219,5562.553681196596,6430.761592777842
2018-06-20 15:00:00,4622.0,4594.07128134467,4159.9673255540465,5028.175237135293
2018-06-20 16:00:00,3418.0,3312.9355065389177,2878.8315507482944,3747.039462329541
2018-06-20 17:00:00,3024.0,2991.6834846619795,2557.579528871356,3425.787440452603
2018-06-20 18:00:00,2758.0,2765.799635549735,2331.6956797591115,3199.903591340358
2018-06-20 19:00:00,1956.0,1989.5500809201953,1555.446125129572,2423.6540367108187
2018-06-20 20:00:00,1209.0,1289.6892419011876,855.5852861105643,1723.793197691811
2018-06-20 21:00:00,634.0,738.7150816017426,304.6111258111192,1172.8190373923658
2018-06-20 22:00:00,462.0,392.4197407232012,0.0,826.5236965138245
2018-06-20 23:00:00,348.0,320.3168500272736,0.0,754.420805817897
2018-06-21 00:00:00,426.0,372.39738764812347,0.0,806.5013434387467
2018-06-21 01:00:00,938.0,827.1712352907812,393.06727950015784,1261.2751910814045
2018-06-21 02:00:00,3112.0,2738.8497916967244,2304.745835906101,3172.9537474873478
2018-06-21 03:00:00,5778.0,5579.926944542152,5145.822988751529,6014.030900332776
2018-06-21 04:00:00,6557.0,6405.888416144827,5971.7844603542035,6839.99237193545
2018-06-21 05:00:00,5490.0,5852.23010233718,5418.126146546557,6286.3340581278035
2018-06-21 06:00:00,4982.0,5096.930911193565,4662.826955402942,5531.034866984189
2018-06-21 07:00:00,4951.0,4642.2274485756025,4208.123492784979,5076.331404366226
2018-06-21 08:00:00,5167.0,4953.733271117878,4519.6293153272545,5387.837226908501
2018-06-21 09:00:00,5083.0,5163.209898858627,4729.105943068003,5597.31385464925
2018-06-21 10:00:00,4942.0,5304.639769426122,4870.535813635499,5738.743725216746
2018-06-21 11:00:00,5025.0,5549.8738146455535,5115.76985885493,5983.977770436177
2018-06-21 12:00:00,5768.0,5887.638480332244,5453.534524541621,6321.742436122868
2018-06-21 13:00:00,6511.0,6490.206193590309,6056.102237799686,6924.310149380933
2018-06-21 14:00:00,5997.0,5953.445226467193,5519.341270676569,6387.549182257816
2018-06-21 15:00:00,4592.0,4728.24480719022,4294.140851399597,5162.348762980843
2018-06-21 16:00:00,3823.0,3500.6809768492453,3066.577021058622,3934.7849326398687
2018-06-21 17:00:00,3385.0,3127.565583784333,2693.4616279937095,3561.669539574956
2018-06-21 18:00:00,3446.0,3026.758862360893,2592.6549065702698,3460.8628181515164
2018-06-21 19:00:00,2583.0,2479.3219560805937,2045.2180002899704,2913.425911871217
2018-06-21 20:00:00,1455.0,1494.8983653748112,1060.7944095841879,1929.0023211654345
2018-06-21 21:00:00,805.0,843.9177232511566,409.8137674605333,1278.0216790417799
2018-06-21 22:00:00,471.0,563.5125004515478,129.40854466092446,997.6164562421711
2018-06-21 23:00:00,364.0,388.7051683670117,0.0,822.8091241576351
2018-06-22 00:00:00,384.0,389.94854582069524,0.0,824.0525016113186
2018-06-22 01:00:00,876.0,661.1907868392601,227.08683104863678,1095.2947426298833
2018-06-22 02:00:00,3056.0,2616.511719529445,2182.407763738822,3050.6156753200685
2018-06-22 03:00:00,5460.0,5313.869114410195,4879.765158619572,5747.973070200818
2018-06-22 04:00:00,6222.0,6231.623382903872,5797.519427113249,6665.727338694495
2018-06-22 05:00:00,5604.0,5604.750837377353,5170.646881586729,6038.854793167976
2018-06-22 06:00:00,5053.0,5183.358139612221,4749.2541838215975,5617.462095402844
2018-06-22 07:00:00,4765.0,4846.4216580577595,4412.317702267136,5280.525613848383
2018-06-22 08:00:00,5128.0,5227.277218713773,4793.17326292315,5661.381174504397
2018-06-22 09:00:00,5225.0,5474.016090766125,5039.912134975501,5908.120046556748
2018-06-22 10:00:00,5104.0,5342.425084583915,4908.321128793292,5776.529040374538
2018-06-22 11:00:00,5351.0,5624.559016960587,5190.455061169963,6058.66297275121
2018-06-22 12:00:00,5843.0,5910.867141258381,5476.7631854677575,6344.971097049004
2018-06-22 13:00:00,6010.0,6165.630028231753,5731.52607244113,6599.733984022377
2018-06-22 14:00:00,5120.0,5834.319315518994,5400.2153597283705,6268.423271309617
2018-06-22 15:00:00,4676.0,4702.219633452284,4268.115677661661,5136.3235892429075
2018-06-22 16:00:00,3976.0,3629.4446743002704,3195.340718509647,4063.5486300908938
2018-06-22 17:00:00,3535.0,3126.113274813774,2692.0093190231505,3560.217230604397
2018-06-22 18:00:00,3473.0,3126.7650879405237,2692.6611321499004,3560.869043731147
2018-06-22 19:00:00,3529.0,2883.390888757842,2449.2869329672185,3317.494844548465
2018-06-22 20:00:00,3654.0,2053.988368465282,1619.8844126746585,2488.092324255905
2018-06-22 21:00:00,1540.0,1315.564988044234,881.4610322536107,1749.6689438348574
2018-06-22 22:00:00,872.0,948.473932738405,514.3699769477817,1382.5778885290283
2018-06-22 23:00:00,629.0,919.4150220541055,485.3110662634822,1353.5189778447289
2018-06-23 00:00:00,407.0,450.1221716051474,16.01821581452407,884.2261273957707
2018-06-23 01:00:00,513.0,503.42404095403487,69.32008516341153,937.5279967446581
2018-06-23 02:00:00,966.0,737.6658837799957,303.5619279893724,1171.769839570619
2018-06-23 03:00:00,1495.0,1513.8663175915697,1079.7623618009463,1947.970273382193
2018-06-23 04:00:00,2474.0,2161.700435464273,1727.5964796736498,2595.8043912548965
2018-06-23 05:00:00,3353.0,3184.8960490927043,2750.792093302081,3619.0000048833276
2018-06-23 06:00:00,4065.0,3729.545681900126,3295.4417261095027,4163.649637690749
2018-06-23 07:00:00,4318.0,4228.712839095781,3794.608883305158,4662.816794886405
2018-06-23 08:00:00,4621.0,4585.831599658014,4151.727643867391,5019.935555448637
2018-06-23 09:00:00,5018.0,4860.107023356312,4426.003067565689,5294.210979146936
2018-06-23 10:00:00,4560.0,4830.908698269503,4396.804742478879,5265.012654060126
2018-06-23 11:00:00,4620.0,4746.030899316487,4311.926943525864,5180.1348551071105
2018-06-23 12:00:00,4417.0,4829.31241414097,4395.2084583503465,5263.416369931593
2018-06-23 13:00:00,4372.0,4719.951290212948,4285.847334422325,5154.0552460035715
2018-06-23 14:00:00,4510.0,4687.064946958513,4252.96099116789,5121.168902749137
2018-06-23 15:00:00,3945.0,4111.88513869589,3677.781182905267,4545.989094486514
2018-06-23 16:00:00,3660.0,3320.557205730689,2886.4532499400657,3754.6611615213124
2018-06-23 17:00:00,3362.0,3038.9888186127005,2604.884862822077,3473.092774403324
2018-06-23 18:00:00,3504.0,3067.055628221069,2632.951672430446,3501.1595840116925
2018-06-23 19:00:00,3572.0,2831.3848476788185,2397.280891888195,3265.488803469442
2018-06-23 20:00:00,2484.0,2228.17453234074,1794.0705765501166,2662.2784881313632
2018-06-23 21:00:00,1515.0,1435.2821791639672,1001.1782233733438,1869.3861349545905
2018-06-23 22:00:00,1016.0,1026.3023508392923,592.198395048669,1460.4063066299157
2018-06-23 23:00:00,684.0,815.5782307991956,381.47427500857225,1249.682186589819
2018-06-24 00:00:00,409.0,419.7147117625843,0.0,853.8186675532077
2018-06-24 01:00:00,373.0,407.7476871827616,0.0,841.851642973385
2018-06-24 02:00:00,614.0,564.9795876336897,130.87563184306634,999.083543424313
2018-06-24 03:00:00,1091.0,989.9274456835418,555.8234898929185,1424.0314014741652
2018-06-24 04:00:00,1499.0,1340.1334474578002,906.0294916671769,1774.2374032484236
2018-06-24 05:00:00,2362.0,1935.5302865974165,1501.4263308067932,2369.6342423880396
2018-06-24 06:00:00,3560.0,3279.524688271372,2845.4207324807485,3713.628644061995
2018-06-24 07:00:00,4187.0,3765.0409563965586,3330.9370006059353,4199.144912187182
2018-06-24 08:00:00,4186.0,4267.122328796163,3833.0183730055396,4701.226284586786
2018-06-24 09:00:00,4302.0,4649.348454432014,4215.24449864139,5083.452410222637
2018-06-24 10:00:00,4235.0,4721.653578670561,4287.5496228799375,5155.757534461184
2018-06-24 11:00:00,4317.0,4570.293042611073,4136.18908682045,5004.396998401697
2018-06-24 12:00:00,4313.0,4473.560857180114,4039.4569013894907,4907.664812970737
2018-06-24 13:00:00,4256.0,4426.25014046627,3992.1461846756465,4860.354096256893
2018-06-24 14:00:00,4118.0,4312.261668339823,3878.1577125491995,4746.365624130446
2018-06-24 15:00:00,4022.0,4010.059032704995,3575.9550769143716,4444.162988495618
2018-06-24 16:00:00,3438.0,3269.410555430685,2835.3065996400614,3703.514511221308
2018-06-24 17:00:00,3187.0,2845.062172696016,2410.958216905393,3279.1661284866395
2018-06-24 18:00:00,2556.0,2657.721334143775,2223.6173783531517,3091.8252899343984
2018-06-24 19:00:00,1962.0,2097.4503233681253,1663.346367577502,2531.5542791587486
2018-06-24 20:00:00,1209.0,1388.8651789228352,954.7612231322119,1822.9691347134585
2018-06-24 21:00:00,652.0,776.791748662459,342.68779287183565,1210.8957044530823
2018-06-24 22:00:00,422.0,432.22720152656973,0.0,866.3311573171931
2018-06-24 23:00:00,331.0,334.22966807538006,0.0,768.3336238660033
2018-06-25 00:00:00,406.0,389.96390878460505,0.0,824.0678645752284
2018-06-25 01:00:00,902.0,835.2941736527633,401.19021786214,1269.3981294433866
2018-06-25 02:00:00,2982.0,2846.969148172468,2412.8651923818447,3281.0731039630914
2018-06-25 03:00:00,5588.0,5770.030914161387,5335.926958370764,6204.13486995201
2018-06-25 04:00:00,6146.0,6080.021046129245,5645.917090338622,6514.125001919869
2018-06-25 05:00:00,5383.0,5825.366966186108,5391.263010395484,6259.470921976731
2018-06-25 06:00:00,4654.0,4875.189223910497,4441.085268119874,5309.293179701121
2018-06-25 07:00:00,4310.0,4397.762326346036,3963.658370555413,4831.86628213666
2018-06-25 08:00:00,4530.0,4614.973804428504,4180.869848637881,5049.077760219127
2018-06-25 09:00:00,4748.0,4779.563218396067,4345.459262605444,5213.66717418669
2018-06-25 10:00:00,4673.0,4961.494536338199,4527.390580547576,5395.598492128823
2018-06-25 11:00:00,4877.0,5181.884891795313,4747.7809360046895,5615.988847585936
2018-06-25 12:00:00,5605.0,5638.872001947923,5204.7680461573,6072.975957738547
2018-06-25 13:00:00,6232.0,6220.657215211436,5786.5532594208125,6654.761171002059
2018-06-25 14:00:00,5772.0,5870.449427806943,5436.34547201632,6304.553383597567
2018-06-25 15:00:00,4086.0,4420.855897278636,3986.7519414880126,4854.959853069259
2018-06-25 16:00:00,3288.0,3186.1886698553585,2752.084714064735,3620.292625645982
2018-06-25 17:00:00,2944.0,2638.507546394046,2204.403590603423,3072.6115021846695
2018-06-25 18:00:00,2559.0,2358.794225095175,1924.6902693045517,2792.8981808857984
2018-06-25 19:00:00,1974.0,1878.4503883385212,1444.3464325478978,2312.5543441291447
2018-06-25 20:00:00,1136.0,1248.6960640253565,814.5921082347331,1682.8000198159798
2018-06-25 21:00:00,624.0,647.3844402984224,213.2804845077991,1081.4883960890456
2018-06-25 22:00:00,417.0,382.69747379339196,0.0,816.8014295840153
2018-06-25 23:00:00,297.0,310.846067330243,0.0,744.9500231208663
2018-06-26 00:00:00,353.0,390.7182990309259,0.0,824.8222548215492
2018-06-26 01:00:00,887.0,888.5530689719525,454.44911318132915,1322.657024762576
2018-06-26 02:00:00,2973.0,2950.476372990138,2516.3724171995145,3384.580328780761
2018-06-26 03:00:00,5381.0,5826.736115063115,5392.632159272492,6260.840070853738
2018-06-26 04:00:00,6350.0,6355.9473310466265,5921.843375256003,6790.05128683725
2018-06-26 05:00:00,5756.0,5886.811391267939,5452.707435477316,6320.9153470585625
2018-06-26 06:00:00,4872.0,4990.333287335556,4556.229331544932,5424.437243126179
2018-06-26 07:00:00,4452.0,4526.759057122621,4092.6551013319977,4960.863012913244
2018-06-26 08:00:00,4713.0,4792.162426037611,4358.058470246988,5226.266381828234
2018-06-26 09:00:00,5083.0,4914.047000233997,4479.943044443374,5348.15095602462
2018-06-26 10:00:00,4849.0,4962.274706700871,4528.170750910248,5396.378662491495
2018-06-26 11:00:00,4905.0,5312.967607996238,4878.863652205615,5747.071563786862
2018-06-26 12:00:00,5875.0,5785.862954778182,5351.758998987559,6219.966910568805
2018-06-26 13:00:00,6765.0,6492.629711949655,6058.5257561590315,6926.733667740278
2018-06-26 14:00:00,6054.0,6009.779702109786,5575.6757463191625,6443.883657900409
2018-06-26 15:00:00,4473.0,4637.905109485275,4203.8011536946515,5072.009065275898
2018-06-26 16:00:00,3316.0,3360.959778427148,2926.855822636525,3795.0637342177715
2018-06-26 17:00:00,2910.0,2919.566382350446,2485.4624265598227,3353.6703381410694
2018-06-26 18:00:00,2674.0,2742.354683240773,2308.2507274501495,3176.458639031396
2018-06-26 19:00:00,2083.0,1999.6995337756405,1565.5955779850171,2433.803489566264
2018-06-26 20:00:00,1161.0,1340.086989256153,905.9830334655296,1774.1909450467763
2018-06-26 21:00:00,678.0,676.1342042110867,242.0302484204634,1110.2381600017102
2018-06-26 22:00:00,411.0,388.26483333174144,0.0,822.3687891223648
2018-06-26 23:00:00,313.0,309.4253082412215,0.0,743.5292640318448
2018-06-27 00:00:00,414.0,391.63538162516437,0.0,825.7393374157878
2018-06-27 01:00:00,898.0,873.4961661176258,439.39221032700243,1307.600121908249
2018-06-27 02:00:00,3151.0,2966.973614149273,2532.8696583586498,3401.0775699398964
2018-06-27 03:00:00,5883.0,5882.158332052672,5448.054376262049,6316.262287843296
2018-06-27 04:00:00,6414.0,6579.268636402083,6145.1646806114595,7013.372592192706
2018-06-27 05:00:00,5717.0,5819.1135250159305,5385.009569225307,6253.217480806554
2018-06-27 06:00:00,5134.0,5209.4579002426935,4775.35394445207,5643.561856033317
2018-06-27 07:00:00,4614.0,4666.522275011943,4232.4183192213195,5100.626230802566
2018-06-27 08:00:00,4964.0,4952.712727426338,4518.608771635714,5386.816683216961
2018-06-27 09:00:00,5102.0,5133.633296114294,4699.529340323671,5567.737251904918
2018-06-27 10:00:00,4901.0,5228.616826258161,4794.512870467538,5662.720782048785
2018-06-27 11:00:00,5036.0,5507.701089957907,5073.597134167284,5941.805045748531
2018-06-27 12:00:00,5867.0,5908.770027976894,5474.666072186271,6342.8739837675175
2018-06-27 13:00:00,6666.0,6487.094972196861,6052.991016406238,6921.198927987484
2018-06-27 14:00:00,6095.0,6072.779166749975,5638.675210959352,6506.883122540598
2018-06-27 15:00:00,4563.0,4710.19058885026,4276.086633059636,5144.294544640883
2018-06-27 16:00:00,3497.0,3409.2657574155373,2975.161801624914,3843.3697132061607
2018-06-27 17:00:00,3126.0,2990.0074383315255,2555.903482540902,3424.111394122149
2018-06-27 18:00:00,3116.0,2796.5470815909134,2362.44312580029,3230.6510373815368
2018-06-27 19:00:00,2292.0,2069.201642007466,1635.0976862168427,2503.3055977980894
2018-06-27 20:00:00,1339.0,1468.5063990896604,1034.402443299037,1902.6103548802837
2018-06-27 21:00:00,778.0,798.0971268191587,363.99317102853536,1232.2010826097821
2018-06-27 22:00:00,457.0,452.18336132310884,18.07940553248551,886.2873171137321
2018-06-27 23:00:00,309.0,335.34208739256263,0.0,769.446043183186
2018-06-28 00:00:00,365.0,386.0291021624579,0.0,820.1330579530812
2018-06-28 01:00:00,921.0,779.9457009673484,345.8417451767251,1214.0496567579717
2018-06-28 02:00:00,3121.0,2792.9204441830516,2358.8164883924283,3227.024399973675
2018-06-28 03:00:00,5691.0,5715.870960590906,5281.767004800283,6149.9749163815295
2018-06-28 04:00:00,6264.0,6480.592471875418,6046.488516084794,6914.696427666041
2018-06-28 05:00:00,5683.0,5860.944799521467,5426.8408437308435,6295.04875531209
2018-06-28 06:00:00,4983.0,5298.000139401866,4863.896183611243,5732.10409519249
2018-06-28 07:00:00,4678.0,4799.413225216919,4365.309269426296,5233.517181007543
2018-06-28 08:00:00,4866.0,5058.306231254436,4624.202275463813,5492.4101870450595
2018-06-28 09:00:00,5109.0,5304.175251265151,4870.071295474528,5738.279207055774
2018-06-28 10:00:00,5011.0,5292.83303302418,4858.729077233556,5726.936988814803
2018-06-28 11:00:00,5300.0,5540.797306898455,5106.693351107831,5974.901262689078
2018-06-28 12:00:00,5945.0,5906.687043264379,5472.583087473756,6340.790999055002
2018-06-28 13:00:00,6568.0,6386.730669395047,5952.6267136044235,6820.83462518567
2018-06-28 14:00:00,5930.0,6057.910471841394,5623.80651605077,6492.014427632017
2018-06-28 15:00:00,4668.0,4794.508374987866,4360.4044191972425,5228.612330778489
2018-06-28 16:00:00,3794.0,3597.0175189050783,3162.913563114455,4031.1214746957016
2018-06-28 17:00:00,3127.0,3141.586438899448,2707.4824831088245,3575.690394690071
2018-06-28 18:00:00,2908.0,3068.0949158738276,2633.9909600832043,3502.198871664451
2018-06-28 19:00:00,2190.0,2537.2607171562136,2103.1567613655902,2971.364672946837
2018-06-28 20:00:00,1475.0,1483.458896728795,1049.3549409381717,1917.5628525194184
2018-06-28 21:00:00,841.0,827.0496930977616,392.9457373071383,1261.1536488883849
2018-06-28 22:00:00,510.0,469.10050570507224,34.996549914448906,903.2044614956956
2018-06-28 23:00:00,385.0,393.9485604898291,0.0,828.0525162804524
2018-06-29 00:00:00,453.0,390.1994801421748,0.0,824.3034359327982
2018-06-29 01:00:00,984.0,669.9049365333066,235.80098074268324,1104.00889232393
2018-06-29 02:00:00,2909.0,2550.1498764412663,2116.045920650643,2984.2538322318896
2018-06-29 03:00:00,5427.0,5537.38356064553,5103.279604854907,5971.487516436154
2018-06-29 04:00:00,6051.0,6413.609462045546,5979.505506254923,6847.713417836169
2018-06-29 05:00:00,5204.0,5643.048717604674,5208.94476181405,6077.152673395297
2018-06-29 06:00:00,4842.0,5179.707992770097,4745.604036979474,5613.81194856072
2018-06-29 07:00:00,4626.0,4934.891490970939,4500.787535180316,5368.995446761563
2018-06-29 08:00:00,5114.0,5110.866195034306,4676.762239243682,5544.970150824929
2018-06-29 09:00:00,5222.0,5371.213168935501,4937.109213144878,5805.317124726124
2018-06-29 10:00:00,5236.0,5361.511026201868,4927.407070411245,5795.614981992491
2018-06-29 11:00:00,5319.0,5599.26694241755,5165.162986626927,6033.3708982081735
2018-06-29 12:00:00,5903.0,5880.320487331799,5446.216531541176,6314.424443122422
2018-06-29 13:00:00,5902.0,6139.122052727498,5705.018096936875,6573.2260085181215
2018-06-29 14:00:00,5314.0,5560.692340796332,5126.588385005709,5994.796296586956
2018-06-29 15:00:00,4798.0,4722.657618491139,4288.553662700516,5156.7615742817625
2018-06-29 16:00:00,3705.0,3606.646890694541,3172.5429349039177,4040.7508464851644
2018-06-29 17:00:00,3340.0,3142.6806128439634,2708.57665705334,3576.784568634587
2018-06-29 18:00:00,3247.0,3098.323465937477,2664.2195101468537,3532.4274217281004
2018-06-29 19:00:00,2781.0,2831.699928944862,2397.595973154239,3265.8038847354856
2018-06-29 20:00:00,2465.0,2087.7662905203997,1653.6623347297764,2521.870246311023
2018-06-29 21:00:00,1423.0,1334.5605882855546,900.4566324949312,1768.664544076178
2018-06-29 22:00:00,869.0,858.5974413548447,424.4934855642214,1292.701397145468
2018-06-29 23:00:00,617.0,754.9466739792587,320.84271818863533,1189.050629769882
2018-06-30 00:00:00,429.0,418.331927261741,0.0,852.4358830523643
2018-06-30 01:00:00,429.0,479.4496990123639,45.34574322174058,913.5536548029872
2018-06-30 02:00:00,822.0,791.567355896947,357.46340010632366,1225.6713116875703
2018-06-30 03:00:00,1489.0,1616.6284212271635,1182.5244654365401,2050.732377017787
2018-06-30 04:00:00,2048.0,2198.1754076928787,1764.0714519022554,2632.279363483502
2018-06-30 05:00:00,2840.0,2921.964244814435,2487.8602890238117,3356.0682006050583
2018-06-30 06:00:00,3627.0,3672.2146643492056,3238.1107085585822,4106.318620139829
2018-06-30 07:00:00,3922.0,4209.440243359475,3775.3362875688517,4643.544199150098
2018-06-30 08:00:00,4253.0,4456.528783198544,4022.424827407921,4890.632738989168
2018-06-30 09:00:00,4776.0,4639.376345258924,4205.2723894683,5073.480301049547
2018-06-30 10:00:00,4675.0,4641.517973597894,4207.41401780727,5075.621929388517
2018-06-30 11:00:00,4533.0,4594.927876168582,4160.8239203779585,5029.031831959205
2018-06-30 12:00:00,4425.0,4705.70593709207,4271.601981301446,5139.809892882693
2018-06-30 13:00:00,4707.0,4664.123321649854,4230.019365859231,5098.227277440477
2018-06-30 14:00:00,4469.0,4502.422788436113,4068.3188326454892,4936.526744226736
2018-06-30 15:00:00,3871.0,4083.921640396175,3649.8176846055517,4518.025596186799
2018-06-30 16:00:00,3247.0,3440.9170640513203,3006.813108260697,3875.0210198419436
2018-06-30 17:00:00,2936.0,3040.561401523169,2606.4574457325457,3474.6653573137924
2018-06-30 18:00:00,2700.0,3079.6189164608495,2645.514960670226,3513.722872251473
2018-06-30 19:00:00,2760.0,2993.960874396362,2559.856918605739,3428.0648301869855
2018-06-30 20:00:00,2017.0,2196.202219101564,1762.0982633109406,2630.3061748921873
2018-06-30 21:00:00,1314.0,1301.5743009950047,867.4703452043814,1735.678256785628
2018-06-30 22:00:00,848.0,924.7506352951258,490.64667950450246,1358.8545910857492
2018-06-30 23:00:00,703.0,591.7163078501911,157.6123520595678,1025.8202636408146
2018-07-01 00:00:00,419.0,373.5795133035183,0.0,807.6834690941416
2018-07-01 01:00:00,372.0,388.01559597319687,0.0,822.1195517638203
2018-07-01 02:00:00,529.0,523.0469747028761,88.9430189122528,957.1509304934995
2018-07-01 03:00:00,979.0,937.4507987421107,503.34684295148736,1371.554754532734
2018-07-01 04:00:00,1237.0,1475.567439996661,1041.4634842060377,1909.6713957872844
2018-07-01 05:00:00,1682.0,1847.2511949095604,1413.147239118937,2281.355150700184
2018-07-01 06:00:00,2495.0,2873.869021710738,2439.7650659201145,3307.972977501361
2018-07-01 07:00:00,2924.0,3423.3448529274438,2989.2408971368204,3857.448808718067
2018-07-01 08:00:00,3323.0,3690.67186306542,3256.5679072747967,4124.775818856044
2018-07-01 09:00:00,3696.0,3854.9988031773205,3420.894847386697,4289.102758967943
2018-07-01 10:00:00,4084.0,4002.0514126414027,3567.9474568507794,4436.155368432026
2018-07-01 11:00:00,4187.0,3857.5132088353707,3423.4092530447474,4291.617164625994
2018-07-01 12:00:00,4365.0,3863.449932702954,3429.3459769123306,4297.553888493578
2018-07-01 13:00:00,4380.0,4089.951823175365,3655.8478673847417,4524.055778965989
2018-07-01 14:00:00,4049.0,3905.261421386449,3471.1574655958257,4339.365377177072
2018-07-01 15:00:00,3680.0,3804.692822344448,3370.5888665538246,4238.796778135071
2018-07-01 16:00:00,3404.0,3286.770666671991,2852.6667108813676,3720.8746224626143
2018-07-01 17:00:00,3018.0,2843.080300167854,2408.976344377231,3277.1842559584775
2018-07-01 18:00:00,2640.0,2554.7160625465867,2120.6121067559634,2988.82001833721
2018-07-01 19:00:00,2152.0,2080.5507515326635,1646.4467957420402,2514.654707323287
2018-07-01 20:00:00,3078.0,1302.3373505974077,868.2333948067844,1736.441306388031
2018-07-01 21:00:00,1043.0,733.9242947638472,299.8203389732239,1168.0282505544706
2018-07-01 22:00:00,523.0,452.8742874022169,18.770331611593576,886.9782431928402
2018-07-01 23:00:00,425.0,609.0793734461342,174.9754176555109,1043.1833292367576
2018-07-02 00:00:00,398.0,381.2836356149691,0.0,815.3875914055925
2018-07-02 01:00:00,896.0,639.262622979509,205.15866718888572,1073.3665787701325
2018-07-02 02:00:00,2931.0,1928.984931183776,1494.8809753931528,2363.0888869743994
2018-07-02 03:00:00,5305.0,4446.2525792854585,4012.148623494835,4880.356535076082
2018-07-02 04:00:00,5936.0,5977.676124475328,5543.572168684705,6411.780080265951
2018-07-02 05:00:00,4859.0,5630.548116806616,5196.444161015993,6064.65207259724
2018-07-02 06:00:00,4473.0,4623.666764740176,4189.562808949553,5057.7707205308
2018-07-02 07:00:00,4172.0,4351.519989917338,3917.4160341267143,4785.623945707961
2018-07-02 08:00:00,4498.0,4442.455704759199,4008.3517489685755,4876.559660549822
2018-07-02 09:00:00,4617.0,4684.402916599595,4250.298960808972,5118.506872390219
2018-07-02 10:00:00,4667.0,4708.5173209201985,4274.413365129575,5142.621276710822
2018-07-02 11:00:00,4728.0,5035.705845774631,4601.601889984007,5469.809801565254
2018-07-02 12:00:00,5115.0,5368.327291691952,4934.223335901329,5802.431247482576
2018-07-02 13:00:00,5853.0,6049.178440778372,5615.074484987748,6483.282396568995
2018-07-02 14:00:00,5241.0,5594.847957278962,5160.744001488339,6028.951913069585
2018-07-02 15:00:00,3922.0,4239.569419824498,3805.465464033875,4673.673375615122
2018-07-02 16:00:00,3183.0,2983.048743321915,2548.9447875312917,3417.1526991125384
2018-07-02 17:00:00,2792.0,2562.069582058588,2127.9656262679646,2996.1735378492112
2018-07-02 18:00:00,2552.0,2297.0215162303166,1862.9175604396933,2731.12547202094
2018-07-02 19:00:00,2118.0,1781.8007456311818,1347.6967898405585,2215.904701421805
2018-07-02 20:00:00,1461.0,1223.0828874698448,788.9789316792214,1657.186843260468
2018-07-02 21:00:00,722.0,688.2942563748461,254.19030058422277,1122.3982121654694
2018-07-02 22:00:00,455.0,401.44879412533146,0.0,835.5527499159548
2018-07-02 23:00:00,340.0,370.04279761753514,0.0,804.1467534081585
2018-07-03 00:00:00,391.0,376.50378620594455,0.0,810.6077419965679
2018-07-03 01:00:00,863.0,794.9312093360599,360.8272535454365,1229.0351651266833
2018-07-03 02:00:00,2836.0,2724.5838601799533,2290.47990438933,3158.6878159705766
2018-07-03 03:00:00,5264.0,5528.42375060355,5094.319794812926,5962.527706394173
2018-07-03 04:00:00,5737.0,5868.356895782593,5434.2529399919695,6302.460851573216
2018-07-03 05:00:00,5017.0,5596.098816603695,5161.994860813072,6030.202772394318
2018-07-03 06:00:00,4373.0,4855.523589029866,4421.419633239243,5289.62754482049
2018-07-03 07:00:00,4099.0,4334.402285193277,3900.2983294026535,4768.5062409839
2018-07-03 08:00:00,4415.0,4522.199665472319,4088.0957096816956,4956.303621262942
2018-07-03 09:00:00,4775.0,4586.074277846801,4151.970322056178,5020.1782336374245
2018-07-03 10:00:00,4799.0,4468.409974585415,4034.3060187947913,4902.513930376038
2018-07-03 11:00:00,4968.0,4986.949182298067,4552.845226507444,5421.0531380886905
2018-07-03 12:00:00,5526.0,5412.7232490942015,4978.619293303578,5846.827204884825
2018-07-03 13:00:00,6135.0,6143.022975305714,5708.91901951509,6577.126931096337
2018-07-03 14:00:00,5092.0,5821.111176777589,5387.007220986966,6255.2151325682125
2018-07-03 15:00:00,4313.0,4377.654272835778,3943.5503170451548,4811.758228626401
2018-07-03 16:00:00,3308.0,3179.8454771877978,2745.7415213971744,3613.949432978421
2018-07-03 17:00:00,3055.0,2784.022423668276,2349.918467877653,3218.1263794588995
2018-07-03 18:00:00,2700.0,2573.798601591209,2139.6946458005855,3007.902557381832
2018-07-03 19:00:00,2176.0,1983.0996507197808,1548.9956949291575,2417.203606510404
2018-07-03 20:00:00,1741.0,1369.3082220843894,935.2042662937661,1803.4121778750127
2018-07-03 21:00:00,1021.0,698.8040764360701,264.70012064544676,1132.9080322266934
2018-07-03 22:00:00,605.0,425.6934912457456,0.0,859.7974470363689
2018-07-03 23:00:00,573.0,389.7495509165476,0.0,823.8535067071709
2018-07-04 00:00:00,353.0,391.99476106552714,0.0,826.0987168561505
2018-07-04 01:00:00,354.0,696.1521480270314,262.0481922364081,1130.2561038176548
2018-07-04 02:00:00,698.0,1955.7530884724113,1521.649132681788,2389.8570442630344
2018-07-04 03:00:00,1141.0,4051.7933577957215,3617.689402005098,4485.897313586345
2018-07-04 04:00:00,1128.0,3491.0001315940167,3056.8961758033934,3925.10408738464
2018-07-04 05:00:00,1275.0,3801.776141418733,3367.6721856281097,4235.880097209356
2018-07-04 06:00:00,1687.0,2955.769871549111,2521.6659157584877,3389.8738273397344
2018-07-04 07:00:00,1920.0,2886.8715833296687,2452.7676275390454,3320.975539120292
2018-07-04 08:00:00,2603.0,2717.8676234130235,2283.7636676224,3151.971579203647
2018-07-04 09:00:00,2761.0,3212.4598881510415,2778.355932360418,3646.563843941665
2018-07-04 10:00:00,2929.0,3260.750019955864,2826.6460641652407,3694.8539757464873
2018-07-04 11:00:00,3318.0,3302.6385965682457,2868.5346407776224,3736.742552358869
2018-07-04 12:00:00,3070.0,3512.5946513619315,3078.490695571308,3946.698607152555
2018-07-04 13:00:00,3224.0,3414.3202559633405,2980.216300172717,3848.424211753964
2018-07-04 14:00:00,3045.0,3331.9157018428828,2897.8117460522594,3766.019657633506
2018-07-04 15:00:00,2664.0,2935.202150386657,2501.098194596034,3369.3061061772805
2018-07-04 16:00:00,2596.0,2513.076973898212,2078.973018107589,2947.1809296888355
2018-07-04 17:00:00,2503.0,2349.730089538453,1915.6261337478295,2783.834045329076
2018-07-04 18:00:00,2582.0,2016.5936708153235,1582.4897150247002,2450.697626605947
2018-07-04 19:00:00,2030.0,1776.1501936197549,1342.0462378291315,2210.254149410378
2018-07-04 20:00:00,1936.0,1415.467805036091,981.3638492454677,1849.5717608267144
2018-07-04 21:00:00,971.0,845.5619471759527,411.45799138532936,1279.6659029665761
2018-07-04 22:00:00,476.0,505.0567360603252,70.95278026970186,939.1606918509485
2018-07-04 23:00:00,317.0,413.02992967941765,0.0,847.1338854700409
2018-07-05 00:00:00,338.0,374.91389478308827,0.0,809.0178505737116
2018-07-05 01:00:00,754.0,547.8345485256871,113.73059273506374,981.9385043163104
2018-07-05 02:00:00,2412.0,1917.416527668022,1483.3125718773986,2351.5204834586452
2018-07-05 03:00:00,4500.0,3609.2480108151058,3175.1440550244824,4043.351966605729
2018-07-05 04:00:00,4966.0,4843.201044505326,4409.097088714702,5277.305000295949
2018-07-05 05:00:00,4440.0,4348.567035611127,3914.4630798205035,4782.67099140175
2018-07-05 06:00:00,4205.0,4391.367716280185,3957.2637604895617,4825.471672070808
2018-07-05 07:00:00,4154.0,4086.8885530919288,3652.7845973013054,4520.992508882552
2018-07-05 08:00:00,4201.0,4125.662144689064,3691.5581888984407,4559.766100479687
2018-07-05 09:00:00,4416.0,4468.734236493173,4034.6302807025495,4902.838192283796
2018-07-05 10:00:00,4491.0,4416.1538434825725,3982.049887691949,4850.257799273196
2018-07-05 11:00:00,4708.0,4615.660429166943,4181.556473376319,5049.764384957566
2018-07-05 12:00:00,5066.0,4942.101274900231,4507.997319109608,5376.2052306908545
2018-07-05 13:00:00,5908.0,5241.31331323477,4807.209357444147,5675.417269025394
2018-07-05 14:00:00,5223.0,5279.159822539804,4845.0558667491805,5713.263778330427
2018-07-05 15:00:00,4115.0,4065.320362499349,3631.2164067087256,4499.424318289972
2018-07-05 16:00:00,3099.0,3190.275662895629,2756.1717071050057,3624.3796186862523
2018-07-05 17:00:00,2713.0,2897.7917797668333,2463.68782397621,3331.8957355574566
2018-07-05 18:00:00,2633.0,2750.61789676083,2316.5139409702065,3184.721852551453
2018-07-05 19:00:00,2002.0,2318.5733074240666,1884.4693516334432,2752.67726321469
2018-07-05 20:00:00,1287.0,1316.0355571313291,881.9316013407058,1750.1395129219525
2018-07-05 21:00:00,743.0,776.4997195758285,342.3957637852052,1210.6036753664519
2018-07-05 22:00:00,435.0,411.27629725273124,0.0,845.3802530433545
2018-07-05 23:00:00,372.0,353.0065594139487,0.0,787.110515204572
2018-07-06 00:00:00,343.0,375.54180408950714,0.0,809.6457598801305
2018-07-06 01:00:00,752.0,799.4103008076214,365.3063450169981,1233.5142565982446
2018-07-06 02:00:00,2453.0,2739.3605234729744,2305.256567682351,3173.4644792635977
2018-07-06 03:00:00,4489.0,5055.075070821753,4620.97111503113,5489.179026612376
2018-07-06 04:00:00,5069.0,5680.372061178047,5246.268105387424,6114.476016968671
2018-07-06 05:00:00,4489.0,5263.145751022383,4829.041795231759,5697.249706813006
2018-07-06 06:00:00,4305.0,4520.023997030706,4085.9200412400824,4954.127952821329
2018-07-06 07:00:00,4215.0,4275.373787552641,3841.269831762018,4709.477743343265
2018-07-06 08:00:00,4547.0,4467.402905355276,4033.2989495646525,4901.506861145899
2018-07-06 09:00:00,4684.0,4539.337495576977,4105.2335397863535,4973.4414513676
2018-07-06 10:00:00,4594.0,4568.592875859135,4134.488920068512,5002.696831649759
2018-07-06 11:00:00,4818.0,4958.339785819176,4524.235830028552,5392.443741609799
2018-07-06 12:00:00,5182.0,5294.382053461971,4860.2780976713475,5728.486009252594
2018-07-06 13:00:00,5353.0,5477.21333828064,5043.109382490016,5911.317294071263
2018-07-06 14:00:00,4822.0,5433.797461314408,4999.693505523785,5867.901417105031
2018-07-06 15:00:00,4089.0,4241.60219526598,3807.498239475357,4675.706151056604
2018-07-06 16:00:00,3390.0,3284.443108706414,2850.3391529157907,3718.5470644970374
2018-07-06 17:00:00,2966.0,2780.375033258787,2346.2710774681636,3214.4789890494103
2018-07-06 18:00:00,2903.0,2716.9770335481617,2282.8730777575383,3151.080989338785
2018-07-06 19:00:00,2533.0,2476.3132723306603,2042.209316540037,2910.4172281212836
2018-07-06 20:00:00,2227.0,1885.2019984744913,1451.098042683868,2319.3059542651145
2018-07-06 21:00:00,1233.0,1198.5032606996308,764.3993049090075,1632.6072164902541
2018-07-06 22:00:00,689.0,781.1893358783278,347.0853800877045,1215.293291668951
2018-07-06 23:00:00,604.0,620.9087684405558,186.8048126499325,1055.0127242311792
2018-07-07 00:00:00,382.0,364.2452559948511,0.0,798.3492117854744
2018-07-07 01:00:00,429.0,454.0080346179388,19.90407882731546,888.1119904085622
2018-07-07 02:00:00,769.0,803.1710050246103,369.06704923398695,1237.2749608152335
2018-07-07 03:00:00,1246.0,1453.8787968675915,1019.7748410769682,1887.9827526582148
2018-07-07 04:00:00,1710.0,1878.3626859366163,1444.258730145993,2312.4666417272397
2018-07-07 05:00:00,2428.0,2677.7060859578114,2243.602130167188,3111.8100417484347
2018-07-07 06:00:00,3029.0,3210.0165404185877,2775.9125846279644,3644.120496209211
2018-07-07 07:00:00,3386.0,3566.388213341543,3132.28425755092,4000.4921691321665
2018-07-07 08:00:00,4045.0,3835.808837204092,3401.7048814134687,4269.912792994715
2018-07-07 09:00:00,4160.0,4236.443190039343,3802.3392342487195,4670.547145829966
2018-07-07 10:00:00,4118.0,4271.157534655356,3837.053578864733,4705.26149044598
2018-07-07 11:00:00,3992.0,4324.552785273769,3890.4488294831453,4758.656741064392
2018-07-07 12:00:00,4022.0,4281.174428648077,3847.0704728574538,4715.2783844387
2018-07-07 13:00:00,4289.0,4236.416796331347,3802.3128405407233,4670.52075212197
2018-07-07 14:00:00,4085.0,3969.2584024219855,3535.154446631362,4403.362358212609
2018-07-07 15:00:00,3986.0,3780.220930357877,3346.1169745672537,4214.324886148501
2018-07-07 16:00:00,3416.0,3112.53186345871,2678.427907668087,3546.6358192493335
2018-07-07 17:00:00,3191.0,2787.049953644285,2352.9459978536615,3221.153909434908
2018-07-07 18:00:00,3616.0,2832.1519245438553,2398.047968753232,3266.2558803344787
2018-07-07 19:00:00,3055.0,2709.3576969767814,2275.253741186158,3143.4616527674048
2018-07-07 20:00:00,2246.0,2137.014054978527,1702.9100991879036,2571.1180107691503
2018-07-07 21:00:00,1423.0,1313.7757854203746,879.6718296297513,1747.879741210998
2018-07-07 22:00:00,786.0,911.1158071742044,477.0118513835811,1345.2197629648276
2018-07-07 23:00:00,693.0,636.8809113051426,202.77695551451927,1070.9848670957658
2018-07-08 00:00:00,357.0,392.76832748691277,0.0,826.8722832775361
2018-07-08 01:00:00,327.0,393.0644115814469,0.0,827.1683673720702
2018-07-08 02:00:00,476.0,534.7261558048215,100.62220001419814,968.8301115954448
2018-07-08 03:00:00,876.0,898.7339470512244,464.62999126060106,1332.8379028418476
2018-07-08 04:00:00,1084.0,1143.6003934378057,709.4964376471823,1577.704349228429
2018-07-08 05:00:00,1920.0,1781.6891748116018,1347.5852190209785,2215.793130602225
2018-07-08 06:00:00,2584.0,2533.1602301881367,2099.0562743975133,2967.26418597876
2018-07-08 07:00:00,3236.0,3133.5898545841524,2699.485898793529,3567.6938103747757
2018-07-08 08:00:00,3837.0,3558.4761845357366,3124.3722287451133,3992.58014032636
2018-07-08 09:00:00,4075.0,3926.5364215668496,3492.4324657762263,4360.640377357473
2018-07-08 10:00:00,4211.0,4099.707960815384,3665.60400502476,4533.811916606007
2018-07-08 11:00:00,4470.0,4153.158841762974,3719.0548859723503,4587.262797553597
2018-07-08 12:00:00,4397.0,4206.680867348012,3772.5769115573885,4640.784823138635
2018-07-08 13:00:00,4514.0,4211.2632666614645,3777.159310870841,4645.367222452088
2018-07-08 14:00:00,4297.0,4163.5479635628335,3729.44400777221,4597.651919353457
2018-07-08 15:00:00,3953.0,3807.9269925927556,3373.8230368021323,4242.030948383379
2018-07-08 16:00:00,3969.0,3275.4267593412487,2841.3228035506254,3709.530715131872
2018-07-08 17:00:00,3571.0,2856.4550027637497,2422.3510469731264,3290.558958554373
2018-07-08 18:00:00,2948.0,2559.326503309648,2125.222547519025,2993.4304591002715
2018-07-08 19:00:00,2039.0,2173.4646120381462,1739.360656247523,2607.5685678287696
2018-07-08 20:00:00,1339.0,1397.321979580817,963.2180237901937,1831.4259353714403
2018-07-08 21:00:00,676.0,842.1885018174298,408.0845460268065,1276.2924576080532
2018-07-08 22:00:00,423.0,412.86066096701325,0.0,846.9646167576366
2018-07-08 23:00:00,320.0,348.87440668030064,0.0,782.9783624709239
2018-07-09 00:00:00,348.0,367.3891719489566,0.0,801.4931277395799
2018-07-09 01:00:00,903.0,773.3594392010173,339.25548341039394,1207.4633949916406
2018-07-09 02:00:00,2977.0,2742.1675270807723,2308.063571290149,3176.2714828713956
2018-07-09 03:00:00,5679.0,5371.206860875744,4937.10290508512,5805.310816666367
2018-07-09 04:00:00,6178.0,5961.384311707263,5527.28035591664,6395.488267497886
2018-07-09 05:00:00,5656.0,5459.631450332758,5025.527494542134,5893.735406123381
2018-07-09 06:00:00,4586.0,4699.565845528377,4265.461889737754,5133.669801319001
2018-07-09 07:00:00,4266.0,4316.1648113565,3882.0608555658764,4750.268767147123
2018-07-09 08:00:00,4448.0,4526.472540614209,4092.3685848235855,4960.576496404832
2018-07-09 09:00:00,4689.0,4708.222187111313,4274.11823132069,5142.326142901937
2018-07-09 10:00:00,4621.0,4757.817490984118,4323.713535193495,5191.9214467747415
2018-07-09 11:00:00,4836.0,4963.547492869045,4529.443537078421,5397.651448659668
2018-07-09 12:00:00,5429.0,5478.569336497151,5044.465380706528,5912.6732922877745
2018-07-09 13:00:00,6311.0,6153.949299592788,5719.845343802164,6588.053255383411
2018-07-09 14:00:00,5805.0,5791.075378047368,5356.9714222567445,6225.179333837991
2018-07-09 15:00:00,4290.0,4291.890521808417,3857.786566017794,4725.994477599041
2018-07-09 16:00:00,3240.0,3100.9103827889676,2666.8064269983443,3535.014338579591
2018-07-09 17:00:00,2861.0,2593.1152189056984,2159.011263115075,3027.2191746963217
2018-07-09 18:00:00,2633.0,2429.8295605046847,1995.7256047140613,2863.933516295308
2018-07-09 19:00:00,2071.0,1861.76073620157,1427.6567804109466,2295.864691992193
2018-07-09 20:00:00,1189.0,1164.9407883077442,730.8368325171209,1599.0447440983676
2018-07-09 21:00:00,688.0,681.4307541956769,247.32679840505352,1115.5347099863002
2018-07-09 22:00:00,389.0,380.94354748995283,0.0,815.0475032805762
2018-07-09 23:00:00,295.0,316.19369946966475,0.0,750.2976552602881
2018-07-10 00:00:00,364.0,377.22562155224404,0.0,811.3295773428674
2018-07-10 01:00:00,898.0,831.0000659608969,396.8961101702736,1265.1040217515201
2018-07-10 02:00:00,3137.0,2900.429257292295,2466.3253015016717,3334.5332130829183
2018-07-10 03:00:00,5886.0,5526.688310630411,5092.584354839788,5960.792266421035
2018-07-10 04:00:00,6134.0,6025.250703049918,5591.146747259295,6459.354658840542
2018-07-10 05:00:00,5786.0,5504.357514199245,5070.253558408622,5938.461469989868
2018-07-10 06:00:00,4843.0,4919.284897841295,4485.180942050672,5353.388853631918
2018-07-10 07:00:00,4442.0,4437.23446816486,4003.130512374237,4871.338423955483
2018-07-10 08:00:00,4586.0,4710.280313196724,4276.176357406101,5144.384268987347
2018-07-10 09:00:00,4865.0,4864.764906263141,4430.6609504725175,5298.868862053764
2018-07-10 10:00:00,4719.0,4963.128108577855,4529.024152787231,5397.232064368478
2018-07-10 11:00:00,4789.0,5166.950115719233,4732.846159928609,5601.054071509856
2018-07-10 12:00:00,5681.0,5735.725353789308,5301.621397998685,6169.829309579932
2018-07-10 13:00:00,6566.0,6356.027274182255,5921.923318391631,6790.131229972878
2018-07-10 14:00:00,6081.0,5878.023616401236,5443.9196606106125,6312.127572191859
2018-07-10 15:00:00,4404.0,4566.745845106217,4132.641889315593,5000.84980089684
2018-07-10 16:00:00,3219.0,3243.618948032603,2809.5149922419796,3677.7229038232263
2018-07-10 17:00:00,3053.0,2848.2867797353074,2414.182823944684,3282.3907355259307
2018-07-10 18:00:00,3060.0,2705.1122893598003,2271.008333569177,3139.2162451504237
2018-07-10 19:00:00,2203.0,1987.0826770809224,1552.978721290299,2421.186632871546
2018-07-10 20:00:00,1311.0,1310.1554371489244,876.0514813583011,1744.2593929395478
2018-07-10 21:00:00,661.0,803.2430706908867,369.1391149002634,1237.34702648151
2018-07-10 22:00:00,401.0,431.22230997189905,0.0,865.3262657625223
2018-07-10 23:00:00,321.0,333.5411639709895,0.0,767.6451197616128
2018-07-11 00:00:00,384.0,393.80898448964916,0.0,827.9129402802726
2018-07-11 01:00:00,948.0,849.0742171278584,414.9702613372351,1283.1781729184818
2018-07-11 02:00:00,3193.0,2949.5594285355064,2515.455472744883,3383.6633843261297
2018-07-11 03:00:00,5179.0,5602.343906292554,5168.23995050193,6036.447862083177
2018-07-11 04:00:00,6295.0,6430.337931221135,5996.233975430511,6864.441887011758
2018-07-11 05:00:00,5930.0,5579.012240785754,5144.908284995131,6013.116196576378
2018-07-11 06:00:00,5025.0,5018.363409305579,4584.259453514956,5452.467365096202
2018-07-11 07:00:00,4829.0,4530.488801844162,4096.384846053538,4964.592757634785
2018-07-11 08:00:00,5052.0,4819.647223418865,4385.543267628242,5253.751179209488
2018-07-11 09:00:00,4974.0,5081.947418913185,4647.843463122562,5516.0513747038085
2018-07-11 10:00:00,4779.0,5190.701409034609,4756.597453243986,5624.805364825233
2018-07-11 11:00:00,4974.0,5459.234935968053,5025.13098017743,5893.338891758676
2018-07-11 12:00:00,5817.0,5501.012943627378,5066.908987836755,5935.116899418002
2018-07-11 13:00:00,6522.0,6509.627503840529,6075.523548049906,6943.731459631153
2018-07-11 14:00:00,5935.0,6088.51116752008,5654.407211729456,6522.615123310703
2018-07-11 15:00:00,4568.0,4607.987449108995,4173.883493318372,5042.091404899618
2018-07-11 16:00:00,3412.0,3349.2647569807186,2915.1608011900953,3783.368712771342
2018-07-11 17:00:00,3033.0,2801.71177869237,2367.6078229017467,3235.8157344829933
2018-07-11 18:00:00,2687.0,2704.021585970245,2269.9176301796215,3138.125541760868
2018-07-11 19:00:00,1960.0,1968.4208760131128,1534.3169202224894,2402.524831803736
2018-07-11 20:00:00,1294.0,1297.1744764814719,863.0705206908485,1731.2784322720952
2018-07-11 21:00:00,699.0,695.6907100985003,261.58675430787696,1129.7946658891237
2018-07-11 22:00:00,408.0,388.818574688734,0.0,822.9225304793573
2018-07-11 23:00:00,296.0,326.42665197761175,0.0,760.5306077682351
2018-07-12 00:00:00,364.0,373.5138846788418,0.0,807.6178404694651
2018-07-12 01:00:00,940.0,770.224852356955,336.1208965663317,1204.3288081475785
2018-07-12 02:00:00,3070.0,2863.642938066496,2429.5389822758725,3297.746893857119
2018-07-12 03:00:00,5702.0,5562.633438647596,5128.529482856973,5996.73739443822
2018-07-12 04:00:00,6456.0,6453.610889934341,6019.506934143717,6887.714845724964
2018-07-12 05:00:00,5583.0,5628.638292283906,5194.534336493282,6062.742248074529
2018-07-12 06:00:00,4958.0,5196.054764164448,4761.950808373825,5630.158719955071
2018-07-12 07:00:00,4610.0,4629.500203102777,4195.396247312154,5063.6041588934
2018-07-12 08:00:00,4848.0,4935.624638369946,4501.520682579323,5369.72859416057
2018-07-12 09:00:00,4891.0,5053.917637894572,4619.813682103949,5488.0215936851955
2018-07-12 10:00:00,5188.0,5125.776228406484,4691.6722726158605,5559.880184197107
2018-07-12 11:00:00,5139.0,5426.4988413374,4992.394885546777,5860.602797128024
2018-07-12 12:00:00,5743.0,5756.208913822509,5322.104958031886,6190.3128696131325
2018-07-12 13:00:00,6612.0,6537.545973710014,6103.44201791939,6971.649929500637
2018-07-12 14:00:00,5795.0,5983.1383098188235,5549.0343540282,6417.242265609447
2018-07-12 15:00:00,3890.0,4636.8809970277425,4202.777041237119,5070.984952818366
2018-07-12 16:00:00,3237.0,3463.5587592001752,3029.454803409552,3897.6627149907986
2018-07-12 17:00:00,2727.0,3057.624246093978,2623.5202903033546,3491.7282018846013
2018-07-12 18:00:00,2497.0,2732.4049855121743,2298.301029721551,3166.5089413027977
2018-07-12 19:00:00,1870.0,2297.86489861359,1863.7609428229666,2731.9688544042133
2018-07-12 20:00:00,1320.0,1297.2461108187001,863.1421550280768,1731.3500666093234
2018-07-12 21:00:00,705.0,714.9438946147842,280.83993882416087,1149.0478504054076
2018-07-12 22:00:00,439.0,392.062772115452,0.0,826.1667279060753
2018-07-12 23:00:00,350.0,341.874815059956,0.0,775.9787708505794
2018-07-13 00:00:00,373.0,353.8114541606211,0.0,787.9154099512444
2018-07-13 01:00:00,888.0,819.4893573982089,385.38540160758555,1253.5933131888323
2018-07-13 02:00:00,2917.0,2651.791949794501,2217.6879940038775,3085.895905585124
2018-07-13 03:00:00,5268.0,5290.998750237185,4856.894794446562,5725.102706027808
2018-07-13 04:00:00,5994.0,6143.672689063458,5709.568733272835,6577.7766448540815
2018-07-13 05:00:00,5288.0,5400.096618980364,4965.992663189741,5834.200574770987
2018-07-13 06:00:00,4543.0,5001.344390213873,4567.24043442325,5435.448346004497
2018-07-13 07:00:00,4392.0,4588.129752676123,4154.025796885499,5022.233708466746
2018-07-13 08:00:00,4740.0,4876.652646027979,4442.548690237356,5310.756601818603
2018-07-13 09:00:00,5123.0,5060.297657710841,4626.193701920218,5494.401613501464
2018-07-13 10:00:00,5059.0,4994.761115917098,4560.657160126475,5428.865071707722
2018-07-13 11:00:00,5363.0,5264.435565114865,4830.331609324242,5698.539520905489
2018-07-13 12:00:00,5914.0,5540.625017616843,5106.52106182622,5974.728973407467
2018-07-13 13:00:00,6153.0,5962.930608701843,5528.82665291122,6397.034564492466
2018-07-13 14:00:00,5257.0,5529.204352034526,5095.100396243903,5963.308307825149
2018-07-13 15:00:00,4664.0,4540.5765047858595,4106.472548995236,4974.680460576483
2018-07-13 16:00:00,3664.0,3535.1469431095775,3101.042987318954,3969.250898900201
2018-07-13 17:00:00,3260.0,3081.144997213984,2647.0410414233606,3515.2489530046073
2018-07-13 18:00:00,3064.0,3005.3751334896815,2571.271177699058,3439.479089280305
2018-07-13 19:00:00,2835.0,2689.87354613118,2255.7695903405565,3123.977501921803
2018-07-13 20:00:00,1971.0,1980.554703039455,1546.4507472488317,2414.6586588300784
2018-07-13 21:00:00,1233.0,1238.3008045115248,804.1968487209015,1672.4047603021481
2018-07-13 22:00:00,696.0,800.7577571060024,366.65380131537904,1234.8617128966257
2018-07-13 23:00:00,646.0,566.9232275545377,132.81927176391434,1001.027183345161
2018-07-14 00:00:00,437.0,334.40070559700956,0.0,768.504661387633
2018-07-14 01:00:00,444.0,432.1565935427996,0.0,866.2605493334229
2018-07-14 02:00:00,858.0,781.597201448533,347.4932456579097,1215.7011572391564
2018-07-14 03:00:00,1422.0,1414.1684199588287,980.0644641682054,1848.272375749452
2018-07-14 04:00:00,1991.0,1847.3393886830654,1413.235432892442,2281.4433444736887
2018-07-14 05:00:00,2714.0,2746.5233605252606,2312.4194047346373,3180.627316315884
2018-07-14 06:00:00,3471.0,3551.307999106883,3117.2040433162597,3985.4119548975063
2018-07-14 07:00:00,3718.0,4036.389942515685,3602.285986725062,4470.493898306308
2018-07-14 08:00:00,4213.0,4346.859453937795,3912.7554981471712,4780.963409728418
2018-07-14 09:00:00,4524.0,4523.891313448042,4089.7873576574184,4957.995269238665
2018-07-14 10:00:00,4218.0,4454.8272497513035,4020.72329396068,4888.931205541927
2018-07-14 11:00:00,4242.0,4515.719599968758,4081.615644178135,4949.823555759382
2018-07-14 12:00:00,4306.0,4487.845604373676,4053.7416485830527,4921.949560164299
2018-07-14 13:00:00,4317.0,4427.175804452605,3993.0718486619817,4861.279760243228
2018-07-14 14:00:00,4354.0,4260.499597267253,3826.39564147663,4694.6035530578765
2018-07-14 15:00:00,4109.0,3972.8701166487317,3538.7661608581084,4406.974072439355
2018-07-14 16:00:00,3446.0,3244.967077848963,2810.8631220583397,3679.0710336395864
2018-07-14 17:00:00,3192.0,2946.7595845523742,2512.655628761751,3380.8635403429976
2018-07-14 18:00:00,3272.0,3070.4471994181017,2636.3432436274784,3504.551155208725
2018-07-14 19:00:00,3074.0,2862.148288167933,2428.0443323773097,3296.2522439585564
2018-07-14 20:00:00,2275.0,2161.5634970950523,1727.459541304429,2595.6674528856756
2018-07-14 21:00:00,1350.0,1359.8790652160428,925.7751094254195,1793.9830210066661
2018-07-14 22:00:00,826.0,940.2727360007589,506.16878021013554,1374.3766917913822
2018-07-14 23:00:00,699.0,652.3025241743929,218.1985683837696,1086.4064799650164
2018-07-15 00:00:00,435.0,373.7038776444697,0.0,807.807833435093
2018-07-15 01:00:00,366.0,394.62634239654193,0.0,828.7302981871653
2018-07-15 02:00:00,508.0,536.4330016343451,102.32904584372181,970.5369574249685
2018-07-15 03:00:00,933.0,913.0635807877678,478.9596249971445,1347.1675365783913
2018-07-15 04:00:00,1195.0,1417.4947383384224,983.3907825477991,1851.5986941290457
2018-07-15 05:00:00,1814.0,1811.481428708464,1377.3774729178406,2245.585384499087
2018-07-15 06:00:00,2911.0,2768.476946461493,2334.3729906708695,3202.580902252116
2018-07-15 07:00:00,3310.0,3427.52154488968,2993.417589099057,3861.6255006803035
2018-07-15 08:00:00,3655.0,3715.266893871015,3281.1629380803915,4149.370849661638
2018-07-15 09:00:00,4245.0,4256.2191580209765,3822.115202230353,4690.3231138116
2018-07-15 10:00:00,4233.0,4296.59303753179,3862.489081741167,4730.696993322414
2018-07-15 11:00:00,4129.0,4128.367470961015,3694.2635151703917,4562.471426751638
2018-07-15 12:00:00,4063.0,4208.409268397646,3774.3053126070226,4642.513224188269
2018-07-15 13:00:00,4438.0,4192.333315589332,3758.229359798709,4626.437271379956
2018-07-15 14:00:00,4321.0,3885.141905320203,3451.0379495295797,4319.245861110827
2018-07-15 15:00:00,3836.0,3664.199194996871,3230.0952392062477,4098.303150787495
2018-07-15 16:00:00,3535.0,3365.266890764929,2931.1629349743057,3799.3708465555524
2018-07-15 17:00:00,3015.0,2908.7940628357574,2474.690107045134,3342.8980186263807
2018-07-15 18:00:00,2671.0,2633.639277294023,2199.5353215033997,3067.7432330846464
2018-07-15 19:00:00,2009.0,2089.7884870382636,1655.6845312476403,2523.892442828887
2018-07-15 20:00:00,1244.0,1368.316625993729,934.2126702031057,1802.4205817843524
2018-07-15 21:00:00,721.0,766.5900683842439,332.48611259362053,1200.694024174867
2018-07-15 22:00:00,458.0,437.0415051690869,2.9375493784635864,871.1454609597102
2018-07-15 23:00:00,297.0,322.44465654116846,0.0,756.5486123317918
2018-07-16 00:00:00,368.0,368.8194193740787,0.0,802.9233751647021
2018-07-16 01:00:00,935.0,758.3529123364856,324.24895654586226,1192.456868127109
2018-07-16 02:00:00,3048.0,2636.759237517732,2202.6552817271086,3070.863193308355
2018-07-16 03:00:00,5593.0,5435.306686663362,5001.202730872738,5869.410642453985
2018-07-16 04:00:00,5793.0,6006.71751855717,5572.613562766546,6440.821474347793
2018-07-16 05:00:00,5647.0,5611.265695690962,5177.161739900339,6045.369651481586
2018-07-16 06:00:00,4603.0,4770.504356484584,4336.40040069396,5204.608312275207
2018-07-16 07:00:00,4346.0,4265.296578127932,3831.1926223373084,4699.400533918555
2018-07-16 08:00:00,4504.0,4456.2470918025365,4022.143136011913,4890.35104759316
2018-07-16 09:00:00,4588.0,4658.557452870151,4224.453497079528,5092.661408660774
2018-07-16 10:00:00,4558.0,4807.405152009881,4373.301196219258,5241.509107800504
2018-07-16 11:00:00,4794.0,5006.993312134411,4572.889356343788,5441.097267925034
2018-07-16 12:00:00,5558.0,5397.087608550594,4962.983652759971,5831.191564341218
2018-07-16 13:00:00,6269.0,5987.530731773313,5553.42677598269,6421.6346875639365
2018-07-16 14:00:00,5708.0,5802.209834896636,5368.105879106012,6236.313790687259
2018-07-16 15:00:00,4203.0,4295.552011283868,3861.4480554932443,4729.655967074491
2018-07-16 16:00:00,3277.0,3104.540758882716,2670.4368030920928,3538.6447146733394
2018-07-16 17:00:00,2900.0,2579.221428891764,2145.1174731011406,3013.3253846823873
2018-07-16 18:00:00,2424.0,2323.180656811846,1889.0767010212226,2757.284612602469
2018-07-16 19:00:00,1965.0,1816.4805402226675,1382.3765844320442,2250.584496013291
2018-07-16 20:00:00,1096.0,1157.5686091671441,723.4646533765208,1591.6725649577675
2018-07-16 21:00:00,595.0,628.9990274511936,194.89507166057024,1063.102983241817
2018-07-16 22:00:00,407.0,383.17419841861727,0.0,817.2781542092406
2018-07-16 23:00:00,274.0,304.95936246810146,0.0,739.0633182587248
2018-07-17 00:00:00,356.0,375.355740088284,0.0,809.4596958789073
2018-07-17 01:00:00,930.0,847.588091422412,413.4841356317887,1281.6920472130355
2018-07-17 02:00:00,3171.0,2879.367232276465,2445.2632764858417,3313.4711880670884
2018-07-17 03:00:00,5870.0,5485.906229250013,5051.80227345939,5920.010185040636
2018-07-17 04:00:00,6417.0,6007.9291548317215,5573.825199041098,6442.033110622345
2018-07-17 05:00:00,5455.0,5558.7530585555105,5124.649102764887,5992.857014346134
2018-07-17 06:00:00,5030.0,4942.991880460942,4508.887924670319,5377.095836251566
2018-07-17 07:00:00,4346.0,4382.1910204209025,3948.087064630279,4816.294976211526
2018-07-17 08:00:00,4540.0,4722.224983013511,4288.121027222887,5156.328938804134
2018-07-17 09:00:00,4952.0,4857.635560060076,4423.531604269453,5291.7395158507
2018-07-17 10:00:00,4576.0,4898.467527441089,4464.363571650466,5332.571483231713
2018-07-17 11:00:00,5011.0,5126.597697407708,4692.493741617085,5560.701653198332
2018-07-17 12:00:00,5573.0,5785.89823881888,5351.794283028256,6220.002194609503
2018-07-17 13:00:00,6358.0,6403.42247116677,5969.318515376147,6837.526426957394
2018-07-17 14:00:00,5698.0,5955.987988497918,5521.884032707295,6390.0919442885415
2018-07-17 15:00:00,4360.0,4560.092005832221,4125.9880500415975,4994.195961622844
2018-07-17 16:00:00,3337.0,3284.5521059458665,2850.448150155243,3718.65606173649
2018-07-17 17:00:00,3113.0,2808.974257108373,2374.8703013177496,3243.0782128989963
2018-07-17 18:00:00,2754.0,2625.4788177063065,2191.374861915683,3059.58277349693
2018-07-17 19:00:00,2209.0,1989.96730724662,1555.8633514559967,2424.0712630372436
2018-07-17 20:00:00,1242.0,1402.0287922923849,967.9248365017615,1836.1327480830082
2018-07-17 21:00:00,657.0,710.0448010569764,275.9408452663531,1144.1487568475998
2018-07-17 22:00:00,410.0,431.561827009481,0.0,865.6657828001044
2018-07-17 23:00:00,313.0,334.95160938411317,0.0,769.0555651747366
2018-07-18 00:00:00,377.0,380.1869376379066,0.0,814.2908934285299
2018-07-18 01:00:00,894.0,851.8275107214779,417.72355493085456,1285.9314665121012
2018-07-18 02:00:00,3189.0,2910.0410037982265,2475.937048007603,3344.14495958885
2018-07-18 03:00:00,5769.0,5582.695625961222,5148.591670170598,6016.799581751845
2018-07-18 04:00:00,6200.0,6060.283472631164,5626.179516840541,6494.387428421787
2018-07-18 05:00:00,5696.0,5497.818352760549,5063.7143969699255,5931.922308551172
2018-07-18 06:00:00,5129.0,5096.297823708692,4662.1938679180685,5530.401779499315
2018-07-18 07:00:00,4560.0,4528.564327440193,4094.4603716495694,4962.668283230816
2018-07-18 08:00:00,4752.0,4853.8979188223475,4419.793963031724,5288.001874612971
2018-07-18 09:00:00,4916.0,5009.781292993221,4575.677337202597,5443.885248783844
2018-07-18 10:00:00,4714.0,4995.068688156456,4560.964732365833,5429.172643947079
2018-07-18 11:00:00,5138.0,5344.4792684459235,4910.3753126553,5778.583224236547
2018-07-18 12:00:00,5677.0,5745.394822926237,5311.290867135614,6179.49877871686
2018-07-18 13:00:00,6606.0,6459.695068659809,6025.591112869186,6893.799024450433
2018-07-18 14:00:00,6084.0,5950.648020625228,5516.544064834605,6384.7519764158515
2018-07-18 15:00:00,4941.0,4600.180574906117,4166.0766191154935,5034.28453069674
2018-07-18 16:00:00,3461.0,3319.9500839676402,2885.846128177017,3754.0540397582636
2018-07-18 17:00:00,3177.0,2916.6260532235756,2482.5220974329523,3350.730009014199
2018-07-18 18:00:00,2949.0,2753.819033134843,2319.7150773442195,3187.922988925466
2018-07-18 19:00:00,2200.0,2027.3962670696967,1593.2923112790734,2461.50022286032
2018-07-18 20:00:00,1271.0,1420.7792159184294,986.675260127806,1854.8831717090527
2018-07-18 21:00:00,697.0,786.7913312614093,352.6873754707859,1220.8952870520325
2018-07-18 22:00:00,423.0,429.9264558947639,0.0,864.0304116853872
2018-07-18 23:00:00,303.0,329.2981073978784,0.0,763.4020631885018
2018-07-19 00:00:00,369.0,375.88999575761795,0.0,809.9939515482413
2018-07-19 01:00:00,896.0,830.5173568607229,396.41340107009955,1264.6213126513462
2018-07-19 02:00:00,3110.0,2777.5148634577527,2343.4109076671293,3211.618819248376
2018-07-19 03:00:00,5752.0,5436.508814806936,5002.404859016313,5870.61277059756
2018-07-19 04:00:00,6246.0,6126.987154441193,5692.883198650569,6561.091110231816
2018-07-19 05:00:00,5702.0,5537.611280197522,5103.507324406899,5971.715235988146
2018-07-19 06:00:00,4855.0,5168.0058763189945,4733.901920528371,5602.109832109618
2018-07-19 07:00:00,4492.0,4639.66469808932,4205.560742298697,5073.7686538799435
2018-07-19 08:00:00,4677.0,4965.146684008051,4531.042728217428,5399.2506397986745
2018-07-19 09:00:00,4861.0,5105.161904000299,4671.0579482096755,5539.265859790922
2018-07-19 10:00:00,4734.0,4992.377054018483,4558.27309822786,5426.481009809107
2018-07-19 11:00:00,5135.0,5325.748962206771,4891.645006416147,5759.852917997394
2018-07-19 12:00:00,5704.0,5736.551524014096,5302.447568223472,6170.655479804719
2018-07-19 13:00:00,6459.0,6430.454070893236,5996.350115102613,6864.55802668386
2018-07-19 14:00:00,5872.0,5942.90059886025,5508.796643069627,6377.004554650874
2018-07-19 15:00:00,4497.0,4606.515209458076,4172.411253667453,5040.6191652487
2018-07-19 16:00:00,3419.0,3397.5743617871854,2963.470405996562,3831.6783175778087
2018-07-19 17:00:00,2991.0,3060.2215763344425,2626.117620543819,3494.325532125066
2018-07-19 18:00:00,2613.0,2934.730198639344,2500.6262428487207,3368.8341544299674
2018-07-19 19:00:00,2282.0,2315.5226313255116,1881.4186755348883,2749.626587116135
2018-07-19 20:00:00,1454.0,1280.201589759263,846.0976339686397,1714.3055455498863
2018-07-19 21:00:00,693.0,732.0192856536564,297.9153298630331,1166.1232414442798
2018-07-19 22:00:00,460.0,470.0466700095091,35.94271421888578,904.1506258001325
2018-07-19 23:00:00,360.0,386.16893879758385,0.0,820.2728945882072
2018-07-20 00:00:00,376.0,349.86510725833773,0.0,783.9690630489611
2018-07-20 01:00:00,873.0,770.2517766664449,336.1478208758216,1204.3557324570684
2018-07-20 02:00:00,2822.0,2674.673985317654,2240.570029527031,3108.7779411082774
2018-07-20 03:00:00,5266.0,5186.579987779568,4752.476031988945,5620.683943570191
2018-07-20 04:00:00,5821.0,5930.269656590865,5496.165700800242,6364.373612381489
2018-07-20 05:00:00,5339.0,5364.1247523509155,4930.020796560292,5798.228708141539
2018-07-20 06:00:00,4816.0,5048.016794668117,4613.912838877493,5482.12075045874
2018-07-20 07:00:00,4592.0,4592.034580070878,4157.930624280255,5026.138535861502
2018-07-20 08:00:00,4823.0,4945.135835950631,4511.031880160008,5379.2397917412545
2018-07-20 09:00:00,5253.0,5181.325679384253,4747.22172359363,5615.429635174876
2018-07-20 10:00:00,5169.0,5109.954375711094,4675.850419920471,5544.0583315017175
2018-07-20 11:00:00,5413.0,5368.7941141500305,4934.690158359407,5802.898069940654
2018-07-20 12:00:00,5602.0,5566.997316899621,5132.893361108998,6001.1012726902445
2018-07-20 13:00:00,6086.0,5913.059967782447,5478.956011991823,6347.16392357307
2018-07-20 14:00:00,4987.0,5731.82709206256,5297.723136271937,6165.931047853183
2018-07-20 15:00:00,4465.0,4567.914600344127,4133.810644553504,5002.018556134751
2018-07-20 16:00:00,3574.0,3489.110263550662,3055.0063077600385,3923.214219341285
2018-07-20 17:00:00,3124.0,3067.652890158666,2633.548934368043,3501.7568459492895
2018-07-20 18:00:00,3121.0,3067.6764492377024,2633.572493447079,3501.7804050283257
2018-07-20 19:00:00,3032.0,2690.1738842772193,2256.069928486596,3124.2778400678426
2018-07-20 20:00:00,2030.0,1977.497585949785,1543.3936301591616,2411.6015417404083
2018-07-20 21:00:00,1235.0,1256.3034851087766,822.1995293181533,1690.4074408994
2018-07-20 22:00:00,781.0,879.1306855299232,445.02672973929987,1313.2346413205464
2018-07-20 23:00:00,648.0,572.7127150522088,138.60875926158542,1006.8166708428321
2018-07-21 00:00:00,418.0,333.1909006243738,0.0,767.2948564149972
2018-07-21 01:00:00,478.0,432.1565935427996,0.0,866.2605493334229
2018-07-21 02:00:00,903.0,756.5976047370052,322.4936489463819,1190.7015605276285
2018-07-21 03:00:00,1500.0,1389.6282674600993,955.524311669476,1823.7322232507227
2018-07-21 04:00:00,2236.0,1919.2024882437695,1485.0985324531462,2353.306444034393
2018-07-21 05:00:00,3031.0,2939.4604367189213,2505.356480928298,3373.5643925095446
2018-07-21 06:00:00,3883.0,3603.1463397728894,3169.042383982266,4037.2502955635127
2018-07-21 07:00:00,4045.0,4116.231703091345,3682.1277473007212,4550.335658881968
2018-07-21 08:00:00,4418.0,4396.581054351351,3962.4770985607274,4830.685010141974
2018-07-21 09:00:00,4505.0,4733.032021299272,4298.928065508649,5167.135977089895
2018-07-21 10:00:00,4644.0,4679.635357148117,4245.531401357493,5113.73931293874
2018-07-21 11:00:00,4796.0,4548.230562854589,4114.126607063966,4982.3345186452125
2018-07-21 12:00:00,4674.0,4467.663632193997,4033.5596764033735,4901.76758798462
2018-07-21 13:00:00,4788.0,4588.000595288851,4153.896639498228,5022.104551079475
2018-07-21 14:00:00,4562.0,4493.58125115128,4059.477295360657,4927.685206941904
2018-07-21 15:00:00,4253.0,4120.24009258719,3686.1361367965665,4554.344048377813
2018-07-21 16:00:00,3815.0,3419.2755538083193,2985.171598017696,3853.3795095989426
2018-07-21 17:00:00,3434.0,3106.175120409755,2672.0711646191317,3540.2790762003783
2018-07-21 18:00:00,3435.0,3084.713897467247,2650.6099416766237,3518.8178532578704
2018-07-21 19:00:00,3131.0,3097.7920783328595,2663.688122542236,3531.896034123483
2018-07-21 20:00:00,2292.0,2233.877730650745,1799.7737748601216,2667.9816864413683
2018-07-21 21:00:00,1408.0,1399.9414660649272,965.8375102743039,1834.0454218555506
2018-07-21 22:00:00,969.0,966.861858279695,532.7579024890716,1400.9658140703182
2018-07-21 23:00:00,749.0,652.3025241743929,218.1985683837696,1086.4064799650164
2018-07-22 00:00:00,344.0,388.2977149426779,0.0,822.4016707333012
2018-07-22 01:00:00,355.0,389.9509420459375,0.0,824.0548978365608
2018-07-22 02:00:00,525.0,502.48965124454566,68.38569545392232,936.593607035169
2018-07-22 03:00:00,902.0,770.7082867718386,336.6043309812153,1204.812242562462
2018-07-22 04:00:00,1297.0,1279.7033692125874,845.5994134219641,1713.8073250032107
2018-07-22 05:00:00,2009.0,1820.1386086410719,1386.0346528504485,2254.2425644316954
2018-07-22 06:00:00,2927.0,2882.310771168615,2448.2068153779915,3316.414726959238
2018-07-22 07:00:00,3711.0,3516.2393542362715,3082.135398445648,3950.343310026895
2018-07-22 08:00:00,4021.0,4034.923108649439,3600.819152858816,4469.0270644400625
2018-07-22 09:00:00,4250.0,4422.924638132848,3988.8206823422242,4857.028593923471
2018-07-22 10:00:00,4491.0,4501.984560202875,4067.880604412252,4936.088515993499
2018-07-22 11:00:00,4463.0,4392.894783814276,3958.7908280236525,4826.998739604899
2018-07-22 12:00:00,4657.0,4351.612194225025,3917.5082384344014,4785.716150015648
2018-07-22 13:00:00,4875.0,4336.355836835246,3902.2518810446227,4770.459792625869
2018-07-22 14:00:00,4657.0,4252.504610055867,3818.4006542652432,4686.60856584649
2018-07-22 15:00:00,4098.0,4003.2330191421966,3569.129063351573,4437.336974932819
2018-07-22 16:00:00,3661.0,3408.2795730184444,2974.175617227821,3842.3835288090677
2018-07-22 17:00:00,3135.0,3090.117509268524,2656.0135534779006,3524.2214650591472
2018-07-22 18:00:00,2803.0,2674.0853724057574,2239.981416615134,3108.1893281963808
2018-07-22 19:00:00,2224.0,2120.4822210692805,1686.3782652786572,2554.586176859904
2018-07-22 20:00:00,1397.0,1324.9601889096252,890.8562331190019,1759.0641447002486
2018-07-22 21:00:00,714.0,799.2490693702708,365.1451135796475,1233.353025160894
2018-07-22 22:00:00,402.0,464.77535557889036,30.671399788267024,898.8793113695137
2018-07-22 23:00:00,354.0,356.2369043174577,0.0,790.340860108081
2018-07-23 00:00:00,355.0,379.6323910318325,0.0,813.7363468224559
2018-07-23 01:00:00,957.0,759.7580782378873,325.65412244726394,1193.8620340285106
2018-07-23 02:00:00,3008.0,2794.8340048505947,2360.7300490599714,3228.937960641218
2018-07-23 03:00:00,5617.0,5759.214629116335,5325.110673325712,6193.318584906959
2018-07-23 04:00:00,6306.0,5963.714825141933,5529.61086935131,6397.818780932556
2018-07-23 05:00:00,5522.0,5742.24739808809,5308.143442297467,6176.351353878714
2018-07-23 06:00:00,4735.0,4827.405124404141,4393.301168613518,5261.5090801947645
2018-07-23 07:00:00,4209.0,4346.08002264847,3911.9760668578465,4780.183978439093
2018-07-23 08:00:00,4485.0,4578.675227911983,4144.5712721213595,5012.779183702606
2018-07-23 09:00:00,4800.0,4743.524602571028,4309.420646780404,5177.628558361651
2018-07-23 10:00:00,4475.0,4908.145053017741,4474.0410972271175,5342.249008808364
2018-07-23 11:00:00,4677.0,5045.956567986637,4611.852612196014,5480.060523777261
2018-07-23 12:00:00,5413.0,5607.8566498419395,5173.752694051316,6041.960605632563
2018-07-23 13:00:00,6317.0,6268.794126940715,5834.690171150091,6702.898082731338
2018-07-23 14:00:00,5701.0,5700.2160046443305,5266.112048853707,6134.319960434954
2018-07-23 15:00:00,4293.0,4355.812909241065,3921.708953450442,4789.916865031689
2018-07-23 16:00:00,3143.0,3127.233340032376,2693.1293842417526,3561.3372958229993
2018-07-23 17:00:00,2833.0,2639.7754339146613,2205.671478124038,3073.8793897052847
2018-07-23 18:00:00,2492.0,2403.3706294357326,1969.2666736451092,2837.474585226356
2018-07-23 19:00:00,1690.0,1806.2298779358,1372.1259221451767,2240.333833726423
2018-07-23 20:00:00,1182.0,1218.8047136266914,784.7007578360681,1652.9086694173147
2018-07-23 21:00:00,638.0,644.7891154802755,210.6851596896522,1078.8930712708989
2018-07-23 22:00:00,391.0,365.6258119524616,0.0,799.729767743085
2018-07-23 23:00:00,297.0,312.5883142103508,0.0,746.6922700009741
2018-07-24 00:00:00,390.0,375.21083382560374,0.0,809.314789616227
2018-07-24 01:00:00,891.0,857.472336789724,423.3683809991006,1291.5762925803474
2018-07-24 02:00:00,3184.0,2928.057548196832,2493.953592406209,3362.1615039874555
2018-07-24 03:00:00,5782.0,5617.5645459693405,5183.460590178717,6051.668501759964
2018-07-24 04:00:00,6409.0,6150.369083221849,5716.265127431226,6584.473039012472
2018-07-24 05:00:00,5658.0,5628.6228969481845,5194.518941157561,6062.726852738808
2018-07-24 06:00:00,4984.0,4897.235706187943,4463.13175039732,5331.339661978566
2018-07-24 07:00:00,4386.0,4399.5900493357485,3965.486093545125,4833.694005126372
2018-07-24 08:00:00,4634.0,4721.78667254998,4287.6827167593565,5155.890628340603
2018-07-24 09:00:00,4805.0,4859.5155483341105,4425.411592543487,5293.619504124734
2018-07-24 10:00:00,4664.0,4875.381842573884,4441.27788678326,5309.485798364507
2018-07-24 11:00:00,4944.0,5228.780131485705,4794.676175695082,5662.8840872763285
2018-07-24 12:00:00,5699.0,5702.966019849723,5268.8620640591,6137.0699756403465
2018-07-24 13:00:00,6558.0,6416.420522915558,5982.316567124934,6850.524478706181
2018-07-24 14:00:00,5636.0,5902.557010229228,5468.453054438604,6336.660966019851
2018-07-24 15:00:00,4430.0,4621.402529703437,4187.2985739128135,5055.50648549406
2018-07-24 16:00:00,3371.0,3284.5521059458665,2850.448150155243,3718.65606173649
2018-07-24 17:00:00,3266.0,2802.9586936695987,2368.8547378789754,3237.062649460222
2018-07-24 18:00:00,2727.0,2632.7455407081925,2198.641584917569,3066.849496498816
2018-07-24 19:00:00,2178.0,1951.6887035907137,1517.5847478000903,2385.792659381337
2018-07-24 20:00:00,1269.0,1423.3316247785383,989.227668987915,1857.4355805691616
2018-07-24 21:00:00,664.0,707.9520578067181,273.8481020160948,1142.0560135973415
2018-07-24 22:00:00,388.0,431.561827009481,0.0,865.6657828001044
2018-07-24 23:00:00,290.0,329.350799826831,0.0,763.4547556174543
2018-07-25 00:00:00,372.0,376.6413926343465,0.0,810.7453484249698
2018-07-25 01:00:00,955.0,860.8294990326647,426.72554324204134,1294.933454823288
2018-07-25 02:00:00,3121.0,2915.3220424150954,2481.218086624472,3349.4259982057188
2018-07-25 03:00:00,5926.0,5732.859116803984,5298.7551610133605,6166.963072594607
2018-07-25 04:00:00,6595.0,6356.410739976904,5922.30678418628,6790.514695767527
2018-07-25 05:00:00,5651.0,5706.566536954854,5272.462581164231,6140.6704927454775
2018-07-25 06:00:00,4974.0,5126.260784441073,4692.15682865045,5560.3647402316965
2018-07-25 07:00:00,4545.0,4616.110207086566,4182.006251295943,5050.21416287719
2018-07-25 08:00:00,4879.0,4913.346679229333,4479.24272343871,5347.450635019956
2018-07-25 09:00:00,4799.0,5025.2940744895195,4591.190118698896,5459.398030280143
2018-07-25 10:00:00,4860.0,5145.249619027018,4711.145663236394,5579.353574817641
2018-07-25 11:00:00,5032.0,5414.420649114578,4980.3166933239545,5848.524604905201
2018-07-25 12:00:00,5826.0,5851.956740493738,5417.852784703115,6286.060696284361
2018-07-25 13:00:00,6668.0,6543.02351385492,6108.919558064296,6977.127469645543
2018-07-25 14:00:00,6108.0,6009.030603379723,5574.9266475891,6443.134559170347
2018-07-25 15:00:00,4459.0,4626.209996951797,4192.106041161173,5060.31395274242
2018-07-25 16:00:00,3473.0,3316.4626767414693,2882.358720950846,3750.5666325320926
2018-07-25 17:00:00,3053.0,2922.669367866859,2488.5654120762356,3356.7733236574823
2018-07-25 18:00:00,3072.0,2663.080470903902,2228.9765151132788,3097.1844266945254
2018-07-25 19:00:00,2422.0,2039.475685814871,1605.3717300242477,2473.5796416054945
2018-07-25 20:00:00,1922.0,1354.1389753019507,920.0350195113274,1788.242931092574
2018-07-25 21:00:00,750.0,799.2311100042427,365.1271542136194,1233.335065794866
2018-07-25 22:00:00,411.0,488.0691218638284,53.96516607320507,922.1730776544517
2018-07-25 23:00:00,306.0,385.59760733434507,0.0,819.7015631249684
2018-07-26 00:00:00,409.0,372.17069766852137,0.0,806.2746534591447
2018-07-26 01:00:00,911.0,821.5908498190679,387.48689402844457,1255.6948056096912
2018-07-26 02:00:00,3147.0,2827.9673158363244,2393.863360045701,3262.0712716269477
2018-07-26 03:00:00,5813.0,5659.41175798425,5225.307802193626,6093.515713774873
2018-07-26 04:00:00,6299.0,6296.328582433328,5862.224626642705,6730.432538223951
2018-07-26 05:00:00,5866.0,5676.948824343997,5242.844868553374,6111.052780134621
2018-07-26 06:00:00,4925.0,5174.122049593781,4740.018093803158,5608.226005384405
2018-07-26 07:00:00,4390.0,4756.07880048786,4321.974844697236,5190.182756278483
2018-07-26 08:00:00,4654.0,5022.6664422815675,4588.562486490944,5456.770398072191
2018-07-26 09:00:00,4806.0,5234.3192373290085,4800.215281538385,5668.423193119632
2018-07-26 10:00:00,5029.0,5160.006232227527,4725.902276436904,5594.11018801815
2018-07-26 11:00:00,5264.0,5375.182523448324,4941.078567657701,5809.286479238947
2018-07-26 12:00:00,5752.0,5775.7662252761975,5341.662269485574,6209.870181066821
2018-07-26 13:00:00,6566.0,6508.157737234394,6074.05378144377,6942.261693025017
2018-07-26 14:00:00,5905.0,6071.645476221892,5637.5415204312685,6505.749432012515
2018-07-26 15:00:00,4555.0,4740.039794298443,4305.935838507819,5174.143750089066
2018-07-26 16:00:00,3707.0,3476.1038569460866,3041.9999011554632,3910.20781273671
2018-07-26 17:00:00,3154.0,3084.65000678314,2650.5460509925165,3518.753962573763
2018-07-26 18:00:00,3206.0,2958.246116750627,2524.142160960004,3392.3500725412505
2018-07-26 19:00:00,2959.0,2502.3444494920773,2068.240493701454,2936.4484052827006
2018-07-26 20:00:00,1412.0,1437.3390951204299,1003.2351393298065,1871.4430509110532
2018-07-26 21:00:00,774.0,842.4756455987682,408.3716898081449,1276.5796013893914
2018-07-26 22:00:00,456.0,585.422881177925,151.31892538730165,1019.5268369685483
2018-07-26 23:00:00,344.0,372.92213831730515,0.0,807.0260941079284
2018-07-27 00:00:00,390.0,386.5026992019184,0.0,820.6066549925417
2018-07-27 01:00:00,836.0,736.0185893421292,301.91463355150586,1170.1225451327525
2018-07-27 02:00:00,2945.0,2740.988447954645,2306.8844921640216,3175.0924037452683
2018-07-27 03:00:00,5353.0,5597.036894084151,5162.9329382935275,6031.140849874774
2018-07-27 04:00:00,5950.0,6247.08032529921,5812.976369508587,6681.184281089833
2018-07-27 05:00:00,5232.0,5600.375305023897,5166.271349233274,6034.479260814521
2018-07-27 06:00:00,4674.0,5182.01667405736,4747.912718266737,5616.120629847984
2018-07-27 07:00:00,4571.0,4730.006372297179,4295.902416506556,5164.110328087802
2018-07-27 08:00:00,4813.0,5080.114903147649,4646.0109473570255,5514.218858938272
2018-07-27 09:00:00,5121.0,5351.2201932423595,4917.116237451736,5785.324149032983
2018-07-27 10:00:00,5228.0,5298.905423057193,4864.8014672665695,5733.009378847816
2018-07-27 11:00:00,5400.0,5496.654226312263,5062.5502705216395,5930.758182102886
2018-07-27 12:00:00,5795.0,5855.269918579808,5421.165962789185,6289.373874370432
2018-07-27 13:00:00,6254.0,6069.8514134504585,5635.747457659835,6503.955369241082
2018-07-27 14:00:00,5160.0,5551.350461148915,5117.246505358292,5985.4544169395385
2018-07-27 15:00:00,4303.0,4693.804316414505,4259.700360623881,5127.908272205128
2018-07-27 16:00:00,3506.0,3599.884278485515,3165.7803226948918,4033.9882342761384
2018-07-27 17:00:00,3184.0,3149.703293346764,2715.5993375561407,3583.8072491373873
2018-07-27 18:00:00,3191.0,2969.535760045556,2535.4318042549326,3403.639715836179
2018-07-27 19:00:00,3112.0,2666.831981269112,2232.7280254784887,3100.9359370597354
2018-07-27 20:00:00,2048.0,1997.6448889933004,1563.540933202677,2431.7488447839237
2018-07-27 21:00:00,1225.0,1305.2480544091854,871.1440986185621,1739.3520101998088
2018-07-27 22:00:00,871.0,915.6629988329067,481.5590430422834,1349.7669546235302
2018-07-27 23:00:00,581.0,578.0482819400239,143.94432614940058,1012.1522377306472
2018-07-28 00:00:00,384.0,369.4637815025746,0.0,803.567737293198
2018-07-28 01:00:00,451.0,477.6042495784928,43.50029378786945,911.7082053691161
2018-07-28 02:00:00,902.0,784.5039556072467,350.39999981662334,1218.6079113978699
2018-07-28 03:00:00,1530.0,1458.443126487764,1024.3391706971406,1892.5470822783873
2018-07-28 04:00:00,1974.0,2129.683117177007,1695.5791613863835,2563.78707296763
2018-07-28 05:00:00,2713.0,2952.8280686762937,2518.7241128856704,3386.932024466917
2018-07-28 06:00:00,3457.0,3755.9810088848253,3321.877053094202,4190.084964675449
2018-07-28 07:00:00,3639.0,4159.093013412317,3724.989057621694,4593.196969202941
2018-07-28 08:00:00,4009.0,4456.56971544351,4022.465759652887,4890.6736712341335
2018-07-28 09:00:00,4158.0,4596.647115161022,4162.543159370399,5030.7510709516455
2018-07-28 10:00:00,4229.0,4515.257630267094,4081.1536744764708,4949.361586057717
2018-07-28 11:00:00,4175.0,4440.422005034973,4006.31804924435,4874.5259608255965
2018-07-28 12:00:00,3948.0,4366.443460068031,3932.3395042774073,4800.547415858654
2018-07-28 13:00:00,3974.0,4391.898569495463,3957.7946137048393,4826.002525286086
2018-07-28 14:00:00,4007.0,4107.106558568,3673.0026027773765,4541.210514358623
2018-07-28 15:00:00,3657.0,3708.4976417307053,3274.393685940082,4142.601597521329
2018-07-28 16:00:00,3247.0,3148.6181504973665,2714.514194706743,3582.72210628799
2018-07-28 17:00:00,2937.0,2882.088333386903,2447.9843775962795,3316.192289177526
2018-07-28 18:00:00,3001.0,2805.2163930932707,2371.1124373026473,3239.320348883894
2018-07-28 19:00:00,3005.0,2848.6894260590025,2414.585470268379,3282.793381849626
2018-07-28 20:00:00,1968.0,2140.5903945584314,1706.486438767808,2574.6943503490547
2018-07-28 21:00:00,1487.0,1372.7578669787113,938.6539111880879,1806.8618227693346
2018-07-28 22:00:00,924.0,998.5168083368669,564.4128525462436,1432.6207641274902
2018-07-28 23:00:00,869.0,591.1593257443783,157.05536995375496,1025.2632815350016
2018-07-29 00:00:00,546.0,404.9942891045477,0.0,839.0982448951711
2018-07-29 01:00:00,378.0,391.86643108217606,0.0,825.9703868727994
2018-07-29 02:00:00,657.0,531.7916862753373,97.68773048471394,965.8956420659606
2018-07-29 03:00:00,1210.0,1001.8389520865578,567.7349962959345,1435.9429078771811
2018-07-29 04:00:00,1286.0,1066.8913599071475,632.7874041165242,1500.9953156977708
2018-07-29 05:00:00,1866.0,2237.2508538896936,1803.1468980990703,2671.354809680317
2018-07-29 06:00:00,2855.0,3131.5755036540745,2697.471547863451,3565.679459444698
2018-07-29 07:00:00,3500.0,3423.3326847805097,2989.2287289898863,3857.436640571133
2018-07-29 08:00:00,3824.0,3703.7418105538677,3269.6378547632444,4137.8457663444915
2018-07-29 09:00:00,4016.0,4166.1314598389445,3732.027504048321,4600.235415629568
2018-07-29 10:00:00,4489.0,4281.474625665383,3847.37066987476,4715.578581456007
2018-07-29 11:00:00,4435.0,4122.241552235596,3688.1375964449726,4556.345508026219
2018-07-29 12:00:00,4412.0,4138.592512713843,3704.488556923219,4572.696468504466
2018-07-29 13:00:00,4485.0,4239.465543209837,3805.3615874192137,4673.56949900046
2018-07-29 14:00:00,4146.0,4145.423152727985,3711.319196937362,4579.527108518609
2018-07-29 15:00:00,3947.0,3867.967338345071,3433.8633825544475,4302.071294135694
2018-07-29 16:00:00,3604.0,3402.1785304399764,2968.074574649353,3836.2824862305997
2018-07-29 17:00:00,3344.0,2804.2588519572864,2370.154896166663,3238.3628077479098
2018-07-29 18:00:00,2794.0,2557.5225909664864,2123.418635175863,2991.6265467571097
2018-07-29 19:00:00,2084.0,2092.138972790328,1658.0350169997046,2526.2429285809512
2018-07-29 20:00:00,1224.0,1430.830595378203,996.7266395875797,1864.9345511688264
2018-07-29 21:00:00,640.0,827.8045759607274,393.7006201701041,1261.908531751351
2018-07-29 22:00:00,384.0,435.0200064845413,0.9160506939179527,869.1239622751646
2018-07-29 23:00:00,317.0,333.96992764323954,0.0,768.0738834338629
2018-07-30 00:00:00,333.0,378.01890266507576,0.0,812.1228584556991
2018-07-30 01:00:00,915.0,817.5931845067922,383.4892287161689,1251.6971402974154
2018-07-30 02:00:00,3051.0,2810.329347429661,2376.2253916390378,3244.4333032202844
2018-07-30 03:00:00,5560.0,5730.364303015869,5296.260347225246,6164.4682588064925
2018-07-30 04:00:00,6313.0,6069.010563848057,5634.906608057434,6503.114519638681
2018-07-30 05:00:00,5427.0,5702.391256286028,5268.287300495404,6136.495212076651
2018-07-30 06:00:00,4638.0,4805.210490354315,4371.106534563692,5239.314446144938
2018-07-30 07:00:00,4233.0,4299.972639063768,3865.8686832731446,4734.076594854391
2018-07-30 08:00:00,4491.0,4566.3339062095865,4132.229950418963,5000.43786200021
2018-07-30 09:00:00,4522.0,4707.147186717802,4273.043230927178,5141.251142508425
2018-07-30 10:00:00,4625.0,4828.473976047803,4394.37002025718,5262.577931838427
2018-07-30 11:00:00,4808.0,5091.382537643735,4657.278581853112,5525.486493434359
2018-07-30 12:00:00,5483.0,5408.986076182789,4974.882120392165,5843.090031973412
2018-07-30 13:00:00,5632.0,6330.138451957515,5896.034496166892,6764.242407748138
2018-07-30 14:00:00,5590.0,5812.673163430674,5378.569207640051,6246.777119221298
2018-07-30 15:00:00,4288.0,4364.728250822398,3930.6242950317746,4798.832206613021
2018-07-30 16:00:00,3190.0,3020.1960569502485,2586.092101159625,3454.300012740872
2018-07-30 17:00:00,2911.0,2579.2671728653695,2145.163217074746,3013.371128655993
2018-07-30 18:00:00,2431.0,2372.136864033789,1938.0329082431658,2806.2408198244125
2018-07-30 19:00:00,1742.0,1788.2115043493407,1354.1075485587173,2222.3154601399638
2018-07-30 20:00:00,1116.0,1216.189574909258,782.0856191186347,1650.2935306998813
2018-07-30 21:00:00,625.0,628.6436039578595,194.53964816723612,1062.7475597484827
2018-07-30 22:00:00,368.0,365.8638754270833,0.0,799.9678312177066
2018-07-30 23:00:00,299.0,305.7546458960474,0.0,739.8586016866707
2018-07-31 00:00:00,352.0,375.0732273972018,0.0,809.1771831878251
2018-07-31 01:00:00,819.0,847.3055787313299,413.20162294070656,1281.4095345219532
2018-07-31 02:00:00,2764.0,2896.5432013355426,2462.4392455449192,3330.647157126166
2018-07-31 03:00:00,4240.0,5620.86454173523,5186.760585944607,6054.968497525853
2018-07-31 04:00:00,5655.0,6071.210513975341,5637.106558184718,6505.3144697659645
2018-07-31 05:00:00,5960.0,5655.334340856467,5221.230385065844,6089.43829664709
2018-07-31 06:00:00,4925.0,4396.161960211835,3962.058004421212,4830.265916002459
2018-07-31 07:00:00,4455.0,4252.414398062641,3818.310442272018,4686.518353853265
2018-07-31 08:00:00,4727.0,4498.169822913754,4064.0658671231304,4932.273778704377
2018-07-31 09:00:00,4998.0,4712.796123145948,4278.692167355324,5146.900078936571
2018-07-31 10:00:00,4875.0,4714.954437910177,4280.850482119554,5149.0583937008005
2018-07-31 11:00:00,4922.0,5164.043406911449,4729.939451120826,5598.147362702072
2018-07-31 12:00:00,5722.0,5481.678211917178,5047.574256126554,5915.782167707801
2018-07-31 13:00:00,6357.0,6298.947339493741,5864.843383703118,6733.051295284365
2018-07-31 14:00:00,5912.0,6132.29457443942,5698.190618648797,6566.398530230043
2018-07-31 15:00:00,4740.0,4418.989877911266,3984.885922120643,4853.09383370189
2018-07-31 16:00:00,3288.0,3227.4346117853465,2793.330655994723,3661.53856757597
2018-07-31 17:00:00,3076.0,2778.5325088953723,2344.428553104749,3212.6364646859956
2018-07-31 18:00:00,2686.0,2726.6595487797745,2292.555592989151,3160.763504570398
2018-07-31 19:00:00,2152.0,2032.0423034125336,1597.9383476219102,2466.1462592031567
2018-07-31 20:00:00,1263.0,1334.5290680816718,900.4251122910484,1768.633023872295
2018-07-31 21:00:00,662.0,691.7258067760375,257.6218509854142,1125.829762566661
2018-07-31 22:00:00,398.0,425.6934912457456,0.0,859.7974470363689
2018-07-31 23:00:00,352.0,325.43837945676484,0.0,759.5423352473881
2018-08-01 00:00:00,409.0,376.7135058186306,0.0,810.817461609254
2018-08-01 01:00:00,908.0,864.5693080714577,430.4653522808344,1298.673263862081
2018-08-01 02:00:00,3063.0,2960.172747396933,2526.06879160631,3394.2767031875564
2018-08-01 03:00:00,5431.0,5651.578757801743,5217.47480201112,6085.682713592367
2018-08-01 04:00:00,5853.0,6116.848815006654,5682.744859216031,6550.9527707972775
2018-08-01 05:00:00,5873.0,5537.452734306485,5103.348778515861,5971.556690097108
2018-08-01 06:00:00,5068.0,5041.009586315959,4606.905630525335,5475.113542106582
2018-08-01 07:00:00,4665.0,4556.105394983185,4122.0014391925615,4990.209350773808
2018-08-01 08:00:00,4986.0,4773.551314243838,4339.447358453214,5207.655270034461
2018-08-01 09:00:00,5141.0,5057.888090954873,4623.78413516425,5491.992046745497
2018-08-01 10:00:00,4874.0,5092.147495220865,4658.043539430241,5526.251451011488
2018-08-01 11:00:00,5044.0,5489.598073589604,5055.49411779898,5923.702029380227
2018-08-01 12:00:00,5655.0,5775.7468302655425,5341.642874474919,6209.850786056166
2018-08-01 13:00:00,6455.0,6257.447985258377,5823.344029467754,6691.551941049001
2018-08-01 14:00:00,5773.0,6066.377116971238,5632.273161180615,6500.4810727618615
2018-08-01 15:00:00,4500.0,4613.039426798692,4178.935471008069,5047.1433825893155
2018-08-01 16:00:00,3389.0,3326.0719035201773,2891.967947729554,3760.1758593108007
2018-08-01 17:00:00,2992.0,2823.2409181061857,2389.1369623155624,3257.344873896809
2018-08-01 18:00:00,2559.0,2720.1694598148647,2286.0655040242414,3154.273415605488
2018-08-01 19:00:00,2344.0,1992.3406313112846,1558.2366755206613,2426.444587101908
2018-08-01 20:00:00,1320.0,1277.4171805388391,843.3132247482158,1711.5211363294625
2018-08-01 21:00:00,709.0,707.2911529969385,273.1871972063152,1141.3951087875619
2018-08-01 22:00:00,413.0,464.6504076339247,30.546451843301384,898.754363424548
2018-08-01 23:00:00,324.0,333.2910730580641,0.0,767.3950288486874
2018-08-02 00:00:00,403.0,375.9781410994533,0.0,810.0820968900766
2018-08-02 01:00:00,887.0,809.1305876373383,375.02663184671496,1243.2345434279616
2018-08-02 02:00:00,3091.0,2802.984130897415,2368.8801751067917,3237.0880866880384
2018-08-02 03:00:00,5589.0,5564.402186284645,5130.2982304940215,5998.506142075268
2018-08-02 04:00:00,6435.0,6337.628821820674,5903.52486603005,6771.732777611297
2018-08-02 05:00:00,5736.0,5536.872602799357,5102.768647008734,5970.97655858998
2018-08-02 06:00:00,4976.0,5131.290926933816,4697.186971143193,5565.394882724439
2018-08-02 07:00:00,4388.0,4645.5429525578265,4211.438996767203,5079.64690834845
2018-08-02 08:00:00,4652.0,4955.524330071864,4521.420374281241,5389.628285862487
2018-08-02 09:00:00,4977.0,5081.688882765844,4647.584926975221,5515.792838556467
2018-08-02 10:00:00,4931.0,4977.62588592819,4543.521930137566,5411.729841718813
2018-08-02 11:00:00,5104.0,5305.6374198798585,4871.533464089235,5739.741375670482
2018-08-02 12:00:00,5707.0,5744.7207003417525,5310.616744551129,6178.824656132376
2018-08-02 13:00:00,6303.0,6461.464723095172,6027.360767304549,6895.568678885796
2018-08-02 14:00:00,5783.0,5994.718760852553,5560.6148050619295,6428.822716643176
2018-08-02 15:00:00,4569.0,4612.7543491084325,4178.650393317809,5046.858304899056
2018-08-02 16:00:00,3570.0,3395.262552419754,2961.1585966291304,3829.366508210377
2018-08-02 17:00:00,3103.0,3040.492452445245,2606.3884966546216,3474.5964082358682
2018-08-02 18:00:00,3023.0,2967.1578489455374,2533.053893154914,3401.2618047361607
2018-08-02 19:00:00,2303.0,2448.496008097997,2014.392052307374,2882.5999638886206
2018-08-02 20:00:00,1379.0,1459.2294416932978,1025.1254859026744,1893.333397483921
2018-08-02 21:00:00,778.0,836.3873419357149,402.2833861450915,1270.4912977263382
2018-08-02 22:00:00,435.0,492.3746008029169,58.270645012293585,926.4785565935402
2018-08-02 23:00:00,371.0,370.6425517724795,0.0,804.7465075631028
2018-08-03 00:00:00,398.0,379.9786248800779,0.0,814.0825806707012
2018-08-03 01:00:00,853.0,783.2935601731224,349.18960438249906,1217.3975159637457
2018-08-03 02:00:00,2900.0,2770.2597758465477,2336.1558200559243,3204.363731637171
2018-08-03 03:00:00,5265.0,5352.710920400752,4918.606964610129,5786.814876191375
2018-08-03 04:00:00,5783.0,5950.718735389464,5516.614779598841,6384.8226911800875
2018-08-03 05:00:00,5213.0,5410.44976161927,4976.345805828647,5844.553717409894
2018-08-03 06:00:00,4577.0,5021.45504581536,4587.351090024737,5455.559001605983
2018-08-03 07:00:00,4384.0,4673.982692650189,4239.878736859566,5108.0866484408125
2018-08-03 08:00:00,4820.0,4973.298161876779,4539.194206086156,5407.402117667402
2018-08-03 09:00:00,5073.0,5196.606949915033,4762.502994124409,5630.710905705656
2018-08-03 10:00:00,5067.0,4979.394179240811,4545.290223450188,5413.498135031435
2018-08-03 11:00:00,5456.0,5377.205258479316,4943.101302688693,5811.30921426994
2018-08-03 12:00:00,5646.0,5549.703786299933,5115.59983050931,5983.8077420905565
2018-08-03 13:00:00,5888.0,5903.464798512113,5469.3608427214895,6337.568754302736
2018-08-03 14:00:00,5135.0,5513.010096495505,5078.906140704882,5947.114052286129
2018-08-03 15:00:00,4753.0,4505.352307528761,4071.248351738138,4939.456263319385
2018-08-03 16:00:00,3767.0,3417.366384729567,2983.2624289389437,3851.4703405201903
2018-08-03 17:00:00,3461.0,3060.127363762637,2626.0234079720135,3494.23131955326
2018-08-03 18:00:00,2632.0,3075.226580717968,2641.1226249273445,3509.330536508591
2018-08-03 19:00:00,2594.0,2788.5972373256213,2354.493281534998,3222.7011931162447
2018-08-03 20:00:00,1833.0,2046.7493471268194,1612.645391336196,2480.8533029174428
2018-08-03 21:00:00,1078.0,1140.6434981700593,706.5395423794359,1574.7474539606826
2018-08-03 22:00:00,668.0,782.6105069251867,348.5065511345633,1216.71446271581
2018-08-03 23:00:00,519.0,549.0113911929785,114.90743540235519,983.1153469836019
2018-08-04 00:00:00,362.0,370.43567336210475,0.0,804.5396291527281
2018-08-04 01:00:00,423.0,455.54963985873644,21.44568406811311,889.6535956493598
2018-08-04 02:00:00,850.0,832.5963535650995,398.4923977744762,1266.7003093557228
2018-08-04 03:00:00,1427.0,1434.2727291758035,1000.1687733851802,1868.3766849664269
2018-08-04 04:00:00,1817.0,2002.1530785094442,1568.0491227188209,2436.2570343000675
2018-08-04 05:00:00,2559.0,2736.7788120968694,2302.674856306246,3170.8827678874927
2018-08-04 06:00:00,3477.0,3503.5652486895838,3069.4612928989604,3937.669204480207
2018-08-04 07:00:00,3962.0,3852.061846571057,3417.9578907804334,4286.16580236168
2018-08-04 08:00:00,4236.0,4138.172433258637,3704.068477468014,4572.276389049261
2018-08-04 09:00:00,4263.0,4449.645287013642,4015.5413312230185,4883.749242804265
2018-08-04 10:00:00,4552.0,4505.956182208048,4071.8522264174244,4940.060137998671
2018-08-04 11:00:00,4379.0,4521.713943646348,4087.6099878557243,4955.817899436971
2018-08-04 12:00:00,4493.0,4425.453750661557,3991.3497948709337,4859.55770645218
2018-08-04 13:00:00,4300.0,4540.859052547028,4106.755096756405,4974.963008337651
2018-08-04 14:00:00,4602.0,4295.871118136592,3861.7671623459682,4729.975073927215
2018-08-04 15:00:00,4087.0,4008.6756899331785,3574.571734142555,4442.779645723802
2018-08-04 16:00:00,3237.0,3227.4892296283397,2793.3852738377163,3661.593185418963
2018-08-04 17:00:00,2962.0,3031.0457114651363,2596.941755674513,3465.1496672557596
2018-08-04 18:00:00,2938.0,3023.3308568805696,2589.2269010899463,3457.434812671193
2018-08-04 19:00:00,2573.0,2858.768810898729,2424.6648551081057,3292.8727666893524
2018-08-04 20:00:00,2015.0,2113.134861975832,1679.0309061852086,2547.238817766455
2018-08-04 21:00:00,1323.0,1307.4007811925078,873.2968254018845,1741.5047369831311
2018-08-04 22:00:00,812.0,823.350195716679,389.24623992605564,1257.4541515073024
2018-08-04 23:00:00,689.0,589.3058677792087,155.20191198858538,1023.409823569832
2018-08-05 00:00:00,396.0,385.91605050195653,0.0,820.0200062925799
2018-08-05 01:00:00,356.0,397.13193910387514,0.0,831.2358948944984
2018-08-05 02:00:00,504.0,530.1641777612369,96.06022197061361,964.2681335518603
2018-08-05 03:00:00,962.0,882.2939037939663,448.1899480033429,1316.3978595845897
2018-08-05 04:00:00,1210.0,1334.9497911633293,900.845835372706,1769.0537469539527
2018-08-05 05:00:00,1903.0,1818.869179138798,1384.7652233481747,2252.9731349294216
2018-08-05 06:00:00,3030.0,2846.4400224348997,2412.3360666442763,3280.543978225523
2018-08-05 07:00:00,3735.0,3384.351505603329,2950.2475498127055,3818.455461393952
2018-08-05 08:00:00,4072.0,3717.1540648435753,3283.050109052952,4151.258020634199
2018-08-05 09:00:00,4454.0,4232.133737170063,3798.0297813794396,4666.237692960686
2018-08-05 10:00:00,4507.0,4301.772994375152,3867.6690385845286,4735.876950165775
2018-08-05 11:00:00,4396.0,4258.48279941531,3824.378843624687,4692.5867552059335
2018-08-05 12:00:00,4595.0,4251.602491400368,3817.498535609745,4685.706447190992
2018-08-05 13:00:00,4875.0,4262.456107140231,3828.352151349608,4696.560062930855
2018-08-05 14:00:00,4555.0,4173.26891069754,3739.164954906917,4607.372866488164
2018-08-05 15:00:00,4229.0,3936.6351243445965,3502.531168553973,4370.739080135219
2018-08-05 16:00:00,3684.0,3364.387300789096,2930.283344998473,3798.4912565797194
2018-08-05 17:00:00,3316.0,3103.962586180468,2669.8586303898446,3538.0665419710913
2018-08-05 18:00:00,2735.0,2739.2580961674475,2305.154140376824,3173.362051958071
2018-08-05 19:00:00,2109.0,2167.0549698568434,1732.95101406622,2601.1589256474667
2018-08-05 20:00:00,1560.0,1396.8284954429,962.7245396522767,1830.9324512335234
2018-08-05 21:00:00,703.0,771.8327537695387,337.7287979789154,1205.936709560162
2018-08-05 22:00:00,421.0,430.05492588578863,0.0,864.158881676412
2018-08-05 23:00:00,327.0,377.3355492915435,0.0,811.4395050821668
2018-08-06 00:00:00,375.0,380.30127888025606,0.0,814.4052346708794
2018-08-06 01:00:00,890.0,779.940860317527,345.8369045269037,1214.0448161081504
2018-08-06 02:00:00,3047.0,2724.714623048269,2290.6106672576457,3158.8185788388923
2018-08-06 03:00:00,5580.0,5617.747968999553,5183.64401320893,6051.851924790177
2018-08-06 04:00:00,6280.0,5852.77893516355,5418.674979372927,6286.8828909541735
2018-08-06 05:00:00,5582.0,5648.348402233598,5214.244446442975,6082.452358024221
2018-08-06 06:00:00,4694.0,4803.30729418229,4369.203338391667,5237.4112499729135
2018-08-06 07:00:00,4357.0,4338.866718210897,3904.7627624202732,4772.97067400152
2018-08-06 08:00:00,4432.0,4599.870035472195,4165.766079681572,5033.973991262818
2018-08-06 09:00:00,4606.0,4712.026839913162,4277.922884122539,5146.130795703785
2018-08-06 10:00:00,4669.0,4729.233653306004,4295.129697515381,5163.337609096628
2018-08-06 11:00:00,4814.0,4962.25832283847,4528.154367047847,5396.362278629093
2018-08-06 12:00:00,5395.0,5429.47561103172,4995.371655241097,5863.579566822344
2018-08-06 13:00:00,6651.0,6294.003912338693,5859.89995654807,6728.107868129317
2018-08-06 14:00:00,5590.0,5796.373269210545,5362.269313419922,6230.477225001168
2018-08-06 15:00:00,4308.0,4322.152523168073,3888.048567377449,4756.256478958696
2018-08-06 16:00:00,3314.0,3175.151170191588,2741.0472144009645,3609.255125982211
2018-08-06 17:00:00,2795.0,2639.916666800471,2205.8127110098476,3074.0206225910943
2018-08-06 18:00:00,2330.0,2397.95547707423,1963.8515212836069,2832.0594328648535
2018-08-06 19:00:00,1723.0,1812.8157925942483,1378.711836803625,2246.9197483848716
2018-08-06 20:00:00,1148.0,1219.8392537256225,785.7352979349992,1653.9432095162458
2018-08-06 21:00:00,606.0,580.0683977053504,145.9644419147271,1014.1723534959738
2018-08-06 22:00:00,376.0,361.70525607941744,0.0,795.8092118700408
2018-08-06 23:00:00,288.0,302.9983347259965,0.0,737.1022905166199
2018-08-07 00:00:00,362.0,374.91123828566435,0.0,809.0151940762877
2018-08-07 01:00:00,912.0,847.1435896197925,413.03963382916913,1281.2475454104158
2018-08-07 02:00:00,3153.0,2874.4620126214063,2440.358056830783,3308.5659684120296
2018-08-07 03:00:00,5814.0,5509.063177988485,5074.959222197862,5943.167133779109
2018-08-07 10:00:00,4726.0,4845.869892090586,4411.765936299963,5279.97384788121
2018-08-07 11:00:00,5040.0,5028.1317547206945,4594.027798930071,5462.235710511318
2018-08-07 12:00:00,5555.0,5700.27220510469,5266.168249314067,6134.376160895314
2018-08-07 13:00:00,6471.0,6342.86524382119,5908.761288030567,6776.969199611814
2018-08-07 14:00:00,5656.0,6188.726945169356,5754.622989378733,6622.83090095998
2018-08-07 15:00:00,4121.0,4512.672400004085,4078.5684442134616,4946.776355794708
2018-08-07 16:00:00,3272.0,3249.181758712927,2815.077802922304,3683.2857145035505
2018-08-07 17:00:00,2888.0,2787.1974773319653,2353.093521541342,3221.3014331225886
2018-08-07 18:00:00,2532.0,2505.8751409892343,2071.771185198611,2939.9790967798576
2018-08-07 19:00:00,1771.0,2023.4325583108382,1589.3286025202149,2457.5365141014618
2018-08-07 20:00:00,1168.0,1372.860460420752,938.7565046301286,1806.9644162113752
2018-08-07 21:00:00,643.0,697.5166995197301,263.41274372910675,1131.6206553103534
2018-08-07 22:00:00,393.0,368.6861959206114,0.0,802.7901517112348
2018-08-07 23:00:00,295.0,314.1529019396336,0.0,748.2568577302569
2018-08-08 00:00:00,374.0,377.15496104821216,0.0,811.2589168388355
2018-08-08 01:00:00,912.0,855.3884278301865,421.2844720395632,1289.49238362081
2018-08-08 02:00:00,3119.0,2886.13308483765,2452.029129047027,3320.2370406282735
2018-08-08 03:00:00,5730.0,5550.671801314235,5116.567845523612,5984.775757104859
2018-08-08 04:00:00,6430.0,6299.790050443463,5865.6860946528395,6733.894006234086
2018-08-08 05:00:00,5864.0,5602.372843601458,5168.268887810835,6036.476799392081
2018-08-08 06:00:00,4902.0,4952.544117175502,4518.440161384879,5386.648072966125
2018-08-08 07:00:00,4610.0,4439.794004785115,4005.690048994492,4873.897960575739
2018-08-08 08:00:00,4838.0,4728.21082203322,4294.106866242597,5162.3147778238435
2018-08-08 09:00:00,5004.0,4885.706292332661,4451.602336542038,5319.8102481232845
2018-08-08 10:00:00,4741.0,5062.73702317969,4628.633067389067,5496.840978970314
2018-08-08 11:00:00,5128.0,5332.657279573606,4898.553323782982,5766.761235364229
2018-08-08 12:00:00,5798.0,5816.024691780489,5381.9207359898655,6250.128647571112
2018-08-08 13:00:00,6652.0,6494.91741574319,6060.8134599525665,6929.021371533813
2018-08-08 14:00:00,6043.0,6027.186282306185,5593.082326515561,6461.290238096808
2018-08-08 15:00:00,4806.0,4554.825357971461,4120.721402180838,4988.929313762084
2018-08-08 16:00:00,3655.0,3319.1457378462073,2885.041782055584,3753.2496936368307
2018-08-08 17:00:00,3130.0,2869.3253627074846,2435.2214069168613,3303.429318498108
2018-08-08 18:00:00,3267.0,2727.8742479188595,2293.770292128236,3161.978203709483
2018-08-08 19:00:00,2711.0,2024.5205435543155,1590.4165877636922,2458.624499344939
2018-08-08 20:00:00,1478.0,1415.3812593066207,981.2773035159973,1849.485215097244
2018-08-08 21:00:00,801.0,815.7152351610364,381.61127937041306,1249.8191909516597
2018-08-08 22:00:00,482.0,514.3026389491915,80.1986831585682,948.4065947398149
2018-08-08 23:00:00,336.0,364.3808787948189,0.0,798.4848345854423
2018-08-09 00:00:00,379.0,376.14803529854566,0.0,810.251991089169
2018-08-09 01:00:00,936.0,719.0121270003923,284.90817120976897,1153.1160827910157
2018-08-09 02:00:00,3022.0,2654.0988108116976,2219.9948550210743,3088.202766602321
2018-08-09 03:00:00,5423.0,5523.913325889913,5089.8093700992895,5958.017281680536
2018-08-09 04:00:00,6313.0,6277.343170824448,5843.239215033825,6711.447126615071
2018-08-09 05:00:00,5908.0,5641.193249410589,5207.089293619965,6075.297205201212
2018-08-09 06:00:00,4788.0,5155.0466290740305,4720.942673283407,5589.150584864654
2018-08-09 07:00:00,4517.0,4805.482855822955,4371.378900032331,5239.586811613578
2018-08-09 08:00:00,4675.0,5041.30305528795,4607.199099497327,5475.407011078573
2018-08-09 09:00:00,4927.0,5229.471567547826,4795.367611757203,5663.57552333845
2018-08-09 10:00:00,4990.0,5107.37994535839,4673.275989567766,5541.483901149013
2018-08-09 11:00:00,5155.0,5400.1961772868835,4966.09222149626,5834.300133077507
2018-08-09 12:00:00,5654.0,5771.792239737667,5337.688283947044,6205.89619552829
2018-08-09 13:00:00,6532.0,6481.6438311176125,6047.539875326989,6915.747786908236
2018-08-09 14:00:00,5871.0,6090.702489490646,5656.598533700023,6524.80644528127
2018-08-09 15:00:00,4426.0,4702.451680624436,4268.347724833813,5136.55563641506
2018-08-09 16:00:00,3530.0,3497.797586324834,3063.6936305342106,3931.9015421154572
2018-08-09 17:00:00,3290.0,3070.270689229241,2636.1667334386175,3504.374645019864
2018-08-09 18:00:00,3176.0,2924.4195608637574,2490.315605073134,3358.5235166543807
2018-08-09 19:00:00,2420.0,2402.2416509185136,1968.1376951278903,2836.345606709137
2018-08-09 20:00:00,1406.0,1482.0301662020458,1047.9262104114225,1916.1341219926692
2018-08-09 21:00:00,731.0,840.9527518144295,406.84879602380613,1275.056707605053
2018-08-09 22:00:00,471.0,529.3810955046429,95.27713971401954,963.4850512952662
2018-08-09 23:00:00,374.0,370.6425517724795,0.0,804.7465075631028
2018-08-10 00:00:00,404.0,379.9786248800779,0.0,814.0825806707012
2018-08-10 01:00:00,818.0,782.7485029273658,348.6445471367425,1216.852458717989
2018-08-10 02:00:00,2854.0,2624.241118224989,2190.1371624343656,3058.345074015612
2018-08-10 03:00:00,5227.0,5317.203756183276,4883.0998003926525,5751.307711973899
2018-08-10 04:00:00,5950.0,6173.37269595518,5739.268740164556,6607.476651745803
2018-08-10 05:00:00,5211.0,5402.30466326513,4968.200707474507,5836.408619055754
2018-08-10 06:00:00,4584.0,5073.908812867594,4639.804857076971,5508.012768658217
2018-08-10 07:00:00,4512.0,4647.633618687868,4213.529662897245,5081.737574478491
2018-08-10 08:00:00,4796.0,4980.661535247629,4546.557579457006,5414.765491038253
2018-08-10 09:00:00,4941.0,5240.78882388009,4806.684868089466,5674.892779670713
2018-08-10 10:00:00,5053.0,5067.8927608623535,4633.78880507173,5501.996716652977
2018-08-10 11:00:00,5367.0,5409.598309010916,4975.494353220292,5843.702264801539
2018-08-10 12:00:00,5684.0,5523.053550511223,5088.9495947206,5957.157506301846
2018-08-10 13:00:00,5868.0,6019.512634209165,5585.408678418542,6453.616589999789
2018-08-10 14:00:00,5309.0,5511.105849003399,5077.001893212776,5945.209804794023
2018-08-10 15:00:00,4616.0,4536.463919782511,4102.3599639918875,4970.567875573134
2018-08-10 16:00:00,3713.0,3441.991397192016,3007.8874414013926,3876.0953529826393
2018-08-10 17:00:00,3344.0,3062.7884589432224,2628.684503152599,3496.8924147338457
2018-08-10 18:00:00,3374.0,2983.4893893096378,2549.3854335190144,3417.593345100261
2018-08-10 19:00:00,3117.0,2780.0535068108916,2345.9495510202682,3214.157462601515
2018-08-10 20:00:00,2271.0,2053.3944787107635,1619.2905229201401,2487.498434501387
2018-08-10 21:00:00,1412.0,1287.9797413073748,853.8757855167514,1722.083697097998
2018-08-10 22:00:00,831.0,932.6781787255837,498.5742229349604,1366.782134516207
2018-08-10 23:00:00,665.0,624.40726160962,190.3033058189967,1058.5112174002434
2018-08-11 00:00:00,423.0,402.6179556575415,0.0,836.7219114481647
2018-08-11 01:00:00,459.0,454.4650726660076,20.361116875384255,888.5690284566309
2018-08-11 02:00:00,876.0,724.1173434897278,290.01338769910444,1158.221299280351
2018-08-11 03:00:00,1560.0,1432.3268430337612,998.2228872431378,1866.4307988243845
2018-08-11 04:00:00,2004.0,2028.918056442313,1594.8141006516896,2463.0220122329365
2018-08-11 05:00:00,2806.0,3103.220693315281,2669.1167375246578,3537.3246491059044
2018-08-11 06:00:00,3514.0,3716.3413499034136,3282.2373941127903,4150.4453056940365
2018-08-11 07:00:00,3971.0,4090.2210633470004,3656.117107556377,4524.325019137624
2018-08-11 08:00:00,4198.0,4358.453035776502,3924.3490799858782,4792.556991567125
2018-08-11 09:00:00,4310.0,4542.2888003781645,4108.184844587541,4976.392756168788
2018-08-11 10:00:00,4262.0,4643.230190411897,4209.126234621273,5077.33414620252
2018-08-11 11:00:00,4280.0,4532.423714106389,4098.319758315765,4966.527669897012
2018-08-11 12:00:00,4188.0,4448.245642514503,4014.1416867238795,4882.349598305126
2018-08-11 13:00:00,4305.0,4416.969702133207,3982.8657463425834,4851.07365792383
2018-08-11 14:00:00,4134.0,4242.393236101065,3808.2892803104414,4676.497191891688
2018-08-11 15:00:00,3920.0,3873.61113277458,3439.5071769839565,4307.715088565203
2018-08-11 16:00:00,3567.0,3205.276245553716,2771.1722897630925,3639.380201344339
2018-08-11 17:00:00,3362.0,2879.092367430032,2444.9884116394087,3313.1963232206554
2018-08-11 18:00:00,3378.0,2991.77998504423,2557.676029253607,3425.8839408348535
2018-08-11 19:00:00,3167.0,2837.770015155407,2403.6660593647835,3271.87397094603
2018-08-11 20:00:00,2511.0,2218.62321876283,1784.519262972207,2652.7271745534536
2018-08-11 21:00:00,1406.0,1442.598543084366,1008.4945872937426,1876.7024988749893
2018-08-11 22:00:00,868.0,943.4104609541425,509.3065051635192,1377.5144167447659
2018-08-11 23:00:00,678.0,762.9707498823684,328.8667940917451,1197.0747056729917
2018-08-12 00:00:00,392.0,403.48570165007834,0.0,837.5896574407017
2018-08-12 01:00:00,365.0,397.32589728939377,0.0,831.4298530800171
2018-08-12 02:00:00,529.0,517.7339800858489,83.63002429522555,951.8379358764722
2018-08-12 03:00:00,984.0,948.8801844052482,514.7762286146249,1382.9841401958715
2018-08-12 04:00:00,1196.0,1454.2921993894563,1020.188243598833,1888.3961551800796
2018-08-12 05:00:00,1850.0,1868.4537889322987,1434.3498331416754,2302.557744722922
2018-08-12 06:00:00,2713.0,2924.237762454019,2490.1338066633957,3358.3417182446424
2018-08-12 07:00:00,3534.0,3466.0574774868696,3031.9535216962463,3900.161433277493
2018-08-12 08:00:00,3856.0,3718.4035670774897,3284.2996112868664,4152.507522868113
2018-08-12 09:00:00,4037.0,4273.484470718275,3839.3805149276513,4707.588426508898
2018-08-12 10:00:00,4522.0,4399.316124016223,3965.2121682255993,4833.420079806846
2018-08-12 11:00:00,4468.0,4217.89902624933,3783.7950704587065,4652.002982039953
2018-08-12 12:00:00,4351.0,4179.191718924547,3745.0877631339235,4613.29567471517
2018-08-12 13:00:00,4466.0,4248.854014616808,3814.7500588261846,4682.957970407431
2018-08-12 14:00:00,4313.0,4178.297378457054,3744.1934226664307,4612.401334247677
2018-08-12 15:00:00,4012.0,3860.218250985453,3426.1142951948295,4294.322206776076
2018-08-12 16:00:00,3658.0,3338.3896856906363,2904.285729900013,3772.4936414812596
2018-08-12 17:00:00,3151.0,2919.468980696134,2485.365024905511,3353.5729364867575
2018-08-12 18:00:00,2708.0,2672.961553440386,2238.8575976497627,3107.0655092310094
2018-08-12 19:00:00,1930.0,2062.150070434318,1628.0461146436946,2496.2540262249413
2018-08-12 20:00:00,1282.0,1371.445515246249,937.3415594556257,1805.5494710368723
2018-08-12 21:00:00,651.0,783.7481440415327,349.64418825090934,1217.852099832156
2018-08-12 22:00:00,434.0,445.98872456239087,11.88476877176754,880.0926803530142
2018-08-12 23:00:00,355.0,342.9696796122066,0.0,777.07363540283
2018-08-13 00:00:00,348.0,381.2865594078666,0.0,815.39051519849
2018-08-13 01:00:00,924.0,808.7321200113394,374.62816422071603,1242.8360758019626
2018-08-13 02:00:00,3025.0,2827.9942414477823,2393.890285657159,3262.0981972384056
2018-08-13 03:00:00,5546.0,5506.032406644239,5071.928450853616,5940.136362434862
2018-08-13 04:00:00,6383.0,5930.629402221179,5496.525446430555,6364.733358011802
2018-08-13 05:00:00,5642.0,5619.883912128395,5185.779956337772,6053.987867919019
2018-08-13 06:00:00,4714.0,4805.790391098921,4371.686435308297,5239.894346889544
2018-08-13 07:00:00,4216.0,4287.588836214301,3853.484880423678,4721.692792004925
2018-08-13 08:00:00,4440.0,4592.1075643792165,4158.003608588593,5026.21152016984
2018-08-13 09:00:00,4673.0,4699.020405896434,4264.91645010581,5133.124361687057
2018-08-13 10:00:00,4494.0,4774.6734395806725,4340.569483790049,5208.777395371296
2018-08-13 11:00:00,4811.0,4996.215645928169,4562.111690137545,5430.319601718792
2018-08-13 12:00:00,5245.0,5488.636735906634,5054.532780116011,5922.740691697258
2018-08-13 13:00:00,6163.0,6176.920385770996,5742.816429980373,6611.02434156162
2018-08-13 14:00:00,5603.0,5802.866307217706,5368.762351427083,6236.970263008329
2018-08-13 15:00:00,4077.0,4255.691619775974,3821.5876639853504,4689.795575566597
2018-08-13 16:00:00,3247.0,3103.754864525565,2669.650908734942,3537.8588203161885
2018-08-13 17:00:00,2835.0,2550.135561742714,2116.0316059520906,2984.239517533337
2018-08-13 18:00:00,2615.0,2316.1064492698874,1882.002493479264,2750.2104050605108
2018-08-13 19:00:00,1823.0,1854.540103833455,1420.4361480428317,2288.644059624078
2018-08-13 20:00:00,1117.0,1153.5980523426763,719.494096552053,1587.7020081332996
2018-08-13 21:00:00,571.0,656.8727919510934,222.76883616047007,1090.9767477417167
2018-08-13 22:00:00,394.0,362.8695007824107,0.0,796.973456573034
2018-08-13 23:00:00,284.0,304.8882980191829,0.0,738.9922538098062
2018-08-14 00:00:00,340.0,371.158832980341,0.0,805.2627887709643
2018-08-14 01:00:00,940.0,849.9774485772477,415.8734927866244,1284.081404367871
2018-08-14 02:00:00,3184.0,2830.037972292676,2395.9340165020526,3264.1419280832993
2018-08-14 03:00:00,5702.0,5537.858500148031,5103.754544357408,5971.962455938655
2018-08-14 04:00:00,6573.0,6104.264384638509,5670.160428847886,6538.368340429132
2018-08-14 05:00:00,5841.0,5618.427548854355,5184.323593063732,6052.531504644979
2018-08-14 06:00:00,4766.0,4990.107076071572,4556.003120280949,5424.211031862195
2018-08-14 07:00:00,4478.0,4427.367104826658,3993.2631490360345,4861.471060617281
2018-08-14 08:00:00,4741.0,4716.467126874711,4282.363171084087,5150.571082665334
2018-08-14 09:00:00,4996.0,4784.744218017673,4350.64026222705,5218.848173808296
2018-08-14 10:00:00,4832.0,4903.877878014184,4469.7739222235605,5337.981833804807
2018-08-14 11:00:00,4985.0,5250.56418549551,4816.460229704887,5684.6681412861335
2018-08-14 12:00:00,5672.0,5802.341379381014,5368.237423590391,6236.445335171637
2018-08-14 13:00:00,6373.0,6515.362783439191,6081.258827648568,6949.466739229814
2018-08-14 14:00:00,6014.0,6018.031664456185,5583.927708665562,6452.135620246809
2018-08-14 15:00:00,4525.0,4634.582639580766,4200.478683790143,5068.68659537139
2018-08-14 16:00:00,3423.0,3282.240296578435,2848.1363407878116,3716.3442523690583
2018-08-14 17:00:00,3046.0,2853.841599317077,2419.7376435264537,3287.9455551077003
2018-08-14 18:00:00,2784.0,2674.94509782687,2240.8411420362468,3109.0490536174934
2018-08-14 19:00:00,2287.0,1982.4719642143916,1548.3680084237683,2416.575920005015
2018-08-14 20:00:00,2772.0,1301.927083073037,867.8231272824137,1736.0310388636603
2018-08-14 21:00:00,793.0,738.4326971058749,304.3287413152516,1172.5366528964983
2018-08-14 22:00:00,492.0,444.9048454316585,10.800889641035155,879.0088012222818
2018-08-14 23:00:00,335.0,434.39694069958927,0.2929849089659342,868.5008964902127
2018-08-15 00:00:00,403.0,374.2250616084304,0.0,808.3290173990538
2018-08-15 01:00:00,948.0,744.5275898614655,310.4236340708421,1178.6315456520888
2018-08-15 02:00:00,3181.0,2756.1342474971075,2322.030291706484,3190.238203287731
2018-08-15 03:00:00,5767.0,5793.607981202572,5359.5040254119485,6227.711936993195
2018-08-15 04:00:00,6561.0,6204.239724325289,5770.135768534666,6638.343680115912
2018-08-15 05:00:00,5930.0,5772.624224077036,5338.520268286413,6206.7281798676595
2018-08-15 06:00:00,4672.0,5167.104244676137,4733.000288885513,5601.20820046676
2018-08-15 07:00:00,4638.0,4743.994108473714,4309.8901526830905,5178.098064264337
2018-08-15 08:00:00,4979.0,5018.781905788374,4584.677949997751,5452.885861578998
2018-08-15 09:00:00,5016.0,5077.441369511266,4643.337413720643,5511.5453253018895
2018-08-15 10:00:00,4841.0,5229.632416598109,4795.528460807485,5663.736372388732
2018-08-15 11:00:00,4968.0,5506.304878339055,5072.200922548432,5940.408834129678
2018-08-15 12:00:00,5428.0,5883.374373939349,5449.270418148726,6317.478329729973
2018-08-15 13:00:00,5541.0,6452.138994445023,6018.0350386544,6886.242950235646
2018-08-15 14:00:00,5920.0,6129.993312466931,5695.889356676307,6564.097268257554
2018-08-15 15:00:00,4545.0,4697.861320175605,4263.757364384982,5131.965275966229
2018-08-15 16:00:00,3358.0,3310.962842440911,2876.858886650288,3745.0667982315344
2018-08-15 17:00:00,3133.0,2812.8001979598125,2378.696242169189,3246.904153750436
2018-08-15 18:00:00,2687.0,2757.928819275191,2323.8248634845677,3192.0327750658143
2018-08-15 19:00:00,1742.0,2009.2159578501526,1575.1120020595292,2443.3199136407757
2018-08-15 20:00:00,1051.0,1373.041839685338,938.9378838947146,1807.1457954759612
2018-08-15 21:00:00,652.0,731.0448497299758,296.94089393935246,1165.1488055205991
2018-08-15 22:00:00,399.0,386.7802988148583,0.0,820.8842546054816
2018-08-15 23:00:00,300.0,323.9581048026146,0.0,758.0620605932379
2018-08-16 00:00:00,412.0,373.1849736224037,0.0,807.2889294130271
2018-08-16 01:00:00,977.0,785.9351852027141,351.8312294120908,1220.0391409933375
2018-08-16 02:00:00,3150.0,2802.216476326521,2368.1125205358976,3236.3204321171443
2018-08-16 03:00:00,5386.0,5582.224562492699,5148.120606702076,6016.328518283322
2018-08-16 04:00:00,6494.0,5975.730291891229,5541.626336100606,6409.8342476818525
2018-08-16 05:00:00,5847.0,5612.584060272608,5178.480104481985,6046.688016063232
2018-08-16 06:00:00,4976.0,5021.730386357477,4587.626430566854,5455.8343421481
2018-08-16 07:00:00,4466.0,4581.403324426022,4147.299368635398,5015.507280216645
2018-08-16 08:00:00,4574.0,4934.578017768077,4500.474061977454,5368.6819735587005
2018-08-16 09:00:00,4961.0,5029.782534231557,4595.678578440934,5463.886490022181
2018-08-16 10:00:00,4785.0,5030.445805331137,4596.341849540514,5464.549761121761
2018-08-16 11:00:00,4927.0,5246.174466053167,4812.070510262543,5680.27842184379
2018-08-16 12:00:00,5729.0,5681.202664979983,5247.098709189359,6115.306620770606
2018-08-16 13:00:00,6272.0,6455.085485234483,6020.9815294438595,6889.189441025106
2018-08-16 14:00:00,5928.0,5941.305860327478,5507.201904536854,6375.409816118101
2018-08-16 15:00:00,4580.0,4620.112745241825,4186.008789451202,5054.216701032448
2018-08-16 16:00:00,3725.0,3353.1659914613583,2919.062035670735,3787.2699472519816
2018-08-16 17:00:00,3205.0,3034.7692818068435,2600.66532601622,3468.873237597467
2018-08-16 18:00:00,3090.0,2986.255486708019,2552.1515309173956,3420.3594424986422
2018-08-16 19:00:00,2377.0,2512.0446563158116,2077.9407005251883,2946.148612106435
2018-08-16 20:00:00,1380.0,1443.4150639874388,1009.3111081968154,1877.519019778062
2018-08-16 21:00:00,809.0,857.1053050964869,423.0013493058635,1291.2092608871103
2018-08-16 22:00:00,449.0,486.0297989956609,51.92584320503755,920.1337547862843
2018-08-16 23:00:00,363.0,385.2414930178464,0.0,819.3454488084697
2018-08-17 00:00:00,408.0,377.1854574030283,0.0,811.2894131936516
2018-08-17 01:00:00,899.0,711.8636601093663,277.75970431874293,1145.9676158999896
2018-08-17 02:00:00,2821.0,2667.1951143558276,2233.0911585652043,3101.299070146451
2018-08-17 03:00:00,5243.0,5200.58118850576,4766.477232715137,5634.685144296383
2018-08-17 04:00:00,5994.0,5971.939504512356,5537.835548721732,6406.043460302979
2018-08-17 05:00:00,5406.0,5496.264137840482,5062.160182049859,5930.368093631106
2018-08-17 06:00:00,4719.0,5104.934154334256,4670.830198543633,5539.0381101248795
2018-08-17 07:00:00,4510.0,4688.425358862283,4254.32140307166,5122.529314652907
2018-08-17 08:00:00,4948.0,5001.6698585648055,4567.565902774182,5435.773814355429
2018-08-17 09:00:00,5076.0,5265.106453952302,4831.002498161679,5699.210409742926
2018-08-17 10:00:00,5027.0,5153.109304464377,4719.005348673753,5587.213260255
2018-08-17 11:00:00,5289.0,5446.280244622142,5012.176288831519,5880.3842004127655
2018-08-17 12:00:00,5581.0,5599.387537770392,5165.283581979768,6033.491493561015
2018-08-17 13:00:00,5734.0,6016.396553217512,5582.292597426888,6450.500509008135
2018-08-17 14:00:00,5141.0,5711.917514952414,5277.813559161791,6146.021470743038
2018-08-17 15:00:00,4536.0,4584.1918540344595,4150.087898243836,5018.295809825083
2018-08-17 16:00:00,3703.0,3413.6038234647863,2979.499867674163,3847.7077792554096
2018-08-17 17:00:00,3279.0,3066.7155193374824,2632.611563546859,3500.8194751281058
2018-08-17 18:00:00,3177.0,3099.887879663404,2665.7839238727806,3533.9918354540273
2018-08-17 19:00:00,2903.0,2752.797798908212,2318.6938431175886,3186.9017546988352
2018-08-17 20:00:00,2126.0,2024.507900002421,1590.4039442117976,2458.611855793044
2018-08-17 21:00:00,1569.0,1271.2972253686642,837.1932695780408,1705.4011811592875
2018-08-17 22:00:00,806.0,831.1372361217417,397.03328033111836,1265.2411919123651
2018-08-17 23:00:00,598.0,589.6756231796734,155.57166738905005,1023.7795789702967
2018-08-18 00:00:00,448.0,408.87309677816796,0.0,842.9770525687914
2018-08-18 01:00:00,523.0,454.22889327834616,20.124937487722832,888.3328490689695
2018-08-18 02:00:00,940.0,699.7806409595291,265.6766851689058,1133.8845967501525
2018-08-18 03:00:00,1648.0,1402.7047032127311,968.6007474221078,1836.8086590033545
2018-08-18 04:00:00,2229.0,2080.8644134511537,1646.7604576605304,2514.968369241777
2018-08-18 05:00:00,2987.0,3111.2234860903263,2677.119530299703,3545.3274418809497
2018-08-18 06:00:00,3922.0,3756.9446704394263,3322.840714648803,4191.048626230049
2018-08-18 07:00:00,5146.0,4167.014279657522,3732.9103238668986,4601.118235448145
2018-08-18 08:00:00,4916.0,4425.9649395012575,3991.860983710634,4860.068895291881
2018-08-18 09:00:00,4448.0,4733.23056184092,4299.126606050297,5167.334517631543
2018-08-18 10:00:00,4438.0,4885.542379678969,4451.438423888346,5319.6463354695925
2018-08-18 11:00:00,4710.0,4749.9019111215175,4315.797955330894,5184.005866912141
2018-08-18 12:00:00,4893.0,4499.44292161677,4065.3389658261467,4933.546877407393
2018-08-18 13:00:00,4897.0,4501.243421894559,4067.139466103936,4935.347377685182
2018-08-18 14:00:00,4664.0,4527.301132521662,4093.197176731039,4961.405088312285
2018-08-18 15:00:00,4157.0,4114.4291904619795,3680.325234671356,4548.533146252603
2018-08-18 16:00:00,3619.0,3584.420728048571,3150.316772257948,4018.5246838391945
2018-08-18 17:00:00,3543.0,3111.915417469538,2677.811461678915,3546.0193732601615
2018-08-18 18:00:00,3442.0,3078.2938770854253,2644.189921294802,3512.3978328760486
2018-08-18 19:00:00,3128.0,2940.0029808228096,2505.8990250321863,3374.106936613433
2018-08-18 20:00:00,2044.0,2339.321117238113,1905.2171614474896,2773.4250730287363
2018-08-18 21:00:00,1346.0,1422.9790212504956,988.8750654598723,1857.082977041119
2018-08-18 22:00:00,997.0,989.099123436617,554.9951676459937,1423.2030792272403
2018-08-18 23:00:00,726.0,594.390183301875,160.2862275112517,1028.4941390924982
2018-08-19 00:00:00,386.0,381.6194900716527,0.0,815.7234458622761
2018-08-19 01:00:00,388.0,397.02212686052735,0.0,831.1260826511507
2018-08-19 02:00:00,552.0,526.8362272501772,92.73227145955389,960.9401830408005
2018-08-19 03:00:00,994.0,846.2804301812746,412.17647439065126,1280.384385971898
2018-08-19 04:00:00,1277.0,1376.5365903922725,942.4326346016492,1810.6405461828958
2018-08-19 05:00:00,1971.0,1862.3236465118841,1428.2196907212608,2296.4276023025077
2018-08-19 06:00:00,2895.0,2964.769117216142,2530.665161425519,3398.8730730067655
2018-08-19 07:00:00,3766.0,3521.0581467103343,3086.954190919711,3955.1621025009576
2018-08-19 08:00:00,4384.0,4091.5535922617364,3657.449636471113,4525.65754805236
2018-08-19 09:00:00,4624.0,4469.133894014571,4035.0299382239473,4903.237849805194
2018-08-19 10:00:00,4596.0,4558.725436643622,4124.6214808529985,4992.829392434245
2018-08-19 11:00:00,4742.0,4514.004047369856,4079.900091579233,4948.10800316048
2018-08-19 12:00:00,4779.0,4473.264519441136,4039.160563650513,4907.3684752317595
2018-08-19 13:00:00,4989.0,4456.505817153867,4022.4018613632434,4890.60977294449
2018-08-19 14:00:00,4870.0,4380.864806575109,3946.7608507844852,4814.968762365732
2018-08-19 15:00:00,4287.0,4092.0424351237853,3657.938479333162,4526.146390914409
2018-08-19 16:00:00,3792.0,3448.939864046125,3014.8359082555016,3883.0438198367483
2018-08-19 17:00:00,3213.0,3122.2216217067075,2688.117665916084,3556.325577497331
2018-08-19 18:00:00,2682.0,2812.8268580552044,2378.722902264581,3246.9308138458277
2018-08-19 19:00:00,1973.0,2219.3422938642957,1785.2383380736724,2653.446249654919
2018-08-19 20:00:00,2369.0,1375.8508725477504,941.7469167571271,1809.9548283383738
2018-08-19 21:00:00,922.0,734.8850124074823,300.781056616859,1168.9889681981058
2018-08-19 22:00:00,473.0,435.8570384627287,1.7530826721053927,869.960994253352
2018-08-19 23:00:00,346.0,446.14877995999365,12.044824169370315,880.2527357506169
2018-08-20 00:00:00,369.0,388.61647735910685,0.0,822.7204331497302
2018-08-20 01:00:00,941.0,674.137800210514,240.03384441989067,1108.2417560011372
2018-08-20 02:00:00,3005.0,2308.963096564983,1874.8591407743597,2743.0670523556064
2018-08-20 03:00:00,5352.0,4759.629260504123,4325.525304713499,5193.733216294746
2018-08-20 04:00:00,6077.0,6070.013635209565,5635.909679418942,6504.117591000188
2018-08-20 05:00:00,5349.0,5866.981889756284,5432.87793396566,6301.085845546907
2018-08-20 06:00:00,4777.0,4941.117227422981,4507.013271632358,5375.2211832136045
2018-08-20 07:00:00,4375.0,4481.285845730914,4047.1818899402906,4915.389801521537
2018-08-20 08:00:00,4532.0,4625.528728973009,4191.424773182385,5059.632684763632
2018-08-20 09:00:00,4842.0,4839.123434116462,4405.0194783258385,5273.227389907085
2018-08-20 10:00:00,4690.0,5036.407367017179,4602.303411226556,5470.511322807803
2018-08-20 11:00:00,5001.0,5230.614151277522,4796.510195486899,5664.718107068145
2018-08-20 12:00:00,5388.0,5678.500638357038,5244.396682566415,6112.604594147661
2018-08-20 13:00:00,6423.0,6192.29410691559,5758.190151124967,6626.398062706214
2018-08-20 14:00:00,5848.0,5933.35165766789,5499.247701877267,6367.455613458514
2018-08-20 15:00:00,4285.0,4497.051591704904,4062.947635914281,4931.155547495528
2018-08-20 16:00:00,3231.0,3253.5758508460576,2819.4718950554343,3687.679806636681
2018-08-20 17:00:00,2726.0,2773.3679287763507,2339.2639729857274,3207.471884566974
2018-08-20 18:00:00,2240.0,2442.0751054160046,2007.9711496253813,2876.179061206628
2018-08-20 19:00:00,1617.0,1839.6238452282387,1405.5198894376153,2273.727801018862
2018-08-20 20:00:00,1005.0,1241.9937113738415,807.8897555832182,1676.0976671644648
2018-08-20 21:00:00,659.0,574.0716243841426,139.9676685935193,1008.175580174766
2018-08-20 22:00:00,416.0,356.7540662927614,0.0,790.8580220833848
2018-08-20 23:00:00,316.0,300.40558009243495,0.0,734.5095358830583
2018-08-21 00:00:00,336.0,384.55657936120286,0.0,818.6605351518263
2018-08-21 01:00:00,996.0,1057.2483207794817,623.1443649888583,1491.352276570105
2018-08-21 02:00:00,3136.0,2969.493328410868,2535.3893726202446,3403.597284201491
2018-08-21 03:00:00,5701.0,5564.916419990889,5130.812464200266,5999.0203757815125
2018-08-21 04:00:00,6837.0,6466.721119137768,6032.617163347145,6900.825074928392
2018-08-21 05:00:00,6123.0,5878.584037225568,5444.480081434945,6312.687993016191
2018-08-21 06:00:00,5053.0,5132.381507849464,4698.27755205884,5566.485463640087
2018-08-21 07:00:00,4540.0,4474.058209421509,4039.9542536308854,4908.162165212132
2018-08-21 08:00:00,4652.0,4857.5675784337445,4423.463622643121,5291.671534224368
2018-08-21 09:00:00,4794.0,5107.6001208057805,4673.496165015157,5541.704076596404
2018-08-21 10:00:00,4762.0,5170.448719932293,4736.34476414167,5604.552675722916
2018-08-21 11:00:00,4994.0,5342.231727514022,4908.127771723399,5776.3356833046455
2018-08-21 12:00:00,5660.0,5753.166433549461,5319.062477758837,6187.270389340084
2018-08-21 13:00:00,6229.0,6445.467063295006,6011.363107504382,6879.571019085629
2018-08-21 14:00:00,5875.0,6200.644375526302,5766.540419735678,6634.748331316925
2018-08-21 15:00:00,4435.0,4675.660700840757,4241.556745050134,5109.764656631381
2018-08-21 16:00:00,3410.0,3353.010468435909,2918.9065126452856,3787.1144242265323
2018-08-21 17:00:00,3003.0,2866.945103281488,2432.841147490865,3301.0490590721115
2018-08-21 18:00:00,2504.0,2674.7152651164115,2240.611309325788,3108.819220907035
2018-08-21 19:00:00,1747.0,2010.0291818821556,1575.9252260915323,2444.133137672779
2018-08-21 20:00:00,1117.0,1299.7326848977143,865.628729107091,1733.8366406883376
2018-08-21 21:00:00,635.0,664.0863181590616,229.98236236843832,1098.190273949685
2018-08-21 22:00:00,425.0,365.00401800042744,0.0,799.1079737910508
2018-08-21 23:00:00,279.0,328.0920072340473,0.0,762.1959630246706
2018-08-22 00:00:00,393.0,383.7771031953663,0.0,817.8810589859896
2018-08-22 01:00:00,994.0,834.7168017942041,400.6128460035808,1268.8207575848273
2018-08-22 02:00:00,3163.0,2884.8406567349393,2450.736700944316,3318.9446125255627
2018-08-22 03:00:00,5766.0,5899.754992563365,5465.6510367727415,6333.858948353988
2018-08-22 04:00:00,6589.0,6280.004807733528,5845.900851942904,6714.108763524151
2018-08-22 05:00:00,6056.0,5741.8264202253995,5307.722464434776,6175.930376016023
2018-08-22 06:00:00,5116.0,5149.5862217170115,4715.482265926388,5583.690177507635
2018-08-22 07:00:00,4583.0,4700.020314064472,4265.916358273848,5134.124269855095
2018-08-22 08:00:00,4734.0,4951.092322320786,4516.988366530162,5385.196278111409
2018-08-22 09:00:00,5043.0,5146.764589551391,4712.660633760767,5580.868545342014
2018-08-22 10:00:00,4938.0,5210.270699049001,4776.166743258378,5644.374654839625
2018-08-22 11:00:00,5216.0,5406.928335319637,4972.824379529014,5841.03229111026
2018-08-22 12:00:00,5707.0,5893.904926847138,5459.800971056515,6328.008882637761
2018-08-22 13:00:00,6470.0,6519.082636423905,6084.978680633281,6953.186592214528
2018-08-22 14:00:00,5819.0,6177.086468558576,5742.982512767952,6611.190424349199
2018-08-22 15:00:00,4446.0,4716.584954090609,4282.480998299986,5150.688909881233
2018-08-22 16:00:00,3444.0,3407.1620196684817,2973.0580638778583,3841.265975459105
2018-08-22 17:00:00,3154.0,2888.0032870717005,2453.899331281077,3322.107242862324
2018-08-22 18:00:00,2627.0,2673.703358637615,2239.599402846992,3107.8073144282384
2018-08-22 19:00:00,1928.0,2007.9268197589367,1573.8228639683134,2442.03077554956
2018-08-22 20:00:00,1169.0,1373.4776186019556,939.3736628113322,1807.581574392579
2018-08-22 21:00:00,596.0,682.5954851252405,248.4915293346172,1116.6994409158638
2018-08-22 22:00:00,402.0,382.5524044665831,0.0,816.6563602572064
2018-08-23 00:00:00,381.0,381.37064182679813,0.0,815.4745976174215
2018-08-23 01:00:00,976.0,853.3986362372484,419.2946804466251,1287.5025920278717
2018-08-23 03:00:00,5860.0,5851.685663898154,5417.581708107531,6285.789619688778
2018-08-23 04:00:00,6815.0,6417.040339427267,5982.936383636644,6851.14429521789
2018-08-23 05:00:00,6162.0,5640.7373001879105,5206.633344397287,6074.841255978534
2018-08-23 06:00:00,5583.0,5299.491748246568,4865.387792455945,5733.595704037191
2018-08-23 07:00:00,4837.0,4869.179291061969,4435.0753352713455,5303.283246852592
2018-08-23 08:00:00,5015.0,5257.237496630865,4823.133540840242,5691.341452421489
2018-08-23 09:00:00,5136.0,5341.428853668661,4907.3248978780375,5775.532809459284
2018-08-23 10:00:00,5051.0,5423.643589267576,4989.539633476953,5857.7475450582
2018-08-23 11:00:00,5312.0,5678.032811746666,5243.928855956043,6112.136767537289
2018-08-23 12:00:00,5848.0,5997.796320231188,5563.692364440564,6431.900276021811
2018-08-23 13:00:00,6586.0,6545.210152727371,6111.106196936747,6979.314108517994
2018-08-23 14:00:00,5780.0,6319.672394115209,5885.568438324585,6753.776349905832
2018-08-23 15:00:00,4750.0,4933.199926771478,4499.095970980855,5367.3038825621015
2018-08-23 16:00:00,3519.0,3647.0362867690924,3212.932330978469,4081.1402425597157
2018-08-23 17:00:00,2996.0,3175.9402994985085,2741.836343707885,3610.044255289132
2018-08-23 18:00:00,2717.0,3058.391142548405,2624.2871867577815,3492.495098339028
2018-08-23 19:00:00,2107.0,2396.3869353646323,1962.282979574009,2830.4908911552557
2018-08-23 20:00:00,1904.0,1363.742197484481,929.6382416938577,1797.8461532751044
2018-08-23 21:00:00,790.0,757.9863253692445,323.88236957862114,1192.0902811598678
2018-08-23 22:00:00,505.0,431.19905274712863,0.0,865.303008537752
2018-08-23 23:00:00,387.0,379.5538247933308,0.0,813.6577805839541
2018-08-24 00:00:00,424.0,440.4106807356619,6.306724945038582,874.5146365262852
2018-08-24 01:00:00,916.0,798.742234695733,364.6382789051097,1232.8461904863564
2018-08-24 02:00:00,2950.0,2446.99696997866,2012.893014188037,2881.1009257692835
2018-08-24 03:00:00,5259.0,5658.517286185263,5224.41333039464,6092.621241975887
2018-08-24 04:00:00,6243.0,6404.894303299839,5970.790347509215,6838.998259090462
2018-08-24 05:00:00,5687.0,5684.087495305822,5249.983539515199,6118.191451096445
2018-08-24 06:00:00,4971.0,5246.340394461147,4812.236438670524,5680.444350251771
2018-08-24 07:00:00,4539.0,4926.000859720323,4491.8969039297,5360.1048155109465
2018-08-24 08:00:00,4391.0,5129.958451386973,4695.85449559635,5564.0624071775965
2018-08-24 09:00:00,4971.0,5331.403266631338,4897.2993108407145,5765.507222421961
2018-08-24 10:00:00,5149.0,5373.879721477013,4939.77576568639,5807.983677267636
2018-08-24 11:00:00,5499.0,5295.770523575673,4861.66656778505,5729.874479366296
2018-08-24 12:00:00,5879.0,5548.420520315727,5114.316564525104,5982.52447610635
2018-08-24 13:00:00,6088.0,6148.432330200889,5714.3283744102655,6582.536285991512
2018-08-24 14:00:00,5750.0,5854.178799546598,5420.074843755975,6288.282755337222
2018-08-24 15:00:00,4755.0,4678.545556184698,4244.441600394075,5112.649511975322
2018-08-24 16:00:00,3467.0,3592.886962563336,3158.7830067727127,4026.9909183539594
2018-08-24 17:00:00,3076.0,3130.151705594171,2696.0477498035475,3564.255661384794
2018-08-24 18:00:00,3164.0,3074.7179770737403,2640.614021283117,3508.8219328643636
2018-08-24 19:00:00,2435.0,2647.0846480786554,2212.980692288032,3081.1886038692787
2018-08-24 20:00:00,1860.0,1978.5428418968884,1544.438886106265,2412.646797687512
2018-08-24 21:00:00,1089.0,1225.0185406993678,790.9145849087445,1659.1224964899911
2018-08-24 22:00:00,725.0,700.6625644790397,266.55860868841637,1134.766520269663
2018-08-24 23:00:00,495.0,549.4415362119425,115.33758042131922,983.5454920025659
2018-08-25 00:00:00,366.0,378.7311537948516,0.0,812.8351095854749
2018-08-25 01:00:00,500.0,479.74036675477896,45.63641096415563,913.8443225454023
2018-08-25 02:00:00,875.0,938.543872778585,504.4399169879616,1372.6478285692083
2018-08-25 03:00:00,1837.0,1622.2851232281073,1188.181167437484,2056.3890790187306
2018-08-25 04:00:00,2672.0,2160.522602527574,1726.4186467369504,2594.626558318197
2018-08-25 05:00:00,3503.0,3171.005386810313,2736.90143101969,3605.1093426009365
2018-08-25 06:00:00,4100.0,3877.4009599768447,3443.2970041862213,4311.5049157674675
2018-08-25 07:00:00,4509.0,4345.895191402205,3911.791235611581,4779.999147192828
2018-08-25 08:00:00,4647.0,4642.401291169806,4208.297335379183,5076.50524696043
2018-08-25 09:00:00,4846.0,4834.921411032495,4400.817455241871,5269.025366823118
2018-08-25 10:00:00,4585.0,4730.706977007521,4296.603021216898,5164.810932798145
2018-08-25 11:00:00,4696.0,4753.24377866092,4319.1398228702965,5187.347734451543
2018-08-25 12:00:00,5015.0,4738.791853868645,4304.687898078022,5172.895809659269
2018-08-25 13:00:00,4677.0,4689.192656945362,4255.088701154738,5123.296612735985
2018-08-25 14:00:00,4541.0,4775.473883403448,4341.3699276128245,5209.577839194071
2018-08-25 15:00:00,3914.0,4250.974030449159,3816.8700746585355,4685.077986239782
2018-08-25 16:00:00,3371.0,3478.4831812426914,3044.379225452068,3912.587137033315
2018-08-25 17:00:00,3071.0,3072.000818742462,2637.8968629518386,3506.104774533085
2018-08-25 18:00:00,3156.0,3099.495040152218,2665.3910843615945,3533.598995942841
2018-08-25 19:00:00,2713.0,2848.4598384329365,2414.355882642313,3282.56379422356
2018-08-25 20:00:00,2134.0,2160.512292993527,1726.4083372029036,2594.6162487841502
2018-08-25 21:00:00,1375.0,1387.13129763961,953.0273418489867,1821.2352534302333
2018-08-25 22:00:00,855.0,844.645994032756,410.54203824213266,1278.7499498233792
2018-08-25 23:00:00,614.0,613.2167976078659,179.1128418172426,1047.3207533984892
2018-08-26 00:00:00,382.0,407.70111756201464,0.0,841.8050733526379
2018-08-26 01:00:00,325.0,404.26011836814536,0.0,838.3640741587687
2018-08-26 02:00:00,551.0,561.3990081301346,127.29505233951124,995.5029639207579
2018-08-26 03:00:00,1106.0,955.7163910683073,521.612435277684,1389.8203468589306
2018-08-26 04:00:00,1657.0,1193.3201942112998,759.2162384206765,1627.4241500019232
2018-08-26 05:00:00,2467.0,1881.196888292514,1447.0929325018906,2315.3008440831372
2018-08-26 06:00:00,3408.0,3262.9178912382877,2828.8139354476643,3697.021847028911
2018-08-26 07:00:00,4017.0,3875.1625315751494,3441.058575784526,4309.266487365772
2018-08-26 08:00:00,4394.0,4246.159189374755,3812.055233584132,4680.263145165379
2018-08-26 09:00:00,4638.0,4580.280610094667,4146.176654304044,5014.384565885291
2018-08-26 10:00:00,4494.0,4502.133089067819,4068.029133277196,4936.2370448584425
2018-08-26 11:00:00,4565.0,4546.550782091956,4112.446826301332,4980.654737882579
2018-08-26 12:00:00,4289.0,4515.839439355712,4081.7354835650885,4949.943395146335
2018-08-26 13:00:00,4259.0,4412.020285502181,3977.9163297115574,4846.124241292804
2018-08-26 14:00:00,3998.0,4415.417691248818,3981.313735458195,4849.521647039442
2018-08-26 15:00:00,3688.0,3973.1807644980313,3539.076808707408,4407.284720288655
2018-08-26 16:00:00,3165.0,3302.3516722422305,2868.247716451607,3736.455628032854
2018-08-26 17:00:00,2840.0,2894.9645254770526,2460.8605696864292,3329.068481267676
2018-08-26 18:00:00,2330.0,2555.395834309448,2121.291878518825,2989.4997901000716
2018-08-26 19:00:00,1913.0,2083.2717389169975,1649.1677831263742,2517.375694707621
2018-08-26 20:00:00,1208.0,1332.459177730326,898.3552219397027,1766.5631335209493
2018-08-26 21:00:00,666.0,630.6780082557702,196.5740524651469,1064.7819640463936
2018-08-26 22:00:00,337.0,409.18588632658657,0.0,843.2898421172099
2018-08-26 23:00:00,292.0,329.0840296699552,0.0,763.1879854605786
2018-08-27 00:00:00,358.0,386.19567840410076,0.0,820.2996341947241
2018-08-27 01:00:00,933.0,807.923229761639,373.8192739710157,1242.0271855522624
2018-08-27 02:00:00,3129.0,2847.429827798213,2413.3258720075896,3281.5337835888363
2018-08-27 03:00:00,5575.0,5762.58073000594,5328.476774215316,6196.684685796563
2018-08-27 04:00:00,6493.0,6338.989535384929,5904.885579594305,6773.093491175552
2018-08-27 05:00:00,6125.0,5845.396126268385,5411.292170477762,6279.5000820590085
2018-08-27 06:00:00,5094.0,4905.6135269887245,4471.509571198101,5339.717482779348
2018-08-27 07:00:00,4672.0,4361.46840219921,3927.3644464085864,4795.572357989833
2018-08-27 08:00:00,4775.0,4708.105977882855,4274.0020220922315,5142.209933673478
2018-08-27 09:00:00,4880.0,4888.218010975409,4454.114055184786,5322.321966766032
2018-08-27 10:00:00,4890.0,5064.738665563473,4630.634709772849,5498.842621354096
2018-08-27 11:00:00,5048.0,5293.76880795881,4859.664852168186,5727.872763749433
2018-08-27 12:00:00,5661.0,5706.2109584984055,5272.107002707782,6140.314914289029
2018-08-27 13:00:00,6535.0,6454.975168293753,6020.87121250313,6889.079124084376
2018-08-27 14:00:00,5298.0,6106.20200120388,5672.098045413257,6540.3059569945035
2018-08-27 15:00:00,3629.0,4410.29090517661,3976.1869493859867,4844.394860967233
2018-08-27 16:00:00,2922.0,3250.6963619013454,2816.592406110722,3684.8003176919688
2018-08-27 17:00:00,2536.0,2691.258014221248,2257.1540584306244,3125.361970011871
2018-08-27 18:00:00,2139.0,2170.652278026389,1736.5483222357657,2604.7562338170123
2018-08-27 19:00:00,1503.0,1604.2927902424638,1170.1888344518404,2038.396746033087
2018-08-27 20:00:00,1014.0,1160.8329367473223,726.7289809566989,1594.9368925379456
2018-08-27 21:00:00,576.0,529.2204362557255,95.1164804651022,963.3243920463489
2018-08-27 22:00:00,364.0,352.1011371918009,0.0,786.2050929824243
2018-08-27 23:00:00,234.0,307.1041666425329,0.0,741.2081224331562
2018-08-28 00:00:00,367.0,392.7862723512851,0.0,826.8902281419084
2018-08-28 01:00:00,986.0,911.9697405815049,477.86578479088155,1346.0736963721283
2018-08-28 02:00:00,3161.0,2919.5530456864844,2485.449089895861,3353.6570014771078
2018-08-28 03:00:00,5611.0,5803.677779227535,5369.573823436912,6237.7817350181585
2018-08-28 04:00:00,6147.0,6523.015141930402,6088.911186139779,6957.119097721025
2018-08-28 05:00:00,5692.0,5871.003204222764,5436.899248432141,6305.107160013387
2018-08-28 06:00:00,5153.0,5081.467201390806,4647.363245600182,5515.571157181429
2018-08-28 07:00:00,4624.0,4509.901845191491,4075.7978894008675,4944.005800982114
2018-08-28 08:00:00,4678.0,4699.765075779432,4265.661119988808,5133.869031570055
2018-08-28 09:00:00,4954.0,4942.171913790971,4508.067958000348,5376.275869581595
2018-08-28 10:00:00,5032.0,5160.925123665863,4726.82116787524,5595.029079456486
2018-08-28 11:00:00,5273.0,5288.208896786526,4854.104940995902,5722.312852577149
2018-08-28 12:00:00,5865.0,5764.86339830743,5330.759442516806,6198.967354098053
2018-08-28 13:00:00,6657.0,6433.526033537974,5999.422077747351,6867.629989328598
2018-08-28 14:00:00,5716.0,6006.097967657172,5571.994011866549,6440.201923447796
2018-08-28 15:00:00,4363.0,4537.436823127285,4103.332867336661,4971.540778917908
2018-08-28 16:00:00,3406.0,3416.9897866688484,2982.885830878225,3851.0937424594717
2018-08-28 17:00:00,2896.0,2907.3513200137595,2473.247364223136,3341.455275804383
2018-08-28 18:00:00,2576.0,2681.712471636185,2247.6085158455617,3115.8164274268083
2018-08-28 19:00:00,1733.0,1979.921210518371,1545.8172547277477,2414.0251663089944
2018-08-28 20:00:00,1153.0,1291.0113162705652,856.9073604799419,1725.1152720611885
2018-08-28 21:00:00,623.0,667.5052962985742,233.40134050795086,1101.6092520891975
2018-08-28 22:00:00,335.0,365.00401800042744,0.0,799.1079737910508
2018-08-28 23:00:00,299.0,302.28226621534935,0.0,736.3862220059727
2018-08-29 00:00:00,372.0,383.1260205524601,0.0,817.2299763430834
2018-08-29 01:00:00,981.0,863.754972849936,429.6510170593127,1297.8589286405595
2018-08-29 02:00:00,3103.0,2946.210743785818,2512.1067879951947,3380.3146995764414
2018-08-29 03:00:00,5902.0,5905.357581226724,5471.2536254361,6339.461537017347
2018-08-29 04:00:00,6775.0,6524.469285138604,6090.365329347981,6958.573240929228
2018-08-29 05:00:00,6164.0,5810.299225064148,5376.195269273525,6244.403180854772
2018-08-29 06:00:00,5421.0,5204.234054154247,4770.130098363624,5638.3380099448705
2018-08-29 07:00:00,4871.0,4706.948421568475,4272.844465777852,5141.0523773590985
2018-08-29 08:00:00,4969.0,4921.34491087219,4487.240955081566,5355.448866662813
2018-08-29 09:00:00,5134.0,5159.855488871415,4725.751533080792,5593.959444662039
2018-08-29 10:00:00,4999.0,5329.313245808589,4895.209290017966,5763.417201599213
2018-08-29 11:00:00,5349.0,5540.850495807276,5106.746540016653,5974.9544515979
2018-08-29 12:00:00,5814.0,5934.315145729273,5500.21118993865,6368.419101519897
2018-08-29 13:00:00,6578.0,6543.95443917458,6109.850483383957,6978.058394965204
2018-08-29 14:00:00,5860.0,6299.313772257934,5865.209816467311,6733.417728048557
2018-08-29 15:00:00,4554.0,4806.352595509027,4372.248639718404,5240.4565512996505
2018-08-29 16:00:00,3487.0,3501.9504786605153,3067.846522869892,3936.0544344511386
2018-08-29 17:00:00,3205.0,2917.4782652977715,2483.374309507148,3351.582221088395
2018-08-29 18:00:00,2800.0,2742.7452937322914,2308.641337941668,3176.8492495229148
2018-08-29 19:00:00,2106.0,2038.573670332059,1604.4697145414357,2472.6776261226823
2018-08-29 20:00:00,1272.0,1389.1285231497839,955.0245673591605,1823.2324789404072
2018-08-29 21:00:00,670.0,737.6988215056829,303.59486571505954,1171.8027772963062
2018-08-29 22:00:00,456.0,404.9494851128733,0.0,839.0534409034966
2018-08-29 23:00:00,326.0,314.9775398764926,0.0,749.0814956671159
2018-08-30 00:00:00,388.0,389.0419000264204,0.0,823.1458558170438
2018-08-30 01:00:00,1008.0,855.9075105300425,421.80355473941916,1290.011466320666
2018-08-30 02:00:00,3070.0,2792.346035847839,2358.242080057216,3226.4499916384625
2018-08-30 03:00:00,5886.0,5731.316629523045,5297.2126737324215,6165.420585313668
2018-08-30 04:00:00,6466.0,6479.877978098844,6045.774022308221,6913.981933889468
2018-08-30 05:00:00,5995.0,5742.46615151956,5308.362195728937,6176.570107310184
2018-08-30 06:00:00,5467.0,5252.09507324489,4817.991117454267,5686.199029035513
2018-08-30 07:00:00,4911.0,4820.004802217564,4385.900846426941,5254.108758008188
2018-08-30 08:00:00,5095.0,5090.147077452631,4656.043121662007,5524.251033243254
2018-08-30 09:00:00,5308.0,5310.949053403878,4876.845097613254,5745.053009194501
2018-08-30 10:00:00,5213.0,5422.958955862967,4988.8550000723435,5857.06291165359
2018-08-30 11:00:00,5680.0,5650.130198687503,5216.02624289688,6084.234154478127
2018-08-30 12:00:00,6238.0,6016.169442165587,5582.065486374963,6450.27339795621
2018-08-30 13:00:00,6453.0,6480.241457548238,6046.137501757615,6914.345413338861
2018-08-30 14:00:00,5775.0,6191.572470606727,5757.468514816103,6625.67642639735
2018-08-30 15:00:00,4531.0,4933.567973549119,4499.464017758496,5367.671929339743
2018-08-30 16:00:00,3884.0,3664.332116616938,3230.2281608263147,4098.436072407561
2018-08-30 17:00:00,3332.0,3147.845934316718,2713.7419785260945,3581.949890107341
2018-08-30 18:00:00,3049.0,3020.988685423263,2586.88472963264,3455.0926412138865
2018-08-30 19:00:00,2221.0,2524.1590296783734,2090.05507388775,2958.2629854689967
2018-08-30 20:00:00,1396.0,1446.4553493886026,1012.3513935979793,1880.559305179226
2018-08-30 21:00:00,764.0,848.0971875787529,413.9932317881296,1282.2011433693763
2018-08-30 22:00:00,456.0,445.45045935440714,11.346503563783813,879.5544151450305
2018-08-30 23:00:00,358.0,366.9775306971639,0.0,801.0814864877873
2018-08-31 00:00:00,378.0,401.3953263497276,0.0,835.4992821403509
2018-08-31 01:00:00,851.0,737.4803783512118,303.3764225605885,1171.5843341418351
2018-08-31 02:00:00,2754.0,2916.0824305456654,2481.978474755042,3350.1863863362887
2018-08-31 03:00:00,5200.0,5774.361909088832,5340.257953298209,6208.465864879456
2018-08-31 04:00:00,6270.0,6429.42130420147,5995.3173484108465,6863.525259992093
2018-08-31 05:00:00,5687.0,5650.023595148838,5215.919639358214,6084.127550939461
2018-08-31 06:00:00,5328.0,5231.882305437857,4797.778349647234,5665.9862612284805
2018-08-31 07:00:00,5102.0,4949.731998891513,4515.62804310089,5383.835954682137
2018-08-31 08:00:00,5359.0,5151.5553676235095,4717.451411832886,5585.659323414133
2018-08-31 09:00:00,5587.0,5484.443473607391,5050.3395178167675,5918.547429398014
2018-08-31 10:00:00,5400.0,5496.199804828123,5062.0958490375,5930.303760618746
2018-08-31 11:00:00,5705.0,5692.24680894723,5258.142853156607,6126.350764737854
2018-08-31 12:00:00,5998.0,5779.539701937647,5345.435746147024,6213.64365772827
2018-08-31 13:00:00,5925.0,6239.518816156469,5805.414860365846,6673.622771947093
2018-08-31 14:00:00,5418.0,5818.526608670813,5384.42265288019,6252.630564461437
2018-08-31 15:00:00,4935.0,4925.867297731729,4491.763341941106,5359.9712535223525
2018-08-31 16:00:00,3945.0,3688.407152833783,3254.30319704316,4122.511108624407
2018-08-31 17:00:00,3233.0,3144.4858652726957,2710.3819094820724,3578.589821063319
2018-08-31 18:00:00,2910.0,3103.7789912426665,2669.675035452043,3537.88294703329
2018-08-31 19:00:00,2830.0,2814.6844565569204,2380.580500766297,3248.7884123475437
2018-08-31 20:00:00,2147.0,2042.455219112256,1608.3512633216326,2476.559174902879
2018-08-31 21:00:00,1335.0,1285.6674644464845,851.5635086558611,1719.7714202371078
2018-08-31 22:00:00,785.0,814.4200236977875,380.3160679071642,1248.523979488411
2018-08-31 23:00:00,569.0,602.4312009735157,168.3272451828924,1036.5351567641392
2018-09-01 00:00:00,425.0,402.1757384474319,0.0,836.2796942380553
2018-09-01 01:00:00,419.0,470.46060595795524,36.35665016733191,904.5645617485786
2018-09-01 02:00:00,741.0,842.5119324534255,408.4079766628022,1276.6158882440488
2018-09-01 03:00:00,1529.0,1648.5209835484945,1214.4170277578712,2082.624939339118
2018-09-01 04:00:00,2477.0,2158.4227546535208,1724.3187988628974,2592.526710444144
2018-09-01 05:00:00,3476.0,2926.239603003792,2492.135647213169,3360.3435587944155
2018-09-01 06:00:00,4212.0,4012.3362786766916,3578.2323228860682,4446.440234467314
2018-09-01 07:00:00,4578.0,4378.842581941461,3944.7386261508373,4812.946537732084
2018-09-01 08:00:00,4897.0,4635.212920279962,4201.108964489339,5069.316876070586
2018-09-01 09:00:00,4854.0,4959.745470816373,4525.64151502575,5393.8494266069965
2018-09-01 10:00:00,4972.0,4848.336684014418,4414.232728223795,5282.440639805041
2018-09-01 11:00:00,5056.0,4882.759243113259,4448.655287322636,5316.863198903882
2018-09-01 12:00:00,4719.0,4758.658365637003,4324.55440984638,5192.762321427626
2018-09-01 13:00:00,4649.0,4869.091236674388,4434.9872808837645,5303.195192465011
2018-09-01 14:00:00,4622.0,4893.727186613131,4459.623230822508,5327.831142403755
2018-09-01 15:00:00,4261.0,4246.35495560135,3812.250999810727,4680.458911391974
2018-09-01 16:00:00,3518.0,3463.670994460725,3029.5670386701017,3897.7749502513484
2018-09-01 17:00:00,3196.0,3061.1957460438553,2627.091790253232,3495.2997018344786
2018-09-01 18:00:00,2880.0,3088.2850090692173,2654.181053278594,3522.3889648598406
2018-09-01 19:00:00,2815.0,2801.559200361468,2367.4552445708446,3235.6631561520912
2018-09-01 20:00:00,1945.0,2174.686306521954,1740.5823507313307,2608.7902623125774
2018-09-01 21:00:00,1273.0,1355.8172131836648,921.7132573930414,1789.921168974288
2018-09-01 22:00:00,801.0,886.6033604938573,452.49940470323395,1320.7073162844806
2018-09-01 23:00:00,565.0,585.8477284328952,151.7437726422719,1019.9516842235186
2018-09-02 00:00:00,386.0,380.00122510747457,0.0,814.1051808980978
2018-09-02 01:00:00,316.0,392.1177482663035,0.0,826.2217040569269
2018-09-02 02:00:00,532.0,560.8894008858645,126.78544509524113,994.9933566764878
2018-09-02 03:00:00,1003.0,943.1609242346639,509.05696844404054,1377.2648800252873
2018-09-02 04:00:00,1607.0,1167.1258251680933,733.02186937747,1601.2297809587167
2018-09-02 05:00:00,2334.0,1931.2453326525022,1497.1413768618788,2365.3492884431253
2018-09-02 06:00:00,2929.0,3051.039763490555,2616.9358076999315,3485.143719281178
2018-09-02 07:00:00,3571.0,3822.5597049287535,3388.45574913813,4256.663660719377
2018-09-02 08:00:00,4040.0,4253.8453545439,3819.7413987532764,4687.949310334523
2018-09-02 09:00:00,4549.0,4441.970027635502,4007.866071844879,4876.073983426126
2018-09-02 10:00:00,4414.0,4368.051558842371,3933.947603051748,4802.155514632995
2018-09-02 11:00:00,4299.0,4432.565344667307,3998.4613888766835,4866.66930045793
2018-09-02 12:00:00,4330.0,4454.802609177603,4020.6986533869795,4888.906564968226
2018-09-02 13:00:00,4197.0,4382.751646419779,3948.6476906291555,4816.855602210402
2018-09-02 14:00:00,3833.0,4237.955921520688,3803.851965730065,4672.0598773113115
2018-09-02 15:00:00,3601.0,3892.0971397138246,3457.9931839232013,4326.201095504448
2018-09-02 16:00:00,3098.0,3266.757476706488,2832.6535209158646,3700.8614324971113
2018-09-02 17:00:00,3115.0,2793.8136704509116,2359.7097146602882,3227.917626241535
2018-09-02 18:00:00,2669.0,2465.916246404684,2031.8122906140607,2900.0202021953073
2018-09-02 19:00:00,2066.0,1935.2612731861168,1501.1573173954935,2369.36522897674
2018-09-02 20:00:00,1475.0,1294.9202111083907,860.8162553177674,1729.024166899014
2018-09-02 21:00:00,962.0,707.1717840831651,273.0678282925418,1141.2757398737886
2018-09-02 22:00:00,694.0,447.13167730065334,13.027721510030005,881.2356330912767
2018-09-02 23:00:00,421.0,374.0663060518892,0.0,808.1702618425126
2018-09-03 00:00:00,310.0,398.12812906977234,0.0,832.2320848603956
2018-09-03 01:00:00,325.0,604.8686492383937,170.76469344777036,1038.972605029017
2018-09-03 02:00:00,590.0,1935.792230056858,1501.6882742662347,2369.8961858474813
2018-09-03 03:00:00,1141.0,4038.8231571855144,3604.719201394891,4472.927112976138
2018-09-03 04:00:00,1556.0,3628.834360910876,3194.7304051202527,4062.9383167014994
2018-09-03 05:00:00,1995.0,2968.4592790857023,2534.355323295079,3402.5632348763256
2018-09-03 06:00:00,2524.0,2857.181569723726,2423.077613933103,3291.2855255143495
2018-09-03 07:00:00,3050.0,3063.424406494946,2629.320450704323,3497.5283622855695
2018-09-03 08:00:00,3616.0,3172.648003359836,2738.5440475692126,3606.7519591504592
2018-09-03 09:00:00,3901.0,3728.3177105371024,3294.213754746479,4162.421666327726
2018-09-03 10:00:00,4110.0,3686.4607966108874,3252.356840820264,4120.564752401511
2018-09-03 11:00:00,4446.0,4078.3529484359956,3644.2489926453723,4512.456904226619
2018-09-03 12:00:00,4411.0,4278.420240996813,3844.3162852061896,4712.524196787436
2018-09-03 13:00:00,4017.0,4399.419004506787,3965.315048716164,4833.5229602974105
2018-09-03 14:00:00,3900.0,4473.135655026894,4039.0316992362705,4907.239610817517
2018-09-03 15:00:00,3487.0,3633.218718154094,3199.1147623634706,4067.3226739447173
2018-09-03 16:00:00,3006.0,2806.9921396384443,2372.888183847821,3241.0960954290676
2018-09-03 17:00:00,2627.0,2316.021460967443,1881.9175051768198,2750.1254167580664
2018-09-03 18:00:00,2081.0,2143.3950002615406,1709.2910444709173,2577.498956052164
2018-09-03 19:00:00,1588.0,1813.9627113862855,1379.8587555956622,2248.0666671769086
2018-09-03 20:00:00,1012.0,1317.7278001251973,883.623844334574,1751.8317559158206
2018-09-03 21:00:00,528.0,535.6547697397298,101.55081394910644,969.7587255303531
2018-09-03 22:00:00,321.0,366.3515264206552,0.0,800.4554822112785
2018-09-03 23:00:00,254.0,301.3234812935054,0.0,735.4274370841288
2018-09-04 00:00:00,332.0,365.8996103430718,0.0,800.0035661336951
2018-09-04 01:00:00,901.0,786.6396066151077,352.5356508244844,1220.7435624057312
2018-09-04 02:00:00,2863.0,2661.4174965217617,2227.3135407311383,3095.521452312385
2018-09-04 03:00:00,5280.0,5613.538292870245,5179.434337079621,6047.642248660868
2018-09-04 04:00:00,6379.0,6009.737522497099,5575.633566706476,6443.841478287723
2018-09-04 05:00:00,5856.0,5679.402479266068,5245.298523475445,6113.506435056692
2018-09-04 06:00:00,5242.0,4746.967640988184,4312.863685197561,5181.071596778807
2018-09-04 07:00:00,4403.0,4258.121316691725,3824.0173609011017,4692.225272482348
2018-09-04 08:00:00,4477.0,4469.194657107135,4035.0907013165115,4903.298612897758
2018-09-04 09:00:00,4583.0,4740.756153962488,4306.652198171864,5174.860109753111
2018-09-04 10:00:00,4652.0,4783.813993006815,4349.710037216191,5217.917948797438
2018-09-04 11:00:00,4785.0,4926.000825327085,4491.896869536462,5360.104781117709
2018-09-04 12:00:00,5436.0,5410.08667506959,4975.982719278966,5844.190630860213
2018-09-04 13:00:00,5667.0,6135.735189285391,5701.631233494768,6569.839145076015
2018-09-04 14:00:00,5494.0,5814.619609102667,5380.5156533120435,6248.72356489329
2018-09-04 15:00:00,4383.0,4231.51533166356,3797.4113758729363,4665.619287454183
2018-09-04 16:00:00,3017.0,3041.074580002008,2606.970624211385,3475.1785357926315
2018-09-04 17:00:00,2385.0,2665.7984722325273,2231.694516441904,3099.9024280231506
2018-09-04 18:00:00,2105.0,2484.2093078102826,2050.105352019659,2918.313263600906
2018-09-04 19:00:00,1351.0,1746.668931187396,1312.5649753967728,2180.7728869780194
2018-09-04 20:00:00,921.0,1115.3871620112761,681.2832062206528,1549.4911178018995
2018-09-04 21:00:00,522.0,532.5188199983837,98.41486420776039,966.622775789007
2018-09-04 22:00:00,304.0,324.0081131955566,0.0,758.1120689861799
2018-09-04 23:00:00,254.0,298.47807116156537,0.0,732.5820269521887
2018-09-05 00:00:00,323.0,375.500784955512,0.0,809.6047407461353
2018-09-05 01:00:00,882.0,907.0677017601447,472.96374596952137,1341.171657550768
2018-09-05 02:00:00,3013.0,2855.7739126055285,2421.669956814905,3289.877868396152
2018-09-05 03:00:00,5633.0,5703.220626757246,5269.116670966622,6137.324582547869
2018-09-05 04:00:00,6668.0,6019.624100719579,5585.520144928955,6453.728056510202
2018-09-05 05:00:00,6327.0,5668.633211462583,5234.52925567196,6102.737167253206
2018-09-05 06:00:00,5237.0,5020.996397033753,4586.89244124313,5455.100352824376
2018-09-05 07:00:00,4599.0,4333.62815939834,3899.524203607717,4767.732115188964
2018-09-05 08:00:00,4635.0,4562.639792026941,4128.535836236318,4996.743747817564
2018-09-05 09:00:00,5001.0,4757.206272933741,4323.102317143118,5191.310228724365
2018-09-05 10:00:00,4781.0,4815.871722826295,4381.767767035672,5249.975678616918
2018-09-05 11:00:00,4816.0,5046.198364379582,4612.094408588959,5480.302320170205
2018-09-05 12:00:00,5661.0,5826.341621574148,5392.237665783525,6260.445577364771
2018-09-05 13:00:00,6555.0,6520.974515789705,6086.870559999082,6955.078471580328
2018-09-05 14:00:00,5938.0,6252.578112839193,5818.474157048569,6686.682068629816
2018-09-05 15:00:00,4426.0,4463.818733537912,4029.7147777472883,4897.922689328535
2018-09-05 16:00:00,3414.0,3202.4649857425948,2768.3610299519714,3636.568941533218
2018-09-05 17:00:00,3130.0,2671.9238556383607,2237.8198998477374,3106.027811428984
2018-09-05 18:00:00,2532.0,2499.266764753528,2065.162808962905,2933.3707205441515
2018-09-05 19:00:00,1629.0,1861.3951544366246,1427.2911986460012,2295.499110227248
2018-09-05 20:00:00,993.0,1275.566007171448,841.4620513808247,1709.6699629620714
2018-09-05 21:00:00,570.0,669.1397956902376,235.0358398996143,1103.243751480861
2018-09-05 22:00:00,350.0,362.5182701627976,0.0,796.6222259534209
2018-09-05 23:00:00,281.0,301.9913955542876,0.0,736.0953513449109
2018-09-06 00:00:00,337.0,370.45156278421996,0.0,804.5555185748433
2018-09-06 01:00:00,909.0,836.9573215851207,402.85336579449734,1271.0612773757439
2018-09-06 02:00:00,3036.0,2782.9625217744506,2348.8585659838272,3217.066477565074
2018-09-06 03:00:00,5868.0,5623.23004330758,5189.126087516956,6057.333999098203
2018-09-06 04:00:00,6526.0,6413.000691117229,5978.896735326605,6847.104646907852
2018-09-06 05:00:00,5996.0,5701.954416738307,5267.850460947684,6136.058372528931
2018-09-06 06:00:00,5328.0,5163.854604121283,4729.75064833066,5597.958559911906
2018-09-06 07:00:00,4579.0,4623.876755018775,4189.772799228152,5057.980710809398
2018-09-06 08:00:00,4727.0,4853.676964712348,4419.573008921725,5287.780920502972
2018-09-06 09:00:00,4765.0,5083.733310117757,4649.629354327134,5517.837265908381
2018-09-06 10:00:00,4853.0,5031.232790749888,4597.128834959265,5465.336746540512
2018-09-06 11:00:00,4947.0,5294.614445245962,4860.510489455339,5728.718401036585
2018-09-06 12:00:00,5786.0,5817.529935726333,5383.42597993571,6251.633891516956
2018-09-06 13:00:00,6396.0,6440.211107299024,6006.1071515084,6874.315063089647
2018-09-06 14:00:00,6008.0,6019.511849311881,5585.407893521257,6453.615805102504
2018-09-06 15:00:00,4373.0,4594.655704614822,4160.5517488241985,5028.759660405445
2018-09-06 16:00:00,3382.0,3301.484734968338,2867.380779177715,3735.5886907589615
2018-09-06 17:00:00,3223.0,2891.91959193182,2457.8156361411966,3326.0235477224433
2018-09-06 18:00:00,2712.0,2649.264226555349,2215.1602707647257,3083.3681823459724
2018-09-06 19:00:00,2096.0,2217.0043286283753,1782.900372837752,2651.1082844189987
2018-09-06 20:00:00,1248.0,1395.682825016842,961.5788692262186,1829.7867808074652
2018-09-06 21:00:00,550.0,720.6333434719826,286.52938768135925,1154.737299262606
2018-09-06 22:00:00,417.0,422.24618503292464,0.0,856.3501408235479
2018-09-06 23:00:00,307.0,334.0252574278649,0.0,768.1292132184883
2018-09-07 00:00:00,338.0,375.7613621039022,0.0,809.8653178945256
2018-09-07 01:00:00,892.0,878.208493162073,444.1045373714496,1312.3124489526963
2018-09-07 02:00:00,2942.0,2676.205671847914,2242.1017160572906,3110.309627638537
2018-09-07 03:00:00,5542.0,5356.6394456906555,4922.535489900032,5790.743401481279
2018-09-07 04:00:00,6675.0,6185.924627167311,5751.820671376688,6620.028582957934
2018-09-07 05:00:00,5923.0,5575.338826228018,5141.234870437394,6009.442782018641
2018-09-07 06:00:00,5061.0,5091.588293149891,4657.484337359268,5525.692248940514
2018-09-07 07:00:00,4720.0,4643.693608848643,4209.589653058019,5077.797564639266
2018-09-07 08:00:00,4700.0,5050.916142235144,4616.812186444521,5485.020098025768
2018-09-07 09:00:00,5073.0,5267.557342019314,4833.453386228691,5701.661297809937
2018-09-07 10:00:00,4832.0,5178.930566602658,4744.826610812034,5613.034522393281
2018-09-07 11:00:00,5163.0,5342.613419581967,4908.5094637913435,5776.71737537259
2018-09-07 12:00:00,4831.0,5770.679502745293,5336.575546954669,6204.783458535916
2018-09-07 13:00:00,6148.0,6142.5465275089955,5708.442571718372,6576.650483299619
2018-09-07 14:00:00,5426.0,5830.560432019838,5396.456476229215,6264.664387810461
2018-09-07 15:00:00,4699.0,4104.552347947052,3670.448392156429,4538.656303737675
2018-09-07 16:00:00,3734.0,3460.079356448144,3025.975400657521,3894.1833122387675
2018-09-07 17:00:00,3360.0,2948.4423116553908,2514.3383558647674,3382.546267446014
2018-09-07 18:00:00,2803.0,2887.125204109942,2453.0212483193186,3321.2291599005653
2018-09-07 19:00:00,2669.0,2653.251216400019,2219.1472606093957,3087.3551721906424
2018-09-07 20:00:00,1957.0,1984.4357656632965,1550.3318098726731,2418.53972145392
2018-09-07 21:00:00,1131.0,1203.552096714876,769.4481409242526,1637.6560525054992
2018-09-07 22:00:00,690.0,763.3336691521553,329.22971336153194,1197.4376249427787
2018-09-07 23:00:00,488.0,557.8401344536121,123.73617866298878,991.9440902442354
2018-09-08 00:00:00,393.0,371.12936162738646,0.0,805.2333174180098
2018-09-08 01:00:00,459.0,448.67100683523677,14.567051044613436,882.7749626258601
2018-09-08 02:00:00,830.0,799.0050013571289,364.90104556650556,1233.1089571477523
2018-09-08 03:00:00,1504.0,1566.2128451233882,1132.1088893327649,2000.3168009140115
2018-09-08 04:00:00,2063.0,2047.1662561599705,1613.0623003693472,2481.270211950594
2018-09-08 05:00:00,3043.0,2893.2501555579483,2459.146199767325,3327.3541113485717
2018-09-08 06:00:00,3588.0,3733.4086899190165,3299.304734128393,4167.512645709639
2018-09-08 07:00:00,4039.0,4215.569112400322,3781.465156609699,4649.673068190946
2018-09-08 08:00:00,4249.0,4352.402037220462,3918.298081429839,4786.505993011086
2018-09-08 09:00:00,4690.0,4450.142725437042,4016.0387696464186,4884.246681227665
2018-09-08 10:00:00,4550.0,4493.1450121297,4059.041056339077,4927.248967920324
2018-09-08 11:00:00,4612.0,4483.402866986728,4049.298911196105,4917.506822777352
2018-09-08 12:00:00,4756.0,4611.131287012473,4177.02733122185,5045.235242803096
2018-09-08 13:00:00,4848.0,4561.262884614584,4127.158928823961,4995.366840405208
2018-09-08 14:00:00,4125.0,4443.463290989118,4009.3593351984946,4877.567246779741
2018-09-08 15:00:00,3745.0,4108.302226242426,3674.1982704518023,4542.406182033049
2018-09-08 16:00:00,3399.0,3364.9352746343475,2930.831318843724,3799.039230424971
2018-09-08 17:00:00,3245.0,2838.2588811552887,2404.1549253646654,3272.362836945912
2018-09-08 18:00:00,2814.0,2907.539817450061,2473.4358616594377,3341.6437732406844
2018-09-08 19:00:00,2478.0,2882.9550738727335,2448.85111808211,3317.059029663357
2018-09-08 20:00:00,1916.0,2161.6991249555645,1727.5951691649411,2595.803080746188
2018-09-08 21:00:00,1286.0,1294.8195255376752,860.7155697470519,1728.9234813282985
2018-09-08 22:00:00,794.0,757.7342100824856,323.63025429186223,1191.838165873109
2018-09-08 23:00:00,620.0,558.5442844549577,124.4403286643344,992.6482402455811
2018-09-09 00:00:00,345.0,374.89572182781944,0.0,808.9996776184428
2018-09-09 01:00:00,353.0,382.7354469153385,0.0,816.8394027059619
2018-09-09 02:00:00,541.0,504.76462600300437,70.66067021238104,938.8685817936278
2018-09-09 03:00:00,1140.0,760.9746835304726,326.87072773984926,1195.078639321096
2018-09-09 04:00:00,1806.0,1304.8456448329566,870.7416890423333,1738.94960062358
2018-09-09 05:00:00,2224.0,1874.4455833103425,1440.3416275197192,2308.549539100966
2018-09-09 06:00:00,3449.0,3251.556033715138,2817.4520779245145,3685.659989505761
2018-09-09 07:00:00,4322.0,3672.7496331236703,3238.645677333047,4106.853588914293
2018-09-09 08:00:00,4273.0,3982.9566800278444,3548.852724237221,4417.060635818468
2018-09-09 09:00:00,3990.0,4342.805260099068,3908.7013043084444,4776.909215889691
2018-09-09 10:00:00,3993.0,4451.509240098898,4017.4052843082745,4885.613195889521
2018-09-09 11:00:00,3852.0,4332.498394189341,3898.3944383987173,4766.602349979964
2018-09-09 12:00:00,3888.0,4229.643188445483,3795.53923265486,4663.747144236107
2018-09-09 13:00:00,4126.0,4180.176441909519,3746.0724861188955,4614.280397700142
2018-09-09 14:00:00,3959.0,3831.5719570363585,3397.468001245735,4265.675912826982
2018-09-09 15:00:00,3692.0,3537.6176768601786,3103.5137210695552,3971.721632650802
2018-09-09 16:00:00,3258.0,3127.6710210346623,2693.567065244039,3561.7749768252856
2018-09-09 17:00:00,2755.0,2697.8699978649574,2263.766042074334,3131.9739536555808
2018-09-09 18:00:00,2140.0,2382.110710459539,1948.0067546689156,2816.2146662501623
2018-09-09 19:00:00,1534.0,1966.479176363402,1532.3752205727787,2400.5831321540254
2018-09-09 20:00:00,996.0,1239.2069278251763,805.102972034553,1673.3108836157996
2018-09-09 21:00:00,534.0,598.6342949762029,164.53033918557958,1032.7382507668262
2018-09-09 22:00:00,303.0,382.35321696153363,0.0,816.457172752157
2018-09-09 23:00:00,286.0,296.10542046249594,0.0,730.2093762531192
2018-09-10 00:00:00,329.0,353.7670935162513,0.0,787.8710493068746
2018-09-10 01:00:00,861.0,758.5538633942251,324.4499076036018,1192.6578191848484
2018-09-10 02:00:00,2963.0,2590.932859823008,2156.828904032385,3025.0368156136315
2018-09-10 03:00:00,5721.0,5731.079577242605,5296.975621451982,6165.183533033229
2018-09-10 04:00:00,6561.0,6337.414389290679,5903.310433500055,6771.518345081302
2018-09-10 05:00:00,6009.0,5730.63087337978,5296.526917589156,6164.734829170403
2018-09-10 06:00:00,5236.0,4745.674718925048,4311.570763134425,5179.7786747156715
2018-09-10 07:00:00,4201.0,4246.521776914248,3812.417821123625,4680.625732704872
2018-09-10 08:00:00,4498.0,4469.215050974409,4035.1110951837854,4903.319006765032
2018-09-10 09:00:00,4724.0,4689.80616782203,4255.702212031407,5123.9101236126535
2018-09-10 10:00:00,4462.0,4632.225274718272,4198.121318927649,5066.329230508895
2018-09-10 11:00:00,5016.0,4888.781664009453,4454.67770821883,5322.885619800077
2018-09-10 12:00:00,5688.0,5697.480295845548,5263.376340054925,6131.584251636172
2018-09-10 13:00:00,6344.0,6187.838709034161,5753.734753243538,6621.9426648247845
2018-09-10 14:00:00,5857.0,5955.182322213251,5521.078366422627,6389.286278003874
2018-09-10 15:00:00,4245.0,4245.4393438220995,3811.335388031476,4679.543299612723
2018-09-10 16:00:00,3184.0,3075.8471051980423,2641.743149407419,3509.9510609886656
2018-09-10 17:00:00,2732.0,2536.26784524573,2102.1638894551065,2970.371801036353
2018-09-10 18:00:00,2235.0,2200.047565393664,1765.9436096030408,2634.1515211842875
2018-09-10 19:00:00,1389.0,1640.7929148856517,1206.6889590950284,2074.8968706762753
2018-09-10 20:00:00,887.0,1129.4067736604563,695.302817869833,1563.5107294510797
2018-09-10 21:00:00,516.0,525.5386066143412,91.4346508237179,959.6425624049646
2018-09-10 22:00:00,330.0,338.356383905833,0.0,772.4603396964563
2018-09-10 23:00:00,265.0,297.7477573994835,0.0,731.8517131901068
2018-09-11 00:00:00,332.0,367.23615877336323,0.0,801.3401145639866
2018-09-11 01:00:00,891.0,910.9327442351032,476.82878844447987,1345.0367000257265
2018-09-11 02:00:00,3055.0,2803.030016772727,2368.9260609821035,3237.13397256335
2018-09-11 03:00:00,5927.0,5642.383411905931,5208.279456115308,6076.487367696554
2018-09-11 04:00:00,6496.0,6210.749758176457,5776.645802385834,6644.853713967081
2018-09-11 05:00:00,6123.0,5483.044909844891,5048.940954054267,5917.148865635514
2018-09-11 06:00:00,5471.0,5041.426325224627,4607.322369434004,5475.530281015251
2018-09-11 07:00:00,4257.0,4411.628787285965,3977.5248314953415,4845.732743076588
2018-09-11 08:00:00,5074.0,4636.275210320707,4202.171254530083,5070.37916611133
2018-09-11 09:00:00,4734.0,4889.646001636403,4455.542045845779,5323.749957427026
2018-09-11 10:00:00,4875.0,4792.784325308782,4358.680369518159,5226.8882810994055
2018-09-11 11:00:00,4922.0,5398.0685746482595,4963.964618857636,5832.172530438883
2018-09-11 12:00:00,5636.0,5889.223231579041,5455.119275788417,6323.327187369664
2018-09-11 13:00:00,6601.0,6510.56528411236,6076.461328321737,6944.6692399029835
2018-09-11 14:00:00,5859.0,6230.720209596793,5796.61625380617,6664.8241653874165
2018-09-11 15:00:00,4372.0,4638.7340063441325,4204.630050553509,5072.837962134756
2018-09-11 16:00:00,3427.0,3284.6355995374956,2850.5316437468723,3718.739555328119
2018-09-11 17:00:00,3114.0,2755.72529577712,2321.621339986497,3189.8292515677435
2018-09-11 18:00:00,2501.0,2460.59127621036,2026.4873204197365,2894.695232000983
2018-09-11 19:00:00,1860.0,1847.984257374034,1413.8803015834108,2282.0882131646576
2018-09-11 20:00:00,2682.0,1317.4465014308964,883.3425456402731,1751.5504572215198
2018-09-11 21:00:00,750.0,628.151638717068,194.04768292644462,1062.2555945076913
2018-09-11 22:00:00,344.0,362.26893456294636,0.0,796.3728903535697
2018-09-11 23:00:00,314.0,412.69826590659227,0.0,846.8022216972156
2018-09-12 00:00:00,371.0,370.81586361595686,0.0,804.9198194065802
2018-09-12 01:00:00,937.0,811.1404327047009,377.0364769140775,1245.244388495324
2018-09-12 02:00:00,3085.0,2974.782213193189,2540.6782574025656,3408.8861689838122
2018-09-12 03:00:00,5908.0,5806.153926212437,5372.049970421814,6240.25788200306
2018-09-12 04:00:00,6677.0,6395.98082979403,5961.876874003407,6830.084785584653
2018-09-12 05:00:00,6297.0,5743.531511322321,5309.427555531698,6177.635467112945
2018-09-12 06:00:00,5551.0,5216.3157953588025,4782.211839568179,5650.419751149426
2018-09-12 07:00:00,4499.0,4695.510707738912,4261.406751948289,5129.614663529535
2018-09-12 08:00:00,4598.0,4924.572180336063,4490.46822454544,5358.676136126686
2018-09-12 09:00:00,4759.0,5120.114023243795,4686.010067453171,5554.217979034418
2018-09-12 10:00:00,4733.0,5091.648013641131,4657.544057850508,5525.751969431754
2018-09-12 11:00:00,5056.0,5346.718788376539,4912.614832585916,5780.822744167162
2018-09-12 12:00:00,5739.0,5771.588085015571,5337.4841292249475,6205.692040806194
2018-09-12 13:00:00,6450.0,6441.399079610331,6007.295123819707,6875.503035400954
2018-09-12 14:00:00,6245.0,6229.000627087339,5794.896671296716,6663.1045828779625
2018-09-12 15:00:00,4668.0,4779.608231781997,4345.504275991374,5213.712187572621
2018-09-12 16:00:00,3510.0,3401.4651104277727,2967.3611546371494,3835.569066218396
2018-09-12 17:00:00,3064.0,2918.3919594666404,2484.288003676017,3352.4959152572637
2018-09-12 18:00:00,2705.0,2583.3371335131924,2149.233177722569,3017.4410893038157
2018-09-12 19:00:00,1813.0,1831.4084942118986,1397.3045384212753,2265.512450002522
2018-09-12 20:00:00,2842.0,1225.6982491256722,791.5942933350489,1659.8022049162955
2018-09-12 21:00:00,699.0,680.7642903642525,246.66033457362914,1114.8682461548758
2018-09-12 22:00:00,413.0,358.999771726879,0.0,793.1037275175023
2018-09-12 23:00:00,332.0,429.23502038490113,0.0,863.3389761755245
2018-09-13 00:00:00,383.0,376.65712779939975,0.0,810.7610835900231
2018-09-13 01:00:00,914.0,811.7427998578746,377.6388440672513,1245.846755648498
2018-09-13 02:00:00,3052.0,2880.833702104459,2446.7297463138357,3314.9376578950823
2018-09-13 03:00:00,5830.0,5646.27351841117,5212.1695626205465,6080.377474201793
2018-09-13 04:00:00,6433.0,6349.493877100954,5915.3899213103305,6783.597832891577
2018-09-13 05:00:00,6162.0,5818.060392570062,5383.956436779438,6252.164348360685
2018-09-13 06:00:00,5092.0,5193.84095181827,4759.7369960276465,5627.944907608893
2018-09-13 07:00:00,4584.0,4772.708871112307,4338.604915321684,5206.81282690293
2018-09-13 08:00:00,4767.0,5018.11504815358,4584.011092362956,5452.219003944203
2018-09-13 09:00:00,4851.0,5149.263917170155,4715.1599613795315,5583.367872960778
2018-09-13 10:00:00,4826.0,5192.898930612885,4758.794974822262,5627.0028864035085
2018-09-13 11:00:00,5014.0,5445.271318582876,5011.167362792253,5879.375274373499
2018-09-13 12:00:00,5617.0,5829.5467446137,5395.442788823077,6263.650700404323
2018-09-13 13:00:00,6514.0,6460.335343207428,6026.231387416805,6894.4392989980515
2018-09-13 14:00:00,5701.0,6191.752469463894,5757.648513673271,6625.8564252545175
2018-09-13 15:00:00,4443.0,4711.0000827295125,4276.896126938889,5145.104038520136
2018-09-13 16:00:00,3669.0,3488.082694173722,3053.9787383830985,3922.186649964345
2018-09-13 17:00:00,3282.0,3029.4278309263955,2595.323875135772,3463.531786717019
2018-09-13 18:00:00,2676.0,2772.6852550078634,2338.58129921724,3206.7892107984867
2018-09-13 19:00:00,1921.0,2343.4678666476875,1909.3639108570642,2777.571822438311
2018-09-13 20:00:00,1167.0,1391.0848981693039,956.9809423786805,1825.1888539599272
2018-09-13 21:00:00,603.0,728.1433982938324,294.0394425032091,1162.2473540844558
2018-09-13 22:00:00,376.0,380.37758369524823,0.0,814.4815394858715
2018-09-13 23:00:00,333.0,339.9931311499508,0.0,774.0970869405742
2018-09-14 00:00:00,377.0,371.1169336476724,0.0,805.2208894382957
2018-09-14 01:00:00,892.0,793.8541791835777,359.75022339295435,1227.9581349742011
2018-09-14 02:00:00,2899.0,2721.704416595998,2287.6004608053745,3155.808372386621
2018-09-14 03:00:00,5569.0,5370.142076721461,4936.038120930838,5804.246032512085
2018-09-14 04:00:00,6728.0,6227.591681608572,5793.487725817949,6661.695637399195
2018-09-14 05:00:00,5934.0,5572.4852113769075,5138.381255586284,6006.589167167531
2018-09-14 06:00:00,5025.0,5148.515449048518,4714.411493257895,5582.619404839142
2018-09-14 07:00:00,4566.0,4688.415878625404,4254.3119228347805,5122.519834416027
2018-09-14 08:00:00,4836.0,5082.097685992752,4647.993730202129,5516.201641783376
2018-09-14 09:00:00,5019.0,5328.811298640632,4894.707342850009,5762.915254431256
2018-09-14 10:00:00,4830.0,5236.404311920047,4802.300356129424,5670.50826771067
2018-09-14 11:00:00,5231.0,5433.01151144997,4998.907555659347,5867.115467240594
2018-09-14 12:00:00,5953.0,5831.436685288436,5397.332729497813,6265.540641079059
2018-09-14 13:00:00,6196.0,6188.086270527685,5753.982314737062,6622.190226318308
2018-09-14 14:00:00,5358.0,5963.070222029411,5528.966266238787,6397.174177820034
2018-09-14 15:00:00,4687.0,4620.399309152432,4186.295353361808,5054.503264943055
2018-09-14 16:00:00,3880.0,3462.922401941498,3028.8184461508745,3897.026357732121
2018-09-14 17:00:00,3329.0,2998.44265769447,2564.338701903847,3432.5466134850935
2018-09-14 18:00:00,3169.0,2885.5582051437295,2451.454249353106,3319.662160934353
2018-09-14 19:00:00,2810.0,2680.3360233671883,2246.232067576565,3114.4399791578116
2018-09-14 20:00:00,2024.0,1989.7636755003605,1555.6597197097371,2423.867631290984
2018-09-14 21:00:00,1179.0,1265.3065870542425,831.2026312636192,1699.4105428448659
2018-09-14 22:00:00,808.0,809.7371154187216,375.63315962809827,1243.841071209345
2018-09-14 23:00:00,584.0,619.5282861584875,185.42433036786417,1053.6322419491107
2018-09-15 00:00:00,428.0,368.6675514796369,0.0,802.7715072702603
2018-09-15 01:00:00,502.0,451.7133538072758,17.60939801665245,885.8173095978991
2018-09-15 02:00:00,871.0,756.6684700474428,322.5645142568195,1190.7724258380663
2018-09-15 03:00:00,1469.0,1507.0525854089394,1072.948629618316,1941.1565411995628
2018-09-15 04:00:00,2117.0,2148.1871898103477,1714.0832340197244,2582.291145600971
2018-09-15 05:00:00,3442.0,3161.170028086051,2727.0660722954276,3595.2739838766743
2018-09-15 06:00:00,3999.0,3752.421454743582,3318.317498952959,4186.525410534206
2018-09-15 07:00:00,4448.0,4282.511795765502,3848.4078399748787,4716.615751556125
2018-09-15 08:00:00,4772.0,4665.455837924641,4231.351882134018,5099.559793715264
2018-09-15 09:00:00,4990.0,4914.248084180086,4480.144128389463,5348.3520399707095
2018-09-15 10:00:00,4848.0,4706.957060532662,4272.853104742038,5141.061016323285
2018-09-15 11:00:00,4343.0,4699.983035020083,4265.879079229459,5134.086990810706
2018-09-15 12:00:00,4296.0,4771.684865533622,4337.580909742998,5205.788821324245
2018-09-15 13:00:00,4219.0,4728.509511702398,4294.405555911775,5162.613467493022
2018-09-15 14:00:00,3953.0,4524.056136925401,4089.9521811347777,4958.160092716024
2018-09-15 15:00:00,3826.0,4004.8056165089283,3570.701660718305,4438.909572299552
2018-09-15 16:00:00,3455.0,3229.7805046213025,2795.676548830679,3663.884460411926
2018-09-15 17:00:00,3208.0,2801.719859749001,2367.6159039583777,3235.8238155396243
2018-09-15 18:00:00,3055.0,2953.454708077839,2519.3507522872155,3387.558663868462
2018-09-15 19:00:00,2741.0,2846.408166082804,2412.304210292181,3280.5121218734275
2018-09-15 20:00:00,2123.0,2148.2459493884276,1714.1419935978042,2582.349905179051
2018-09-15 21:00:00,1353.0,1281.6496318240502,847.5456760334268,1715.7535876146735
2018-09-15 22:00:00,786.0,832.9603641506269,398.85640836000357,1267.0643199412502
2018-09-15 23:00:00,607.0,599.9654504569648,165.8614946663415,1034.0694062475882
2018-09-16 00:00:00,401.0,372.3704129597507,0.0,806.474368750374
2018-09-16 01:00:00,313.0,380.472108816623,0.0,814.5760646072463
2018-09-16 02:00:00,467.0,521.910849633753,87.80689384312961,956.0148054243763
2018-09-16 03:00:00,850.0,951.5057143752348,517.4017585846115,1385.609670165858
2018-09-16 04:00:00,1302.0,1108.0048800865363,673.900924295913,1542.1088358771597
2018-09-16 05:00:00,2090.0,1784.8771189614017,1350.7731631707784,2218.981074752025
2018-09-16 06:00:00,3039.0,2644.981076421018,2210.8771206303945,3079.085032211641
2018-09-16 07:00:00,3278.0,3508.5919973271007,3074.4880415364773,3942.695953117724
2018-09-16 08:00:00,4352.0,4090.0558677625872,3655.951911971964,4524.159823553211
2018-09-16 09:00:00,3978.0,4387.320653245505,3953.216697454882,4821.4246090361285
2018-09-16 10:00:00,3935.0,4098.029683147324,3663.925727356701,4532.133638937948
2018-09-16 11:00:00,3829.0,4351.245108192192,3917.1411524015684,4785.349063982815
2018-09-16 12:00:00,4101.0,4233.81927505591,3799.715319265287,4667.923230846533
2018-09-16 13:00:00,4539.0,4049.9640263041306,3615.8600705135073,4484.0679820947535
2018-09-16 14:00:00,4154.0,3650.5051219465076,3216.4011661558843,4084.609077737131
2018-09-16 15:00:00,3701.0,3657.6940799375857,3223.5901241469624,4091.798035728209
2018-09-16 16:00:00,3400.0,3347.5905966106097,2913.4866408199864,3781.694552401233
2018-09-16 17:00:00,3092.0,2838.297316752097,2404.1933609614734,3272.40127254272
2018-09-16 18:00:00,2623.0,2511.8210680969555,2077.717112306332,2945.925023887579
2018-09-16 19:00:00,1725.0,1975.5291281626496,1541.4251723720263,2409.633083953273
2018-09-16 20:00:00,1088.0,1334.9773896188588,900.8734338282354,1769.081345409482
2018-09-16 21:00:00,550.0,714.5501206952518,280.4461649046285,1148.654076485875
2018-09-16 22:00:00,280.0,412.9726153329585,0.0,847.0765711235819
2018-09-16 23:00:00,260.0,303.39738778793054,0.0,737.5013435785538
2018-09-17 00:00:00,344.0,347.90036578091895,0.0,782.0043215715423
2018-09-17 01:00:00,880.0,771.596581271633,337.49262548100967,1205.7005370622564
2018-09-17 02:00:00,2965.0,2633.2856117856613,2199.181655995038,3067.3895675762847
2018-09-17 03:00:00,5667.0,5752.587299074938,5318.483343284314,6186.691254865561
2018-09-17 04:00:00,6533.0,6490.677056541117,6056.573100750494,6924.78101233174
2018-09-17 05:00:00,6070.0,5690.48360362673,5256.379647836106,6124.587559417353
2018-09-17 06:00:00,5145.0,4816.381941409225,4382.277985618602,5250.485897199848
2018-09-17 07:00:00,4201.0,4303.982577115382,3869.8786213247586,4738.086532906005
2018-09-17 08:00:00,4371.0,4539.529410899759,4105.425455109135,4973.633366690382
2018-09-17 09:00:00,4533.0,4714.446891497906,4280.342935707283,5148.550847288529
2018-09-17 10:00:00,4680.0,4710.2255432890015,4276.121587498378,5144.329499079625
2018-09-17 11:00:00,4930.0,4926.98997480691,4492.886019016287,5361.0939305975335
2018-09-17 12:00:00,5327.0,5496.879888336168,5062.7759325455445,5930.983844126791
2018-09-17 13:00:00,6354.0,6339.169892029993,5905.06593623937,6773.2738478206165
2018-09-17 14:00:00,5412.0,5939.640644320067,5505.536688529443,6373.74460011069
2018-09-17 15:00:00,4000.0,4237.6983276102155,3803.594371819592,4671.802283400839
2018-09-17 16:00:00,2897.0,3095.123814494674,2661.019858704051,3529.2277702852975
2018-09-17 17:00:00,2466.0,2472.912292482599,2038.8083366919755,2907.016248273222
2018-09-17 18:00:00,2090.0,2131.361081762001,1697.2571259713777,2565.4650375526244
2018-09-17 19:00:00,1434.0,1461.8148264500462,1027.7108706594229,1895.9187822406695
2018-09-17 20:00:00,869.0,1072.7473489892207,638.6433931985973,1506.851304779844
2018-09-17 21:00:00,536.0,519.4074972990738,85.30354150845051,953.5114530896972
2018-09-17 22:00:00,351.0,347.952399897246,0.0,782.0563556878693
2018-09-17 23:00:00,227.0,304.686099040752,0.0,738.7900548313753
2018-09-18 00:00:00,340.0,360.7431921088122,0.0,794.8471478994355
2018-09-18 01:00:00,858.0,889.3403733384102,455.2364175477869,1323.4443291290336
2018-09-18 02:00:00,3027.0,2777.05611083115,2342.9521550405266,3211.1600666217732
2018-09-18 03:00:00,5642.0,5677.280720371609,5243.176764580986,6111.384676162233
2018-09-18 04:00:00,6516.0,6316.9745511661295,5882.870595375506,6751.078506956753
2018-09-18 05:00:00,5873.0,5598.296736292381,5164.192780501758,6032.400692083004
2018-09-18 06:00:00,5123.0,5015.972349160647,4581.868393370024,5450.076304951271
2018-09-18 07:00:00,4527.0,4373.866091526588,3939.762135735965,4807.9700473172115
2018-09-18 08:00:00,4593.0,4578.753675501014,4144.649719710391,5012.8576312916375
2018-09-18 09:00:00,4725.0,4797.400958361808,4363.297002571185,5231.504914152431
2018-09-18 10:00:00,4737.0,4859.07199944598,4424.968043655356,5293.175955236603
2018-09-18 11:00:00,4931.0,5120.910731115523,4686.8067753249,5555.014686906146
2018-09-18 12:00:00,5623.0,5675.863584977149,5241.759629186526,6109.967540767772
2018-09-18 13:00:00,6623.0,6398.300636737059,5964.196680946436,6832.404592527682
2018-09-18 14:00:00,5916.0,5926.541151070405,5492.437195279782,6360.645106861029
2018-09-18 15:00:00,4423.0,4426.67303308021,3992.569077289587,4860.7769888708335
2018-09-18 16:00:00,3309.0,3237.0843229495486,2802.980367158925,3671.188278740172
2018-09-18 17:00:00,2805.0,2708.824986940784,2274.721031150161,3142.9289427314075
2018-09-18 18:00:00,2400.0,2472.2873567460238,2038.1834009554004,2906.391312536647
2018-09-18 19:00:00,2631.0,1818.4880704447992,1384.3841146541758,2252.5920262354225
2018-09-18 20:00:00,1501.0,1239.671597873925,805.5676420833017,1673.7755536645484
2018-09-18 21:00:00,617.0,601.3138289820758,167.20987319145252,1035.4177847726992
2018-09-18 22:00:00,401.0,458.3631028093833,24.25914701875996,892.4670586000066
2018-09-18 23:00:00,282.0,381.0413564634907,0.0,815.1453122541141
2018-09-19 00:00:00,358.0,369.3853048072141,0.0,803.4892605978374
2018-09-19 01:00:00,913.0,906.6758360778658,472.5718802872425,1340.7797918684892
2018-09-19 02:00:00,3074.0,2735.906100491199,2301.802144700576,3170.0100562818225
2018-09-19 03:00:00,5803.0,5716.446582621872,5282.342626831249,6150.550538412495
2018-09-19 04:00:00,6510.0,6375.809104293319,5941.705148502696,6809.913060083943
2018-09-19 05:00:00,6101.0,5736.924981751432,5302.821025960809,6171.028937542055
2018-09-19 06:00:00,5331.0,5154.388584246255,4720.284628455632,5588.492540036878
2018-09-19 07:00:00,4266.0,4596.916167255034,4162.812211464411,5031.020123045658
2018-09-19 08:00:00,4567.0,4833.983653131279,4399.879697340656,5268.087608921903
2018-09-19 09:00:00,4734.0,5063.903527119678,4629.799571329055,5498.007482910301
2018-09-19 10:00:00,4675.0,4961.025948518879,4526.921992728256,5395.129904309502
2018-09-19 11:00:00,4980.0,5284.74649721418,4850.642541423556,5718.850453004803
2018-09-19 12:00:00,5718.0,5717.951432544601,5283.847476753977,6152.055388335224
2018-09-19 13:00:00,6382.0,6301.4325266173155,5867.328570826692,6735.536482407939
2018-09-19 14:00:00,5647.0,6096.125715759896,5662.021759969272,6530.229671550519
2018-09-19 15:00:00,4469.0,4646.991270411003,4212.88731462038,5081.095226201626
2018-09-19 16:00:00,3460.0,3305.3941225753615,2871.290166784738,3739.498078365985
2018-09-19 17:00:00,2865.0,2737.675646746508,2303.5716909558846,3171.7796025371313
2018-09-19 18:00:00,2576.0,2487.4548085078404,2053.350852717217,2921.5587642984638
2018-09-19 19:00:00,1693.0,1851.7384117645568,1417.6344559739334,2285.8423675551803
2018-09-19 20:00:00,994.0,1235.2509921796818,801.1470363890585,1669.3549479703051
2018-09-19 21:00:00,583.0,670.9137971489879,236.80984135836457,1105.0177529396112
2018-09-19 22:00:00,349.0,369.1072121954503,0.0,803.2111679860736
2018-09-19 23:00:00,265.0,323.55687862554794,0.0,757.6608344161713
2018-09-20 00:00:00,344.0,370.2883962973444,0.0,804.3923520879678
2018-09-20 01:00:00,914.0,857.0004499705655,422.8964941799421,1291.104405761189
2018-09-20 02:00:00,2924.0,2735.762301850068,2301.6583460594447,3169.8662576406914
2018-09-20 03:00:00,5417.0,5574.488428118942,5140.384472328318,6008.592383909565
2018-09-20 04:00:00,5766.0,6263.719167715494,5829.615211924871,6697.823123506118
2018-09-20 05:00:00,5331.0,5623.612930337294,5189.50897454667,6057.716886127917
2018-09-20 06:00:00,5264.0,5052.181775575272,4618.077819784648,5486.285731365895
2018-09-20 07:00:00,4326.0,4582.233732191826,4148.129776401202,5016.337687982449
2018-09-20 08:00:00,4592.0,4747.982095661173,4313.87813987055,5182.086051451796
2018-09-20 09:00:00,4695.0,4937.323116151848,4503.219160361225,5371.427071942471
2018-09-20 10:00:00,4459.0,4802.6387310590735,4368.53477526845,5236.742686849697
2018-09-20 11:00:00,4517.0,5142.404649591422,4708.300693800798,5576.508605382045
2018-09-20 12:00:00,5257.0,5588.8453922017225,5154.741436411099,6022.949347992346
2018-09-20 13:00:00,6331.0,5873.059550662453,5438.95559487183,6307.1635064530765
2018-09-20 14:00:00,5065.0,5360.699021533209,4926.595065742586,5794.802977323832
2018-09-20 15:00:00,3898.0,4365.840579841945,3931.736624051322,4799.944535632569
2018-09-20 16:00:00,2957.0,3346.2161633680757,2912.1122075774524,3780.320119158699
2018-09-20 17:00:00,2740.0,2895.209319486307,2461.1053636956835,3329.31327527693
2018-09-20 18:00:00,3497.0,2611.771764138482,2177.6678083478587,3045.8757199291053
2018-09-20 19:00:00,2356.0,1994.0891216464454,1559.985165855822,2428.1930774370685
2018-09-20 20:00:00,1633.0,1329.4324861292298,895.3285303386065,1763.5364419198531
2018-09-20 21:00:00,698.0,770.9444355324684,336.8404797418451,1205.048391323092
2018-09-20 22:00:00,407.0,493.6696184626697,59.56566267204636,927.773574253293
2018-09-20 23:00:00,304.0,399.9584755875323,0.0,834.0624313781557
2018-09-21 00:00:00,377.0,377.04018546710205,0.0,811.1441412577253
2018-09-21 01:00:00,867.0,819.3177974345399,385.21384164391657,1253.4217532251632
2018-09-21 02:00:00,2919.0,2618.406670136233,2184.3027143456097,3052.5106259268564
2018-09-21 03:00:00,5457.0,5295.199377235151,4861.095421444527,5729.303333025774
2018-09-21 04:00:00,6539.0,5960.637040522302,5526.533084731679,6394.740996312926
2018-09-21 05:00:00,5653.0,5423.269606910013,4989.16565111939,5857.373562700636
2018-09-21 06:00:00,4981.0,4925.570554058563,4491.46659826794,5359.6745098491865
2018-09-21 07:00:00,4548.0,4411.053530072133,3976.9495742815097,4845.157485862756
2018-09-21 08:00:00,4937.0,4938.102670395597,4503.998714604973,5372.20662618622
2018-09-21 09:00:00,5039.0,5217.761736682964,4783.65778089234,5651.865692473587
2018-09-21 10:00:00,4901.0,5041.975185293561,4607.871229502937,5476.079141084184
2018-09-21 11:00:00,5185.0,5321.58022552266,4887.476269732037,5755.684181313283
2018-09-21 12:00:00,5973.0,5764.484696939684,5330.380741149061,6198.588652730307
2018-09-21 13:00:00,6007.0,6196.568301960317,5762.464346169693,6630.67225775094
2018-09-21 14:00:00,5489.0,5708.4428865615055,5274.338930770882,6142.546842352129
2018-09-21 15:00:00,4607.0,4546.180121308189,4112.076165517566,4980.284077098812
2018-09-21 16:00:00,3958.0,3443.6931261133186,3009.5891703226953,3877.797081903942
2018-09-21 17:00:00,3255.0,3004.1301596143326,2570.0262038237092,3438.234115404956
2018-09-21 18:00:00,2931.0,2901.606307757635,2467.5023519670117,3335.7102635482584
2018-09-21 19:00:00,2570.0,2686.706727866851,2252.6027720762277,3120.8106836574743
2018-09-21 20:00:00,2179.0,1979.7741230099953,1545.670167219372,2413.878078800619
2018-09-21 21:00:00,1516.0,1209.7418509342915,775.6378951436682,1643.8458067249148
2018-09-21 22:00:00,1273.0,763.0482530146476,328.94429722402424,1197.152208805271
2018-09-21 23:00:00,1207.0,603.9954978957971,169.8915421051738,1038.0994536864205
2018-09-22 00:00:00,611.0,406.27116915158047,0.0,840.3751249422038
2018-09-22 01:00:00,647.0,472.4922647981909,38.38830900756756,906.5962205888143
2018-09-22 02:00:00,960.0,805.6888609442302,371.5849051536069,1239.7928167348537
2018-09-22 03:00:00,1635.0,1411.6487535600763,977.544797769453,1845.7527093506997
2018-09-22 04:00:00,2445.0,1976.5576665103995,1542.4537107197762,2410.661622301023
2018-09-22 05:00:00,3415.0,2310.5696879190523,1876.465732128429,2744.6736437096756
2018-09-22 06:00:00,3770.0,3912.729092684602,3478.625136893979,4346.833048475226
2018-09-22 07:00:00,4308.0,4246.668500862398,3812.564545071775,4680.772456653021
2018-09-22 08:00:00,4638.0,4551.5366448610575,4117.432689070434,4985.640600651681
2018-09-22 09:00:00,4831.0,4618.190396027192,4184.086440236569,5052.294351817815
2018-09-22 10:00:00,4565.0,4677.900151831638,4243.796196041015,5112.0041076222615
2018-09-22 11:00:00,4654.0,4679.722955412291,4245.618999621668,5113.826911202915
2018-09-22 12:00:00,4589.0,4724.287017571185,4290.183061780562,5158.390973361808
2018-09-22 13:00:00,4582.0,4691.9984184242485,4257.894462633625,5126.102374214872
2018-09-22 14:00:00,4847.0,4721.469942465282,4287.365986674658,5155.573898255905
2018-09-22 15:00:00,4620.0,4091.0412830510722,3656.937327260449,4525.145238841696
2018-09-22 16:00:00,4347.0,3322.202394398783,2888.0984386081595,3756.306350189406
2018-09-22 17:00:00,3602.0,3021.482848010437,2587.3788922198137,3455.5868038010603
2018-09-22 18:00:00,2985.0,3086.2349325060527,2652.1309767154294,3520.338888296676
2018-09-22 19:00:00,2480.0,2892.880261555933,2458.7763057653096,3326.9842173465563
2018-09-22 20:00:00,1871.0,2203.766475778366,1769.6625199877426,2637.8704315689893
2018-09-22 21:00:00,1249.0,1388.9276357302704,954.823679939647,1823.0315915208937
2018-09-22 22:00:00,690.0,824.4310247175355,390.32706892691215,1258.5349805081587
2018-09-22 23:00:00,565.0,559.5737737393832,125.4698179487599,993.6777295300066
2018-09-23 00:00:00,319.0,358.1911126941505,0.0,792.2950684847738
2018-09-23 01:00:00,339.0,380.63386338597763,0.0,814.737819176601
2018-09-23 02:00:00,514.0,598.0609462323025,163.95699044167918,1032.1649020229258
2018-09-23 03:00:00,910.0,855.0230459196993,420.9190901290759,1289.1270017103225
2018-09-23 04:00:00,1402.0,1274.7346563354456,840.6307005448223,1708.838612126069
2018-09-23 05:00:00,2203.0,1830.5619885961894,1396.458032805566,2264.665944386813
2018-09-23 06:00:00,3562.0,2970.4626957608934,2536.35873997027,3404.5666515515168
2018-09-23 07:00:00,4594.0,3659.9153747829087,3225.8114189922853,4094.019330573532
2018-09-23 08:00:00,4252.0,4146.038232559788,3711.934276769165,4580.142188350412
2018-09-23 09:00:00,3945.0,4446.974226205995,4012.870270415372,4881.078181996619
2018-09-23 10:00:00,4107.0,4655.723544617593,4221.619588826969,5089.827500408216
2018-09-23 11:00:00,4091.0,4444.2248908222255,4010.120935031602,4878.328846612849
2018-09-23 12:00:00,4195.0,4298.748587244138,3864.644631453515,4732.852543034762
2018-09-23 13:00:00,4413.0,4262.447151817622,3828.343196026999,4696.551107608246
2018-09-23 14:00:00,4117.0,3934.1870093580605,3500.083053567437,4368.290965148684
2018-09-23 15:00:00,3997.0,3862.3754060538276,3428.2714502632043,4296.479361844451
2018-09-23 16:00:00,3516.0,3414.617959808847,2980.5140040182237,3848.7219155994703
2018-09-23 17:00:00,2846.0,2842.514353970928,2408.4103981803046,3276.6183097615512
2018-09-23 18:00:00,2346.0,2638.4085091117217,2204.3045533210984,3072.512464902345
2018-09-23 19:00:00,1635.0,2036.012792271227,1601.9088364806037,2470.1167480618506
2018-09-23 20:00:00,934.0,1259.9798382731408,825.8758824825175,1694.0837940637641
2018-09-23 21:00:00,509.0,647.1609240948626,213.05696830423926,1081.264879885486
2018-09-23 22:00:00,344.0,383.92638744251894,0.0,818.0303432331423
2018-09-23 23:00:00,219.0,302.3368274078553,0.0,736.4407831984786
2018-09-24 00:00:00,328.0,366.22988896302803,0.0,800.3338447536514
2018-09-24 01:00:00,888.0,799.2961099122781,365.19215412165477,1233.4000657029014
2018-09-24 02:00:00,2954.0,2545.014427280861,2110.910471490238,2979.1183830714845
2018-09-24 03:00:00,5747.0,5569.6389505798625,5135.534994789239,6003.742906370486
2018-09-24 04:00:00,6591.0,6269.503272120706,5835.399316330083,6703.60722791133
2018-09-24 05:00:00,5900.0,5586.171450485914,5152.06749469529,6020.275406276537
2018-09-24 06:00:00,4936.0,4843.567539914493,4409.46358412387,5277.671495705116
2018-09-24 07:00:00,4351.0,4270.263797597832,3836.159841807209,4704.367753388456
2018-09-24 08:00:00,4468.0,4507.022871427911,4072.9189156372877,4941.126827218534
2018-09-24 09:00:00,4531.0,4701.974173238365,4267.870217447742,5136.078129028989
2018-09-24 10:00:00,4433.0,4635.396367055147,4201.292411264523,5069.50032284577
2018-09-24 11:00:00,4816.0,4952.508926918426,4518.404971127803,5386.61288270905
2018-09-24 12:00:00,5443.0,5522.224545627901,5088.120589837277,5956.328501418524
2018-09-24 13:00:00,6307.0,6146.586729017826,5712.482773227202,6580.690684808449
2018-09-24 14:00:00,5562.0,5780.582762716129,5346.4788069255055,6214.686718506752
2018-09-24 15:00:00,4167.0,4254.885848715027,3820.781892924404,4688.989804505651
2018-09-24 16:00:00,3253.0,3037.29790656992,2603.1939507792968,3471.4018623605434
2018-09-24 17:00:00,2559.0,2447.648361849127,2013.5444060585037,2881.7523176397503
2018-09-24 18:00:00,2084.0,2124.6869565990323,1690.583000808409,2558.7909123896557
2018-09-24 19:00:00,1392.0,1653.4331668712773,1219.329211080654,2087.537122661901
2018-09-24 20:00:00,826.0,1110.8128076445448,676.7088518539215,1544.9167634351681
2018-09-24 21:00:00,527.0,488.80543936162286,54.70148357099953,922.9093951522461
2018-09-24 22:00:00,302.0,337.03563732544274,0.0,771.1395931160661
2018-09-24 23:00:00,234.0,298.42078208977733,0.0,732.5247378804006
2018-09-25 00:00:00,366.0,371.4988607111671,0.0,805.6028165017904
2018-09-25 01:00:00,880.0,863.3034459640793,429.19949017345596,1297.4074017547027
2018-09-25 02:00:00,3063.0,2731.988222600757,2297.884266810134,3166.0921783913805
2018-09-25 03:00:00,5833.0,5724.4540601303515,5290.350104339728,6158.558015920975
2018-09-25 04:00:00,6568.0,6252.942289114143,5818.83833332352,6687.046244904766
2018-09-25 05:00:00,6080.0,5494.044696187788,5059.9407403971645,5928.148651978411
2018-09-25 06:00:00,5083.0,5013.863014563444,4579.759058772821,5447.966970354068
2018-09-25 07:00:00,4385.0,4367.626779410387,3933.5228236197636,4801.73073520101
2018-09-25 08:00:00,4458.0,4570.140600135625,4136.036644345002,5004.244555926249
2018-09-25 09:00:00,4580.0,4803.831075430167,4369.727119639544,5237.935031220791
2018-09-25 10:00:00,4716.0,4819.7944950480505,4385.690539257427,5253.898450838674
2018-09-25 11:00:00,4973.0,5100.043552110806,4665.939596320182,5534.147507901429
2018-09-25 12:00:00,5748.0,5598.294694347793,5164.190738557169,6032.398650138416
2018-09-25 13:00:00,6597.0,6449.45460781443,6015.350652023807,6883.558563605054
2018-09-25 14:00:00,5734.0,6005.047740616708,5570.943784826085,6439.151696407332
2018-09-25 15:00:00,4320.0,4461.353088244403,4027.2491324537796,4895.457044035026
2018-09-25 16:00:00,3058.0,3251.734326044593,2817.63037025397,3685.8382818352165
2018-09-25 17:00:00,2765.0,2694.7947184722934,2260.69076268167,3128.8986742629168
2018-09-25 18:00:00,2282.0,2372.4889239307977,1938.3849681401744,2806.592879721421
2018-09-25 19:00:00,1571.0,1718.9316151344076,1284.8276593437843,2153.0355709250307
2018-09-25 20:00:00,924.0,1201.182239890379,767.0782840997556,1635.2861956810023
2018-09-25 21:00:00,543.0,549.4665481588953,115.36259236827198,983.5705039495186
2018-09-25 22:00:00,358.0,369.9026784256954,0.0,804.0066342163187
2018-09-25 23:00:00,227.0,305.14799233515043,0.0,739.2519481257738
2018-09-26 00:00:00,358.0,367.23615877336323,0.0,801.3401145639866
2018-09-26 01:00:00,890.0,892.3175580905787,458.21360229995537,1326.421513881202
2018-09-26 02:00:00,3052.0,2754.956888391353,2320.8529326007297,3189.0608441819763
2018-09-26 03:00:00,5930.0,5556.836522521191,5122.732566730568,5990.940478311814
2018-09-26 04:00:00,6193.0,6318.380507313412,5884.276551522788,6752.484463104035
2018-09-26 05:00:00,6032.0,5593.046194097929,5158.942238307306,6027.150149888553
2018-09-26 06:00:00,5320.0,5117.222989915364,4683.119034124741,5551.326945705988
2018-09-26 07:00:00,4523.0,4515.524662439806,4081.4207066491826,4949.628618230429
2018-09-26 08:00:00,4721.0,4650.710259593893,4216.60630380327,5084.8142153845165
2018-09-26 09:00:00,4793.0,4938.829839845935,4504.725884055311,5372.933795636558
2018-09-26 10:00:00,4624.0,4884.245111247148,4450.141155456525,5318.349067037771
2018-09-26 11:00:00,4928.0,5259.20443333242,4825.100477541797,5693.3083891230435
2018-09-26 12:00:00,5693.0,5883.22143035401,5449.117474563387,6317.325386144634
2018-09-26 13:00:00,6334.0,6312.317720463833,5878.21376467321,6746.4216762544565
2018-09-26 14:00:00,5954.0,6037.487637544166,5603.383681753543,6471.59159333479
2018-09-26 15:00:00,4661.0,4574.712317924515,4140.608362133892,5008.816273715139
2018-09-26 16:00:00,3639.0,3300.5503789265986,2866.4464231359752,3734.654334717222
2018-09-26 17:00:00,3197.0,2727.4206053002636,2293.3166495096402,3161.524561090887
2018-09-26 18:00:00,3475.0,2542.8409010661403,2108.736945275517,2976.9448568567636
2018-09-26 19:00:00,1973.0,1920.9257195360924,1486.821763745469,2355.0296753267157
2018-09-26 20:00:00,1209.0,1328.7529875231937,894.6490317325704,1762.856943313817
2018-09-26 21:00:00,654.0,780.5888836465748,346.48492785595147,1214.692839437198
2018-09-26 22:00:00,421.0,389.3482019784266,0.0,823.4521577690499
2018-09-26 23:00:00,312.0,312.828889024197,0.0,746.9328448148203
2018-09-27 00:00:00,373.0,371.2693255765575,0.0,805.3732813671809
2018-09-27 01:00:00,919.0,795.6362573166562,361.5323015260328,1229.7402131072795
2018-09-27 02:00:00,3002.0,2796.7282670320433,2362.62431124142,3230.8322228226666
2018-09-27 03:00:00,5685.0,5510.737974063752,5076.634018273128,5944.841929854375
2018-09-27 04:00:00,6589.0,6117.585620263338,5683.481664472714,6551.689576053961
2018-09-27 05:00:00,5946.0,5767.884671875009,5333.780716084386,6201.9886276656325
2018-09-27 06:00:00,5181.0,5199.042162135055,4764.938206344432,5633.1461179256785
2018-09-27 07:00:00,4500.0,4680.772178197112,4246.668222406489,5114.876133987736
2018-09-27 08:00:00,4670.0,4963.471471735266,4529.367515944643,5397.57542752589
2018-09-27 09:00:00,4849.0,5180.512186539598,4746.408230748974,5614.616142330221
2018-09-27 10:00:00,4787.0,5072.73673877993,4638.632782989307,5506.840694570554
2018-09-27 11:00:00,4943.0,5340.2212810008305,4906.117325210207,5774.325236791454
2018-09-27 12:00:00,5892.0,5707.917237492493,5273.8132817018695,6142.021193283116
2018-09-27 13:00:00,6451.0,6480.110328125814,6046.0063723351905,6914.214283916437
2018-09-27 14:00:00,5968.0,6001.163573600024,5567.059617809401,6435.267529390648
2018-09-27 15:00:00,4498.0,4629.797962383606,4195.694006592983,5063.90191817423
2018-09-27 16:00:00,3419.0,3402.0818991617507,2967.9779433711274,3836.185854952374
2018-09-27 17:00:00,2856.0,2959.027978841371,2524.9240230507476,3393.131934631994
2018-09-27 18:00:00,2649.0,2771.661722861025,2337.5577670704015,3205.765678651648
2018-09-27 19:00:00,2003.0,2185.6965621367754,1751.592606346152,2619.8005179273987
2018-09-27 20:00:00,1278.0,1275.4308085902483,841.3268527996249,1709.5347643808716
2018-09-27 21:00:00,699.0,744.3834853906789,310.2795296000555,1178.487441181302
2018-09-27 22:00:00,461.0,397.9259701614039,0.0,832.0299259520273
2018-09-27 23:00:00,301.0,334.05428890520466,0.0,768.158244695828
2018-09-28 00:00:00,367.0,372.54749245641517,0.0,806.6514482470385
2018-09-28 01:00:00,870.0,753.6384739849468,319.5345181943235,1187.7424297755701
2018-09-28 02:00:00,2751.0,2606.850920028297,2172.7469642376736,3040.9548758189203
2018-09-28 03:00:00,5521.0,5372.754498712457,4938.650542921833,5806.85845450308
2018-09-28 04:00:00,6401.0,6323.726919906091,5889.622964115468,6757.830875696714
2018-09-28 05:00:00,5798.0,5612.967741938922,5178.8637861482985,6047.071697729545
2018-09-28 06:00:00,4791.0,5144.0599072451405,4709.955951454517,5578.163863035764
2018-09-28 07:00:00,4574.0,4694.198375222496,4260.094419431873,5128.302331013119
2018-09-28 08:00:00,4863.0,5082.390638038981,4648.2866822483575,5516.494593829604
2018-09-28 09:00:00,5066.0,5208.101834089439,4773.9978782988155,5642.205789880062
2018-09-28 10:00:00,4898.0,5095.9853025063685,4661.881346715745,5530.089258296992
2018-09-28 11:00:00,5193.0,5396.021605148975,4961.917649358352,5830.1255609395985
2018-09-28 12:00:00,5838.0,5785.48336451522,5351.379408724597,6219.587320305844
2018-09-28 13:00:00,6188.0,6093.533617439319,5659.429661648695,6527.637573229942
2018-09-28 14:00:00,5695.0,5735.451143291003,5301.34718750038,6169.555099081626
2018-09-28 15:00:00,5104.0,4566.972789926363,4132.868834135739,5001.076745716986
2018-09-28 16:00:00,4286.0,3472.2059174603824,3038.101961669759,3906.3098732510057
2018-09-28 17:00:00,3538.0,2971.780485096368,2537.6765293057447,3405.8844408869913
2018-09-28 18:00:00,3058.0,2998.469225784213,2564.3652699935897,3432.5731815748363
2018-09-28 19:00:00,2713.0,2700.2396855690286,2266.135729778405,3134.343641359652
2018-09-28 20:00:00,3544.0,2076.442155772124,1642.3381999815006,2510.5461115627472
2018-09-28 21:00:00,1733.0,1301.861064768611,867.7571089779876,1735.9650205592343
2018-09-28 22:00:00,867.0,794.0151755442643,359.9112197536409,1228.1191313348877
2018-09-28 23:00:00,524.0,702.7306482898538,268.62669249923044,1136.8346040804772
2018-09-29 00:00:00,359.0,453.3528533017308,19.248897511107486,887.4568090923542
2018-09-29 01:00:00,425.0,461.64164777151296,27.537691980889633,895.7456035621362
2018-09-29 02:00:00,743.0,717.9853473182363,283.881391527613,1152.0893031088597
2018-09-29 03:00:00,1359.0,1348.3828091012847,914.2788533106614,1782.486764891908
2018-09-29 04:00:00,2036.0,2236.298667144121,1802.1947113534975,2670.402622934744
2018-09-29 05:00:00,3073.0,2867.138315376333,2433.03435958571,3301.2422711669565
2018-09-29 06:00:00,3725.0,3828.569091522271,3394.4651357316475,4262.673047312894
2018-09-29 07:00:00,4059.0,4230.465458405357,3796.3615026147336,4664.56941419598
2018-09-29 08:00:00,4378.0,4555.988968792936,4121.885013002313,4990.09292458356
2018-09-29 09:00:00,4657.0,4682.180559679262,4248.076603888639,5116.284515469885
2018-09-29 10:00:00,4553.0,4621.001809743922,4186.897853953299,5055.105765534546
2018-09-29 11:00:00,4618.0,4683.077870077179,4248.973914286556,5117.181825867802
2018-09-29 12:00:00,4564.0,4634.863813298159,4200.759857507535,5068.967769088782
2018-09-29 13:00:00,4735.0,4606.2281404353835,4172.12418464476,5040.332096226007
2018-09-29 14:00:00,4878.0,4524.692011324296,4090.5880555336726,4958.795967114919
2018-09-29 15:00:00,4569.0,4096.516310870457,3662.412355079834,4530.620266661081
2018-09-29 16:00:00,3818.0,3425.968047878397,2991.8640920877738,3860.0720036690204
2018-09-29 17:00:00,3338.0,2988.805929353636,2554.701973563013,3422.9098851442595
2018-09-29 18:00:00,2950.0,3048.4352357954076,2614.3312800047843,3482.539191586031
2018-09-29 19:00:00,2607.0,2891.372281555277,2457.2683257646536,3325.4762373459002
2018-09-29 20:00:00,3856.0,2247.190341300922,1813.0863855102984,2681.294297091545
2018-09-29 21:00:00,1826.0,1329.9287661131884,895.8248103225651,1764.0327219038118
2018-09-29 22:00:00,920.0,805.5735150678137,371.46955927719034,1239.6774708584371
2018-09-29 23:00:00,696.0,709.1241492952322,275.02019350460887,1143.2281050858555
2018-09-30 00:00:00,364.0,430.1843866167601,0.0,864.2883424073834
2018-09-30 01:00:00,335.0,378.4905203822118,0.0,812.5944761728351
2018-09-30 02:00:00,444.0,515.7228744421298,81.61891865150642,949.8268302327531
2018-09-30 03:00:00,802.0,849.113724420412,415.0097686297887,1283.2176802110353
2018-09-30 04:00:00,1175.0,1136.0276470397691,701.9236912491458,1570.1316028303925
2018-09-30 05:00:00,2002.0,1810.9260417619591,1376.8220859713358,2245.0299975525822
2018-09-30 06:00:00,2882.0,2595.451945278589,2161.3479894879656,3029.5559010692123
2018-09-30 07:00:00,3701.0,3504.7015319312964,3070.597576140673,3938.8054877219197
2018-09-30 08:00:00,4049.0,4063.0771059353674,3628.973150144744,4497.181061725991
2018-09-30 09:00:00,4429.0,4424.3231051804905,3990.219149389867,4858.427060971114
2018-09-30 10:00:00,4547.0,4410.403396155685,3976.299440365062,4844.5073519463085
2018-09-30 11:00:00,4380.0,4501.866234545693,4067.76227875507,4935.970190336317
2018-09-30 12:00:00,4302.0,4470.696583031731,4036.592627241108,4904.800538822355
2018-09-30 13:00:00,4283.0,4450.54486417969,4016.440908389067,4884.6488199703135
2018-09-30 14:00:00,4132.0,4280.733597448632,3846.629641658009,4714.837553239256
2018-09-30 15:00:00,3947.0,3900.7562497301415,3466.652293939518,4334.860205520765
2018-09-30 16:00:00,3543.0,3223.713211176204,2789.6092553855806,3657.8171669668272
2018-09-30 17:00:00,2781.0,2842.514353970928,2408.4103981803046,3276.6183097615512
2018-09-30 18:00:00,2159.0,2619.3602822706316,2185.2563264800083,3053.464238061255
2018-09-30 19:00:00,1450.0,2004.2512638022413,1570.147308011618,2438.3552195928646
2018-09-30 20:00:00,954.0,1264.2969112038554,830.1929554132321,1698.4008669944787
