timestamp,actual,predicted,lower,upper
2017-10-26 18:00:00,3763.0,3614.246734305949,3277.189107617008,3951.3043609948895
2017-10-26 19:00:00,3222.0,3285.9550416989073,2948.8974150099666,3623.012668387848
2017-10-26 20:00:00,3761.0,3012.7497876547163,2675.6921609657757,3349.807414343657
2017-10-26 21:00:00,3218.0,2976.539782646925,2639.482155957984,3313.5974093358654
2017-10-26 22:00:00,1617.0,1796.3377619782216,1459.280135289281,2133.3953886671625
2017-10-26 23:00:00,685.0,911.372296304679,574.3146696157384,1248.4299229936196
2017-10-27 00:00:00,435.0,425.0568450951308,87.99921840619015,762.1144717840715
2017-10-27 01:00:00,278.0,339.008389274239,1.950762585298321,676.0660159631797
2017-10-27 02:00:00,377.0,367.9492360126496,30.891609323708906,705.0068627015903
2017-10-27 03:00:00,847.0,834.7499267091279,497.6923000201872,1171.8075533980686
2017-10-27 04:00:00,2805.0,2845.107998278914,2508.050371589973,3182.1656249678545
2017-10-27 05:00:00,5356.0,5800.299431851705,5463.241805162765,6137.357058540645
2017-10-27 06:00:00,5582.0,6199.919066941536,5862.861440252595,6536.976693630477
2017-10-27 07:00:00,5159.0,5547.79359912005,5210.73597243111,5884.85122580899
2017-10-27 08:00:00,4444.0,4957.970006659479,4620.912379970538,5295.02763334842
2017-10-27 09:00:00,4303.0,4569.582729939083,4232.525103250142,4906.640356628024
2017-10-27 10:00:00,4705.0,4665.2603721799405,4328.202745491,5002.317998868881
2017-10-27 11:00:00,5214.0,5045.176609139516,4708.118982450575,5382.234235828457
2017-10-27 12:00:00,5092.0,5317.690224999918,4980.632598310978,5654.747851688859
2017-10-27 13:00:00,5120.0,5437.08788539112,5100.03025870218,5774.14551208006
2017-10-27 14:00:00,5644.0,5560.020487990334,5222.962861301394,5897.078114679274
2017-10-27 15:00:00,6061.0,6149.052789730862,5811.995163041922,6486.110416419802
2017-10-27 16:00:00,5292.0,5695.514291689319,5358.456665000378,6032.57191837826
2017-10-27 17:00:00,4634.0,4453.366017532878,4116.308390843937,4790.423644221819
2017-10-27 18:00:00,3498.0,3657.5034135959295,3320.445786906989,3994.56104028487
2017-10-27 19:00:00,2971.0,3023.5298845137204,2686.4722578247797,3360.587511202661
2017-10-27 20:00:00,2905.0,2906.5830004937966,2569.525373804856,3243.6406271827373
2017-10-27 21:00:00,2621.0,2639.3728994280063,2302.3152727390657,2976.430526116947
2017-10-27 22:00:00,1892.0,1922.768741437828,1585.7111147488874,2259.826368126769
2017-10-27 23:00:00,1340.0,1260.4595156908088,923.4018890018681,1597.5171423797494
2017-10-28 00:00:00,796.0,831.4067870428756,494.34916035393496,1168.4644137318164
2017-10-28 01:00:00,556.0,579.4394490940557,242.38182240511503,916.4970757829964
2017-10-28 02:00:00,376.0,382.574055037858,45.516428348917316,719.6316817267987
2017-10-28 03:00:00,395.0,411.0981005411237,74.04047385218303,748.1557272300644
2017-10-28 04:00:00,774.0,690.5487256622171,353.4910989732764,1027.6063523511577
2017-10-28 05:00:00,1364.0,1417.846360489989,1080.7887338010482,1754.9039871789296
2017-10-28 06:00:00,2090.0,2128.487452083832,1791.4298253948914,2465.5450787727727
2017-10-28 07:00:00,2950.0,3073.690704003169,2736.633077314228,3410.7483306921094
2017-10-28 08:00:00,3657.0,3764.5398629058586,3427.482236216918,4101.597489594799
2017-10-28 09:00:00,4267.0,4056.665342300133,3719.6077156111924,4393.722968989074
2017-10-28 10:00:00,5033.0,4582.554843881838,4245.497217192897,4919.612470570779
2017-10-28 11:00:00,5002.0,5105.921875565186,4768.864248876245,5442.9795022541275
2017-10-28 12:00:00,4685.0,4897.690832411854,4560.633205722914,5234.748459100794
2017-10-28 13:00:00,5031.0,4623.861622339832,4286.803995650891,4960.919249028773
2017-10-28 14:00:00,5010.0,4891.835151629769,4554.777524940828,5228.89277831871
2017-10-28 15:00:00,5234.0,4981.691130743211,4644.633504054271,5318.748757432151
2017-10-28 16:00:00,4906.0,5136.614941822471,4799.55731513353,5473.6725685114125
2017-10-28 17:00:00,4634.0,4400.714841034664,4063.657214345723,4737.772467723604
2017-10-28 18:00:00,3847.0,3641.907004322277,3304.849377633336,3978.9646310112175
2017-10-28 19:00:00,3337.0,3287.998715097651,2950.94108840871,3625.0563417865915
2017-10-28 20:00:00,4284.0,3207.162263333079,2870.1046366441383,3544.2198900220196
2017-10-28 21:00:00,4461.0,3381.36410830942,3044.306481620479,3718.4217349983605
2017-10-28 22:00:00,2687.0,2532.3853876324997,2195.327760943559,2869.4430143214404
2017-10-28 23:00:00,1622.0,1587.2009440514998,1250.1433173625592,1924.2585707404405
2017-10-29 00:00:00,696.0,922.5426475438154,585.4850208548747,1259.600274232756
2017-10-29 01:00:00,446.0,455.1673140964256,118.10968740748496,792.2249407853662
2017-10-29 02:00:00,434.0,330.8168061938495,0.0,667.8744328827902
2017-10-29 03:00:00,354.0,466.86367095409474,129.80604426515407,803.9212976430354
2017-10-29 04:00:00,478.0,653.7560692113294,316.69844252238875,990.8136959002701
2017-10-29 05:00:00,802.0,881.5622891513681,544.5046624624274,1218.6199158403087
2017-10-29 06:00:00,1060.0,1146.1872334736224,809.1296067846818,1483.244860162563
2017-10-29 07:00:00,1840.0,1684.390031156222,1347.3324044672813,2021.4476578451627
2017-10-29 08:00:00,2468.0,2605.801725836904,2268.7440991479634,2942.8593525258448
2017-10-29 09:00:00,3120.0,3280.254495560605,2943.1968688716643,3617.3121222495456
2017-10-29 10:00:00,3533.0,3631.458836833276,3294.4012101443354,3968.516463522217
2017-10-29 11:00:00,4073.0,4068.000342000789,3730.942715311848,4405.057968689729
2017-10-29 12:00:00,4264.0,4318.023632755183,3980.9660060662422,4655.081259444123
2017-10-29 13:00:00,4373.0,4367.659851988093,4030.602225299152,4704.717478677034
2017-10-29 14:00:00,4514.0,4428.59329787658,4091.5356711876398,4765.650924565522
2017-10-29 15:00:00,4499.0,4486.906353628428,4149.848726939488,4823.963980317369
2017-10-29 16:00:00,4492.0,4283.106494400376,3946.048867711435,4620.164121089316
2017-10-29 17:00:00,3973.0,4114.281290693623,3777.2236640046826,4451.3389173825635
2017-10-29 18:00:00,3409.0,3484.0484431153973,3146.9908164264566,3821.106069804338
2017-10-29 19:00:00,2653.0,3008.343674916609,2671.2860482276683,3345.4013016055496
2017-10-29 20:00:00,2077.0,2166.88178605937,1829.8241593704292,2503.9394127483106
2017-10-29 21:00:00,1661.0,1679.7306039702748,1342.6729772813342,2016.7882306592155
2017-10-29 22:00:00,2100.0,1122.2159056480873,785.1582789591466,1459.273532337028
2017-10-29 23:00:00,563.0,1067.2598229284492,730.2021962395086,1404.31744961739
2017-10-30 00:00:00,375.0,365.674790192016,28.617163503075346,702.7324168809566
2017-10-30 01:00:00,293.0,299.35322653642544,0.0,636.410853225366
2017-10-30 02:00:00,326.0,334.9029055091981,0.0,671.9605321981387
2017-10-30 03:00:00,813.0,796.9620371855752,459.90441049663457,1134.019663874516
2017-10-30 04:00:00,2822.0,2745.766702130163,2408.7090754412225,3082.824328819104
2017-10-30 05:00:00,5869.0,5698.021031106619,5360.963404417678,6035.0786577955605
2017-10-30 06:00:00,6221.0,6606.82699540571,6269.769368716768,6943.884622094651
2017-10-30 07:00:00,5825.0,5698.761065621928,5361.703438932987,6035.818692310868
2017-10-30 08:00:00,5138.0,4975.989483861067,4638.931857172127,5313.047110550007
2017-10-30 09:00:00,4482.0,4441.02208684687,4103.964460157929,4778.07971353581
2017-10-30 10:00:00,4569.0,4653.5499818826,4316.492355193659,4990.607608571541
2017-10-30 11:00:00,4911.0,4802.514279639766,4465.456652950825,5139.571906328707
2017-10-30 12:00:00,4899.0,4919.671266393328,4582.6136397043865,5256.728893082269
2017-10-30 13:00:00,5055.0,5257.942222521811,4920.884595832871,5594.999849210752
2017-10-30 14:00:00,5698.0,5494.524208709031,5157.46658202009,5831.581835397972
2017-10-30 15:00:00,6601.0,6346.068712886588,6009.011086197648,6683.126339575529
2017-10-30 16:00:00,6258.0,6129.549066937023,5792.491440248083,6466.606693625963
2017-10-30 17:00:00,4381.0,4513.387348119595,4176.329721430655,4850.444974808535
2017-10-30 18:00:00,2970.0,3198.741843115703,2861.6842164267623,3535.7994698046436
2017-10-30 19:00:00,2491.0,2494.2653836251584,2157.2077569362177,2831.323010314099
2017-10-30 20:00:00,2174.0,2262.0279702612916,1924.9703435723509,2599.0855969502322
2017-10-30 21:00:00,1514.0,1654.7164330471553,1317.6588063582146,1991.774059736096
2017-10-30 22:00:00,998.0,1077.8663616175834,740.8087349286427,1414.923988306524
2017-10-30 23:00:00,544.0,567.6366806469341,230.57905395799344,904.6943073358748
2017-10-31 00:00:00,337.0,359.647324502688,22.589697813747307,696.7049511916287
2017-10-31 01:00:00,219.0,289.240577040099,0.0,626.2982037290396
2017-10-31 02:00:00,349.0,270.1384657535518,0.0,607.1960924424925
2017-10-31 03:00:00,872.0,853.7655174183146,516.707890729374,1190.8231441072553
2017-10-31 04:00:00,2924.0,2856.1509872982347,2519.093360609294,3193.2086139871753
2017-10-31 05:00:00,5968.0,5860.66502641418,5523.607399725239,6197.722653103121
2017-10-31 06:00:00,6541.0,6589.384283036648,6252.326656347708,6926.441909725589
2017-10-31 07:00:00,5890.0,5970.219852915443,5633.162226226503,6307.277479604383
2017-10-31 08:00:00,5605.0,5225.295519598745,4888.237892909805,5562.353146287685
2017-10-31 09:00:00,4572.0,4763.438129702274,4426.3805030133335,5100.495756391214
2017-10-31 10:00:00,4739.0,4846.93258237538,4509.874955686439,5183.990209064321
2017-10-31 11:00:00,4989.0,4935.795172035597,4598.737545346656,5272.852798724538
2017-10-31 12:00:00,4910.0,5058.6877283360045,4721.630101647064,5395.745355024945
2017-10-31 13:00:00,5201.0,5291.773825488416,4954.716198799475,5628.831452177357
2017-10-31 14:00:00,5888.0,5690.363463157034,5353.305836468093,6027.421089845975
2017-10-31 15:00:00,6985.0,6529.40365736824,6192.346030679299,6866.461284057181
2017-10-31 16:00:00,6035.0,6454.600255162493,6117.542628473553,6791.657881851434
2017-10-31 17:00:00,3941.0,4507.1685936221265,4170.110966933185,4844.226220311068
2017-10-31 18:00:00,2937.0,3033.536051985676,2696.478425296735,3370.5936786746165
2017-10-31 19:00:00,2925.0,2575.668831357465,2238.6112046685244,2912.7264580464057
2017-10-31 20:00:00,3747.0,2666.7175388104924,2329.6599121215518,3003.775165499433
2017-10-31 21:00:00,2933.0,2780.6931689178123,2443.6355422288716,3117.750795606753
2017-10-31 22:00:00,1221.0,1498.723225973117,1161.6655992841763,1835.7808526620577
2017-10-31 23:00:00,683.0,647.0342507301675,309.97662404122684,984.0918774191082
2017-11-01 00:00:00,472.0,405.0236642754112,67.96603758647052,742.0812909643519
2017-11-01 01:00:00,343.0,345.1692322773733,8.11160558843261,682.226858966314
2017-11-01 02:00:00,390.0,359.6675021564398,22.609875467499137,696.7251288453805
2017-11-01 03:00:00,917.0,806.0622245578057,469.00459786886506,1143.1198512467463
2017-11-01 04:00:00,2959.0,3017.9001679928997,2680.842541303959,3354.9577946818404
2017-11-01 05:00:00,5665.0,5842.527379616601,5505.46975292766,6179.585006305542
2017-11-01 06:00:00,6067.0,6311.224708074371,5974.167081385431,6648.282334763311
2017-11-01 07:00:00,6147.0,5783.42651018154,5446.3688834926,6120.48413687048
2017-11-01 08:00:00,5339.0,5378.382662535196,5041.325035846256,5715.440289224136
2017-11-01 09:00:00,4634.0,4827.529573944222,4490.471947255281,5164.587200633163
2017-11-01 10:00:00,4781.0,4938.386341010847,4601.328714321906,5275.443967699788
2017-11-01 11:00:00,4908.0,5028.092677001708,4691.0350503127665,5365.150303690649
2017-11-01 12:00:00,5008.0,5016.054636944708,4678.997010255767,5353.1122636336495
2017-11-01 13:00:00,4856.0,5342.209785434683,5005.152158745743,5679.267412123623
2017-11-01 14:00:00,5328.0,5268.104089251443,4931.046462562503,5605.161715940383
2017-11-01 15:00:00,6321.0,6105.585893359224,5768.528266670284,6442.643520048165
2017-11-01 16:00:00,5858.0,6140.499486796192,5803.441860107252,6477.5571134851325
2017-11-01 17:00:00,4297.0,4412.857526147379,4075.799899458438,4749.91515283632
2017-11-01 18:00:00,3045.0,3136.956041383624,2799.898414694683,3474.0136680725645
2017-11-01 19:00:00,2704.0,2675.05897300911,2338.0013463201694,3012.116599698051
2017-11-01 20:00:00,2204.0,2478.318046584983,2141.2604198960425,2815.375673273924
2017-11-01 21:00:00,1713.0,1651.383400748978,1314.3257740600372,1988.4410274379186
2017-11-01 22:00:00,1068.0,1203.1144257656088,866.0567990766681,1540.1720524545494
2017-11-01 23:00:00,611.0,607.6257999873861,270.56817329844546,944.6834266763268
2017-11-02 00:00:00,362.0,381.164831725803,44.107205036862354,718.2224584147436
2017-11-02 01:00:00,254.0,296.333304717935,0.0,633.3909314068757
2017-11-02 02:00:00,383.0,333.20352380847237,0.0,670.261150497413
2017-11-02 03:00:00,820.0,821.2062327955273,484.1486061065866,1158.263859484468
2017-11-02 04:00:00,2914.0,2740.630240510675,2403.572613821734,3077.6878671996155
2017-11-02 05:00:00,5674.0,5739.28286579602,5402.22523910708,6076.34049248496
2017-11-02 06:00:00,6258.0,6374.514989988626,6037.457363299685,6711.572616677568
2017-11-02 07:00:00,5995.0,5759.573567213699,5422.515940524758,6096.63119390264
2017-11-02 08:00:00,5488.0,5249.033037117126,4911.975410428186,5586.090663806066
2017-11-02 09:00:00,4606.0,4698.458460226865,4361.400833537924,5035.516086915806
2017-11-02 10:00:00,4910.0,4885.386663803292,4548.329037114352,5222.4442904922325
2017-11-02 11:00:00,5066.0,5072.550726979698,4735.493100290758,5409.608353668638
2017-11-02 12:00:00,5255.0,5095.793610335042,4758.735983646102,5432.851237023982
2017-11-02 13:00:00,5428.0,5611.921485761013,5274.863859072073,5948.979112449953
2017-11-02 14:00:00,5987.0,5897.220804241931,5560.1631775529895,6234.278430930872
2017-11-02 15:00:00,6775.0,6491.757652248811,6154.7000255598705,6828.815278937751
2017-11-02 16:00:00,6488.0,6341.365733264811,6004.308106575871,6678.423359953751
2017-11-02 17:00:00,5048.0,4766.847165958424,4429.789539269483,5103.904792647365
2017-11-02 18:00:00,3335.0,3523.701068528781,3186.6434418398403,3860.7586952177217
2017-11-02 19:00:00,2846.0,2951.1554850529524,2614.0978583640117,3288.213111741893
2017-11-02 20:00:00,3094.0,2653.2007154501457,2316.143088761205,2990.2583421390864
2017-11-02 21:00:00,2412.0,2699.2683885524593,2362.2107618635187,3036.3260152414
2017-11-02 22:00:00,1336.0,1417.0404723408778,1079.9828456519372,1754.0980990298185
2017-11-02 23:00:00,768.0,734.4342667854902,397.3766400965495,1071.491893474431
2017-11-03 00:00:00,432.0,496.823838801321,159.76621211238034,833.8814654902617
2017-11-03 01:00:00,354.0,341.59099026021227,4.533363571271593,678.6486169491529
2017-11-03 02:00:00,444.0,383.7512045847789,46.693577895838246,720.8088312737195
2017-11-03 03:00:00,842.0,902.6452830566412,565.5876563677006,1239.702909745582
2017-11-03 04:00:00,2715.0,2760.812270133133,2423.7546434441924,3097.8698968220738
2017-11-03 05:00:00,5524.0,5638.433514523944,5301.375887835004,5975.491141212884
2017-11-03 06:00:00,6594.0,6339.3673233246955,6002.309696635755,6676.424950013636
2017-11-03 07:00:00,5784.0,5850.236435828883,5513.178809139943,6187.2940625178235
2017-11-03 08:00:00,5086.0,5249.2108866960825,4912.153260007142,5586.268513385023
2017-11-03 09:00:00,4663.0,4946.797264276385,4609.739637587445,5283.8548909653255
2017-11-03 10:00:00,4977.0,5028.153486208689,4691.095859519748,5365.21111289763
2017-11-03 11:00:00,5403.0,5302.791518933916,4965.733892244976,5639.849145622857
2017-11-03 12:00:00,5484.0,5352.316409515135,5015.258782826195,5689.374036204075
2017-11-03 13:00:00,5564.0,5748.823460355587,5411.765833666646,6085.881087044527
2017-11-03 14:00:00,5860.0,5944.084886023839,5607.027259334898,6281.14251271278
2017-11-03 15:00:00,5086.0,6194.206751022122,5857.149124333182,6531.2643777110625
2017-11-03 16:00:00,5406.0,5093.247024785191,4756.18939809625,5430.304651474131
2017-11-03 17:00:00,4317.0,4623.470284234374,4286.412657545434,4960.527910923314
2017-11-03 18:00:00,3437.0,3410.7950857673504,3073.7374590784098,3747.852712456291
2017-11-03 19:00:00,2827.0,2970.7532964632724,2633.6956697743317,3307.810923152213
2017-11-03 20:00:00,2656.0,2814.973712817784,2477.9160861288433,3152.0313395067246
2017-11-03 21:00:00,2613.0,2273.3706183520326,1936.312991663092,2610.4282450409733
2017-11-03 22:00:00,1676.0,2030.4023785551146,1693.344751866174,2367.4600052440555
2017-11-03 23:00:00,1031.0,1026.9519408481244,689.8943141591838,1364.009567537065
2017-11-04 00:00:00,658.0,672.3283775811548,335.2707508922141,1009.3860042700954
2017-11-04 01:00:00,470.0,437.96799932099947,100.9103726320588,775.0256260099402
2017-11-04 02:00:00,352.0,373.25320154698323,36.19557485804256,710.310828235924
2017-11-04 03:00:00,371.0,394.80490930574456,57.747282616803886,731.8625359946852
2017-11-04 04:00:00,680.0,669.239433113741,332.18180642480036,1006.2970598026817
2017-11-04 05:00:00,1243.0,1216.4468759116821,879.3892492227415,1553.5045026006228
2017-11-04 06:00:00,1957.0,2013.4522224246023,1676.3945957356616,2350.509849113543
2017-11-04 07:00:00,2790.0,2894.6321055797152,2557.5744788907746,3231.689732268656
2017-11-04 08:00:00,3489.0,3694.5460311735583,3357.4884044846176,4031.603657862499
2017-11-04 09:00:00,3979.0,3946.5429444456527,3609.485317756712,4283.600571134593
2017-11-04 10:00:00,4563.0,4288.313566183059,3951.2559394941186,4625.371192872
2017-11-04 11:00:00,4837.0,4854.341221846569,4517.283595157629,5191.398848535509
2017-11-04 12:00:00,4836.0,4721.105008983835,4384.047382294895,5058.162635672776
2017-11-04 13:00:00,4764.0,4712.194708882223,4375.1370821932815,5049.252335571164
2017-11-04 14:00:00,4890.0,4588.379299171396,4251.321672482456,4925.4369258603365
2017-11-04 15:00:00,4894.0,4886.91313226524,4549.855505576299,5223.970758954181
2017-11-04 16:00:00,4794.0,4794.159585535352,4457.101958846411,5131.217212224292
2017-11-04 17:00:00,4411.0,4380.346837614529,4043.2892109255886,4717.40446430347
2017-11-04 18:00:00,3421.0,3470.751983960407,3133.6943572714663,3807.8096106493476
2017-11-04 19:00:00,2718.0,2980.120400346619,2643.0627736576785,3317.17802703556
2017-11-04 20:00:00,3515.0,2786.6288674645575,2449.571240775617,3123.686494153498
2017-11-04 21:00:00,3865.0,3174.761379760222,2837.7037530712814,3511.8190064491628
2017-11-04 22:00:00,2042.0,2084.9223987459072,1747.8647720569666,2421.980025434848
2017-11-04 23:00:00,1554.0,1277.7339315374043,940.6763048484636,1614.791558226345
2017-11-05 00:00:00,629.0,951.0652928799896,614.0076661910489,1288.1229195689302
2017-11-05 01:00:00,361.0,422.65181901611777,85.5941923271771,759.7094457050584
2017-11-05 02:00:00,247.0,281.82902327015876,0.0,618.8866499590995
2017-11-05 03:00:00,287.0,270.847316364639,0.0,607.9049430535797
2017-11-05 04:00:00,469.0,536.461393552826,199.40376686388538,873.5190202417667
2017-11-05 05:00:00,823.0,792.5582800652472,455.50065337630656,1129.615906754188
2017-11-05 06:00:00,1209.0,1172.2160160352234,835.1583893462828,1509.2736427241641
2017-11-05 07:00:00,2059.0,2005.2670397619613,1668.2094130730206,2342.324666450902
2017-11-05 08:00:00,2974.0,2934.834645762528,2597.7770190735873,3271.8922724514687
2017-11-05 09:00:00,3592.0,3539.4848906389507,3202.42726395001,3876.5425173278913
2017-11-05 10:00:00,4014.0,3916.574654666245,3579.517027977304,4253.632281355185
2017-11-05 11:00:00,4256.0,4359.092687804438,4022.0350611154977,4696.1503144933795
2017-11-05 12:00:00,4309.0,4309.951691652419,3972.8940649634783,4647.009318341359
2017-11-05 13:00:00,4303.0,4329.0470107172705,3991.98938402833,4666.104637406212
2017-11-05 14:00:00,4525.0,4360.107425563428,4023.049798874487,4697.165052252369
2017-11-05 15:00:00,4744.0,4475.79249089087,4138.73486420193,4812.85011757981
2017-11-05 16:00:00,4235.0,4358.937499138809,4021.879872449868,4695.995125827749
2017-11-05 17:00:00,3765.0,3931.0376520350155,3593.980025346075,4268.095278723957
2017-11-05 18:00:00,2888.0,3254.821294504508,2917.7636678155673,3591.8789211934486
2017-11-05 19:00:00,2273.0,2512.481992453208,2175.4243657642673,2849.5396191421487
2017-11-05 20:00:00,1912.0,2017.98195266097,1680.9243259720292,2355.0395793499106
2017-11-05 21:00:00,1323.0,1496.925106469086,1159.8674797801452,1833.9827331580266
2017-11-05 22:00:00,861.0,859.8689930729948,522.8113663840542,1196.9266197619354
2017-11-05 23:00:00,469.0,494.1666679013234,157.10904121238275,831.2242945902641
2017-11-06 00:00:00,330.0,311.41810344936596,0.0,648.4757301383066
2017-11-06 01:00:00,186.0,278.99911196235985,0.0,616.0567386513005
2017-11-06 02:00:00,333.0,266.3938234723386,0.0,603.4514501612794
2017-11-06 03:00:00,809.0,808.8711861911042,471.81355950216357,1145.928812880045
2017-11-06 04:00:00,2853.0,2667.360339192387,2330.3027125034464,3004.4179658813277
2017-11-06 05:00:00,5836.0,5770.1044971682495,5433.046870479309,6107.16212385719
2017-11-06 06:00:00,6268.0,6311.787175926493,5974.729549237552,6648.844802615433
2017-11-06 07:00:00,5990.0,5603.208505050938,5266.1508783619975,5940.266131739878
2017-11-06 08:00:00,4992.0,4931.316086720409,4594.258460031468,5268.37371340935
2017-11-06 09:00:00,4298.0,4332.57472781535,3995.5171011264097,4669.632354504291
2017-11-06 10:00:00,4488.0,4399.102372714404,4062.044746025463,4736.159999403344
2017-11-06 11:00:00,4677.0,4663.54717103605,4326.489544347109,5000.604797724991
2017-11-06 12:00:00,4746.0,4711.308514103886,4374.250887414946,5048.366140792827
2017-11-06 13:00:00,4987.0,5121.8889553154095,4784.831328626469,5458.94658200435
2017-11-06 14:00:00,5657.0,5512.67798121127,5175.620354522329,5849.735607900211
2017-11-06 15:00:00,6647.0,6330.002355135696,5992.944728446755,6667.059981824637
2017-11-06 16:00:00,6175.0,6253.149802458289,5916.092175769349,6590.207429147229
2017-11-06 17:00:00,4152.0,4405.244171895688,4068.1865452067473,4742.301798584629
2017-11-06 18:00:00,2919.0,3000.661115174619,2663.6034884856786,3337.71874186356
2017-11-06 19:00:00,2263.0,2408.7859010264815,2071.728274337541,2745.843527715422
2017-11-06 20:00:00,2009.0,2003.361252429006,1666.3036257400654,2340.4188791179467
2017-11-06 21:00:00,1451.0,1483.4044125897883,1146.3467859008476,1820.462039278729
2017-11-06 22:00:00,961.0,1053.4259366985002,716.3683100095595,1390.4835633874409
2017-11-06 23:00:00,560.0,553.0255354577376,215.96790876879697,890.0831621466783
2017-11-07 00:00:00,339.0,344.45390214294133,7.3962754540006586,681.5115288318821
2017-11-07 01:00:00,244.0,289.240577040099,0.0,626.2982037290396
2017-11-07 02:00:00,377.0,333.0764043941561,0.0,670.1340310830967
2017-11-07 03:00:00,899.0,843.6724630504225,506.6148363614818,1180.7300897393632
2017-11-07 04:00:00,3031.0,2887.6482163999303,2550.5905897109897,3224.705843088871
2017-11-07 05:00:00,6100.0,5850.4161493804495,5513.358522691509,6187.47377606939
2017-11-07 06:00:00,6538.0,6387.763705240435,6050.706078551495,6724.821331929375
2017-11-07 07:00:00,6091.0,5915.829851789612,5578.772225100671,6252.887478478553
2017-11-07 08:00:00,5319.0,5227.574813410813,4890.517186721872,5564.632440099753
2017-11-07 09:00:00,4518.0,4566.920855482012,4229.86322879307,4903.978482170953
2017-11-07 10:00:00,4701.0,4742.648777782538,4405.591151093597,5079.706404471479
2017-11-07 11:00:00,4866.0,4910.203798869246,4573.146172180306,5247.261425558187
2017-11-07 12:00:00,5101.0,4891.026188911666,4553.968562222726,5228.083815600607
2017-11-07 13:00:00,5273.0,5459.925841380993,5122.868214692053,5796.983468069933
2017-11-07 14:00:00,5747.0,5741.114913188137,5404.0572864991955,6078.172539877078
2017-11-07 15:00:00,6705.0,6427.835718356164,6090.778091667224,6764.893345045104
2017-11-07 16:00:00,6198.0,6341.200789544729,6004.1431628557875,6678.25841623367
2017-11-07 17:00:00,4421.0,4538.933725708307,4201.876099019366,4875.991352397248
2017-11-07 18:00:00,3073.0,3089.012122030929,2751.954495341988,3426.0697487198695
2017-11-07 19:00:00,2581.0,2693.204470906095,2356.1468442171545,3030.262097595036
2017-11-07 20:00:00,2265.0,2398.9834695148943,2061.9258428259536,2736.041096203835
2017-11-07 21:00:00,1631.0,1612.4047744544985,1275.3471477655578,1949.4624011434391
2017-11-07 22:00:00,1073.0,1092.2624388685767,755.2048121796361,1429.3200655575174
2017-11-07 23:00:00,548.0,589.0402887665489,251.9826620776082,926.0979154554896
2017-11-08 00:00:00,329.0,358.1454571084755,21.08783041953484,695.2030837974162
2017-11-08 03:00:00,898.0,839.7352679982331,502.6776413092924,1176.7928946871739
2017-11-08 04:00:00,2985.0,2893.6996264024006,2556.64199971346,3230.757253091341
2017-11-08 05:00:00,6126.0,5722.1137001821035,5385.056073493162,6059.171326871045
2017-11-08 06:00:00,6513.0,6447.547023040728,6110.489396351788,6784.604649729668
2017-11-08 07:00:00,5926.0,5977.587376737166,5640.529750048225,6314.645003426107
2017-11-08 08:00:00,5670.0,5647.806195723072,5310.748569034131,5984.863822412013
2017-11-08 09:00:00,4195.0,4917.567173976182,4580.509547287242,5254.624800665122
2017-11-08 10:00:00,4553.0,4501.353811652224,4164.296184963283,4838.411438341165
2017-11-08 11:00:00,4585.0,4809.258835028896,4472.201208339955,5146.316461717837
2017-11-08 12:00:00,4833.0,4718.291302638707,4381.233675949767,5055.348929327647
2017-11-08 13:00:00,5049.0,5274.001786769031,4936.944160080091,5611.0594134579715
2017-11-08 14:00:00,5651.0,5423.759938252714,5086.702311563773,5760.817564941655
2017-11-08 15:00:00,6832.0,6394.524773312713,6057.467146623772,6731.582400001653
2017-11-08 16:00:00,6090.0,6388.758925053256,6051.701298364314,6725.816551742197
2017-11-08 17:00:00,4650.0,4680.806331750885,4343.748705061944,5017.863958439826
2017-11-08 18:00:00,3292.0,3395.0420954837173,3057.9844687947766,3732.099722172658
2017-11-08 19:00:00,2885.0,2857.800589379279,2520.742962690338,3194.8582160682195
2017-11-08 20:00:00,2445.0,2631.9516774530885,2294.894050764148,2969.009304142029
2017-11-08 21:00:00,1728.0,1788.570066168692,1451.5124394797513,2125.6276928576326
2017-11-08 22:00:00,1094.0,1207.0049756171452,869.9473489282045,1544.0626023060859
2017-11-08 23:00:00,614.0,605.8143533619594,268.75672667301876,942.8719800509001
2017-11-09 00:00:00,348.0,378.0060183716879,40.94839168274723,715.0636450606286
2017-11-09 03:00:00,877.0,836.7177432818631,499.66011659292246,1173.7753699708037
2017-11-09 04:00:00,2966.0,2887.0076025353933,2549.9499758464526,3224.065229224334
2017-11-09 05:00:00,5970.0,5674.420975852612,5337.363349163672,6011.478602541552
2017-11-09 06:00:00,6530.0,6417.2300326753875,6080.172405986446,6754.287659364329
2017-11-09 07:00:00,5542.0,5958.616221305992,5621.558594617052,6295.673847994933
2017-11-09 08:00:00,5710.0,5497.144344314605,5160.086717625665,5834.201971003546
2017-11-09 09:00:00,4726.0,4957.505151404011,4620.447524715069,5294.562778092952
2017-11-09 10:00:00,5025.0,4999.579975634591,4662.522348945651,5336.637602323532
2017-11-09 11:00:00,5151.0,5250.137960042412,4913.080333353471,5587.195586731352
2017-11-09 12:00:00,5340.0,5229.539718494787,4892.482091805847,5566.597345183727
2017-11-09 13:00:00,5261.0,5701.20523255572,5364.1476058667795,6038.26285924466
2017-11-09 14:00:00,5794.0,5623.819764977924,5286.762138288983,5960.877391666865
2017-11-09 15:00:00,6654.0,6442.04077526606,6104.983148577119,6779.0984019550015
2017-11-09 16:00:00,6210.0,6284.16852884039,5947.110902151449,6621.22615552933
2017-11-09 17:00:00,4758.0,4782.311404408305,4445.253777719365,5119.369031097245
2017-11-09 18:00:00,3466.0,3529.2628516483405,3192.2052249594,3866.320478337281
2017-11-09 19:00:00,3112.0,3010.989848463897,2673.9322217749564,3348.0474751528377
2017-11-09 20:00:00,2703.0,2927.0947266082444,2590.0370999193037,3264.152353297185
2017-11-09 21:00:00,2838.0,2092.9179811667555,1755.8603544778148,2429.975607855696
2017-11-09 22:00:00,1471.0,1888.8321837855808,1551.7745570966401,2225.8898104745213
2017-11-09 23:00:00,812.0,844.2427216926386,507.18509500369794,1181.3003483815792
2017-11-10 00:00:00,418.0,561.3945099383272,224.33688324938657,898.4521366272679
2017-11-10 01:00:00,311.0,332.2124638376124,0.0,669.2700905265531
2017-11-10 02:00:00,419.0,352.7668839388764,15.709257249935717,689.8245106278171
2017-11-10 03:00:00,776.0,833.9630954715994,496.9054687826588,1171.0207221605401
2017-11-10 04:00:00,2725.0,2673.17065539827,2336.1130287093292,3010.2282820872106
2017-11-10 05:00:00,5554.0,5586.207556665749,5249.1499299768075,5923.26518335469
2017-11-10 06:00:00,6494.0,6388.918997780876,6051.861371091936,6725.976624469817
2017-11-10 07:00:00,5593.0,5774.555944054218,5437.498317365278,6111.613570743159
2017-11-10 08:00:00,5039.0,5145.5992931670535,4808.541666478113,5482.656919855994
2017-11-10 09:00:00,4584.0,4739.882835647725,4402.825208958784,5076.940462336666
2017-11-10 10:00:00,4964.0,4979.999169910994,4642.941543222054,5317.056796599934
2017-11-10 11:00:00,5106.0,5255.604717299197,4918.547090610256,5592.662343988137
2017-11-10 12:00:00,5445.0,5162.345322276874,4825.287695587933,5499.402948965815
2017-11-10 13:00:00,5311.0,5702.6473612070295,5365.589734518089,6039.70498789597
2017-11-10 14:00:00,5667.0,5681.576085192556,5344.518458503615,6018.633711881497
2017-11-10 15:00:00,6057.0,6165.172906682567,5828.115279993626,6502.2305333715085
2017-11-10 16:00:00,5412.0,5590.448229935875,5253.390603246935,5927.505856624815
2017-11-10 17:00:00,4707.0,4519.624356462113,4182.5667297731725,4856.681983151053
2017-11-10 18:00:00,3505.0,3630.927416672944,3293.8697899840035,3967.985043361885
2017-11-10 19:00:00,3025.0,2992.9571344599512,2655.8995077710106,3330.014761148892
2017-11-10 20:00:00,2836.0,3016.9347680078363,2679.8771413188956,3353.992394696777
2017-11-10 21:00:00,2467.0,2586.7622089308725,2249.704582241932,2923.819835619813
2017-11-10 22:00:00,1739.0,1866.2053886122305,1529.1477619232899,2203.2630153011714
2017-11-10 23:00:00,1009.0,1183.710226751821,846.6526000628803,1520.7678534407617
2017-11-11 00:00:00,649.0,643.9268974849208,306.8692707959801,980.9845241738615
2017-11-11 03:00:00,555.0,580.6685350772372,243.61090838829648,917.7261617661778
2017-11-11 04:00:00,1057.0,838.375757893799,501.31813120485833,1175.4333845827396
2017-11-11 05:00:00,1584.0,1776.287273805377,1439.2296471164364,2113.3449004943177
2017-11-11 06:00:00,2323.0,2423.822654946993,2086.7650282580526,2760.880281635934
2017-11-11 07:00:00,3446.0,3231.1265464984986,2894.068919809558,3568.1841731874392
2017-11-11 08:00:00,4305.0,4168.721580993785,3831.6639543048445,4505.779207682726
2017-11-11 09:00:00,4690.0,4546.516480085393,4209.4588533964525,4883.574106774333
2017-11-11 10:00:00,4714.0,4953.441886001427,4616.384259312486,5290.499512690367
2017-11-11 11:00:00,4882.0,4896.534029839199,4559.476403150258,5233.59165652814
2017-11-11 12:00:00,4770.0,4822.401135831131,4485.343509142191,5159.458762520071
2017-11-11 13:00:00,4858.0,4711.832666816727,4374.775040127786,5048.8902935056685
2017-11-11 14:00:00,4495.0,4856.9533556717915,4519.89572898285,5194.010982360733
2017-11-11 15:00:00,4766.0,4544.973750464937,4207.916123775996,4882.031377153879
2017-11-11 16:00:00,4544.0,4534.7175776282775,4197.659950939336,4871.775204317219
2017-11-11 17:00:00,4236.0,4267.307565528143,3930.249938839202,4604.365192217083
2017-11-11 18:00:00,3435.0,3459.2594732273865,3122.201846538446,3796.317099916327
2017-11-11 19:00:00,2694.0,3053.0839353749857,2716.026308686045,3390.1415620639264
2017-11-11 20:00:00,2696.0,2729.0494897816416,2391.991863092701,3066.1071164705822
2017-11-11 21:00:00,2869.0,2621.3142748122086,2284.256648123268,2958.3719015011493
2017-11-11 22:00:00,2231.0,2227.9617986702683,1890.9041719813276,2565.019425359209
2017-11-11 23:00:00,1259.0,1433.399237357898,1096.3416106689574,1770.4568640468387
2017-11-12 00:00:00,704.0,820.9698354387652,483.9122087498246,1158.0274621277058
2017-11-12 01:00:00,724.0,460.3997866447281,123.34215995578745,797.4574133336688
2017-11-12 02:00:00,497.0,434.47185591379304,97.41422922485236,771.5294826027337
2017-11-12 03:00:00,504.0,477.2598113279864,140.20218463904575,814.3174380169271
2017-11-12 04:00:00,609.0,729.0911932494818,392.0335665605411,1066.1488199384225
2017-11-12 05:00:00,962.0,842.1362354391208,505.07860875018014,1179.1938621280615
2017-11-12 06:00:00,1260.0,1390.4286040262107,1053.37097733727,1727.4862307151514
2017-11-12 07:00:00,2133.0,2019.7469742944158,1682.6893476054752,2356.8046009833565
2017-11-12 08:00:00,2910.0,2923.3951790505603,2586.3375523616196,3260.452805739501
2017-11-12 09:00:00,3540.0,3669.474909742844,3332.4172830539032,4006.5325364317846
2017-11-12 10:00:00,3858.0,4012.0752737474845,3675.017647058544,4349.132900436425
2017-11-12 11:00:00,4055.0,4257.87338612923,3920.8157594402896,4594.931012818171
2017-11-12 12:00:00,4114.0,4215.710405193627,3878.652778504686,4552.768031882568
2017-11-12 13:00:00,4163.0,4207.925262896636,3870.8676362076953,4544.982889585577
2017-11-12 14:00:00,4490.0,4219.909795884205,3882.852169195264,4556.967422573145
2017-11-12 15:00:00,4746.0,4401.537729312521,4064.4801026235805,4738.595356001462
2017-11-12 16:00:00,4877.0,4310.137494472792,3973.0798677838516,4647.1951211617325
2017-11-12 17:00:00,5355.0,4260.413192944886,3923.355566255945,4597.470819633827
2017-11-12 18:00:00,3170.0,3648.368440885751,3311.3108141968105,3985.426067574692
2017-11-12 19:00:00,2463.0,2764.710419669434,2427.6527929804934,3101.7680463583747
2017-11-12 20:00:00,1919.0,2155.359541573149,1818.3019148842081,2492.4171682620895
2017-11-12 21:00:00,1342.0,1538.9441109363274,1201.8864842473868,1876.001737625268
2017-11-12 22:00:00,929.0,808.5014541370416,471.44382744810093,1145.5590808259822
2017-11-12 23:00:00,461.0,519.0198919016699,181.96226521272922,856.0775185906106
2017-11-13 00:00:00,302.0,268.7999443354437,0.0,605.8575710243844
2017-11-13 01:00:00,207.0,270.0355238738568,0.0,607.0931505627975
2017-11-13 02:00:00,338.0,270.54979659780514,0.0,607.6074232867459
2017-11-13 03:00:00,819.0,838.5452919764055,501.4876652874648,1175.6029186653461
2017-11-13 04:00:00,2844.0,2717.3229835054976,2380.265356816557,3054.3806101944383
2017-11-13 05:00:00,5660.0,5738.777322538297,5401.719695849357,6075.834949227237
2017-11-13 06:00:00,6505.0,6239.212572762665,5902.154946073724,6576.2701994516065
2017-11-13 07:00:00,6117.0,5928.7390370826915,5591.68141039375,6265.796663771633
2017-11-13 08:00:00,5190.0,5130.244924548171,4793.187297859231,5467.302551237111
2017-11-13 09:00:00,4456.0,4497.821924080617,4160.764297391675,4834.879550769558
2017-11-13 10:00:00,4595.0,4646.924017237177,4309.866390548237,4983.981643926118
2017-11-13 11:00:00,4829.0,4830.718177331699,4493.660550642759,5167.775804020639
2017-11-13 12:00:00,4779.0,4925.2953372075635,4588.237710518622,5262.352963896505
2017-11-13 13:00:00,5048.0,5186.485836018279,4849.428209329339,5523.543462707219
2017-11-13 14:00:00,5629.0,5533.957364706073,5196.899738017133,5871.014991395014
2017-11-13 15:00:00,6604.0,6319.164534396523,5982.106907707583,6656.222161085463
2017-11-13 16:00:00,5936.0,6145.8411988821545,5808.783572193213,6482.898825571096
2017-11-13 17:00:00,4184.0,4369.703893507974,4032.646266819033,4706.761520196915
2017-11-13 18:00:00,3008.0,3124.576370852396,2787.5187441634553,3461.6339975413366
2017-11-13 19:00:00,2537.0,2549.875526597018,2212.8178999080774,2886.9331532859587
2017-11-13 20:00:00,2048.0,2217.832775781035,1880.7751490920941,2554.8904024699755
2017-11-13 21:00:00,1498.0,1485.9342453917486,1148.876618702808,1822.9918720806893
2017-11-13 22:00:00,980.0,1027.5862999349781,690.5286732460374,1364.6439266239188
2017-11-13 23:00:00,483.0,564.0426369923945,226.9850103034538,901.1002636813352
2017-11-14 00:00:00,321.0,335.8047252115432,0.0,672.8623519004839
2017-11-14 01:00:00,216.0,279.83635274225315,0.0,616.8939794311939
2017-11-14 02:00:00,346.0,271.5122102096287,0.0,608.5698368985693
2017-11-14 03:00:00,871.0,860.353795707285,523.2961690183444,1197.4114223962256
2017-11-14 04:00:00,3005.0,2848.3837418641647,2511.326115175224,3185.4413685531053
2017-11-14 05:00:00,5631.0,5876.042582746375,5538.984956057435,6213.100209435315
2017-11-14 06:00:00,6212.0,6173.105272689495,5836.047646000554,6510.162899378436
2017-11-14 07:00:00,5841.0,5734.080091320428,5397.022464631487,6071.13771800937
2017-11-14 08:00:00,5531.0,5185.190977229357,4848.133350540416,5522.248603918297
2017-11-14 09:00:00,4398.0,4648.163135041767,4311.105508352826,4985.220761730709
2017-11-14 10:00:00,4690.0,4641.008109606581,4303.95048291764,4978.065736295521
2017-11-14 11:00:00,4910.0,4902.732904437355,4565.675277748414,5239.790531126295
2017-11-14 12:00:00,4952.0,4981.9056635032075,4644.848036814266,5318.963290192149
2017-11-14 13:00:00,5129.0,5379.697912097858,5042.640285408917,5716.755538786798
2017-11-14 14:00:00,5730.0,5568.153697886156,5231.096071197215,5905.211324575097
2017-11-14 15:00:00,6717.0,6394.40782854893,6057.35020185999,6731.465455237871
2017-11-14 16:00:00,6091.0,6322.1459926681655,5985.088365979225,6659.203619357106
2017-11-14 17:00:00,4371.0,4501.502573948356,4164.444947259415,4838.560200637297
2017-11-14 18:00:00,3202.0,3213.650886960174,2876.5932602712332,3550.7085136491146
2017-11-14 19:00:00,2778.0,2743.1944226873293,2406.1367959983886,3080.25204937627
2017-11-14 20:00:00,3722.0,2577.9697266863536,2240.912099997413,2915.0273533752943
2017-11-14 21:00:00,2381.0,2820.5166555874025,2483.459028898462,3157.574282276343
2017-11-14 22:00:00,1462.0,1206.2209947690121,869.1633680800715,1543.2786214579528
2017-11-14 23:00:00,608.0,852.6058900447428,515.5482633558021,1189.6635167336835
2017-11-15 00:00:00,318.0,382.7800899029369,45.72246321399621,719.8377165918776
2017-11-15 03:00:00,911.0,843.9391828807908,506.8815561918501,1180.9968095697313
2017-11-15 04:00:00,3011.0,2905.5053638955983,2568.4477372066576,3242.562990584539
2017-11-15 05:00:00,6015.0,5716.936187212578,5379.878560523637,6053.993813901519
2017-11-15 06:00:00,6580.0,6508.326223058152,6171.268596369211,6845.383849747093
2017-11-15 07:00:00,6104.0,6019.935229671271,5682.877602982331,6356.992856360212
2017-11-15 08:00:00,5379.0,5642.01605479225,5304.958428103309,5979.07368148119
2017-11-15 09:00:00,4687.0,4802.94118545254,4465.883558763599,5139.998812141481
2017-11-15 10:00:00,4924.0,4983.077408171864,4646.019781482923,5320.135034860805
2017-11-15 11:00:00,5043.0,5140.337381294784,4803.279754605843,5477.395007983725
2017-11-15 12:00:00,4945.0,5113.887322535618,4776.829695846678,5450.9449492245585
2017-11-15 13:00:00,5221.0,5388.30841655974,5051.250789870799,5725.366043248681
2017-11-15 14:00:00,5919.0,5581.3763013774515,5244.318674688511,5918.433928066392
2017-11-15 15:00:00,6923.0,6553.436063385103,6216.378436696163,6890.493690074043
2017-11-15 16:00:00,6325.0,6383.832152088973,6046.774525400033,6720.889778777913
2017-11-15 17:00:00,4660.0,4802.872349834494,4465.814723145553,5139.9299765234355
2017-11-15 18:00:00,3216.0,3441.6957723604305,3104.63814567149,3778.753399049371
2017-11-15 19:00:00,2914.0,2861.043225349,2523.985598660059,3198.1008520379405
2017-11-15 20:00:00,2461.0,2622.9679972374984,2285.9103705485577,2960.025623926439
2017-11-15 21:00:00,1957.0,1782.5758614177348,1445.5182347287941,2119.6334881066755
2017-11-15 22:00:00,1400.0,1350.5793652653304,1013.5217385763897,1687.636991954271
2017-11-15 23:00:00,604.0,813.9228203471689,476.86519365822824,1150.9804470361096
2017-11-16 00:00:00,359.0,368.249336640226,31.191709951285304,705.3069633291666
2017-11-16 01:00:00,264.0,297.5679221272211,0.0,634.6255488161618
2017-11-16 02:00:00,375.0,340.4961465908387,3.438519901898019,677.5537732797793
2017-11-16 03:00:00,916.0,848.1143404222856,511.05671373334496,1185.1719671112264
2017-11-16 04:00:00,2967.0,2983.8197397336944,2646.7621130447537,3320.877366422635
2017-11-16 05:00:00,5942.0,5832.9752881850045,5495.917661496063,6170.032914873946
2017-11-16 06:00:00,6685.0,6425.046446995497,6087.988820306557,6762.104073684437
2017-11-16 07:00:00,6029.0,6103.929817230384,5766.872190541444,6440.9874439193245
2017-11-16 08:00:00,5507.0,5299.217607554305,4962.159980865365,5636.275234243245
2017-11-16 09:00:00,4678.0,4904.891433546764,4567.833806857823,5241.9490602357055
2017-11-16 10:00:00,4943.0,4977.420179061998,4640.362552373057,5314.477805750939
2017-11-16 11:00:00,4977.0,5227.6519771300555,4890.594350441115,5564.709603818996
2017-11-16 12:00:00,5182.0,5111.426080096604,4774.368453407664,5448.483706785544
2017-11-16 13:00:00,5315.0,5600.704537423179,5263.646910734238,5937.76216411212
2017-11-16 14:00:00,6079.0,5816.223919663584,5479.1662929746435,6153.281546352524
2017-11-16 15:00:00,6658.0,6577.890919800947,6240.833293112006,6914.948546489888
2017-11-16 16:00:00,6125.0,6376.8415334085585,6039.783906719618,6713.899160097499
2017-11-16 17:00:00,4724.0,4860.315377060606,4523.257750371666,5197.373003749546
2017-11-16 18:00:00,3538.0,3540.327207596827,3203.2695809078864,3877.3848342857677
2017-11-16 19:00:00,3132.0,3129.22219403146,2792.164567342519,3466.2798207204005
2017-11-16 20:00:00,3069.0,2925.2711412176245,2588.213514528684,3262.328767906565
2017-11-16 21:00:00,3643.0,2492.8809151665646,2155.823288477624,2829.9385418555053
2017-11-16 22:00:00,2158.0,1882.6393610883313,1545.5817343993906,2219.6969877772717
2017-11-16 23:00:00,760.0,1183.852770484942,846.7951437960014,1520.9103971738828
2017-11-17 00:00:00,469.0,497.72295979219604,160.66533310325536,834.7805864811367
2017-11-17 01:00:00,316.0,344.4446809731697,7.387054284229009,681.5023076621103
2017-11-17 02:00:00,405.0,355.5260492513352,18.46842256239455,692.583675940276
2017-11-17 03:00:00,851.0,793.8885642073164,456.8309375183758,1130.9461908962571
2017-11-17 04:00:00,2809.0,2792.6657985227653,2455.6081718338246,3129.723425211706
2017-11-17 05:00:00,5672.0,5705.283080589798,5368.225453900857,6042.3407072787395
2017-11-17 06:00:00,5849.0,6426.5406654427825,6089.483038753842,6763.598292131723
2017-11-17 07:00:00,5344.0,5712.838159936085,5375.7805332471435,6049.895786625026
2017-11-17 08:00:00,5132.0,5051.686596471378,4714.628969782438,5388.744223160318
2017-11-17 09:00:00,4706.0,4823.038354655604,4485.980727966664,5160.095981344544
2017-11-17 10:00:00,5128.0,5087.0459377271845,4749.988311038243,5424.103564416126
2017-11-17 11:00:00,5308.0,5382.787170190674,5045.729543501733,5719.844796879615
2017-11-17 12:00:00,5105.0,5304.207332679443,4967.149705990503,5641.264959368384
2017-11-17 13:00:00,5488.0,5428.480450385143,5091.422823696203,5765.538077074083
2017-11-17 14:00:00,5906.0,5879.806527758904,5542.748901069963,6216.864154447845
2017-11-17 15:00:00,6629.0,6298.791300045172,5961.7336733562315,6635.848926734112
2017-11-17 16:00:00,5965.0,6048.670049221141,5711.6124225322,6385.727675910082
2017-11-17 17:00:00,5100.0,4985.344436030779,4648.286809341838,5322.402062719721
2017-11-17 18:00:00,3774.0,3851.3492045539833,3514.2915778650427,4188.406831242924
2017-11-17 19:00:00,3077.0,3239.309523499693,2902.2518968107524,3576.367150188634
2017-11-17 20:00:00,3030.0,3041.9398880440763,2704.8822613551356,3378.997514733017
2017-11-17 21:00:00,2630.0,2891.6072552082114,2554.5496285192708,3228.664881897152
2017-11-17 22:00:00,2657.0,1925.873573594256,1588.8159469053153,2262.9312002831966
2017-11-17 23:00:00,1222.0,1599.2020999390515,1262.1444732501109,1936.2597266279922
2017-11-18 00:00:00,709.0,754.1331529590567,417.07552627011603,1091.1907796479973
2017-11-18 01:00:00,496.0,457.5919456554506,120.53431896650994,794.6495723443913
2017-11-18 02:00:00,433.0,407.0260455167716,69.96841882783093,744.0836722057122
2017-11-18 03:00:00,392.0,493.7366436218155,156.67901693287484,830.7942703107562
2017-11-18 04:00:00,801.0,773.4786990811643,436.42107239222366,1110.5363257701051
2017-11-18 05:00:00,1385.0,1490.6864930664256,1153.6288663774849,1827.7441197553662
2017-11-18 06:00:00,2115.0,2148.2327693561137,1811.175142667173,2485.2903960450544
2017-11-18 07:00:00,3136.0,3076.251881047737,2739.194254358796,3413.3095077366775
2017-11-18 08:00:00,3676.0,3884.53185137448,3547.4742246855394,4221.589478063421
2017-11-18 09:00:00,4034.0,4127.423961780983,3790.366335092042,4464.481588469924
2017-11-18 10:00:00,4517.0,4463.212189328026,4126.154562639085,4800.2698160169675
2017-11-18 11:00:00,4590.0,4770.495567038065,4433.437940349124,5107.553193727006
2017-11-18 12:00:00,4876.0,4669.607213078133,4332.549586389192,5006.664839767074
2017-11-18 13:00:00,4729.0,4827.803888904473,4490.746262215533,5164.861515593413
2017-11-18 14:00:00,4754.0,4686.8441625013975,4349.786535812456,5023.901789190339
2017-11-18 15:00:00,4939.0,4691.244372636818,4354.186745947878,5028.3019993257585
2017-11-18 16:00:00,4852.0,4925.976920232355,4588.919293543415,5263.034546921295
2017-11-18 17:00:00,4556.0,4351.513131614167,4014.4555049252263,4688.570758303107
2017-11-18 18:00:00,3733.0,3591.561877938267,3254.5042512493264,3928.619504627208
2017-11-18 19:00:00,3181.0,3242.235579673456,2905.1779529845153,3579.2932063623966
2017-11-18 20:00:00,3011.0,3194.5894351441248,2857.531808455184,3531.6470618330654
2017-11-18 21:00:00,3358.0,3010.7605070907944,2673.7028804018537,3347.818133779735
2017-11-18 22:00:00,3347.0,2343.36350691662,2006.3058802276792,2680.4211336055605
2017-11-18 23:00:00,1529.0,1835.0769012970636,1498.019274608123,2172.1345279860043
2017-11-19 00:00:00,996.0,901.3821988436866,564.324572154746,1238.4398255326273
2017-11-19 01:00:00,726.0,693.5785587491642,356.5209320602236,1030.6361854381048
2017-11-19 02:00:00,439.0,465.62773786567425,128.57011117673358,802.6853645546149
2017-11-19 03:00:00,407.0,405.9941958471825,68.93656915824181,743.0518225361232
2017-11-19 04:00:00,738.0,562.9376632788081,225.88003658986747,899.9952899677488
2017-11-19 05:00:00,1138.0,1164.5873308022408,827.5297041133001,1501.6449574911815
2017-11-19 06:00:00,1498.0,1693.691002310446,1356.6333756215054,2030.7486289993867
2017-11-19 07:00:00,2214.0,2287.979669762436,1950.9220430734954,2625.0372964513767
2017-11-19 08:00:00,3432.0,3075.4747824190176,2738.417155730077,3412.5324091079583
2017-11-19 09:00:00,4460.0,4019.5711950903396,3682.513568401399,4356.628821779281
2017-11-19 10:00:00,4195.0,4735.197014721029,4398.139388032088,5072.254641409969
2017-11-19 11:00:00,4185.0,4538.534309164908,4201.476682475968,4875.591935853849
2017-11-19 12:00:00,4115.0,4307.848893104894,3970.7912664159535,4644.906519793834
2017-11-19 13:00:00,4121.0,4287.498947058634,3950.4413203696936,4624.556573747575
2017-11-19 14:00:00,4329.0,4257.165778528859,3920.1081518399183,4594.223405217799
2017-11-19 15:00:00,4555.0,4333.0910514576535,3996.033424768713,4670.148678146594
2017-11-19 16:00:00,4505.0,4386.952823415083,4049.8951967261423,4724.010450104024
2017-11-19 17:00:00,3560.0,4168.866596895553,3831.8089702066122,4505.924223584494
2017-11-19 18:00:00,2989.0,3143.4030306168347,2806.345403927894,3480.4606573057754
2017-11-19 19:00:00,2477.0,2623.678013806392,2286.620387117451,2960.7356404953325
2017-11-19 20:00:00,1898.0,2203.909594253546,1866.8519675646053,2540.9672209424866
2017-11-19 21:00:00,1413.0,1496.638518039681,1159.5808913507403,1833.6961447286217
2017-11-19 22:00:00,991.0,959.5603894519044,622.5027627629637,1296.6180161408452
2017-11-19 23:00:00,484.0,531.5723995498486,194.5147728609079,868.6300262387892
2017-11-20 00:00:00,331.0,335.09346054003595,0.0,672.1510872289766
2017-11-20 01:00:00,239.0,279.7238258755161,0.0,616.7814525644568
2017-11-20 02:00:00,373.0,336.0832949936101,0.0,673.1409216825507
2017-11-20 03:00:00,848.0,826.1207132252945,489.0630865363538,1163.178339914235
2017-11-20 04:00:00,2851.0,2739.2856702451104,2402.2280435561697,3076.343296934051
2017-11-20 05:00:00,5208.0,5731.191466527109,5394.133839838169,6068.249093216049
2017-11-20 06:00:00,6600.0,5731.360292327191,5394.30266563825,6068.417919016132
2017-11-20 07:00:00,5918.0,5808.973406495807,5471.915779806866,6146.031033184747
2017-11-20 08:00:00,5020.0,5113.174670329084,4776.117043640143,5450.232297018025
2017-11-20 09:00:00,4583.0,4353.57615472459,4016.5185280356495,4690.633781413531
2017-11-20 10:00:00,4556.0,4732.353116403964,4395.295489715023,5069.410743092905
2017-11-20 11:00:00,4812.0,4781.462187991768,4444.404561302827,5118.519814680709
2017-11-20 12:00:00,4866.0,4890.018663107999,4552.961036419058,5227.07628979694
2017-11-20 13:00:00,5095.0,5260.212510704618,4923.154884015677,5597.270137393558
2017-11-20 14:00:00,5769.0,5525.097804036325,5188.040177347384,5862.155430725266
2017-11-20 15:00:00,6629.0,6307.795000388189,5970.737373699249,6644.852627077129
2017-11-20 16:00:00,6013.0,6233.917359056973,5896.8597323680315,6570.974985745914
2017-11-20 17:00:00,4162.0,4362.991212208856,4025.9335855199156,4700.048838897797
2017-11-20 18:00:00,3029.0,3096.796431747098,2759.738805058157,3433.8540584360385
2017-11-20 19:00:00,2612.0,2591.4158823425655,2254.358255653625,2928.473509031506
2017-11-20 20:00:00,2595.0,2316.9339891858754,1979.8763624969347,2653.991615874816
2017-11-20 21:00:00,3268.0,1893.1843969020201,1556.1267702130795,2230.242023590961
2017-11-20 22:00:00,1174.0,1360.3238337784594,1023.2662070895187,1697.3814604674
2017-11-20 23:00:00,560.0,556.9754036447558,219.91777695581516,894.0330303336965
2017-11-21 00:00:00,373.0,363.6689122593983,26.611285570457653,700.726538948339
2017-11-21 01:00:00,247.0,302.5581863854426,0.0,639.6158130743833
2017-11-21 02:00:00,381.0,333.0764043941561,0.0,670.1340310830967
2017-11-21 03:00:00,867.0,847.0173109215267,509.959684232586,1184.0749376104673
2017-11-21 04:00:00,2906.0,2832.8584975144126,2495.800870825472,3169.9161242033533
2017-11-21 05:00:00,5793.0,5923.893729790195,5586.836103101254,6260.951356479136
2017-11-21 06:00:00,6796.0,6457.649778886746,6120.592152197805,6794.7074055756875
2017-11-21 07:00:00,5932.0,6093.937510946243,5756.8798842573015,6430.995137635184
2017-11-21 08:00:00,5354.0,5233.651787542855,4896.594160853914,5570.7094142317965
2017-11-21 09:00:00,4682.0,4650.234353849154,4313.176727160213,4987.291980538095
2017-11-21 10:00:00,4877.0,4960.069029616001,4623.011402927061,5297.126656304941
2017-11-21 11:00:00,5069.0,5062.848938023977,4725.791311335037,5399.906564712917
2017-11-21 12:00:00,5268.0,5111.567933937159,4774.510307248218,5448.6255606261
2017-11-21 13:00:00,5314.0,5607.553163300219,5270.495536611279,5944.6107899891595
2017-11-21 14:00:00,5823.0,5792.896298100626,5455.838671411686,6129.953924789566
2017-11-21 15:00:00,6669.0,6489.844423184492,6152.786796495551,6826.9020498734335
2017-11-21 16:00:00,6379.0,6319.357501464993,5982.299874776052,6656.415128153934
2017-11-21 17:00:00,4670.0,4726.056301160398,4388.998674471457,5063.113927849339
2017-11-21 18:00:00,3208.0,3441.097390680159,3104.0397639912185,3778.1550173691
2017-11-21 19:00:00,2807.0,2860.6325419586815,2523.574915269741,3197.690168647622
2017-11-21 20:00:00,2583.0,2611.962177395031,2274.9045507060905,2949.019804083972
2017-11-21 21:00:00,1848.0,1936.8413866419462,1599.7837599530055,2273.899013330887
2017-11-21 22:00:00,1111.0,1184.069181894955,847.0115552060142,1521.1268085838956
2017-11-21 23:00:00,633.0,623.0382798790931,285.98065319015245,960.0959065680338
2017-11-22 00:00:00,422.0,388.0687560895121,51.011129400571406,725.1263827784528
2017-11-22 01:00:00,320.0,339.36199243184535,2.304365742904679,676.419619120786
2017-11-22 02:00:00,380.0,355.1027314311787,18.04510474223804,692.1603581201193
2017-11-22 03:00:00,861.0,848.1279169325034,511.0702902435627,1185.1855436214441
2017-11-22 04:00:00,2761.0,2869.9702765285424,2532.9126498396017,3207.027903217483
2017-11-22 05:00:00,5385.0,5765.947331465586,5428.889704776646,6103.004958154526
2017-11-22 06:00:00,5983.0,6076.403162030803,5739.345535341863,6413.4607887197435
2017-11-22 07:00:00,5411.0,5712.03278207227,5374.9751553833285,6049.090408761211
2017-11-22 08:00:00,5036.0,5020.297068961466,4683.239442272525,5357.354695650407
2017-11-22 09:00:00,4830.0,4545.281795017613,4208.224168328672,4882.339421706554
2017-11-22 10:00:00,5165.0,5074.354061748195,4737.296435059254,5411.411688437136
2017-11-22 11:00:00,5484.0,5361.480298239164,5024.422671550223,5698.537924928105
2017-11-22 12:00:00,5650.0,5421.363380333392,5084.305753644452,5758.421007022333
2017-11-22 13:00:00,5916.0,5915.166980210558,5578.109353521617,6252.224606899499
2017-11-22 14:00:00,5793.0,6258.59526120074,5921.5376345118,6595.652887889681
2017-11-22 15:00:00,6032.0,6389.452330264746,6052.394703575805,6726.509956953687
2017-11-22 16:00:00,5177.0,5702.642139189626,5365.584512500685,6039.699765878566
2017-11-22 17:00:00,4347.0,4365.544166859324,4028.4865401703833,4702.601793548265
2017-11-22 18:00:00,3179.0,3237.743901670884,2900.6862749819434,3574.8015283598247
2017-11-22 19:00:00,2860.0,2745.059983000421,2408.0023563114805,3082.117609689362
2017-11-22 20:00:00,2638.0,2537.318853358029,2200.2612266690885,2874.37648004697
2017-11-22 21:00:00,2077.0,1947.4819069503308,1610.42428026139,2284.539533639271
2017-11-22 22:00:00,1474.0,1361.3422841658237,1024.284657476883,1698.3999108547644
2017-11-22 23:00:00,1324.0,876.0301276037532,538.9725009148125,1213.0877542926937
2017-11-23 00:00:00,601.0,765.2949047024023,428.2372780134616,1102.3525313913428
2017-11-23 01:00:00,416.0,415.9013517759568,78.84372508701614,752.9589784648974
2017-11-23 02:00:00,320.0,381.7687212526803,44.71109456373961,718.826347941621
2017-11-23 03:00:00,266.0,497.78180246840355,160.72417577946288,834.8394291573443
2017-11-23 04:00:00,423.0,689.5785769625605,352.52095027361986,1026.636203651501
2017-11-23 05:00:00,834.0,910.7621559214947,573.704529232554,1247.8197826104354
2017-11-23 06:00:00,991.0,1051.8679784148014,714.8103517258608,1388.925605103742
2017-11-23 07:00:00,1267.0,1255.0619590294164,918.0043323404757,1592.119585718357
2017-11-23 08:00:00,2227.0,1881.5372805665904,1544.4796538776498,2218.5949072555313
2017-11-23 09:00:00,2817.0,2775.3425967540743,2438.2849700651336,3112.400223443015
2017-11-23 10:00:00,3347.0,3360.0136001878413,3022.9559734989007,3697.071226876782
2017-11-23 11:00:00,3169.0,3566.795753986955,3229.738127298014,3903.8533806758956
2017-11-23 12:00:00,3049.0,3153.3549506912245,2816.297324002284,3490.412577380165
2017-11-23 13:00:00,2935.0,3108.2581933471224,2771.2005666581817,3445.315820036063
2017-11-23 14:00:00,3278.0,3049.831671309708,2712.774044620767,3386.8892979986485
2017-11-23 15:00:00,3212.0,3117.2164805316206,2780.15885384268,3454.2741072205613
2017-11-23 16:00:00,3340.0,2812.0253853685854,2474.9677586796447,3149.083012057526
2017-11-23 17:00:00,3267.0,3005.5277089331407,2668.4700822442,3342.5853356220814
2017-11-23 18:00:00,3194.0,2865.9359239994087,2528.878297310468,3202.9935506883494
2017-11-23 19:00:00,2989.0,2852.5793481000405,2515.5217214111,3189.636974788981
2017-11-23 20:00:00,2730.0,2727.043660126329,2389.9860334373884,3064.1012868152698
2017-11-23 21:00:00,1962.0,2285.287289974963,1948.2296632860225,2622.344916663904
2017-11-23 22:00:00,1313.0,1387.7571114258865,1050.6994847369458,1724.8147381148272
2017-11-23 23:00:00,770.0,767.6740302917576,430.61640360281694,1104.7316569806983
2017-11-24 00:00:00,467.0,520.5601055956673,183.50247890672665,857.617732284608
2017-11-24 01:00:00,271.0,333.28051246790295,0.0,670.3381391568437
2017-11-24 02:00:00,257.0,323.92472829150415,0.0,660.9823549804448
2017-11-24 03:00:00,403.0,530.4357329948881,193.37810630594743,867.4933596838288
2017-11-24 04:00:00,1045.0,862.7986450161068,525.7410183271661,1199.8562717050474
2017-11-24 05:00:00,2101.0,2018.7603193243897,1681.702692635449,2355.8179460133306
2017-11-24 06:00:00,2419.0,2696.701439352965,2359.643812664024,3033.7590660419055
2017-11-24 07:00:00,2480.0,2848.9478289843364,2511.8902022953957,3186.005455673277
2017-11-24 08:00:00,2909.0,2840.4739427267687,2503.416316037828,3177.5315694157093
2017-11-24 09:00:00,3405.0,3328.7180396244466,2991.660412935506,3665.7756663133873
2017-11-24 10:00:00,4017.0,3780.255225467707,3443.1975987787664,4117.312852156648
2017-11-24 11:00:00,4321.0,4131.300670812229,3794.2430441232887,4468.3582975011705
2017-11-24 12:00:00,4334.0,4351.145867763909,4014.0882410749687,4688.20349445285
2017-11-24 13:00:00,4749.0,4396.678998491749,4059.621371802808,4733.736625180689
2017-11-24 14:00:00,4696.0,4786.92893032445,4449.871303635509,5123.986557013392
2017-11-24 15:00:00,4482.0,4836.60281320972,4499.54518652078,5173.66043989866
2017-11-24 16:00:00,4858.0,4149.895562958236,3812.8379362692954,4486.953189647176
2017-11-24 17:00:00,5325.0,4245.17743959276,3908.119812903819,4582.235066281701
2017-11-24 18:00:00,3279.0,3516.8038841432217,3179.746257454281,3853.8615108321624
2017-11-24 19:00:00,2844.0,2822.0743493030736,2485.016722614133,3159.1319759920143
2017-11-24 20:00:00,2802.0,2810.795364730637,2473.7377380416965,3147.852991419578
2017-11-24 21:00:00,2297.0,2768.9957961330624,2431.9381694441217,3106.053422822003
2017-11-24 22:00:00,1642.0,1595.5928418002768,1258.5352151113361,1932.6504684892175
2017-11-24 23:00:00,1079.0,1037.4878488054778,700.4302221165372,1374.5454754944185
2017-11-25 00:00:00,655.0,649.7859662244113,312.7283395354706,986.8435929133519
2017-11-25 01:00:00,516.0,410.69411774072796,73.63649105178729,747.7517444296686
2017-11-25 02:00:00,372.0,372.8278652405169,35.770238551576256,709.8854919294577
2017-11-25 03:00:00,323.0,390.87148539764627,53.813858708705595,727.9291120865869
2017-11-25 04:00:00,595.0,587.3286766366497,250.271049947709,924.3863033255903
2017-11-25 05:00:00,1010.0,1024.3828253209467,687.325198632006,1361.4404520098874
2017-11-25 06:00:00,1539.0,1506.0459186752714,1168.9882919863308,1843.103545364212
2017-11-25 07:00:00,2133.0,2276.5965344525794,1939.5389077636387,2613.65416114152
2017-11-25 08:00:00,3054.0,2814.9380479372353,2477.8804212482946,3151.995674626176
2017-11-25 09:00:00,3914.0,3547.0811835750656,3210.023556886125,3884.138810264006
2017-11-25 10:00:00,4734.0,4108.426446769608,3771.368820080668,4445.484073458549
2017-11-25 11:00:00,5167.0,4721.282285011276,4384.224658322335,5058.339911700217
2017-11-25 12:00:00,4952.0,5104.811445274205,4767.7538185852645,5441.869071963145
2017-11-25 13:00:00,4461.0,4779.053493630584,4441.995866941643,5116.111120319525
2017-11-25 14:00:00,4348.0,4457.758146757414,4120.7005200684725,4794.815773446355
2017-11-25 15:00:00,4380.0,4324.383679629982,3987.3260529410413,4661.441306318922
2017-11-25 16:00:00,4490.0,4238.014856298938,3900.9572296099973,4575.072482987878
2017-11-25 17:00:00,4046.0,4130.271799241896,3793.214172552955,4467.329425930837
2017-11-25 18:00:00,3463.0,3274.1117555221185,2937.054128833178,3611.169382211059
2017-11-25 19:00:00,3005.0,2933.552158482059,2596.4945317931183,3270.6097851709997
2017-11-25 20:00:00,2800.0,2922.8835632225696,2585.825936533629,3259.9411899115103
2017-11-25 21:00:00,2673.0,2768.124252576728,2431.0666258877873,3105.1818792656686
2017-11-25 22:00:00,2584.0,2128.257547826829,1791.1999211378884,2465.3151745157697
2017-11-25 23:00:00,1386.0,1554.189564377449,1217.1319376885083,1891.2471910663896
2017-11-26 00:00:00,938.0,880.4172499699556,543.3596232810149,1217.4748766588964
2017-11-26 01:00:00,701.0,676.0646508530931,339.0070241641524,1013.1222775420338
2017-11-26 02:00:00,513.0,436.20485881527804,99.14723212633737,773.2624855042187
2017-11-26 03:00:00,454.0,437.0112533267561,99.95362663781543,774.0688800156968
2017-11-26 04:00:00,602.0,576.3765607851984,239.31893409625775,913.4341874741391
2017-11-26 05:00:00,965.0,807.720736352074,470.66310966313335,1144.7783630410147
2017-11-26 06:00:00,1240.0,1461.3616802346057,1124.304053545665,1798.4193069235464
2017-11-26 07:00:00,1769.0,1930.4574600609824,1593.3998333720417,2267.5150867499233
2017-11-26 08:00:00,2404.0,2577.96454472703,2240.9069180380893,2915.0221714159707
2017-11-26 09:00:00,3280.0,3078.4350399007417,2741.377413211801,3415.4926665896824
2017-11-26 10:00:00,3886.0,3654.985764169885,3317.9281374809443,3992.0433908588257
2017-11-26 11:00:00,4299.0,4200.8528160598735,3863.795189370933,4537.910442748815
2017-11-26 12:00:00,4860.0,4360.490352109471,4023.4327254205305,4697.547978798411
2017-11-26 13:00:00,4871.0,4669.398832492932,4332.341205803992,5006.456459181873
2017-11-26 14:00:00,4994.0,4631.91995826474,4294.8623315757995,4968.97758495368
2017-11-26 15:00:00,4933.0,4778.546039412548,4441.488412723607,5115.60366610149
2017-11-26 16:00:00,4794.0,4696.081417908397,4359.023791219457,5033.1390445973375
2017-11-26 17:00:00,4392.0,4226.046308392759,3888.988681703818,4563.103935081699
2017-11-26 18:00:00,3341.0,3404.845489096135,3067.7878624071946,3741.903115785076
2017-11-26 19:00:00,2839.0,2914.1368418772167,2577.079215188276,3251.1944685661574
2017-11-26 20:00:00,2550.0,2413.3266302283023,2076.2690035393616,2750.384256917243
2017-11-26 21:00:00,1640.0,1912.4182475400748,1575.3606208511342,2249.4758742290155
2017-11-26 22:00:00,1009.0,1071.2473558135073,734.1897291245666,1408.304982502448
2017-11-26 23:00:00,539.0,552.9525701170278,215.89494342808712,890.0101968059685
2017-11-27 00:00:00,317.0,350.0414543250083,12.983827636067645,687.099081013949
2017-11-27 01:00:00,213.0,278.3730569598226,0.0,615.4306836487633
2017-11-27 02:00:00,328.0,254.77299695344004,0.0,591.8306236423807
2017-11-27 03:00:00,810.0,787.5819239062649,450.52429721732426,1124.6395505952055
2017-11-27 04:00:00,2875.0,2690.6641716839035,2353.606544994963,3027.721798372844
2017-11-27 05:00:00,5636.0,5540.095541795109,5203.037915106168,5877.15316848405
2017-11-27 06:00:00,6656.0,6215.126597784864,5878.068971095923,6552.184224473805
2017-11-27 07:00:00,5907.0,5960.757408704066,5623.699782015125,6297.815035393007
2017-11-27 08:00:00,5063.0,4940.058608826995,4603.000982138054,5277.116235515936
2017-11-27 09:00:00,4365.0,4355.03060316413,4017.9729764751896,4692.0882298530705
2017-11-27 10:00:00,4513.0,4515.484689405507,4178.427062716566,4852.542316094448
2017-11-27 11:00:00,4933.0,4694.00228211674,4356.9446554278,5031.059908805681
2017-11-27 12:00:00,4659.0,4990.276083764164,4653.218457075223,5327.333710453104
2017-11-27 13:00:00,4997.0,4977.096971982416,4640.039345293475,5314.154598671357
2017-11-27 14:00:00,5748.0,5471.479164624461,5134.421537935521,5808.536791313401
2017-11-27 15:00:00,6674.0,6344.662914003293,6007.605287314353,6681.720540692233
2017-11-27 16:00:00,5937.0,6253.546049881035,5916.488423192095,6590.6036765699755
2017-11-27 17:00:00,4171.0,4295.920127913853,3958.8625012249126,4632.977754602794
2017-11-27 18:00:00,2984.0,2969.235203170283,2632.1775764813424,3306.2928298592237
2017-11-27 19:00:00,2399.0,2441.2164357939387,2104.158809104998,2778.2740624828793
2017-11-27 20:00:00,2051.0,2079.477241648683,1742.4196149597424,2416.5348683376237
2017-11-27 21:00:00,1431.0,1529.7292889450855,1192.6716622561448,1866.7869156340262
2017-11-27 22:00:00,955.0,974.8372423067422,637.7796156178015,1311.8948689956828
2017-11-27 23:00:00,569.0,559.7108416597022,222.6532149707615,896.7684683486428
2017-11-28 00:00:00,317.0,359.9123047676959,22.854678078755228,696.9699314566366
2017-11-28 01:00:00,254.0,279.3858821635023,0.0,616.443508852443
2017-11-28 02:00:00,352.0,332.96330463096234,0.0,670.020931319903
2017-11-28 03:00:00,843.0,836.9135736021581,499.8559469132174,1173.9712002910987
2017-11-28 04:00:00,3058.0,2795.785160446356,2458.727533757415,3132.8427871352965
2017-11-28 05:00:00,5917.0,5738.1972464598475,5401.139619770907,6075.254873148788
2017-11-28 06:00:00,6649.0,6196.063063624094,5859.005436935153,6533.120690313035
2017-11-28 07:00:00,6075.0,6141.581713913938,5804.524087224998,6478.639340602878
2017-11-28 08:00:00,5320.0,5212.629644829929,4875.572018140989,5549.687271518869
2017-11-28 09:00:00,4493.0,4556.95717357119,4219.899546882249,4894.014800260131
2017-11-28 10:00:00,4934.0,4692.609192573662,4355.551565884722,5029.666819262602
2017-11-28 11:00:00,4980.0,5111.192630150662,4774.135003461721,5448.250256839603
2017-11-28 12:00:00,4837.0,5024.687774021745,4687.630147332804,5361.745400710686
2017-11-28 13:00:00,5024.0,5219.747469246961,4882.68984255802,5556.8050959359025
2017-11-28 14:00:00,5756.0,5445.013444035429,5107.955817346488,5782.071070724369
2017-11-28 15:00:00,6731.0,6407.303482293777,6070.245855604837,6744.361108982717
2017-11-28 16:00:00,5922.0,6352.242831932668,6015.185205243728,6689.300458621608
2017-11-28 17:00:00,4740.0,4453.874293130856,4116.816666441915,4790.931919819797
2017-11-28 18:00:00,3162.0,3331.935416424881,2994.8777897359405,3668.993043113822
2017-11-28 19:00:00,2676.0,2676.1725809902787,2339.114954301338,3013.2302076792193
2017-11-28 20:00:00,2378.0,2458.804561905785,2121.746935216844,2795.8621885947255
2017-11-28 21:00:00,1532.0,1737.73860222217,1400.6809755332292,2074.7962289111106
2017-11-28 22:00:00,946.0,1014.3396941163361,677.2820674273954,1351.3973208052766
2017-11-28 23:00:00,552.0,573.5779312251193,236.52030453617863,910.63555791406
2017-11-29 00:00:00,310.0,356.5877463614877,19.530119672547016,693.6453730504284
2017-11-29 01:00:00,274.0,279.3858821635023,0.0,616.443508852443
2017-11-29 02:00:00,376.0,336.44817365124794,0.0,673.5058003401887
2017-11-29 03:00:00,883.0,836.893148574635,499.83552188569433,1173.9507752635757
2017-11-29 04:00:00,3034.0,2888.630502327816,2551.5728756388753,3225.6881290167566
2017-11-29 05:00:00,5956.0,5775.630058231395,5438.572431542454,6112.687684920336
2017-11-29 06:00:00,6624.0,6209.070197101382,5872.012570412442,6546.1278237903225
2017-11-29 07:00:00,6020.0,6004.733307557947,5667.675680869006,6341.790934246888
2017-11-29 08:00:00,5331.0,5116.714682817407,4779.657056128466,5453.772309506348
2017-11-29 09:00:00,4690.0,4647.514600721475,4310.456974032535,4984.5722274104155
2017-11-29 10:00:00,4770.0,4876.128454354804,4539.070827665862,5213.186081043745
2017-11-29 11:00:00,4982.0,4923.212993697775,4586.155367008834,5260.2706203867165
2017-11-29 12:00:00,4983.0,5039.076117768059,4702.018491079118,5376.133744457
2017-11-29 13:00:00,5223.0,5379.32711960974,5042.269492920799,5716.384746298681
2017-11-29 14:00:00,5862.0,5681.348794055578,5344.291167366637,6018.406420744519
2017-11-29 15:00:00,6685.0,6446.052504971705,6108.994878282765,6783.1101316606455
2017-11-29 16:00:00,6347.0,6265.762494879787,5928.704868190845,6602.820121568728
2017-11-29 17:00:00,4914.0,4654.682083202195,4317.624456513255,4991.739709891135
2017-11-29 18:00:00,3716.0,3377.8398732800056,3040.782246591065,3714.8974999689462
2017-11-29 19:00:00,2859.0,3063.031861480992,2725.9742347920514,3400.089488169933
2017-11-29 20:00:00,2491.0,2603.6660869561083,2266.6084602671676,2940.723713645049
2017-11-29 21:00:00,1780.0,1849.2135119918833,1512.1558853029426,2186.271138680824
2017-11-29 22:00:00,2859.0,1328.174678820841,991.1170521319004,1665.2323055097818
2017-11-29 23:00:00,732.0,912.4411377822072,575.3835110932665,1249.4987644711478
2017-11-30 00:00:00,401.0,431.83537643500296,94.77774974606228,768.8930031239436
2017-11-30 01:00:00,284.0,316.7197232005526,0.0,653.7773498894933
2017-11-30 02:00:00,395.0,337.107790552183,0.05016386324234645,674.1654172411237
2017-11-30 03:00:00,926.0,837.8712430176444,500.8136163287037,1174.928869706585
2017-11-30 04:00:00,2967.0,2961.2658325479424,2624.2082058590017,3298.323459236883
2017-11-30 05:00:00,5862.0,5666.370236690234,5329.312610001294,6003.427863379175
2017-11-30 06:00:00,6440.0,6289.506453645525,5952.4488269565845,6626.564080334465
2017-11-30 07:00:00,5819.0,5915.380935992416,5578.323309303476,6252.438562681356
2017-11-30 08:00:00,5518.0,5171.53263127177,4834.47500458283,5508.59025796071
2017-11-30 09:00:00,4643.0,4882.081635930894,4545.0240092419535,5219.139262619834
2017-11-30 10:00:00,5089.0,4936.069709081386,4599.012082392444,5273.127335770327
2017-11-30 11:00:00,5069.0,5296.236263341485,4959.178636652545,5633.293890030425
2017-11-30 12:00:00,5138.0,5177.6601332531945,4840.602506564253,5514.717759942136
2017-11-30 13:00:00,5338.0,5527.611885334727,5190.554258645787,5864.669512023667
2017-11-30 14:00:00,5700.0,5812.752556687717,5475.6949299987755,6149.810183376658
2017-11-30 15:00:00,6605.0,6362.021050050102,6024.963423361161,6699.078676739042
2017-11-30 16:00:00,6241.0,6169.1021987826025,5832.044572093662,6506.159825471543
2017-11-30 17:00:00,4668.0,4919.757872157526,4582.700245468586,5256.815498846467
2017-11-30 18:00:00,3377.0,3512.444415337292,3175.3867886483513,3849.5020420262326
2017-11-30 19:00:00,3106.0,2956.5685885174444,2619.5109618285037,3293.626215206385
2017-11-30 20:00:00,3619.0,2925.651273752864,2588.5936470639235,3262.708900441805
2017-11-30 21:00:00,2969.0,2878.0192295153306,2540.96160282639,3215.0768562042713
2017-11-30 22:00:00,1383.0,1536.9739893143826,1199.916362625442,1874.0316160033233
2017-11-30 23:00:00,721.0,793.6918795402136,456.6342528512729,1130.7495062291541
2017-12-01 00:00:00,431.0,457.3535784135214,120.29595172458073,794.4112051024621
2017-12-01 01:00:00,291.0,343.72762034231596,6.669993653375286,680.7852470312566
2017-12-01 02:00:00,420.0,341.93750792915773,4.87988124021706,678.9951346180984
2017-12-01 03:00:00,830.0,883.2649658899307,546.2073392009901,1220.3225925788715
2017-12-01 04:00:00,2873.0,2725.544852376136,2388.4872256871954,3062.6024790650767
2017-12-01 05:00:00,5650.0,5652.06104472459,5315.003418035649,5989.118671413531
2017-12-01 06:00:00,6708.0,6370.999800085087,6033.942173396146,6708.0574267740285
2017-12-01 07:00:00,5772.0,5907.624953726023,5570.567327037083,6244.682580414963
2017-12-01 08:00:00,5335.0,5230.4223689385235,4893.364742249583,5567.479995627464
2017-12-01 09:00:00,4881.0,5008.641440740408,4671.583814051468,5345.699067429348
2017-12-01 10:00:00,5187.0,5185.840174804668,4848.782548115727,5522.897801493609
2017-12-01 11:00:00,5421.0,5471.6866793262425,5134.629052637301,5808.744306015184
2017-12-01 12:00:00,5565.0,5354.161130723926,5017.103504034985,5691.2187574128675
2017-12-01 13:00:00,5711.0,5794.596798847898,5457.539172158957,6131.654425536839
2017-12-01 14:00:00,6284.0,6038.95378080189,5701.89615411295,6376.011407490831
2017-12-01 15:00:00,6468.0,6420.451905497199,6083.394278808259,6757.509532186139
2017-12-01 16:00:00,6000.0,5974.4967463090525,5637.439119620112,6311.554372997993
2017-12-01 17:00:00,5037.0,5019.651546125924,4682.593919436984,5356.709172814864
2017-12-01 18:00:00,4086.0,3850.242942600838,3513.1853159118973,4187.300569289779
2017-12-01 19:00:00,3480.0,3292.4722371682537,2955.414610479313,3629.5298638571944
2017-12-01 20:00:00,3043.0,3131.5501566470803,2794.4925299581396,3468.607783336021
2017-12-01 21:00:00,3054.0,2797.0521976879145,2459.994570998974,3134.109824376855
2017-12-01 22:00:00,3604.0,2208.3655752417353,1871.3079485527946,2545.423201930676
2017-12-01 23:00:00,1479.0,1681.91679552602,1344.8591688370793,2018.9744222149607
2017-12-02 00:00:00,866.0,815.8337975465417,478.7761708576011,1152.8914242354824
2017-12-02 01:00:00,635.0,655.7846595990034,318.7270329100627,992.842286287944
2017-12-02 02:00:00,489.0,443.4262769725475,106.36865028360683,780.4839036614882
2017-12-02 03:00:00,539.0,544.6772673353415,207.61964064640085,881.7348940242822
2017-12-02 04:00:00,978.0,889.2333629594626,552.175736270522,1226.2909896484034
2017-12-02 05:00:00,1666.0,1515.2899337343895,1178.2323070454488,1852.3475604233302
2017-12-02 06:00:00,2386.0,2491.464372698567,2154.406746009626,2828.5219993875075
2017-12-02 07:00:00,3343.0,3363.461040749555,3026.4034140606145,3700.518667438496
2017-12-02 08:00:00,4112.0,4103.164813988117,3766.1071872991765,4440.222440677058
2017-12-02 09:00:00,4562.0,4454.878900976791,4117.8212742878495,4791.936527665732
2017-12-02 10:00:00,5055.0,4901.028773080367,4563.971146391426,5238.086399769307
2017-12-02 11:00:00,5441.0,5238.207823480382,4901.150196791441,5575.265450169323
2017-12-02 12:00:00,5516.0,5186.086374227879,4849.028747538938,5523.14400091682
2017-12-02 13:00:00,5177.0,5324.124361094057,4987.066734405116,5661.1819877829985
2017-12-02 14:00:00,5477.0,4996.5972947780065,4659.539668089066,5333.654921466947
2017-12-02 15:00:00,5397.0,5433.261475290031,5096.20384860109,5770.319101978972
2017-12-02 16:00:00,5838.0,5051.865156200703,4714.8075295117615,5388.922782889644
2017-12-02 17:00:00,5490.0,4506.748932856394,4169.691306167453,4843.806559545335
2017-12-02 18:00:00,4140.0,3670.7493729909706,3333.69174630203,4007.8069996799113
2017-12-02 19:00:00,4032.0,3314.137746124778,2977.0801194358373,3651.1953728137187
2017-12-02 20:00:00,3182.0,3372.3846845828884,3035.3270578939478,3709.442311271829
2017-12-02 21:00:00,2623.0,3002.897674063862,2665.840047374921,3339.9553007528025
2017-12-02 22:00:00,1939.0,2023.0458501905805,1685.9882235016398,2360.103476879521
2017-12-02 23:00:00,1274.0,1323.5009901059068,986.4433634169661,1660.5586167948475
2017-12-03 00:00:00,705.0,708.0640446610951,371.0064179721544,1045.1216713500357
2017-12-03 01:00:00,577.0,493.24240476462376,156.18477807568308,830.3000314535644
2017-12-03 02:00:00,343.0,376.67269396466713,39.61506727572646,713.7303206536078
2017-12-03 03:00:00,289.0,372.0511439485525,34.99351725961185,709.1087706374932
2017-12-03 04:00:00,476.0,492.51013263556587,155.4525059466252,829.5677593245066
2017-12-03 05:00:00,813.0,864.800250725504,527.7426240365634,1201.8578774144448
2017-12-03 06:00:00,1131.0,1199.613313908721,862.5556872197803,1536.6709405976617
2017-12-03 07:00:00,1936.0,1827.5051349020744,1490.4475082131337,2164.5627615910153
2017-12-03 08:00:00,2831.0,2760.121275561256,2423.0636488723153,3097.1789022501966
2017-12-03 09:00:00,3515.0,3635.428095978587,3298.3704692896463,3972.4857226675276
2017-12-03 10:00:00,4113.0,4021.43895224558,3684.3813255566392,4358.496578934521
2017-12-03 11:00:00,4235.0,4513.322517257116,4176.264890568174,4850.380143946057
2017-12-03 12:00:00,4516.0,4360.231089435915,4023.1734627469746,4697.288716124856
2017-12-03 13:00:00,4383.0,4551.616611645805,4214.558984956864,4888.674238334746
2017-12-03 14:00:00,4892.0,4420.739963946962,4083.6823372580216,4757.797590635902
2017-12-03 15:00:00,4962.0,4869.506258736525,4532.448632047584,5206.563885425465
2017-12-03 16:00:00,5014.0,4961.266713066389,4624.209086377448,5298.324339755329
2017-12-03 17:00:00,4035.0,4316.960693180565,3979.903066491624,4654.018319869505
2017-12-03 18:00:00,2993.0,3367.184381156088,3030.1267544671473,3704.2420078450286
2017-12-03 19:00:00,2533.0,2646.4391283830983,2309.3815016941576,2983.496755072039
2017-12-03 20:00:00,2135.0,2184.524105738597,1847.4664790496563,2521.5817324275376
2017-12-03 21:00:00,1782.0,1694.469266010636,1357.4116393216952,2031.5268926995766
2017-12-03 22:00:00,1105.0,1197.9789270935714,860.9213004046308,1535.036553782512
2017-12-03 23:00:00,573.0,585.8367114462985,248.77908475735785,922.8943381352392
2017-12-04 00:00:00,358.0,362.78492157837644,25.72729488943577,699.8425482673172
2017-12-04 01:00:00,247.0,293.98180024872926,0.0,631.03942693767
2017-12-04 02:00:00,407.0,330.72489992495036,0.0,667.782526613891
2017-12-04 03:00:00,915.0,842.982143512481,505.92451682354033,1180.0397702014216
2017-12-04 04:00:00,2938.0,2843.4039066857754,2506.3462799968347,3180.461533374716
2017-12-04 05:00:00,5369.0,5729.555125971547,5392.497499282606,6066.612752660487
2017-12-04 06:00:00,5056.0,6009.870718089014,5672.813091400074,6346.928344777954
2017-12-04 07:00:00,5454.0,4619.99564190678,4282.93801521784,4957.0532685957205
2017-12-04 08:00:00,5173.0,4891.452099733234,4554.394473044293,5228.509726422175
2017-12-04 09:00:00,4647.0,4550.163908238875,4213.106281549934,4887.221534927816
2017-12-04 10:00:00,4641.0,4785.644344461368,4448.586717772427,5122.701971150309
2017-12-04 11:00:00,4705.0,4892.840903421686,4555.783276732745,5229.898530110626
2017-12-04 12:00:00,5004.0,4786.630673511823,4449.573046822883,5123.6883002007635
2017-12-04 13:00:00,5165.0,5390.568022566086,5053.510395877145,5727.625649255027
2017-12-04 14:00:00,5666.0,5682.7731218442095,5345.715495155269,6019.83074853315
2017-12-04 15:00:00,6533.0,6176.316485557308,5839.258858868367,6513.374112246249
2017-12-04 16:00:00,5912.0,6076.2062834658345,5739.148656776893,6413.263910154776
2017-12-04 17:00:00,4378.0,4376.572772604179,4039.515145915238,4713.630399293119
2017-12-04 18:00:00,3092.0,3184.1507595567014,2847.0931328677607,3521.208386245642
2017-12-04 19:00:00,2556.0,2609.2645790260985,2272.206952337158,2946.322205715039
2017-12-04 20:00:00,2150.0,2346.9566500253227,2009.899023336382,2684.0142767142634
2017-12-04 21:00:00,1653.0,1578.2841909606307,1241.22656427169,1915.3418176495713
2017-12-04 22:00:00,1763.0,1095.5964013696548,758.5387746807141,1432.6540280585955
2017-12-04 23:00:00,693.0,1051.5014635077878,714.4438368188471,1388.5590901967284
2017-12-05 00:00:00,327.0,407.39619056222415,70.33856387328348,744.4538172511648
2017-12-05 01:00:00,278.0,281.865078943481,0.0,618.9227056324216
2017-12-05 02:00:00,394.0,336.7519854224435,0.0,673.8096121113842
2017-12-05 03:00:00,853.0,856.5625879418074,519.5049612528667,1193.620214630748
2017-12-05 04:00:00,2637.0,2820.195129476668,2483.1375027877275,3157.252756165609
2017-12-05 05:00:00,3657.0,5529.69922081305,5192.641594124108,5866.756847501991
2017-12-05 06:00:00,2334.0,4168.603167222077,3831.5455405331363,4505.660793911018
2017-12-05 07:00:00,2160.0,2300.8951762753654,1963.8375495864248,2637.952802964306
2017-12-05 08:00:00,2578.0,2228.7931387672133,1891.7355120782727,2565.850765456154
2017-12-05 09:00:00,3706.0,3234.5752874523073,2897.5176607633666,3571.632914141248
2017-12-05 10:00:00,3683.0,4102.394009759286,3765.336383070345,4439.451636448226
2017-12-05 11:00:00,3991.0,4078.2389316329377,3741.181304943997,4415.296558321878
2017-12-05 12:00:00,4158.0,4244.511262580145,3907.453635891204,4581.568889269085
2017-12-05 13:00:00,4383.0,4341.540687817203,4004.4830611282628,4678.598314506144
2017-12-05 18:00:00,2924.0,3049.4845442537544,2712.4269175648137,3386.542170942695
2017-12-05 19:00:00,2447.0,2499.4347040073585,2162.377077318418,2836.492330696299
2017-12-05 20:00:00,2278.0,2217.648051908858,1880.5904252199175,2554.705678597799
2017-12-05 21:00:00,1555.0,1732.8950891867582,1395.8374624978176,2069.952715875699
2017-12-05 22:00:00,1014.0,1083.4233950733367,746.365768384396,1420.4810217622774
2017-12-05 23:00:00,744.0,582.5356058558879,245.4779791669472,919.5932325448285
2017-12-06 00:00:00,585.0,460.4969194198596,123.43929273091891,797.5545461088002
2017-12-06 01:00:00,409.0,385.977658018842,48.92003132990135,723.0352847077827
2017-12-06 02:00:00,534.0,377.50582236339005,40.44819567444938,714.5634490523307
2017-12-06 03:00:00,1072.0,934.7910583590015,597.7334316700608,1271.8486850479421
2017-12-06 04:00:00,3067.0,2603.135515926824,2266.0778892378835,2940.193142615765
2017-12-06 05:00:00,5480.0,5563.9578480355085,5226.900221346568,5901.015474724449
2017-12-06 06:00:00,5255.0,6114.68382260433,5777.626195915389,6451.741449293271
2017-12-06 07:00:00,5113.0,5061.582815135444,4724.525188446503,5398.640441824386
2017-12-06 08:00:00,5485.0,4510.259526976484,4173.201900287544,4847.3171536654245
2017-12-06 09:00:00,4772.0,4959.601580512766,4622.543953823826,5296.6592072017065
2017-12-06 10:00:00,4861.0,4727.011813602596,4389.954186913656,5064.069440291536
2017-12-06 11:00:00,4983.0,4840.641957429685,4503.584330740745,5177.699584118625
2017-12-06 12:00:00,5073.0,4897.205233218592,4560.147606529652,5234.262859907532
2017-12-06 13:00:00,5155.0,5179.548759811237,4842.491133122296,5516.606386500178
2017-12-06 14:00:00,5480.0,5524.961491988128,5187.903865299188,5862.019118677068
2017-12-06 15:00:00,5729.0,6070.9467122890255,5733.889085600085,6408.004338977966
2017-12-06 16:00:00,5196.0,5423.844113459304,5086.786486770363,5760.901740148245
2017-12-06 17:00:00,4144.0,4169.088807660951,3832.03118097201,4506.146434349892
2017-12-06 18:00:00,3061.0,3031.5143963767464,2694.4567696878057,3368.572023065687
2017-12-06 19:00:00,2753.0,2693.2213318045733,2356.1637051156326,3030.278958493514
2017-12-06 20:00:00,2449.0,2552.0200449982676,2214.962418309327,2889.0776716872083
2017-12-06 21:00:00,1652.0,1779.0944580181551,1442.0368313292145,2116.152084707096
2017-12-06 22:00:00,1093.0,1085.076758885248,748.0191321963073,1422.1343855741886
2017-12-06 23:00:00,602.0,629.1772637132353,292.11963702429466,966.234890402176
2017-12-07 00:00:00,357.0,369.9111577685916,32.85353107965091,706.9687844575323
2017-12-07 01:00:00,286.0,296.333304717935,0.0,633.3909314068757
2017-12-07 02:00:00,376.0,336.7519854224435,0.0,673.8096121113842
2017-12-07 03:00:00,927.0,840.2299954610982,503.1723687721575,1177.2876221500387
2017-12-07 04:00:00,3044.0,2801.595795505931,2464.5381688169905,3138.653422194872
2017-12-07 05:00:00,5058.0,5647.301445452542,5310.243818763602,5984.359072141482
2017-12-07 06:00:00,5782.0,5615.691873339832,5278.63424665089,5952.749500028773
2017-12-07 07:00:00,5509.0,5484.93585960844,5147.8782329195,5821.9934862973805
2017-12-07 08:00:00,4958.0,4920.027711066793,4582.970084377852,5257.085337755734
2017-12-07 09:00:00,4486.0,4525.90339403435,4188.845767345409,4862.961020723291
2017-12-07 10:00:00,4774.0,4685.585791333203,4348.528164644262,5022.643418022144
2017-12-07 11:00:00,4981.0,4938.600025188528,4601.542398499587,5275.657651877469
2017-12-07 12:00:00,5035.0,5014.589912340999,4677.532285652058,5351.64753902994
2017-12-07 13:00:00,5296.0,5404.5603071607475,5067.502680471807,5741.617933849688
2017-12-07 14:00:00,5696.0,5704.037833809138,5366.9802071201975,6041.095460498078
2017-12-07 15:00:00,6217.0,6206.287107233617,5869.229480544676,6543.344733922557
2017-12-07 16:00:00,5865.0,5808.12046101212,5471.06283432318,6145.178087701061
2017-12-07 17:00:00,4712.0,4362.579550172469,4025.521923483528,4699.63717686141
2017-12-07 18:00:00,3445.0,3402.047720337636,3064.990093648695,3739.1053470265765
2017-12-07 19:00:00,2995.0,2905.5630900322094,2568.5054633432687,3242.62071672115
2017-12-07 20:00:00,2934.0,2875.9949347933743,2538.9373081044337,3213.052561482315
2017-12-07 21:00:00,1923.0,2323.5229186929996,1986.465292004059,2660.5805453819403
2017-12-07 22:00:00,1152.0,1234.5738750219707,897.51624833303,1571.6315017109114
2017-12-07 23:00:00,651.0,650.8151659585818,313.75753926964114,987.8727926475225
2017-12-08 00:00:00,386.0,392.8339857834924,55.77635909455171,729.891612472433
2017-12-08 01:00:00,319.0,308.42569451479136,0.0,645.483321203732
2017-12-08 02:00:00,392.0,353.6684323137773,16.610805624836644,690.726059002718
2017-12-08 03:00:00,865.0,832.3066644747049,495.24903778576424,1169.3642911636457
2017-12-08 04:00:00,2916.0,2729.105736412553,2392.0481097236125,3066.163363101494
2017-12-08 05:00:00,5276.0,5650.873908303455,5313.816281614514,5987.931534992396
2017-12-08 06:00:00,6081.0,5842.136731987151,5505.0791052982095,6179.194358676092
2017-12-08 07:00:00,5448.0,5542.826091483733,5205.768464794792,5879.883718172674
2017-12-08 08:00:00,5087.0,4959.575498577392,4622.517871888451,5296.633125266333
2017-12-08 09:00:00,4771.0,4572.38530462303,4235.327677934089,4909.442931311971
2017-12-08 10:00:00,5083.0,5022.996592698743,4685.938966009802,5360.0542193876845
2017-12-08 11:00:00,5299.0,5264.145345134405,4927.087718445464,5601.202971823346
2017-12-08 12:00:00,5418.0,5256.053922518278,4918.996295829338,5593.111549207219
2017-12-08 13:00:00,5424.0,5658.528413438876,5321.470786749935,5995.586040127817
2017-12-08 14:00:00,5931.0,5854.511422556727,5517.4537958677865,6191.569049245667
2017-12-08 15:00:00,6150.0,6226.6648171535935,5889.607190464652,6563.722443842535
2017-12-08 16:00:00,5526.0,5592.558399123495,5255.500772434554,5929.616025812436
2017-12-08 17:00:00,4564.0,4513.406821344974,4176.349194656033,4850.464448033914
2017-12-08 18:00:00,3631.0,3548.168229822753,3211.110603133812,3885.2258565116936
2017-12-08 19:00:00,3190.0,2967.6447172181465,2630.587090529206,3304.702343907087
2017-12-08 20:00:00,3138.0,3082.6756361830594,2745.6180094941187,3419.733262872
2017-12-08 21:00:00,2728.0,2866.9558101429957,2529.898183454055,3204.0134368319364
2017-12-08 22:00:00,1846.0,1997.8330836968064,1660.7754570078657,2334.8907103857473
2017-12-08 23:00:00,1326.0,1191.8786594080184,854.8210327190777,1528.936286096959
2017-12-09 00:00:00,826.0,798.5924818806121,461.53485519167145,1135.6501085695527
2017-12-09 01:00:00,601.0,642.5230437604856,305.46541707154495,979.5806704494263
2017-12-09 02:00:00,389.0,416.1608843055111,79.10325761657043,753.2185109944518
2017-12-09 03:00:00,471.0,415.12784281432,78.07021612537932,752.1854695032607
2017-12-09 04:00:00,877.0,819.8436786281106,482.78605193916997,1156.9013053170513
2017-12-09 05:00:00,1441.0,1513.977263045588,1176.9196363566473,1851.0348897345286
2017-12-09 06:00:00,2156.0,2126.608741619255,1789.5511149303143,2463.6663683081956
2017-12-09 07:00:00,3024.0,3011.950627871748,2674.8930011828074,3349.008254560689
2017-12-09 08:00:00,3900.0,3815.499100727352,3478.4414740384113,4152.556727416293
2017-12-09 09:00:00,4433.0,4096.068944320323,3759.011317631382,4433.126571009263
2017-12-09 10:00:00,4928.0,4718.052959848691,4380.99533315975,5055.110586537632
2017-12-09 11:00:00,5263.0,5065.729541446167,4728.671914757226,5402.787168135108
2017-12-09 12:00:00,5186.0,5105.550164425988,4768.492537737047,5442.60779111493
2017-12-09 13:00:00,5255.0,5051.241698577819,4714.184071888878,5388.29932526676
2017-12-09 14:00:00,5087.0,5036.6138575146115,4699.55623082567,5373.671484203553
2017-12-09 15:00:00,5160.0,5090.774816795145,4753.717190106205,5427.832443484085
2017-12-09 16:00:00,5536.0,4991.019275436091,4653.96164874715,5328.076902125033
2017-12-09 17:00:00,4555.0,4353.427964055632,4016.3703373666917,4690.485590744573
2017-12-09 18:00:00,3449.0,3534.5970712714034,3197.5394445824627,3871.654697960344
2017-12-09 19:00:00,3030.0,2910.162337961339,2573.104711272398,3247.2199646502795
2017-12-09 20:00:00,3260.0,3006.0707336759015,2669.013106986961,3343.128360364842
2017-12-09 21:00:00,3068.0,3070.074197009319,2733.0165703203784,3407.1318236982597
2017-12-09 22:00:00,1919.0,2172.2771206312664,1835.2194939423257,2509.334747320207
2017-12-09 23:00:00,1370.0,1238.4802255471225,901.4225988581818,1575.5378522360631
2017-12-10 00:00:00,910.0,864.0987906332542,527.0411639443136,1201.156417322195
2017-12-10 01:00:00,641.0,673.0763200764752,336.01869338753454,1010.1339467654159
2017-12-10 02:00:00,391.0,391.7599616125718,54.7023349236311,728.8175883015124
2017-12-10 03:00:00,392.0,367.2053465341942,30.147719845253505,704.2629732231348
2017-12-10 04:00:00,635.0,578.3362809083119,241.27865421937122,915.3939075972526
2017-12-10 05:00:00,922.0,1055.1099267540715,718.0523000651308,1392.1675534430121
2017-12-10 06:00:00,1152.0,1319.893682772367,982.8360560834262,1656.9513094613076
2017-12-10 07:00:00,1869.0,1755.5054158854339,1418.4477891964932,2092.563042574375
2017-12-10 08:00:00,2745.0,2644.6537814634694,2307.5961547745287,2981.71140815241
2017-12-10 09:00:00,3616.0,3597.953688917839,3260.8960622288982,3935.0113156067796
2017-12-10 10:00:00,4025.0,4034.385123886311,3697.32749719737,4371.442750575252
2017-12-10 11:00:00,4264.0,4401.081859132453,4064.0242324435126,4738.1394858213935
2017-12-10 12:00:00,4352.0,4321.625124280972,3984.5674975920315,4658.682750969912
2017-12-10 13:00:00,4370.0,4370.733111538601,4033.6754848496607,4707.7907382275425
2017-12-10 14:00:00,4762.0,4381.794414287771,4044.7367875988307,4718.852040976712
2017-12-10 15:00:00,4604.0,4571.717461471081,4234.65983478214,4908.775088160022
2017-12-10 16:00:00,4355.0,4342.947348689284,4005.889722000343,4680.004975378224
2017-12-10 17:00:00,3724.0,3962.101243867555,3625.043617178614,4299.1588705564955
2017-12-10 18:00:00,2966.0,3276.175285131835,2939.1176584428945,3613.232911820776
2017-12-10 19:00:00,2560.0,2573.785719851869,2236.7280931629284,2910.8433465408098
2017-12-10 20:00:00,2069.0,2212.3112511901018,1875.253624501161,2549.3688778790424
2017-12-10 21:00:00,1732.0,1535.2344225965217,1198.176795907581,1872.2920492854623
2017-12-10 22:00:00,999.0,1211.3234308834978,874.2658041945572,1548.3810575724385
2017-12-10 23:00:00,542.0,547.6324955764768,210.57486888753613,884.6901222654175
2017-12-11 00:00:00,281.0,347.87849242493223,10.82086573599156,684.9361191138729
2017-12-11 01:00:00,279.0,269.82527247261595,0.0,606.8828991615567
2017-12-11 02:00:00,353.0,334.4004809532378,0.0,671.4581076421784
2017-12-11 03:00:00,901.0,815.9119111299013,478.85428444096067,1152.9695378188421
2017-12-11 04:00:00,2907.0,2803.0042086349586,2465.946581946018,3140.0618353238992
2017-12-11 05:00:00,5061.0,5603.614978611313,5266.557351922373,5940.672605300253
2017-12-11 06:00:00,4050.0,5526.927447753512,5189.869821064571,5863.985074442453
2017-12-11 07:00:00,4349.0,3854.7952996536837,3517.737672964743,4191.852926342624
2017-12-11 08:00:00,4734.0,4223.4471690086575,3886.389542319717,4560.504795697598
2017-12-11 09:00:00,4049.0,4297.12864771826,3960.0710210293196,4634.1862744072005
2017-12-11 10:00:00,4291.0,4252.294834749121,3915.2372080601804,4589.352461438062
2017-12-11 11:00:00,4452.0,4428.490826197721,4091.43319950878,4765.548452886662
2017-12-11 12:00:00,4509.0,4541.395064316049,4204.337437627108,4878.45269100499
2017-12-11 13:00:00,4824.0,4796.419714220961,4459.362087532021,5133.477340909902
2017-12-11 14:00:00,5501.0,5160.339577139569,4823.281950450628,5497.39720382851
2017-12-11 15:00:00,6076.0,6079.974115943468,5742.916489254527,6417.031742632409
2017-12-11 16:00:00,5712.0,5561.464696613101,5224.40706992416,5898.522323302042
2017-12-11 17:00:00,4040.0,4087.9593811238597,3750.901754434919,4425.0170078128
2017-12-11 18:00:00,2894.0,2869.248624146446,2532.1909974575055,3206.306250835387
2017-12-11 19:00:00,2374.0,2377.2335350047833,2040.1759083158427,2714.291161693724
2017-12-11 20:00:00,2028.0,2089.353530353897,1752.2959036649563,2426.4111570428377
2017-12-11 21:00:00,1433.0,1438.196383815606,1101.1387571266653,1775.2540105045466
2017-12-11 22:00:00,958.0,1003.8262245029521,666.7685978140114,1340.8838511918927
2017-12-11 23:00:00,548.0,589.9738991635378,252.91627247459712,927.0315258524785
2017-12-12 00:00:00,395.0,353.09106187349056,16.033435184549887,690.1486885624313
2017-12-12 01:00:00,256.0,307.94448595473534,0.0,645.002112643676
2017-12-12 02:00:00,339.0,332.7457860228455,0.0,669.8034127117862
2017-12-12 03:00:00,939.0,839.7926827029944,502.7350560140537,1176.850309391935
2017-12-12 04:00:00,2963.0,2854.0318860571356,2516.974259368195,3191.0895127460763
2017-12-12 05:00:00,5981.0,5645.532933262744,5308.475306573804,5982.590559951685
2017-12-12 06:00:00,5928.0,6296.1273436586325,5959.069716969692,6633.184970347573
2017-12-12 07:00:00,5709.0,5545.17727333852,5208.1196466495785,5882.234900027461
2017-12-12 08:00:00,5184.0,5054.826429931807,4717.768803242867,5391.884056620747
2017-12-12 09:00:00,4531.0,4463.028784063451,4125.97115737451,4800.086410752392
2017-12-12 10:00:00,4714.0,4706.622468694873,4369.5648420059315,5043.680095383814
2017-12-12 11:00:00,4948.0,4888.875806772276,4551.818180083335,5225.933433461216
2017-12-12 12:00:00,4869.0,4984.678069093609,4647.620442404668,5321.7356957825505
2017-12-12 13:00:00,5012.0,5188.209646741353,4851.152020052412,5525.267273430294
2017-12-12 14:00:00,5651.0,5453.6141578049765,5116.556531116035,5790.671784493918
2017-12-12 15:00:00,6407.0,6243.565742113431,5906.508115424491,6580.623368802371
2017-12-12 16:00:00,5923.0,6132.123570270675,5795.065943581734,6469.1811969596165
2017-12-12 17:00:00,4427.0,4425.3459381658395,4088.288311476899,4762.40356485478
2017-12-12 18:00:00,3282.0,3119.7323293034783,2782.6747026145376,3456.789955992419
2017-12-12 19:00:00,2673.0,2787.8028022044205,2450.74517551548,3124.860428893361
2017-12-12 20:00:00,2819.0,2521.3266077856906,2184.26898109675,2858.3842344746313
2017-12-12 21:00:00,3263.0,2319.3723990817984,1982.3147723928578,2656.430025770739
2017-12-12 22:00:00,1080.0,1329.5490221750313,992.4913954860906,1666.606648863972
2017-12-12 23:00:00,641.0,568.5825948867353,231.52496819779458,905.6402215756759
2017-12-13 00:00:00,391.0,389.8021893847078,52.744562695767115,726.8598160736485
2017-12-13 01:00:00,268.0,309.2556791201736,0.0,646.3133058091144
2017-12-13 02:00:00,395.0,334.57249767487673,0.0,671.6301243638175
2017-12-13 03:00:00,912.0,847.6931556394468,510.6355289505061,1184.7507823283875
2017-12-13 04:00:00,3108.0,2839.163709126675,2502.106082437734,3176.2213358156155
2017-12-13 05:00:00,5910.0,5853.261551609006,5516.203924920066,6190.319178297947
2017-12-13 06:00:00,6025.0,6335.225676433024,5998.168049744083,6672.283303121965
2017-12-13 07:00:00,4696.0,5673.157841507729,5336.100214818789,6010.2154681966695
2017-12-13 08:00:00,5179.0,4772.407010310956,4435.349383622015,5109.464636999897
2017-12-13 09:00:00,4347.0,4623.99782470721,4286.94019801827,4961.055451396151
2017-12-13 10:00:00,4501.0,4568.375116785092,4231.317490096151,4905.4327434740335
2017-12-13 11:00:00,4787.0,4718.127182086953,4381.069555398013,5055.1848087758935
2017-12-13 12:00:00,4943.0,4848.2944328260855,4511.236806137145,5185.352059515026
2017-12-13 13:00:00,5049.0,5346.440253258456,5009.382626569515,5683.497879947397
2017-12-13 14:00:00,5642.0,5535.230996865487,5198.173370176546,5872.288623554428
2017-12-13 15:00:00,6621.0,6240.203609651713,5903.145982962773,6577.261236340653
2017-12-13 16:00:00,6000.0,6288.31990934176,5951.262282652819,6625.377536030701
2017-12-13 17:00:00,4370.0,4471.103632789798,4134.046006100858,4808.161259478738
2017-12-13 18:00:00,3139.0,3135.135572786717,2798.0779460977765,3472.193199475658
2017-12-13 19:00:00,2777.0,2694.188659896306,2357.1310332073654,3031.2462865852467
2017-12-13 20:00:00,2369.0,2606.873217540284,2269.815590851343,2943.9308442292245
2017-12-13 21:00:00,1889.0,1673.0596827984093,1336.0020561094686,2010.11730948735
2017-12-13 22:00:00,1168.0,1303.9602776964311,966.9026510074905,1641.0179043853718
2017-12-13 23:00:00,571.0,636.1110395103374,299.0534128213967,973.168666199278
2017-12-14 00:00:00,392.0,364.92870443543296,27.87107774649229,701.9863311243737
2017-12-14 01:00:00,298.0,308.4022237403622,0.0,645.4598504293028
2017-12-14 02:00:00,372.0,336.7519854224435,0.0,673.8096121113842
2017-12-14 03:00:00,908.0,843.6724630504225,506.6148363614818,1180.7300897393632
2017-12-14 04:00:00,2930.0,2863.007613398689,2525.9499867097484,3200.0652400876297
2017-12-14 05:00:00,5808.0,5668.949451861466,5331.8918251725245,6006.007078550407
2017-12-14 06:00:00,6252.0,6194.772820810978,5857.715194122038,6531.830447499919
2017-12-14 07:00:00,5573.0,5724.575009160513,5387.517382471573,6061.632635849453
2017-12-14 08:00:00,5360.0,4944.638982225495,4607.581355536555,5281.696608914435
2017-12-14 09:00:00,4607.0,4590.954550981598,4253.896924292658,4928.012177670538
2017-12-14 10:00:00,4881.0,4897.527622696198,4560.469996007258,5234.585249385138
2017-12-14 11:00:00,5058.0,5044.935961545493,4707.878334856552,5381.993588234434
2017-12-14 12:00:00,5019.0,5076.3512561237985,4739.293629434858,5413.408882812739
2017-12-14 13:00:00,5430.0,5365.532154086173,5028.474527397233,5702.5897807751135
2017-12-14 14:00:00,5897.0,5866.918143993755,5529.8605173048145,6203.975770682695
2017-12-14 15:00:00,6757.0,6387.113548814772,6050.055922125832,6724.171175503712
2017-12-14 16:00:00,6042.0,6278.139074653159,5941.081447964218,6615.1967013421
2017-12-14 17:00:00,4672.0,4585.451471730021,4248.393845041081,4922.509098418961
2017-12-14 18:00:00,3397.0,3391.569589690065,3054.5119630011245,3728.627216379006
2017-12-14 19:00:00,3055.0,2923.913324433143,2586.855697744202,3260.9709511220835
2017-12-14 20:00:00,3558.0,2906.9520804316985,2569.894453742758,3244.009707120639
2017-12-14 21:00:00,3433.0,2835.243505151704,2498.1858784627634,3172.3011318406448
2017-12-14 22:00:00,1680.0,1503.8690296417722,1166.8114029528315,1840.9266563307128
2017-12-14 23:00:00,803.0,866.1644242850232,529.1067975960825,1203.2220509739639
2017-12-15 00:00:00,490.0,552.6411575912258,215.58353090228513,889.6987842801665
2017-12-15 01:00:00,358.0,370.59027305169093,33.532646362750256,707.6478997406316
2017-12-15 02:00:00,387.0,385.81785044005534,48.760223751114665,722.875477128996
2017-12-15 03:00:00,836.0,716.6218316505353,379.56420496159467,1053.679458339476
2017-12-15 04:00:00,2773.0,2729.748730911062,2392.6911042221213,3066.8063576000027
2017-12-15 05:00:00,5506.0,5659.457284500871,5322.3996578119295,5996.514911189812
2017-12-15 06:00:00,6307.0,6319.195288372081,5982.13766168314,6656.252915061023
2017-12-15 07:00:00,5600.0,5622.605195429611,5285.547568740671,5959.662822118551
2017-12-15 08:00:00,5222.0,5121.140543475168,4784.082916786227,5458.198170164109
2017-12-15 09:00:00,4949.0,4845.686570774815,4508.6289440858745,5182.744197463755
2017-12-15 10:00:00,5342.0,5292.882098163311,4955.8244714743705,5629.939724852251
2017-12-15 11:00:00,5368.0,5497.495123170238,5160.437496481298,5834.552749859178
2017-12-15 12:00:00,5386.0,5314.192498348412,4977.134871659471,5651.250125037353
2017-12-15 13:00:00,5672.0,5598.398273874302,5261.340647185361,5935.455900563242
2017-12-15 14:00:00,6048.0,6025.6850074769845,5688.627380788044,6362.742634165925
2017-12-15 15:00:00,6669.0,6399.521871717058,6062.464245028117,6736.579498405999
2017-12-15 16:00:00,5666.0,6100.580752223242,5763.523125534301,6437.638378912183
2017-12-15 17:00:00,4776.0,4790.542488944487,4453.4848622555455,5127.600115633428
2017-12-15 18:00:00,3550.0,3724.9565418692305,3387.89891518029,4062.014168558171
2017-12-15 19:00:00,2849.0,2995.22657641822,2658.168949729279,3332.2842031071605
2017-12-15 20:00:00,2866.0,2865.813492284836,2528.755865595895,3202.8711189737764
2017-12-15 21:00:00,2554.0,2544.5193518982032,2207.4617252092626,2881.576978587144
2017-12-15 22:00:00,1814.0,1771.029455430052,1433.9718287411113,2108.087082118993
2017-12-15 23:00:00,1275.0,1219.975745388516,882.9181186995754,1557.0333720774568
2017-12-16 00:00:00,817.0,804.2422433342722,467.1846166453315,1141.2998700232129
2017-12-16 01:00:00,646.0,601.994889359478,264.9372626705373,939.0525160484186
2017-12-16 02:00:00,413.0,434.31511186671673,97.25748517777606,771.3727385556574
2017-12-16 03:00:00,441.0,422.20996515295406,85.15233846401338,759.2675918418947
2017-12-16 04:00:00,798.0,826.6447615165592,489.58713482761857,1163.7023882055
2017-12-16 05:00:00,1294.0,1409.2405516858446,1072.182924996904,1746.2981783747853
2017-12-16 06:00:00,1812.0,2021.882270932295,1684.8246442433542,2358.9398976212356
2017-12-16 07:00:00,2603.0,2582.3200497627195,2245.262423073779,2919.37767645166
2017-12-16 08:00:00,3440.0,3446.966805863929,3109.9091791749884,3784.0244325528697
2017-12-16 09:00:00,3960.0,4012.064057089882,3675.0064304009416,4349.121683778823
2017-12-16 10:00:00,4303.0,4251.190522866858,3914.1328961779177,4588.248149555799
2017-12-16 11:00:00,4806.0,4514.5998676186955,4177.542240929755,4851.657494307636
2017-12-16 12:00:00,4743.0,4731.707040814163,4394.649414125222,5068.764667503103
2017-12-16 13:00:00,4893.0,4659.683236252162,4322.625609563222,4996.740862941102
2017-12-16 14:00:00,5448.0,4794.106944642325,4457.049317953384,5131.164571331266
2017-12-16 15:00:00,6122.0,5435.880719117847,5098.8230924289055,5772.938345806788
2017-12-16 16:00:00,5088.0,5645.407269801932,5308.3496431129915,5982.464896490872
2017-12-16 17:00:00,4600.0,4247.6139485937865,3910.556321904846,4584.671575282728
2017-12-16 18:00:00,3512.0,3565.0858033093573,3228.0281766204166,3902.143429998298
2017-12-16 19:00:00,3143.0,3040.020530084443,2702.9629033955025,3377.078156773384
2017-12-16 20:00:00,3003.0,3091.3161421745076,2754.258515485567,3428.3737688634483
2017-12-16 21:00:00,3020.0,2986.6848010006756,2649.627174311735,3323.7424276896163
2017-12-16 22:00:00,2166.0,2223.515466409506,1886.4578397205655,2560.573093098447
2017-12-16 23:00:00,1230.0,1421.0696919296429,1084.0120652407022,1758.1273186185836
2017-12-17 00:00:00,759.0,815.1497971628919,478.0921704739512,1152.2074238518326
2017-12-17 01:00:00,557.0,535.1505825147752,198.09295582583457,872.2082092037159
2017-12-17 02:00:00,391.0,368.5131910897462,31.455564400805542,705.5708177786869
2017-12-17 03:00:00,320.0,397.8235419862543,60.765915297313654,734.881168675195
2017-12-17 04:00:00,501.0,566.104801473987,229.0471747850463,903.1624281629277
2017-12-17 05:00:00,931.0,859.9023633706689,522.8447366817283,1196.9599900596095
2017-12-17 06:00:00,1283.0,1288.2690525156254,951.2114258266847,1625.326679204566
2017-12-17 07:00:00,1994.0,2093.2269147866696,1756.169288097729,2430.2845414756102
2017-12-17 08:00:00,3246.0,2877.5490967076735,2540.491470018733,3214.606723396614
2017-12-17 09:00:00,4399.0,3728.268379418685,3391.2107527297444,4065.3260061076257
2017-12-17 10:00:00,3996.0,4531.30422561052,4194.24659892158,4868.36185229946
2017-12-17 11:00:00,4084.0,4335.409787856271,3998.35216116733,4672.467414545212
2017-12-17 12:00:00,3977.0,4211.957717824455,3874.9000911355147,4549.0153445133965
2017-12-17 13:00:00,4015.0,4040.6786773399385,3703.621050650998,4377.736304028879
2017-12-17 14:00:00,4255.0,4144.126284677394,3807.0686579884537,4481.183911366335
2017-12-17 15:00:00,4493.0,4260.52629691362,3923.4686702246795,4597.58392360256
2017-12-17 16:00:00,4183.0,4332.119660353224,3995.0620336642837,4669.177287042165
2017-12-17 17:00:00,3558.0,3822.7830688025674,3485.7254421136267,4159.840695491508
2017-12-17 18:00:00,2892.0,3079.714965414992,2742.6573387260514,3416.7725921039328
2017-12-17 19:00:00,2486.0,2423.7634942400964,2086.7058675511557,2760.821120929037
2017-12-17 20:00:00,2061.0,2218.9945431822434,1881.9369164933028,2556.052169871184
2017-12-17 21:00:00,1692.0,1551.6558993834792,1214.5982726945385,1888.7135260724199
2017-12-17 22:00:00,979.0,1074.762517015266,737.7048903263253,1411.8201437042067
2017-12-17 23:00:00,530.0,539.7258875029069,202.66826081396619,876.7835141918475
2017-12-18 00:00:00,310.0,347.87849242493223,10.82086573599156,684.9361191138729
2017-12-18 01:00:00,260.0,276.5498829586503,0.0,613.607509647591
2017-12-18 02:00:00,332.0,331.4962792925147,0.0,668.5539059814554
2017-12-18 03:00:00,905.0,786.8894078452062,449.8317811562655,1123.947034534147
2017-12-18 04:00:00,2852.0,2774.257897444749,2437.200270755808,3111.3155241336895
2017-12-18 05:00:00,5448.0,5628.833835544298,5291.776208855357,5965.8914622332395
2017-12-18 06:00:00,6198.0,6064.541820058991,5727.48419337005,6401.599446747932
2017-12-18 07:00:00,5039.0,5611.052907850447,5273.995281161506,5948.110534539388
2017-12-18 08:00:00,4901.0,4369.138356968193,4032.0807302792523,4706.195983657133
2017-12-18 09:00:00,4496.0,4221.015315403736,3883.9576887147955,4558.072942092676
2017-12-18 10:00:00,4542.0,4603.708147317377,4266.650520628436,4940.765774006317
2017-12-18 11:00:00,4860.0,4720.348537448031,4383.2909107590895,5057.406164136972
2017-12-18 12:00:00,4802.0,4783.809063115513,4446.751436426572,5120.866689804454
2017-12-18 13:00:00,5185.0,5161.933454732669,4824.875828043729,5498.991081421609
2017-12-18 14:00:00,5859.0,5717.160918565941,5380.103291877,6054.218545254882
2017-12-18 15:00:00,6502.0,6206.188815653945,5869.131188965004,6543.246442342886
2017-12-18 16:00:00,6009.0,6073.795059292716,5736.737432603775,6410.8526859816575
2017-12-18 17:00:00,4434.0,4321.298267582074,3984.2406408931333,4658.355894271015
2017-12-18 18:00:00,3065.0,3097.3595652411313,2760.3019385521907,3434.417191930072
2017-12-18 19:00:00,2397.0,2547.2907297639726,2210.233103075032,2884.3483564529133
2017-12-18 20:00:00,2125.0,2071.3590981053053,1734.3014714163646,2408.416724794246
2017-12-18 21:00:00,1560.0,1572.2075906511523,1235.1499639622116,1909.265217340093
2017-12-18 22:00:00,1062.0,1079.7988688159355,742.7412421269948,1416.8564955048762
2017-12-18 23:00:00,591.0,602.8561261167649,265.79849942782425,939.9137528057056
2017-12-19 00:00:00,371.0,369.9111577685916,32.85353107965091,706.9687844575323
2017-12-19 01:00:00,278.0,301.7047310056312,0.0,638.7623576945718
2017-12-19 02:00:00,359.0,336.7519854224435,0.0,673.8096121113842
2017-12-19 03:00:00,869.0,841.582720487984,504.52509379904336,1178.6403471769247
2017-12-19 04:00:00,2977.0,2841.7505085626717,2504.692881873731,3178.8081352516124
2017-12-19 05:00:00,5784.0,5844.397449849497,5507.339823160557,6181.455076538437
2017-12-19 06:00:00,6291.0,6279.570891586948,5942.513264898007,6616.628518275889
2017-12-19 07:00:00,5791.0,5739.526556588662,5402.468929899722,6076.584183277602
2017-12-19 08:00:00,5121.0,5064.036482485597,4726.978855796657,5401.094109174537
2017-12-19 09:00:00,4727.0,4475.049949448741,4137.992322759801,4812.1075761376815
2017-12-19 10:00:00,4976.0,4872.639852064448,4535.582225375507,5209.697478753389
2017-12-19 11:00:00,5123.0,5131.105253390568,4794.047626701627,5468.162880079508
2017-12-19 12:00:00,4997.0,5092.859873154624,4755.802246465684,5429.917499843565
2017-12-19 13:00:00,5385.0,5373.518418518404,5036.460791829464,5710.576045207345
2017-12-19 14:00:00,5847.0,5785.78868752281,5448.7310608338685,6122.846314211751
2017-12-19 15:00:00,6677.0,6355.603539373768,6018.545912684827,6692.6611660627095
2017-12-19 16:00:00,5962.0,6330.486391358455,5993.428764669514,6667.544018047396
2017-12-19 17:00:00,4381.0,4518.3553991958715,4181.29777250693,4855.413025884813
2017-12-19 18:00:00,3323.0,3155.8045043283573,2818.7468776394167,3492.862131017298
2017-12-19 19:00:00,2794.0,2798.714178635045,2461.656551946104,3135.7718053239855
2017-12-19 20:00:00,2461.0,2589.034950472929,2251.977323783988,2926.0925771618695
2017-12-19 21:00:00,1911.0,1772.1216252068266,1435.063998517886,2109.1792518957673
2017-12-19 22:00:00,1146.0,1325.375038586338,988.3174118973973,1662.4326652752786
2017-12-19 23:00:00,635.0,622.2140370797189,285.1564103907782,959.2716637686596
2017-12-20 00:00:00,418.0,385.78060162799744,48.72297493905677,722.8382283169381
2017-12-20 01:00:00,306.0,320.64000108979315,0.0,657.6976277787338
2017-12-20 02:00:00,379.0,365.28742341048934,28.229796721548666,702.34505009943
2017-12-20 03:00:00,905.0,842.6851419075533,505.62751521861264,1179.742768596494
2017-12-20 04:00:00,2952.0,2901.504580460268,2564.446953771327,3238.5622071492085
2017-12-20 05:00:00,5834.0,5839.349951835911,5502.292325146971,6176.4075785248515
2017-12-20 06:00:00,6546.0,6200.456346106658,5863.398719417717,6537.513972795599
2017-12-20 07:00:00,5694.0,5965.360166546514,5628.302539857574,6302.417793235454
2017-12-20 08:00:00,5372.0,5104.235056109662,4767.177429420721,5441.292682798603
2017-12-20 09:00:00,4902.0,4619.71744044158,4282.65981375264,4956.77506713052
2017-12-20 10:00:00,5092.0,5112.463760212908,4775.406133523968,5449.521386901848
2017-12-20 11:00:00,5090.0,5210.380929744455,4873.323303055515,5547.438556433395
2017-12-20 12:00:00,4769.0,5134.349996762367,4797.292370073426,5471.407623451307
2017-12-20 13:00:00,5026.0,5080.402398623182,4743.344771934242,5417.4600253121225
2017-12-20 14:00:00,5549.0,5446.274971686083,5109.2173449971415,5783.332598375024
2017-12-20 15:00:00,6372.0,6180.166179531817,5843.108552842876,6517.223806220758
2017-12-20 16:00:00,5634.0,6059.464516535187,5722.4068898462465,6396.522143224127
2017-12-20 17:00:00,4366.0,4380.588178457597,4043.530551768656,4717.645805146538
2017-12-20 18:00:00,3259.0,3150.6090676852828,2813.551440996342,3487.6666943742234
2017-12-20 19:00:00,2648.0,2813.2474263694826,2476.189799680542,3150.3050530584233
2017-12-20 20:00:00,2533.0,2447.5779978048904,2110.5203711159497,2784.635624493831
2017-12-20 21:00:00,1915.0,1905.619113097314,1568.5614864083734,2242.676739786255
2017-12-20 22:00:00,1204.0,1289.4573092343705,952.3996825454299,1626.5149359233112
2017-12-20 23:00:00,621.0,669.1524481283817,332.09482143944103,1006.2100748173224
2017-12-21 00:00:00,393.0,380.49193544142224,43.43430875248157,717.5495621303629
2017-12-21 01:00:00,281.0,308.4022237403622,0.0,645.4598504293028
2017-12-21 02:00:00,382.0,336.7519854224435,0.0,673.8096121113842
2017-12-21 03:00:00,901.0,841.0067974147454,503.9491707258047,1178.0644241036862
2017-12-21 04:00:00,2863.0,2858.1031093029205,2521.04548261398,3195.160735991861
2017-12-21 05:00:00,5512.0,5685.750116048524,5348.692489359584,6022.807742737465
2017-12-21 06:00:00,5878.0,6069.30854449762,5732.250917808678,6406.366171186561
2017-12-21 07:00:00,5310.0,5661.137346507991,5324.07971981905,5998.194973196933
2017-12-21 08:00:00,4975.0,4803.615559861394,4466.557933172453,5140.673186550335
2017-12-21 09:00:00,4792.0,4493.736812535104,4156.679185846164,4830.794439224044
2017-12-21 10:00:00,4936.0,5030.755551953875,4693.697925264934,5367.813178642815
2017-12-21 11:00:00,5140.0,5144.860387607938,4807.802760918998,5481.918014296878
2017-12-21 12:00:00,5137.0,5124.585152758166,4787.527526069225,5461.642779447107
2017-12-21 13:00:00,5493.0,5490.689581836603,5153.631955147663,5827.747208525543
2017-12-21 14:00:00,5903.0,5930.309740634536,5593.252113945595,6267.367367323477
2017-12-21 15:00:00,6551.0,6251.0754700081325,5914.017843319192,6588.133096697073
2017-12-21 16:00:00,5926.0,6149.028864516723,5811.971237827782,6486.086491205664
2017-12-21 17:00:00,4535.0,4507.232134384455,4170.174507695514,4844.289761073396
2017-12-21 18:00:00,3242.0,3366.777048163867,3029.7194214749265,3703.834674852808
2017-12-21 19:00:00,2884.0,2872.657459736976,2535.599833048035,3209.7150864259165
2017-12-21 20:00:00,2773.0,2759.3770581901804,2422.3194315012397,3096.434684879121
2017-12-21 21:00:00,2294.0,2331.667534480865,1994.6099077919243,2668.7251611698057
2017-12-21 22:00:00,1450.0,1423.4224489106082,1086.3648222216675,1760.4800755995489
2017-12-21 23:00:00,771.0,885.1709293169981,548.1133026280575,1222.2285560059388
2017-12-22 00:00:00,474.0,540.0546895346581,202.99706284571744,877.1123162235988
2017-12-22 01:00:00,329.0,369.9055737769323,32.8479470879916,706.9632004658729
2017-12-22 02:00:00,382.0,369.1885956937744,32.13096900483373,706.2462223827151
2017-12-22 03:00:00,767.0,777.0532953109539,439.9956686220132,1114.1109219998946
2017-12-22 04:00:00,2429.0,2633.630211780426,2296.5725850914855,2970.687838469367
2017-12-22 05:00:00,4378.0,5148.765499537953,4811.707872849012,5485.823126226893
2017-12-22 06:00:00,4955.0,4858.433112565463,4521.375485876522,5195.490739254403
2017-12-22 07:00:00,4509.0,4633.37773581724,4296.320109128299,4970.435362506181
2017-12-22 08:00:00,4515.0,4591.219077141575,4254.161450452635,4928.2767038305155
2017-12-22 09:00:00,4593.0,4523.846078095412,4186.788451406472,4860.903704784352
2017-12-22 10:00:00,5139.0,4934.5225137464295,4597.464887057489,5271.58014043537
2017-12-22 11:00:00,5447.0,5296.798663804171,4959.741037115231,5633.856290493111
2017-12-22 12:00:00,5349.0,5286.46982780845,4949.412201119509,5623.527454497391
2017-12-22 13:00:00,5581.0,5573.885245864491,5236.82761917555,5910.942872553431
2017-12-22 14:00:00,5510.0,5901.117372390195,5564.059745701254,6238.174999079136
2017-12-22 15:00:00,5346.0,5917.723558527679,5580.665931838739,6254.78118521662
2017-12-22 16:00:00,4871.0,4912.5725250848245,4575.514898395884,5249.630151773765
2017-12-22 17:00:00,4105.0,4418.43014434931,4081.372517660369,4755.48777103825
2017-12-22 18:00:00,3464.0,3248.358054819619,2911.3004281306785,3585.41568150856
2017-12-22 19:00:00,2972.0,2966.4269193138734,2629.3692926249328,3303.484546002814
2017-12-22 20:00:00,3096.0,2868.387388244073,2531.3297615551323,3205.4450149330137
2017-12-22 21:00:00,2584.0,2853.0940183972007,2516.03639170826,3190.1516450861413
2017-12-22 22:00:00,1779.0,1944.9783326474158,1607.920705958475,2282.0359593363564
2017-12-22 23:00:00,1141.0,1188.79240776383,851.7347810748893,1525.8500344527706
2017-12-23 00:00:00,698.0,733.2616286288412,396.20400193990054,1070.3192553177819
2017-12-23 03:00:00,359.0,411.85713967337455,74.79951298443387,748.9147663623153
2017-12-23 04:00:00,596.0,636.9520102550798,299.89438356613914,974.0096369440205
2017-12-23 05:00:00,1016.0,999.8814929696749,662.8238662807343,1336.9391196586157
2017-12-23 06:00:00,1390.0,1456.9230711225923,1119.8654444336516,1793.980697811533
2017-12-23 07:00:00,2008.0,2169.3168790995724,1832.2592524106317,2506.374505788513
2017-12-23 08:00:00,2819.0,2640.4846880490945,2303.427061360154,2977.542314738035
2017-12-23 09:00:00,3375.0,3533.907033660942,3196.8494069720014,3870.9646603498827
2017-12-23 10:00:00,4002.0,3850.2194396195728,3513.161812930632,4187.277066308514
2017-12-23 11:00:00,4175.0,4305.9560788881345,3968.898452199194,4643.013705577076
2017-12-23 12:00:00,4475.0,4299.363853685957,3962.3062269970164,4636.421480374898
2017-12-23 13:00:00,4305.0,4505.029825296575,4167.972198607635,4842.087451985515
2017-12-23 14:00:00,4107.0,4335.359828781032,3998.302202092091,4672.417455469973
2017-12-23 15:00:00,4144.0,4147.5105985704195,3810.452971881479,4484.56822525936
2017-12-23 16:00:00,3994.0,3835.6500447310473,3498.5924180421066,4172.707671419988
2017-12-23 17:00:00,3532.0,3752.4065450462517,3415.348918357311,4089.4641717351924
2017-12-23 18:00:00,2949.0,3079.743006081435,2742.6853793924943,3416.8006327703756
2017-12-23 19:00:00,2420.0,2610.6217680473897,2273.564141358449,2947.6793947363303
2017-12-23 20:00:00,2449.0,2310.941789376943,1973.884162688002,2647.9994160658835
2017-12-23 21:00:00,2372.0,2434.081582590995,2097.0239559020542,2771.1392092799356
2017-12-23 22:00:00,1840.0,1839.981901645917,1502.9242749569764,2177.039528334858
2017-12-23 23:00:00,1147.0,1203.6220117533544,866.5643850644137,1540.679638442295
2017-12-24 00:00:00,963.0,725.5985283880776,388.54090169913695,1062.6561550770184
2017-12-24 01:00:00,861.0,681.4702558001655,344.4126291112249,1018.5278824891062
2017-12-24 02:00:00,374.0,896.5293101160066,559.471683427066,1233.5869368049473
2017-12-24 03:00:00,303.0,353.1396274741954,16.082000785254706,690.197254163136
2017-12-24 04:00:00,529.0,464.54588368173773,127.48825699279706,801.6035103706784
2017-12-24 05:00:00,839.0,855.3872499187474,518.3296232298068,1192.444876607688
2017-12-24 06:00:00,964.0,1144.6566403224015,807.5990136334608,1481.7142670113421
2017-12-24 07:00:00,1477.0,1472.9106594710795,1135.8530327821388,1809.9682861600202
2017-12-24 08:00:00,2250.0,2180.596957126124,1843.5393304371833,2517.6545838150646
2017-12-24 09:00:00,2929.0,3010.4643294659786,2673.406702777038,3347.5219561549193
2017-12-24 10:00:00,3200.0,3366.7422249431124,3029.6845982541718,3703.799851632053
2017-12-24 11:00:00,3698.0,3431.0657191543505,3094.00809246541,3768.123345843291
2017-12-24 12:00:00,3400.0,3810.4031730211573,3473.3455463322166,4147.4607997100975
2017-12-24 13:00:00,3694.0,3521.560499266189,3184.502872577248,3858.6181259551295
2017-12-24 14:00:00,3851.0,3766.2661006058906,3429.20847391695,4103.323727294832
2017-12-24 15:00:00,3529.0,3858.4909562613525,3521.433329572412,4195.548582950293
2017-12-24 16:00:00,3196.0,3394.9918531213907,3057.93422643245,3732.0494798103314
2017-12-24 17:00:00,2549.0,2997.1785534334426,2660.120926744502,3334.2361801223833
2017-12-24 18:00:00,2339.0,2250.780202027531,1913.72257533859,2587.8378287164714
2017-12-24 19:00:00,2460.0,2131.1760513472573,1794.1184246583166,2468.233678036198
2017-12-24 20:00:00,2576.0,2265.9880346708987,1928.930407981958,2603.0456613598394
2017-12-24 21:00:00,2300.0,1977.9472428884703,1640.8896161995297,2315.0048695774112
2017-12-24 22:00:00,1565.0,1541.9468032105276,1204.889176521587,1879.0044298994683
2017-12-24 23:00:00,1092.0,888.4106278599918,551.3530011710511,1225.4682545489325
2017-12-25 00:00:00,666.0,637.7977238942942,300.74009720535355,974.8553505832349
2017-12-25 01:00:00,487.0,422.49636524844806,85.43873855950739,759.5539919373887
2017-12-25 02:00:00,349.0,373.85314397359804,36.795517284657365,710.9107706625387
2017-12-25 03:00:00,339.0,479.7642539255769,142.70662723663622,816.8218806145176
2017-12-25 04:00:00,520.0,746.7525702575383,409.69494356859764,1083.810196946479
2017-12-25 05:00:00,798.0,975.1692063244205,638.1115796354799,1312.226833013361
2017-12-25 06:00:00,942.0,1077.5872949501659,740.5296682612252,1414.6449216391065
2017-12-25 07:00:00,1260.0,1271.4033162498129,934.3456895608722,1608.4609429387535
2017-12-25 08:00:00,1760.0,1919.8201828145957,1582.762556125655,2256.8778095035364
2017-12-25 09:00:00,2292.0,2460.492503081429,2123.434876392488,2797.5501297703695
2017-12-25 10:00:00,2653.0,2771.9103452590325,2434.852718570092,3108.967971947973
2017-12-25 11:00:00,2957.0,3068.6860779361045,2731.628451247164,3405.743704625045
2017-12-25 12:00:00,2983.0,3156.364649318439,2819.3070226294985,3493.42227600738
2017-12-25 13:00:00,2850.0,3156.3234745907953,2819.2658479018546,3493.381101279736
2017-12-25 14:00:00,2732.0,3080.170649000593,2743.1130223116525,3417.228275689534
2017-12-25 15:00:00,3045.0,2802.74458674073,2465.6869600517894,3139.8022134296707
2017-12-25 16:00:00,3134.0,2906.441237712861,2569.3836110239204,3243.4988644018017
2017-12-25 17:00:00,3172.0,2885.4945818348338,2548.436955145893,3222.5522085237744
2017-12-25 18:00:00,3100.0,2730.5200847344504,2393.4624580455097,3067.577711423391
2017-12-25 19:00:00,2875.0,2748.056808141481,2410.99918145254,3085.1144348304215
2017-12-25 20:00:00,2404.0,2563.4957752155224,2226.4381485265817,2900.553401904463
2017-12-25 21:00:00,1798.0,1767.1787289064646,1430.121102217524,2104.2363555954053
2017-12-25 22:00:00,1147.0,1256.569823432399,919.5121967434584,1593.6274501213397
2017-12-25 23:00:00,539.0,624.048886480007,286.99125979106634,961.1065131689477
2017-12-26 00:00:00,326.0,347.82661243844683,10.768985749506157,684.8842391273874
2017-12-26 01:00:00,213.0,271.46682605133475,0.0,608.5244527402754
2017-12-26 02:00:00,261.0,243.02384335528055,0.0,580.0814700442212
2017-12-26 03:00:00,507.0,573.7373159232908,236.67968923435012,910.7949426122315
2017-12-26 04:00:00,1761.0,1130.066106965424,793.0084802764834,1467.1237336543647
2017-12-26 05:00:00,3029.0,2951.0642101723483,2614.0065834834077,3288.121836861289
2017-12-26 06:00:00,3203.0,3481.9600349324546,3144.902408243514,3819.0176616213953
2017-12-26 07:00:00,2982.0,2883.3562373099794,2546.2986106210387,3220.41386399892
2017-12-26 08:00:00,3013.0,2996.7637857851155,2659.706159096175,3333.821412474056
2017-12-26 09:00:00,3396.0,3336.1332880585983,2999.0756613696576,3673.190914747539
2017-12-26 10:00:00,3983.0,3715.787947992614,3378.7303213036735,4052.845574681555
2017-12-26 11:00:00,4197.0,4107.531371954705,3770.473745265764,4444.588998643645
2017-12-26 12:00:00,4487.0,4301.5788926786845,3964.521265989744,4638.636519367625
2017-12-26 13:00:00,4828.0,4641.40562131552,4304.34799462658,4978.46324800446
2017-12-26 14:00:00,5172.0,4992.221709967923,4655.164083278982,5329.279336656864
2017-12-26 15:00:00,5282.0,5696.597805947087,5359.540179258147,6033.655432636027
2017-12-26 16:00:00,4561.0,5014.595063877287,4677.537437188346,5351.652690566229
2017-12-26 17:00:00,3598.0,3850.3714945325723,3513.3138678436317,4187.429121221513
2017-12-26 18:00:00,2846.0,2907.5891824528553,2570.5315557639146,3244.646809141796
2017-12-26 19:00:00,2369.0,2486.4137167728018,2149.356090083861,2823.4713434617424
2017-12-26 20:00:00,2031.0,2122.264351767835,1785.2067250788941,2459.3219784567755
2017-12-26 21:00:00,1882.0,1594.822495818998,1257.7648691300574,1931.8801225079387
2017-12-26 22:00:00,1065.0,1292.2230217408355,955.1653950518948,1629.2806484297762
2017-12-26 23:00:00,586.0,601.2836693293816,264.22604264044094,938.3412960183223
2017-12-27 00:00:00,378.0,361.2683082428054,24.21068155386473,698.3259349317461
2017-12-27 01:00:00,272.0,294.7164548239245,0.0,631.7740815128652
2017-12-27 02:00:00,330.0,329.76370924073683,0.0,666.8213359296775
2017-12-27 03:00:00,712.0,776.9061766528413,439.8485499639006,1113.9638033417818
2017-12-27 04:00:00,2287.0,2444.151008912806,2107.0933822238653,2781.2086356017467
2017-12-27 05:00:00,4250.0,4870.883953795539,4533.826327106599,5207.941580484479
2017-12-27 06:00:00,4453.0,4556.491293942156,4219.433667253215,4893.548920631096
2017-12-27 07:00:00,4124.0,4362.11401037735,4025.056383688409,4699.171637066291
2017-12-27 08:00:00,3950.0,4043.2019858414687,3706.144359152528,4380.25961253041
2017-12-27 09:00:00,3858.0,3838.507701095115,3501.4500744061743,4175.565327784056
2017-12-27 10:00:00,4401.0,4124.085966899125,3787.0283402101845,4461.143593588065
2017-12-27 11:00:00,4752.0,4553.925296612618,4216.867669923677,4890.982923301559
2017-12-27 12:00:00,4836.0,4720.347439364497,4383.289812675557,5057.405066053438
2017-12-27 13:00:00,5250.0,5134.004357723899,4796.946731034959,5471.06198441284
2017-12-27 14:00:00,5398.0,5617.761882604795,5280.704255915854,5954.819509293735
2017-12-27 15:00:00,5997.0,5849.129743029663,5512.072116340722,6186.187369718604
2017-12-27 16:00:00,5397.0,5575.824860294752,5238.767233605811,5912.8824869836935
2017-12-27 17:00:00,4295.0,4131.643568741287,3794.585942052346,4468.701195430227
2017-12-27 18:00:00,2941.0,3015.83255143372,2678.774924744779,3352.8901781226605
2017-12-27 19:00:00,2482.0,2520.085024110105,2183.0273974211646,2857.142650799046
2017-12-27 20:00:00,2971.0,2363.998236145865,2026.9406094569244,2701.055862834806
2017-12-27 21:00:00,3074.0,2498.460598064139,2161.4029713751984,2835.5182247530797
2017-12-27 22:00:00,1310.0,1609.907878003661,1272.8502513147203,1946.9655046926016
2017-12-27 23:00:00,732.0,685.8966596244439,348.83903293550327,1022.9542863133846
2017-12-28 00:00:00,412.0,461.73114871464753,124.67352202570686,798.7887754035883
2017-12-28 01:00:00,288.0,315.6678108599438,0.0,652.7254375488844
2017-12-28 02:00:00,373.0,333.036587593223,0.0,670.0942142821636
2017-12-28 03:00:00,743.0,814.7585657765037,477.70093908756303,1151.8161924654444
2017-12-28 04:00:00,2217.0,2511.5368199719214,2174.4791932829808,2848.594446660862
2017-12-28 05:00:00,3997.0,4785.303222343567,4448.2455956546255,5122.360849032508
2017-12-28 06:00:00,3699.0,4338.293451978885,4001.2358252899444,4675.351078667825
2017-12-28 07:00:00,2745.0,3711.594709280866,3374.5370825919254,4048.6523359698067
2017-12-28 08:00:00,3529.0,3362.6599761172974,3025.602349428357,3699.717602806238
2017-12-28 09:00:00,3562.0,3887.7716765887026,3550.714049899762,4224.829303277644
2017-12-28 10:00:00,3433.0,4006.897868931924,3669.8402422429835,4343.955495620865
2017-12-28 11:00:00,3994.0,3786.0263945150787,3448.968767826138,4123.084021204019
2017-12-28 12:00:00,3931.0,4228.668112932934,3891.610486243993,4565.725739621874
2017-12-28 13:00:00,4308.0,4143.5407239806555,3806.483097291715,4480.598350669596
2017-12-28 14:00:00,4515.0,4526.363329020345,4189.305702331405,4863.420955709285
2017-12-28 15:00:00,5141.0,4626.803265046006,4289.745638357066,4963.860891734947
2017-12-28 16:00:00,4520.0,4814.0384574149175,4476.980830725977,5151.096084103858
2017-12-28 17:00:00,3764.0,3920.59260206196,3583.5349753730193,4257.650228750901
2017-12-28 18:00:00,2849.0,3018.9871291345494,2681.9295024456087,3356.04475582349
2017-12-28 19:00:00,2299.0,2596.6333257622427,2259.575699073302,2933.6909524511834
2017-12-28 20:00:00,2180.0,2098.7739733471954,1761.7163466582547,2435.831600036136
2017-12-28 21:00:00,1916.0,1782.1685596093632,1445.1109329204226,2119.226186298304
2017-12-28 22:00:00,1177.0,1317.7059009034906,980.6482742145499,1654.7635275924313
2017-12-28 23:00:00,741.0,646.0793761115018,309.02174942256113,983.1370028004425
2017-12-29 00:00:00,437.0,471.43714917190556,134.3795224829649,808.4947758608462
2017-12-29 01:00:00,358.0,333.5653471284263,0.0,670.622973817367
2017-12-29 02:00:00,383.0,357.95121408059686,20.893587391656183,695.0088407695375
2017-12-29 03:00:00,694.0,791.90288375664,454.8452570676993,1128.9605104455807
2017-12-29 04:00:00,2207.0,2081.33857962582,1744.2809529368792,2418.3962063147605
2017-12-29 05:00:00,3875.0,4804.474149077593,4467.416522388652,5141.531775766534
2017-12-29 06:00:00,4148.0,4172.623042364133,3835.565415675192,4509.680669053074
2017-12-29 07:00:00,3897.0,3995.966478058897,3658.908851369956,4333.024104747838
2017-12-29 08:00:00,3845.0,3970.090552686662,3633.032925997721,4307.148179375603
2017-12-29 09:00:00,4109.0,3947.2188254960774,3610.1611988071368,4284.276452185019
2017-12-29 10:00:00,4345.0,4360.694173791454,4023.6365471025133,4697.751800480395
2017-12-29 11:00:00,4496.0,4500.742205630286,4163.6845789413455,4837.799832319226
2017-12-29 12:00:00,4474.0,4585.781583413658,4248.723956724718,4922.839210102598
2017-12-29 13:00:00,4750.0,4674.262385006514,4337.204758317574,5011.320011695454
2017-12-29 14:00:00,4767.0,4915.8328041417535,4578.775177452813,5252.890430830694
2017-12-29 15:00:00,4859.0,4918.118177406174,4581.060550717233,5255.175804095115
2017-12-29 16:00:00,4564.0,4617.667558908584,4280.609932219644,4954.725185597525
2017-12-29 17:00:00,3929.0,4010.9056098895603,3673.8479832006196,4347.963236578501
2017-12-29 18:00:00,3016.0,3153.90260655874,2816.8449798697993,3490.9602332476807
2017-12-29 19:00:00,2470.0,2730.22518949148,2393.167562802539,3067.2828161804205
2017-12-29 20:00:00,2554.0,2404.6820029104074,2067.6243762214667,2741.739629599348
2017-12-29 21:00:00,3725.0,2377.3013469143657,2040.243720225425,2714.3589736033064
2017-12-29 22:00:00,1684.0,2086.044703869447,1748.9870771805063,2423.1023305583876
2017-12-29 23:00:00,1092.0,987.715889282967,650.6582625940264,1324.7735159719077
2017-12-30 00:00:00,666.0,716.1142176486928,379.05659095975216,1053.1718443376335
2017-12-30 01:00:00,487.0,430.8458487538088,93.78822206486814,767.9034754427495
2017-12-30 02:00:00,349.0,372.4229080828089,35.3652813938682,709.4805347717495
2017-12-30 03:00:00,339.0,354.8230298846921,17.765403195751446,691.8806565736328
2017-12-30 04:00:00,601.0,628.4640786892802,291.4064520003395,965.5217053782209
2017-12-30 05:00:00,1006.0,1018.5066513303374,681.4490246413967,1355.564278019278
2017-12-30 06:00:00,1216.0,1460.917128866102,1123.8595021771614,1797.9747555550427
2017-12-30 07:00:00,1681.0,1948.8802111948376,1611.8225845058969,2285.9378378837782
2017-12-30 08:00:00,2412.0,2251.6075957725275,1914.5499690835868,2588.665222461468
2017-12-30 09:00:00,3188.0,3024.127054644698,2687.0694279557574,3361.1846813336388
2017-12-30 10:00:00,3716.0,3453.3680016590342,3116.3103749700936,3790.425628347975
2017-12-30 11:00:00,4160.0,3935.8215891466934,3598.7639624577528,4272.879215835634
2017-12-30 12:00:00,4197.0,4201.202874440543,3864.1452477516027,4538.260501129484
2017-12-30 13:00:00,4003.0,4250.140708735332,3913.083082046391,4587.198335424273
2017-12-30 14:00:00,3831.0,4118.239154733484,3781.181528044543,4455.296781422425
2017-12-30 15:00:00,4288.0,3816.9107842564545,3479.853157567514,4153.968410945396
2017-12-30 16:00:00,4376.0,4007.31055114713,3670.252924458189,4344.368177836071
2017-12-30 17:00:00,4514.0,3941.01256693683,3603.954940247889,4278.07019362577
2017-12-30 18:00:00,3380.0,3492.499015498273,3155.4413888093322,3829.5566421872136
2017-12-30 19:00:00,2597.0,2882.562112612,2545.5044859230593,3219.6197393009406
2017-12-30 20:00:00,2271.0,2465.728921328903,2128.6712946399625,2802.786548017844
2017-12-30 21:00:00,2352.0,2019.407339638386,1682.3497129494453,2356.4649663273267
2017-12-30 22:00:00,2680.0,1837.1321118889682,1500.0744852000275,2174.189738577909
2017-12-30 23:00:00,1000.0,1363.153848098951,1026.0962214100102,1700.2114747878916
2017-12-31 00:00:00,711.0,655.516280683629,318.45865399468835,992.5739073725697
2017-12-31 01:00:00,519.0,451.28703628521566,114.22940959627499,788.3446629741563
2017-12-31 02:00:00,303.0,359.4749864937293,22.417359804788646,696.53261318267
2017-12-31 03:00:00,285.0,304.16542870238226,0.0,641.223055391323
2017-12-31 04:00:00,457.0,440.8872179140933,103.82959122515263,777.944844603034
2017-12-31 05:00:00,808.0,770.6475236594116,433.58989697047093,1107.7051503483522
2017-12-31 06:00:00,959.0,1086.739227272378,749.6816005834373,1423.7968539613187
2017-12-31 07:00:00,1319.0,1392.6481872740476,1055.590560585107,1729.7058139629883
2017-12-31 08:00:00,2384.0,2069.4087844680753,1732.3511577791346,2406.466411157016
2017-12-31 09:00:00,3504.0,3092.425396600483,2755.3677699115424,3429.4830232894237
2017-12-31 10:00:00,3404.0,3814.3784530426115,3477.320826353671,4151.436079731552
2017-12-31 11:00:00,3438.0,3771.5419019318592,3434.4842752429186,4108.5995286208
2017-12-31 12:00:00,3212.0,3623.5411158657007,3286.48348917676,3960.5987425546414
2017-12-31 13:00:00,3410.0,3301.7173862759087,2964.659759586968,3638.7750129648493
2017-12-31 14:00:00,3635.0,3613.708956228436,3276.6513295394952,3950.7665829173766
2017-12-31 15:00:00,3802.0,3604.923651782024,3267.8660250930834,3941.9812784709648
2017-12-31 16:00:00,3513.0,3611.8167738474453,3274.7591471585047,3948.874400536386
2017-12-31 17:00:00,3350.0,3187.4059048854297,2850.348278196489,3524.4635315743703
2017-12-31 18:00:00,2995.0,2738.738302953781,2401.6806762648403,3075.7959296427216
2017-12-31 19:00:00,2731.0,2607.2303185898127,2270.172691900872,2944.2879452787533
2017-12-31 20:00:00,2483.0,2302.9500693093623,1965.8924426204217,2640.007695998303
2017-12-31 21:00:00,2041.0,2103.59686333144,1766.5392366424994,2440.6544900203808
2017-12-31 22:00:00,1580.0,1359.5152112837038,1022.4575845947631,1696.5728379726445
2017-12-31 23:00:00,1478.0,961.630024248384,624.5723975594433,1298.6876509373246
2018-01-01 00:00:00,1408.0,815.387121598685,478.3294949097443,1152.4447482876258
2018-01-01 01:00:00,931.0,819.189964687478,482.1323379985373,1156.2475913764188
2018-01-01 02:00:00,585.0,622.4727792503346,285.41515256139394,959.5304059392753
2018-01-01 03:00:00,381.0,509.20410583510585,172.14647914616518,846.2617325240465
2018-01-01 04:00:00,434.0,569.0662320554171,232.00860536647644,906.1238587443578
2018-01-01 05:00:00,686.0,780.7505535525432,443.69292686360257,1117.808180241484
2018-01-01 06:00:00,677.0,1125.60790086808,788.5502741791393,1462.6655275570206
2018-01-01 07:00:00,811.0,947.9231129905257,610.8654863015851,1284.9807396794663
2018-01-01 08:00:00,1122.0,1186.0642353200049,849.0066086310642,1523.1218620089455
2018-01-01 09:00:00,1738.0,1571.7858845048438,1234.7282578159031,1908.8435111937845
2018-01-01 10:00:00,2421.0,2303.8917220010803,1966.8340953121397,2640.949348690021
2018-01-01 11:00:00,2908.0,2918.6404413328664,2581.5828146439258,3255.698068021807
2018-01-01 12:00:00,2985.0,3207.3006814320197,2870.243054743079,3544.3583081209604
2018-01-01 13:00:00,3214.0,3154.341614570807,2817.2839878818663,3491.3992412597477
2018-01-01 14:00:00,3410.0,3331.565718956535,2994.5080922675943,3668.6233456454756
2018-01-01 15:00:00,3290.0,3479.344521787443,3142.2868950985026,3816.402148476384
2018-01-01 16:00:00,3079.0,3073.9933899462703,2736.9357632573297,3411.051016635211
2018-01-01 17:00:00,2891.0,2842.245567854486,2505.1879411655455,3179.303194543427
2018-01-01 18:00:00,2199.0,2390.411371855305,2053.353745166364,2727.4689985442456
2018-01-01 19:00:00,1738.0,1942.3355058952407,1605.2778792063,2279.3931325841813
2018-01-01 20:00:00,1555.0,1782.1929048320449,1445.1352781431042,2119.2505315209855
2018-01-01 21:00:00,1213.0,1332.4420143359366,995.384387646996,1669.4996410248773
2018-01-01 22:00:00,830.0,749.9042740913857,412.846647402445,1086.9619007803262
2018-01-01 23:00:00,477.0,470.23469681068354,133.17707012174287,807.2923234996242
2018-01-02 00:00:00,279.0,274.0686406459924,0.0,611.1262673349331
2018-01-02 01:00:00,205.0,242.36445163925524,0.0,579.4220783281959
2018-01-02 02:00:00,299.0,307.5374542481127,0.0,644.5950809370534
2018-01-02 03:00:00,729.0,785.3529420812276,448.29531539228697,1122.4105687701683
2018-01-02 04:00:00,2544.0,2491.1305889949112,2154.0729623059706,2828.188215683852
2018-01-02 05:00:00,4801.0,5481.018337241484,5143.960710552543,5818.075963930425
2018-01-02 06:00:00,5696.0,5492.383664617941,5155.326037929,5829.441291306881
2018-01-02 07:00:00,4901.0,5056.304946567288,4719.247319878348,5393.362573256229
2018-01-02 08:00:00,4189.0,4219.459252713431,3882.4016260244903,4556.516879402372
2018-01-02 09:00:00,4065.0,3832.8349344737217,3495.777307784781,4169.892561162662
2018-01-02 10:00:00,4172.0,4235.773319985269,3898.7156932963285,4572.83094667421
2018-01-02 11:00:00,4448.0,4246.868666683807,3909.811039994866,4583.926293372748
2018-01-02 12:00:00,4537.0,4487.793294964597,4150.735668275656,4824.8509216535385
2018-01-02 13:00:00,4698.0,4786.6752391554455,4449.617612466505,5123.732865844386
2018-01-02 14:00:00,5232.0,5028.815806816425,4691.758180127485,5365.873433505365
2018-01-02 15:00:00,5618.0,5935.219164571137,5598.161537882197,6272.2767912600775
2018-01-02 16:00:00,5178.0,5379.489583398984,5042.431956710043,5716.547210087925
2018-01-02 17:00:00,3625.0,4028.3902818419992,3691.3326551530586,4365.4479085309395
2018-01-02 18:00:00,2669.0,2765.2390564700586,2428.181429781118,3102.2966831589993
2018-01-02 19:00:00,2056.0,2348.2876324760605,2011.2300057871198,2685.345259165001
2018-01-02 20:00:00,2834.0,1833.207962538847,1496.1503358499062,2170.2655892277876
2018-01-02 21:00:00,2785.0,2134.7167476966697,1797.659121007729,2471.7743743856104
2018-01-02 22:00:00,1118.0,1721.6338879842722,1384.5762612953315,2058.6915146732126
2018-01-02 23:00:00,599.0,595.3320014313812,258.2743747424405,932.3896281203218
2018-01-03 00:00:00,353.0,362.1282041711402,25.070577482199553,699.1858308600808
2018-01-03 01:00:00,283.0,276.51734241747806,0.0,613.5749691064187
2018-01-03 02:00:00,358.0,323.7645244245785,0.0,660.8221511135191
2018-01-03 03:00:00,811.0,799.9891606739735,462.93153398503284,1137.046787362914
2018-01-03 04:00:00,2739.0,2668.50362899145,2331.4460023025094,3005.561255680391
2018-01-03 05:00:00,5225.0,5449.556268018168,5112.498641329228,5786.613894707109
2018-01-03 06:00:00,6017.0,5729.915857706456,5392.858231017515,6066.9734843953975
2018-01-03 07:00:00,5398.0,5458.934317568231,5121.8766908792895,5795.991944257172
2018-01-03 08:00:00,5142.0,4595.669468238144,4258.611841549204,4932.727094927084
2018-01-03 09:00:00,4092.0,4349.257800990872,4012.2001743019314,4686.315427679812
2018-01-03 10:00:00,4328.0,4288.226696107012,3951.169069418071,4625.284322795953
2018-01-03 11:00:00,4600.0,4502.386547960303,4165.328921271363,4839.444174649243
2018-01-03 12:00:00,4591.0,4770.1390492220835,4433.081422533143,5107.196675911024
2018-01-03 13:00:00,4983.0,4910.490183596926,4573.432556907985,5247.547810285867
2018-01-03 14:00:00,5589.0,5433.990554419813,5096.932927730872,5771.048181108754
2018-01-03 15:00:00,6317.0,6354.012052982538,6016.954426293598,6691.069679671478
2018-01-03 16:00:00,5951.0,5908.940164225888,5571.882537536947,6245.997790914829
2018-01-03 17:00:00,4350.0,4350.769549449125,4013.7119227601847,4687.827176138066
2018-01-03 18:00:00,3144.0,2978.668054243623,2641.6104275546822,3315.7256809325636
2018-01-03 19:00:00,2319.0,2593.217066189158,2256.159439500217,2930.2746928780984
2018-01-03 20:00:00,2105.0,2140.611844554858,1803.5542178659175,2477.669471243799
2018-01-03 21:00:00,1517.0,1664.0145440369183,1326.9569173479777,2001.072170725859
2018-01-03 22:00:00,991.0,991.1713763598395,654.1137496708989,1328.2290030487802
2018-01-03 23:00:00,529.0,545.3008985242883,208.24327183534763,882.358525213229
2018-01-04 00:00:00,343.0,347.83742565546856,10.779798966527892,684.8950523444092
2018-01-04 01:00:00,247.0,283.68573437681346,0.0,620.7433610657541
2018-01-04 02:00:00,325.0,332.11702622390055,0.0,669.1746529128412
2018-01-04 03:00:00,827.0,802.6987879274809,465.64116123854023,1139.7564146164216
2018-01-04 04:00:00,2757.0,2705.9178479410834,2368.8602212521428,3042.975474630024
2018-01-04 05:00:00,5323.0,5508.318379708024,5171.2607530190835,5845.376006396964
2018-01-04 06:00:00,6420.0,5874.922887970395,5537.865261281455,6211.980514659335
2018-01-04 07:00:00,4478.0,5743.178379679905,5406.120752990964,6080.236006368847
2018-01-04 08:00:00,4885.0,4462.239747835177,4125.182121146236,4799.297374524118
2018-01-04 09:00:00,4259.0,4259.718688165338,3922.661061476397,4596.776314854278
2018-01-04 10:00:00,4446.0,4462.886472357399,4125.828845668459,4799.944099046339
2018-01-04 11:00:00,4738.0,4658.181994452173,4321.124367763232,4995.239621141114
2018-01-04 12:00:00,4656.0,4800.7461942128075,4463.688567523866,5137.803820901749
2018-01-04 13:00:00,5094.0,4973.3777104824485,4636.320083793507,5310.43533717139
2018-01-04 14:00:00,5442.0,5531.786694600459,5194.729067911518,5868.8443212894
2018-01-04 15:00:00,6450.0,6206.350150693205,5869.292524004264,6543.407777382146
2018-01-04 16:00:00,5993.0,6112.85354134781,5775.795914658869,6449.911168036751
2018-01-04 17:00:00,4377.0,4401.016717570683,4063.959090881742,4738.074344259623
2018-01-04 18:00:00,3071.0,3082.8266245424115,2745.768997853471,3419.884251231352
2018-01-04 19:00:00,2646.0,2644.813862229038,2307.7562355400974,2981.8714889179787
2018-01-04 20:00:00,3933.0,2643.15489393487,2306.0972672459293,2980.2125206238106
2018-01-04 21:00:00,2422.0,2862.7164711656214,2525.6588444766808,3199.774097854562
2018-01-04 22:00:00,1185.0,1238.5921075050112,901.5344808160705,1575.6497341939519
2018-01-04 23:00:00,630.0,639.661393463243,302.60376677430236,976.7190201521837
2018-01-05 00:00:00,379.0,407.5148065537586,70.45717986481793,744.5724332426993
2018-01-05 01:00:00,301.0,299.93421664660235,0.0,636.9918433355431
2018-01-05 02:00:00,335.0,330.1655767995848,0.0,667.2232034885255
2018-01-05 03:00:00,813.0,781.9195991465622,444.8619724576215,1118.9772258355028
2018-01-05 04:00:00,2629.0,2685.2501022664505,2348.19247557751,3022.307728955391
2018-01-05 05:00:00,5002.0,5353.915500001947,5016.857873313007,5690.9731266908875
2018-01-05 06:00:00,5906.0,5808.299041762071,5471.241415073131,6145.3566684510115
2018-01-05 07:00:00,4742.0,5545.702831908101,5208.64520521916,5882.760458597042
2018-01-05 08:00:00,4704.0,4532.956810122805,4195.899183433865,4870.014436811745
2018-01-05 09:00:00,4279.0,4445.094049605968,4108.036422917028,4782.151676294909
2018-01-05 10:00:00,4566.0,4553.290510145157,4216.232883456216,4890.348136834098
2018-01-05 11:00:00,4989.0,4833.877411714187,4496.819785025245,5170.935038403128
2018-01-05 12:00:00,4968.0,5044.38830396231,4707.330677273369,5381.445930651251
2018-01-05 13:00:00,5315.0,5321.030429430716,4983.972802741775,5658.088056119657
2018-01-05 14:00:00,5867.0,5709.355396764868,5372.2977700759275,6046.413023453808
2018-01-05 15:00:00,6504.0,6174.091395612785,5837.033768923844,6511.149022301726
2018-01-05 16:00:00,6185.0,5941.099725088216,5604.042098399275,6278.157351777156
2018-01-05 17:00:00,4611.0,4660.534693516154,4323.477066827214,4997.592320205094
2018-01-05 18:00:00,3652.0,3410.748468648686,3073.6908419597453,3747.8060953376266
2018-01-05 19:00:00,2880.0,2966.324542432718,2629.266915743777,3303.3821691216585
2018-01-05 20:00:00,2815.0,2810.383543418113,2473.325916729172,3147.4411701070535
2018-01-05 21:00:00,2978.0,2528.3474503937155,2191.289823704775,2865.405077082656
2018-01-05 22:00:00,1805.0,1960.2049394544126,1623.147312765472,2297.262566143353
2018-01-05 23:00:00,1003.0,1124.9001962359084,787.8425695469678,1461.957822924849
2018-01-06 00:00:00,673.0,665.897347681202,328.8397209922613,1002.9549743701426
2018-01-06 01:00:00,483.0,429.4418011869173,92.38417449797663,766.4994278758579
2018-01-06 02:00:00,319.0,373.3254560669091,36.26782937796844,710.3830827558497
2018-01-06 03:00:00,383.0,357.45261207639254,20.394985387451868,694.5102387653333
2018-01-06 04:00:00,694.0,730.5663314677726,393.5087047788319,1067.6239581567133
2018-01-06 05:00:00,1129.0,1217.7154498059967,880.6578231170561,1554.7730764949374
2018-01-06 06:00:00,1728.0,1736.624261479412,1399.5666347904714,2073.681888168353
2018-01-06 07:00:00,2487.0,2496.897866387412,2159.840239698471,2833.9554930763525
2018-01-06 08:00:00,3046.0,3262.2269344583406,2925.1693077694,3599.2845611472812
2018-01-06 09:00:00,3593.0,3415.0851319364397,3078.027505247499,3752.1427586253803
2018-01-06 10:00:00,4092.0,3943.0626404295513,3606.0050137406106,4280.120267118492
2018-01-06 11:00:00,4506.0,4420.658687496728,4083.6010608077872,4757.716314185669
2018-01-06 12:00:00,4501.0,4602.210520911793,4265.152894222852,4939.268147600733
2018-01-06 13:00:00,4857.0,4560.510311652043,4223.452684963102,4897.567938340984
2018-01-06 14:00:00,4519.0,4763.6745263295425,4426.616899640601,5100.732153018484
2018-01-06 15:00:00,4486.0,4607.641917320194,4270.584290631254,4944.699544009134
2018-01-06 16:00:00,4536.0,4252.6942206902295,3915.636594001289,4589.75184737917
2018-01-06 17:00:00,3801.0,4129.754682485422,3792.697055796481,4466.812309174362
2018-01-06 18:00:00,3174.0,3148.6718124109593,2811.6141857220186,3485.7294390999
2018-01-06 19:00:00,2556.0,2668.318017700497,2331.2603910115563,3005.3756443894376
2018-01-06 20:00:00,2463.0,2820.1500913385194,2483.0924646495787,3157.20771802746
2018-01-06 21:00:00,2801.0,2522.7581341952173,2185.7005075062766,2859.815760884158
2018-01-06 22:00:00,2089.0,2387.737533168788,2050.6799064798474,2724.795159857729
2018-01-06 23:00:00,1053.0,1213.7721703951636,876.7145437062229,1550.8297970841043
2018-01-07 00:00:00,648.0,688.3022053339922,351.24457864505155,1025.359832022933
2018-01-07 01:00:00,540.0,422.9568429784053,85.89921628946462,760.014469667346
2018-01-07 02:00:00,313.0,351.0039722183408,13.946345529400105,688.0615989072815
2018-01-07 03:00:00,260.0,309.3535020072789,0.0,646.4111286962195
2018-01-07 04:00:00,442.0,430.25160295334365,93.19397626440298,767.3092296422843
2018-01-07 05:00:00,769.0,773.1795040225585,436.1218773336178,1110.237130711499
2018-01-07 06:00:00,1024.0,1068.5058054122708,731.4481787233301,1405.5634321012114
2018-01-07 07:00:00,1695.0,1528.697638253694,1191.6400115647534,1865.7552649426348
2018-01-07 08:00:00,2516.0,2509.2345268059603,2172.1769001170196,2846.292153494901
2018-01-07 09:00:00,3256.0,3203.3370520219623,2866.2794253330217,3540.394678710903
2018-01-07 10:00:00,3670.0,3443.9413845191734,3106.8837578302328,3780.999011208114
2018-01-07 11:00:00,4070.0,3900.9327387238795,3563.875112034939,4237.99036541282
2018-01-07 12:00:00,4065.0,4254.522416265645,3917.4647895767043,4591.580042954585
2018-01-07 13:00:00,4409.0,4155.322176030649,3818.264549341708,4492.37980271959
2018-01-07 14:00:00,4082.0,4361.505244345151,4024.4476176562107,4698.562871034092
2018-01-07 15:00:00,4050.0,4038.852591471251,3701.79496478231,4375.910218160192
2018-01-07 16:00:00,4099.0,3680.378899160148,3343.3212724712075,4017.436525849089
2018-01-07 17:00:00,3388.0,3500.0731333183453,3163.0155066294046,3837.130760007286
2018-01-07 18:00:00,2780.0,2743.204386255267,2406.146759566326,3080.2620129442075
2018-01-07 19:00:00,2261.0,2314.8808262652715,1977.8231995763308,2651.938452954212
2018-01-07 20:00:00,1800.0,2109.9425449745386,1772.884918285598,2447.0001716634793
2018-01-07 21:00:00,1433.0,1604.287315518141,1267.2296888292003,1941.3449422070817
2018-01-07 22:00:00,1073.0,1165.0852024633002,828.0275757743595,1502.142829152241
2018-01-07 23:00:00,455.0,606.9791506468551,269.9215239579145,944.0367773357958
2018-01-08 00:00:00,289.0,309.8121779803863,0.0,646.869804669327
2018-01-08 01:00:00,220.0,256.3233489628355,0.0,593.3809756517762
2018-01-08 02:00:00,361.0,227.0669811288066,0.0,564.1246078177472
2018-01-08 03:00:00,820.0,809.1115442751536,472.05391758621295,1146.1691709640943
2018-01-08 04:00:00,2809.0,2650.4810176318683,2313.4233909429277,2987.538644320809
2018-01-08 05:00:00,5189.0,5479.392569079165,5142.334942390224,5816.450195768106
2018-01-08 06:00:00,6048.0,5496.589934484149,5159.532307795209,5833.647561173089
2018-01-08 07:00:00,5751.0,5257.060936595517,4920.003309906577,5594.118563284457
2018-01-08 08:00:00,4728.0,4817.5365009489105,4480.47887425997,5154.594127637851
2018-01-08 09:00:00,4138.0,4131.57016259738,3794.512535908439,4468.62778928632
2018-01-08 10:00:00,4324.0,4214.978748953198,3877.9211222642575,4552.036375642139
2018-01-08 11:00:00,4512.0,4471.935675733059,4134.878049044119,4808.993302421999
2018-01-08 12:00:00,4786.0,4610.544993575962,4273.4873668870205,4947.602620264903
2018-01-08 13:00:00,4880.0,5183.314613841081,4846.256987152141,5520.372240530021
2018-01-08 14:00:00,5406.0,5293.315236414184,4956.257609725244,5630.3728631031245
2018-01-08 15:00:00,6458.0,6161.724249296653,5824.666622607712,6498.7818759855945
2018-01-08 16:00:00,5732.0,6128.350943662133,5791.293316973193,6465.408570351074
2018-01-08 17:00:00,4446.0,4113.201479625697,3776.1438529367565,4450.259106314637
2018-01-08 18:00:00,2836.0,2929.268386057132,2592.2107593681912,3266.3260127460726
2018-01-08 19:00:00,2416.0,2421.6941126369115,2084.636485947971,2758.751739325852
2018-01-08 20:00:00,2076.0,2110.19650866694,1773.1388819779995,2447.254135355881
2018-01-08 21:00:00,1481.0,1522.3527393343625,1185.2951126454218,1859.4103660233031
2018-01-08 22:00:00,948.0,978.7631667218575,641.7055400329168,1315.8207934107982
2018-01-08 23:00:00,560.0,561.3460397918401,224.28841310289943,898.4036664807808
2018-01-09 00:00:00,342.0,351.6947738950665,14.637147206125803,688.7524005840071
2018-01-09 01:00:00,239.0,281.9016479344873,0.0,618.959274623428
2018-01-09 02:00:00,334.0,326.03048471644263,0.0,663.0881114053833
2018-01-09 03:00:00,832.0,802.3472394792468,465.28961279030614,1139.4048661681875
2018-01-09 04:00:00,2972.0,2697.527786149722,2360.4701594607814,3034.5854128386627
2018-01-09 05:00:00,5674.0,5630.432045364426,5293.374418675485,5967.489672053367
2018-01-09 06:00:00,6229.0,6253.049735118613,5915.992108429673,6590.107361807553
2018-01-09 07:00:00,5965.0,5653.6057297041125,5316.548103015171,5990.663356393054
2018-01-09 08:00:00,5124.0,5140.725783792401,4803.6681571034605,5477.783410481341
2018-01-09 09:00:00,4348.0,4368.024755966128,4030.9671292771877,4705.0823826550695
2018-01-09 10:00:00,4473.0,4496.366382063082,4159.308755374141,4833.424008752023
2018-01-09 11:00:00,5034.0,4673.21789853805,4336.1602718491085,5010.275525226991
2018-01-09 12:00:00,4784.0,4996.971770705315,4659.914144016375,5334.029397394255
2018-01-09 13:00:00,5065.0,5159.723842727231,4822.666216038291,5496.781469416172
2018-01-09 14:00:00,5589.0,5583.4186100087345,5246.360983319793,5920.476236697676
2018-01-09 15:00:00,6559.0,6405.536836814687,6068.479210125746,6742.5944635036285
2018-01-09 16:00:00,6104.0,6216.878701222659,5879.821074533718,6553.9363279116005
2018-01-09 17:00:00,4405.0,4435.099456723047,4098.041830034106,4772.157083411988
2018-01-09 18:00:00,3001.0,3035.004713951389,2697.9470872624483,3372.0623406403297
2018-01-09 19:00:00,2604.0,2625.1812864761996,2288.123659787259,2962.2389131651403
2018-01-09 20:00:00,2931.0,2453.0282717409755,2115.970645052035,2790.085898429916
2018-01-09 21:00:00,3488.0,2495.260061173154,2158.2024344842134,2832.3176878620948
2018-01-09 22:00:00,1125.0,1312.3543923953553,975.2967657064146,1649.412019084296
2018-01-09 23:00:00,583.0,513.8018485480032,176.74422185906258,850.8594752369439
2018-01-10 00:00:00,327.0,366.6441243548751,29.586497665934417,703.7017510438158
2018-01-10 01:00:00,270.0,275.0510559360054,0.0,612.1086826249461
2018-01-10 02:00:00,336.0,329.6834892540835,0.0,666.7411159430242
2018-01-10 03:00:00,887.0,804.327336860099,467.2697101711583,1141.3849635490396
2018-01-10 04:00:00,2944.0,2793.515141303393,2456.4575146144525,3130.572767992334
2018-01-10 05:00:00,5614.0,5795.476711942668,5458.419085253727,6132.534338631609
2018-01-10 06:00:00,6228.0,6214.8346499542295,5877.777023265289,6551.89227664317
2018-01-10 07:00:00,5842.0,5653.652873126408,5316.595246437468,5990.710499815348
2018-01-10 08:00:00,5145.0,5129.551724842304,4792.494098153364,5466.609351531244
2018-01-10 09:00:00,4552.0,4475.003519133744,4137.945892444803,4812.061145822685
2018-01-10 10:00:00,4623.0,4762.795719359124,4425.738092670183,5099.853346048065
2018-01-10 11:00:00,4911.0,4879.0826404782365,4542.025013789296,5216.140267167177
2018-01-10 12:00:00,4926.0,4941.212420523074,4604.154793834134,5278.270047212014
2018-01-10 13:00:00,5315.0,5370.182438857565,5033.124812168624,5707.240065546506
2018-01-10 14:00:00,5681.0,5811.90863815439,5474.851011465449,6148.966264843331
2018-01-10 15:00:00,6602.0,6454.159415258394,6117.101788569453,6791.217041947335
2018-01-10 16:00:00,6128.0,6205.116405579225,5868.058778890285,6542.174032268165
2018-01-10 17:00:00,4520.0,4545.143586875111,4208.08596018617,4882.2012135640525
2018-01-10 18:00:00,2986.0,3192.4361896081314,2855.3785629191907,3529.493816297072
2018-01-10 19:00:00,2642.0,2570.4448169190005,2233.38719023006,2907.502443607941
2018-01-10 20:00:00,2342.0,2451.1334767110693,2114.0758500221286,2788.19110340001
2018-01-10 21:00:00,1596.0,1698.8524609507683,1361.7948342618276,2035.910087639709
2018-01-10 22:00:00,1115.0,1026.2155636984849,689.1579370095442,1363.2731903874255
2018-01-10 23:00:00,568.0,591.2658617058556,254.20823501691495,928.3234883947963
2018-01-11 00:00:00,352.0,363.5706788556474,26.5130521667067,700.6283055445881
2018-01-11 01:00:00,291.0,289.0367130836418,0.0,626.0943397725825
2018-01-11 02:00:00,391.0,340.65166686898937,3.594040180048694,677.7092935579301
2018-01-11 03:00:00,855.0,838.7286741211968,501.67104743225616,1175.7863008101376
2018-01-11 04:00:00,2869.0,2755.90677295715,2418.8491462682096,3092.964399646091
2018-01-11 05:00:00,4869.0,5622.436372714776,5285.378746025835,5959.493999403716
2018-01-11 06:00:00,4601.0,5416.2756085081455,5079.217981819205,5753.333235197086
2018-01-11 07:00:00,4475.0,4749.03431508371,4411.976688394769,5086.091941772651
2018-01-11 08:00:00,4021.0,4450.498626187482,4113.440999498542,4787.556252876422
2018-01-11 09:00:00,3559.0,4037.466151428123,3700.408524739182,4374.523778117064
2018-01-11 10:00:00,3524.0,4007.357160459297,3670.2995337703564,4344.414787148238
2018-01-11 11:00:00,3587.0,3983.4449981015878,3646.387371412647,4320.502624790528
2018-01-11 12:00:00,3293.0,3908.3959494039023,3571.3383227149616,4245.453576092843
2018-01-11 13:00:00,3557.0,3740.0005105110104,3402.9428838220697,4077.058137199951
2018-01-11 14:00:00,4081.0,3937.2758691828967,3600.218242493956,4274.333495871837
2018-01-11 15:00:00,4269.0,4283.179012530825,3946.1213858418846,4620.2366392197655
2018-01-11 16:00:00,4178.0,3908.3565557436905,3571.29892905475,4245.414182432631
2018-01-11 17:00:00,3130.0,3585.527287881575,3248.4696611926342,3922.5849145705156
2018-01-11 18:00:00,2480.0,2494.0094575881994,2156.9518308992588,2831.06708427714
2018-01-11 19:00:00,2251.0,2221.815748750628,1884.7581220616871,2558.8733754395685
2018-01-11 20:00:00,2081.0,2200.9770284506067,1863.919401761666,2538.0346551395473
2018-01-11 21:00:00,1450.0,1765.745370194718,1428.6877435057772,2102.8029968836586
2018-01-11 22:00:00,949.0,1004.2533425522168,667.1957158632762,1341.3109692411576
2018-01-11 23:00:00,566.0,581.9155171346578,244.8578904457171,918.9731438235984
2018-01-12 00:00:00,335.0,364.2215028822437,27.163876193303054,701.2791295711844
2018-01-12 01:00:00,272.0,281.08640100402636,0.0,618.144027692967
2018-01-12 02:00:00,353.0,330.4836986198469,0.0,667.5413253087876
2018-01-12 03:00:00,828.0,789.8519479876052,452.7943212986645,1126.9095746765458
2018-01-12 04:00:00,2728.0,2656.3668514735937,2319.309224784653,2993.4244781625343
2018-01-12 05:00:00,4791.0,5368.877039414343,5031.819412725403,5705.934666103283
2018-01-12 06:00:00,5517.0,5131.871309598203,4794.813682909262,5468.928936287144
2018-01-12 07:00:00,4240.0,5179.1210800617,4842.063453372759,5516.178706750641
2018-01-12 08:00:00,4565.0,4192.371417442037,3855.313790753096,4529.429044130977
2018-01-12 09:00:00,3988.0,4319.301016033078,3982.243389344137,4656.358642722018
2018-01-12 10:00:00,4440.0,4203.7585488238465,3866.700922134906,4540.816175512788
2018-01-12 11:00:00,4958.0,4595.072802526354,4258.015175837414,4932.1304292152945
2018-01-12 12:00:00,4928.0,4872.1126602828635,4535.055033593922,5209.170286971805
2018-01-12 13:00:00,5078.0,5336.391310659736,4999.333683970795,5673.448937348676
2018-01-12 14:00:00,5560.0,5396.093408232169,5059.035781543229,5733.151034921109
2018-01-12 15:00:00,5841.0,6116.175814878292,5779.118188189352,6453.233441567232
2018-01-12 16:00:00,5779.0,5453.569195728764,5116.511569039823,5790.626822417704
2018-01-12 17:00:00,4677.0,4409.385014061917,4072.3273873729763,4746.442640750858
2018-01-12 18:00:00,3348.0,3430.616478510375,3093.5588518214345,3767.674105199316
2018-01-12 19:00:00,2690.0,2847.932068492459,2510.8744418035185,3184.9896951814
2018-01-12 20:00:00,2573.0,2776.5679814977066,2439.510354808766,3113.6256081866472
2018-01-12 21:00:00,2440.0,2380.8776554407573,2043.8200287518166,2717.935282129698
2018-01-12 22:00:00,1654.0,1689.6011568937924,1352.5435302048518,2026.6587835827331
2018-01-12 23:00:00,1032.0,1046.6454854280182,709.5878587390775,1383.703112116959
2018-01-13 00:00:00,601.0,660.4368934653969,323.37926677645623,997.4945201543376
2018-01-13 01:00:00,467.0,392.9741393618655,55.91651267292485,730.0317660508063
2018-01-13 02:00:00,361.0,340.73128638444706,3.6736596955063874,677.7889130733877
2018-01-13 03:00:00,388.0,408.8170586183661,71.75943192942543,745.8746853073068
2018-01-13 04:00:00,647.0,698.3863913656755,361.32876467673486,1035.4440180546162
2018-01-13 05:00:00,1175.0,1072.862529764334,735.8049030753934,1409.9201564532748
2018-01-13 06:00:00,1720.0,1782.3040984193003,1445.2464717303596,2119.361725108241
2018-01-13 07:00:00,2582.0,2484.286245217395,2147.2286185284543,2821.3438719063356
2018-01-13 08:00:00,3473.0,3354.0808260496083,3017.0231993606676,3691.138452738549
2018-01-13 09:00:00,3916.0,3794.7652619097776,3457.707635220837,4131.822888598718
2018-01-13 10:00:00,4155.0,4197.745570113195,3860.687943424254,4534.803196802135
2018-01-13 11:00:00,4379.0,4411.0341928723,4073.9765661833594,4748.091819561241
2018-01-13 12:00:00,4595.0,4442.254747457016,4105.1971207680745,4779.312374145957
2018-01-13 13:00:00,4212.0,4592.2132236775215,4255.155596988581,4929.270850366462
2018-01-13 14:00:00,3941.0,4323.499912854422,3986.4422861654816,4660.5575395433625
2018-01-13 15:00:00,3601.0,3993.585574822817,3656.527948133876,4330.643201511757
2018-01-13 16:00:00,3374.0,3393.764730327913,3056.7071036389725,3730.822357016854
2018-01-13 17:00:00,3141.0,3071.165433363555,2734.1078066746145,3408.223060052496
2018-01-13 18:00:00,3479.0,2657.619960030783,2320.5623333418425,2994.677586719724
2018-01-13 19:00:00,3429.0,2835.757768318521,2498.7001416295802,3172.8153950074616
2018-01-13 20:00:00,4055.0,3115.137948976731,2778.0803222877903,3452.1955756656716
2018-01-13 21:00:00,2990.0,3175.6800338567373,2838.6224071677966,3512.737660545678
2018-01-13 22:00:00,1872.0,2139.1896720366317,1802.132045347691,2476.2472987255724
2018-01-13 23:00:00,1210.0,1291.730040932887,954.6724142439464,1628.7876676218277
2018-01-14 00:00:00,756.0,781.2616537821963,444.2040270932556,1118.319280471137
2018-01-14 01:00:00,494.0,518.1038663755344,181.0462396865937,855.161493064475
2018-01-14 02:00:00,313.0,355.5587479935981,18.50112130465743,692.6163746825388
2018-01-14 03:00:00,271.0,317.43800767587254,0.0,654.4956343648132
2018-01-14 04:00:00,474.0,451.2794879895008,114.22186130056014,788.3371146784415
2018-01-14 05:00:00,735.0,831.5316715296902,494.47404484074957,1168.589298218631
2018-01-14 06:00:00,1296.0,1070.1262993380558,733.0686726491151,1407.1839260269965
2018-01-14 07:00:00,1880.0,2079.9004932127427,1742.842866523802,2416.9581199016834
2018-01-14 08:00:00,2567.0,2572.345810451734,2235.2881837627933,2909.4034371406747
2018-01-14 09:00:00,3338.0,3136.084814143361,2799.0271874544205,3473.142440832302
2018-01-14 10:00:00,3771.0,3643.1119778936013,3306.0543512046606,3980.169604582542
2018-01-14 11:00:00,4175.0,3996.7989760378855,3659.741349348945,4333.856602726826
2018-01-14 12:00:00,4567.0,4356.825323410812,4019.7676967218717,4693.882950099753
2018-01-14 13:00:00,3873.0,4490.988738612924,4153.931111923983,4828.046365301865
2018-01-14 14:00:00,3383.0,3929.011946582463,3591.9543198935226,4266.069573271404
2018-01-14 15:00:00,2769.0,3347.5369546471975,3010.479327958257,3684.594581336138
2018-01-14 16:00:00,2357.0,2738.0370049938006,2400.97937830486,3075.0946316827412
2018-01-14 17:00:00,1935.0,1984.1429883125509,1647.0853616236102,2321.2006150014913
2018-01-14 18:00:00,1800.0,1808.9275792539781,1471.8699525650375,2145.9852059429186
2018-01-14 19:00:00,2218.0,1799.9838020247819,1462.9261753358412,2137.041428713723
2018-01-14 20:00:00,2264.0,2157.249275982108,1820.1916492931673,2494.3069026710486
2018-01-14 21:00:00,2292.0,1821.0418452020883,1483.9842185131477,2158.0994718910288
2018-01-14 22:00:00,979.0,1502.04141243155,1164.9837857426094,1839.0990391204907
2018-01-14 23:00:00,600.0,586.15803530451,249.10040861556934,923.2156619934507
2018-01-15 00:00:00,341.0,371.00309662946665,33.94546994052598,708.0607233184073
2018-01-15 01:00:00,269.0,290.0683985032168,0.0,627.1260251921575
2018-01-15 02:00:00,347.0,318.7468524137298,0.0,655.8044791026705
2018-01-15 03:00:00,775.0,774.688139653647,437.6305129647063,1111.7457663425876
2018-01-15 04:00:00,2183.0,2611.6411034738944,2274.5834767849537,2948.698730162835
2018-01-15 05:00:00,3637.0,4584.165690921684,4247.108064232743,4921.223317610624
2018-01-15 06:00:00,3651.0,3919.7289210524236,3582.671294363483,4256.786547741364
2018-01-15 07:00:00,3231.0,3168.5894649696306,2831.53183828069,3505.6470916585713
2018-01-15 08:00:00,3410.0,2997.539602695414,2660.4819760064734,3334.5972293843547
2018-01-15 09:00:00,3307.0,3546.8436481296967,3209.786021440756,3883.9012748186374
2018-01-15 10:00:00,3638.0,3503.261594751585,3166.2039680626444,3840.319221440526
2018-01-15 11:00:00,3970.0,3844.2567848718804,3507.1991581829398,4181.314411560821
2018-01-15 12:00:00,4207.0,4049.2410783609403,3712.1834516719996,4386.298705049881
2018-01-15 13:00:00,4440.0,4357.885614426384,4020.827987737443,4694.943241115325
2018-01-15 14:00:00,4414.0,4672.728136460153,4335.670509771213,5009.785763149093
2018-01-15 15:00:00,4800.0,4753.380478607099,4416.3228519181575,5090.43810529604
2018-01-15 16:00:00,4437.0,4460.999126342515,4123.941499653574,4798.0567530314565
2018-01-15 17:00:00,3528.0,3589.094972818576,3252.0373461296354,3926.1525995075167
2018-01-15 18:00:00,2611.0,2646.9225602703937,2309.864933581453,2983.9801869593343
2018-01-15 19:00:00,2162.0,2196.864381848809,1859.8067551598683,2533.9220085377497
2018-01-15 20:00:00,1977.0,1960.3407147526395,1623.2830880636989,2297.39834144158
2018-01-15 21:00:00,1430.0,1530.62946420523,1193.5718375162894,1867.6870908941708
2018-01-15 22:00:00,888.0,1032.1620945478983,695.1044678589576,1369.219721236839
2018-01-15 23:00:00,494.0,503.66861686298523,166.61099017404456,840.7262435519259
2018-01-16 00:00:00,321.0,337.53403914002627,0.4764124510855936,674.5916658289669
2018-01-16 01:00:00,255.0,272.20870319548743,0.0,609.2663298844282
2018-01-16 02:00:00,354.0,334.41288419571623,0.0,671.470510884657
2018-01-16 03:00:00,872.0,795.2324597527339,458.17483306379324,1132.2900864416747
2018-01-16 04:00:00,2836.0,2674.6828957252606,2337.62526903632,3011.740522414201
2018-01-16 05:00:00,5254.0,5424.149812853336,5087.092186164395,5761.207439542277
2018-01-16 06:00:00,5568.0,5644.588542529557,5307.530915840616,5981.6461692184985
2018-01-16 07:00:00,5066.0,5271.08896164129,4934.031334952349,5608.14658833023
2018-01-16 08:00:00,5045.0,4656.2429416427885,4319.185314953847,4993.30056833173
2018-01-16 09:00:00,4302.0,4255.8400094602475,3918.782382771307,4592.897636149188
2018-01-16 10:00:00,4332.0,4402.948639782515,4065.891013093574,4740.006266471455
2018-01-16 11:00:00,4602.0,4485.796174755688,4148.738548066747,4822.853801444629
2018-01-16 12:00:00,4608.0,4712.192450654568,4375.134823965627,5049.2500773435095
2018-01-16 13:00:00,4625.0,4981.94744772696,4644.889821038019,5319.0050744159
2018-01-16 14:00:00,5424.0,5028.5094156166915,4691.45178892775,5365.567042305633
2018-01-16 15:00:00,6186.0,6250.6406275225245,5913.583000833583,6587.698254211466
2018-01-16 16:00:00,5809.0,5693.012920175939,5355.955293486999,6030.070546864879
2018-01-16 17:00:00,4066.0,4200.799029070899,3863.741402381959,4537.856655759841
2018-01-16 18:00:00,2924.0,2841.7790209162786,2504.721394227338,3178.8366476052192
2018-01-16 19:00:00,2574.0,2482.5915272827892,2145.5339005938486,2819.64915397173
2018-01-16 20:00:00,2330.0,2520.648127553363,2183.590500864422,2857.7057542423036
2018-01-16 21:00:00,1522.0,1646.3556152882134,1309.2979885992727,1983.413241977154
2018-01-16 22:00:00,977.0,984.2018822593802,647.1442555704396,1321.259508948321
2018-01-16 23:00:00,491.0,555.1028730237438,218.0452463348031,892.1604997126844
2018-01-17 00:00:00,303.0,336.9485660403472,0.0,674.0061927292879
2018-01-17 01:00:00,245.0,261.64378038630184,0.0,598.7014070752425
2018-01-17 02:00:00,346.0,332.1412461351981,0.0,669.1988728241388
2018-01-17 03:00:00,882.0,830.7876616120424,493.7300349231017,1167.8452883009832
2018-01-17 04:00:00,2856.0,2764.9412509244553,2427.8836242355146,3101.998877613396
2018-01-17 05:00:00,5351.0,5436.650106844761,5099.592480155819,5773.707733533702
2018-01-17 06:00:00,5684.0,5787.905241041595,5450.847614352655,6124.962867730535
2018-01-17 07:00:00,5345.0,5433.773379721354,5096.715753032413,5770.831006410295
2018-01-17 08:00:00,4847.0,4802.1041987883955,4465.046572099454,5139.161825477337
2018-01-17 09:00:00,4412.0,4215.941482928919,3878.8838562399783,4552.99910961786
2018-01-17 10:00:00,4497.0,4556.918984440432,4219.861357751492,4893.976611129372
2018-01-17 11:00:00,4653.0,4663.683701220662,4326.626074531721,5000.741327909604
2018-01-17 12:00:00,4917.0,4782.8903492021955,4445.832722513254,5119.947975891137
2018-01-17 13:00:00,5147.0,5287.636373750255,4950.578747061314,5624.694000439196
2018-01-17 14:00:00,3271.0,5689.5837951140575,5352.526168425116,6026.641421802999
2018-01-17 15:00:00,5287.0,3474.9683384342484,3137.9107117453077,3812.025965123189
2018-01-17 16:00:00,5676.0,5168.691193663665,4831.633566974724,5505.748820352606
2018-01-17 17:00:00,4207.0,4284.5763105336755,3947.518683844735,4621.633937222616
2018-01-17 18:00:00,3080.0,2881.109467748148,2544.051841059207,3218.1670944370885
2018-01-17 19:00:00,2777.0,2595.5468815304953,2258.4892548415546,2932.604508219436
2018-01-17 20:00:00,2278.0,2627.9589926960493,2290.9013660071087,2965.01661938499
2018-01-17 21:00:00,1706.0,1708.3377210405897,1371.280094351649,2045.3953477295304
2018-01-17 22:00:00,2597.0,1084.9064336946587,747.8488070057181,1421.9640603835994
2018-01-17 23:00:00,756.0,816.23549247045,479.17786578150935,1153.2931191593907
2018-01-18 00:00:00,352.0,483.1712528194491,146.1136261305084,820.2288795083898
2018-01-18 03:00:00,883.0,784.1374572079978,447.07983051905717,1121.1950838969385
2018-01-18 04:00:00,2952.0,2695.2251888064366,2358.167562117496,3032.2828154953772
2018-01-18 05:00:00,5369.0,5476.146868512635,5139.0892418236945,5813.204495201575
2018-01-18 06:00:00,5848.0,6031.212664207921,5694.15503751898,6368.270290896862
2018-01-18 07:00:00,5751.0,5486.6652402128775,5149.607613523936,5823.722866901819
2018-01-18 08:00:00,5143.0,5328.614882914845,4991.557256225904,5665.672509603786
2018-01-18 09:00:00,4479.0,4430.5964439937125,4093.538817304772,4767.654070682653
2018-01-18 10:00:00,4706.0,4679.042897726317,4341.985271037376,5016.100524415258
2018-01-18 11:00:00,4872.0,4925.505456241887,4588.447829552946,5262.563082930828
2018-01-18 12:00:00,4878.0,4940.682016681512,4603.624389992572,5277.7396433704525
2018-01-18 13:00:00,5056.0,5224.654999497252,4887.597372808312,5561.712626186192
2018-01-18 14:00:00,5834.0,5378.8052881674375,5041.747661478497,5715.862914856378
2018-01-18 15:00:00,6527.0,6437.411646343948,6100.3540196550075,6774.469273032888
2018-01-18 16:00:00,6039.0,6126.542652594607,5789.485025905666,6463.600279283548
2018-01-18 17:00:00,4502.0,4560.389253590531,4223.33162690159,4897.446880279471
2018-01-18 18:00:00,3289.0,3277.4469038579873,2940.3892771690466,3614.504530546928
2018-01-18 19:00:00,3096.0,2917.166790620002,2580.109163931061,3254.2244173089425
2018-01-18 20:00:00,2753.0,3032.262877569499,2695.205250880558,3369.3205042584395
2018-01-18 21:00:00,1797.0,2251.543913857692,1914.4862871687515,2588.601540546633
2018-01-18 22:00:00,1188.0,1144.2917376427417,807.2341109538011,1481.3493643316824
2018-01-18 23:00:00,589.0,641.0216912296164,303.96406454067574,978.0793179185571
2018-01-19 00:00:00,333.0,371.5187499629601,34.46112327401943,708.5763766519008
2018-01-19 01:00:00,283.0,280.8188518389796,0.0,617.8764785279202
2018-01-19 02:00:00,373.0,333.0137673522827,0.0,670.0713940412234
2018-01-19 03:00:00,886.0,822.7730295274146,485.7154028384739,1159.8306562163552
2018-01-19 04:00:00,2795.0,2780.425228010016,2443.367601321075,3117.4828546989565
2018-01-19 05:00:00,5340.0,5598.76271793733,5261.70509124839,5935.8203446262705
2018-01-19 06:00:00,6309.0,5989.712126070391,5652.65449938145,6326.769752759332
2018-01-19 07:00:00,5673.0,5575.413984648237,5238.356357959296,5912.471611337178
2018-01-19 08:00:00,4948.0,4894.6298855618015,4557.57225887286,5231.687512250743
2018-01-19 09:00:00,4463.0,4488.625504172824,4151.567877483883,4825.683130861764
2018-01-19 10:00:00,4936.0,4760.104483916091,4423.046857227151,5097.162110605032
2018-01-19 11:00:00,5218.0,5209.39377076416,4872.33614407522,5546.4513974531
2018-01-19 12:00:00,5101.0,5225.706211264387,4888.648584575447,5562.763837953327
2018-01-19 13:00:00,5302.0,5424.743504518947,5087.685877830007,5761.801131207887
2018-01-19 14:00:00,5810.0,5644.495411209117,5307.437784520176,5981.553037898058
2018-01-19 15:00:00,6305.0,6192.677949799537,5855.620323110596,6529.735576488478
2018-01-19 16:00:00,5657.0,5786.277500359935,5449.219873670994,6123.3351270488765
2018-01-19 17:00:00,4503.0,4507.125957054827,4170.068330365886,4844.183583743768
2018-01-19 18:00:00,3516.0,3408.374871599443,3071.3172449105023,3745.4324982883836
2018-01-19 19:00:00,3094.0,2896.0783942508983,2559.0207675619577,3233.136020939839
2018-01-19 20:00:00,3370.0,3071.9514801729024,2734.8938534839617,3409.009106861843
2018-01-19 21:00:00,2819.0,2982.45450045764,2645.396873768699,3319.5121271465805
2018-01-19 22:00:00,1892.0,2110.71201489423,1773.6543882052893,2447.7696415831706
2018-01-19 23:00:00,1179.0,1257.8326875793166,920.7750608903759,1594.8903142682573
2018-01-20 00:00:00,759.0,741.2961719575629,404.23854526862226,1078.3537986465035
2018-01-20 01:00:00,528.0,519.1882584828645,182.13063179392384,856.2458851718052
2018-01-20 02:00:00,366.0,381.2078824701506,44.15025578120992,718.2655091590913
2018-01-20 03:00:00,399.0,388.0578200378215,51.00019334888083,725.1154467267622
2018-01-20 04:00:00,703.0,711.1315214197464,374.0738947308057,1048.189148108687
2018-01-20 05:00:00,1307.0,1311.7051288518032,974.6475021628626,1648.762755540744
2018-01-20 06:00:00,1888.0,2006.6045649223345,1669.5469382333938,2343.6621916112754
2018-01-20 07:00:00,2838.0,2717.773168110641,2380.7155414217004,3054.830794799582
2018-01-20 08:00:00,3381.0,3532.805410373649,3195.7477836847083,3869.8630370625897
2018-01-20 09:00:00,4033.0,3799.885152794731,3462.82752610579,4136.942779483672
2018-01-20 10:00:00,4425.0,4351.815205837541,4014.7575791486,4688.872832526482
2018-01-20 11:00:00,4886.0,4693.904036554247,4356.846409865306,5030.961663243188
2018-01-20 12:00:00,4693.0,4814.697281057216,4477.639654368275,5151.754907746157
2018-01-20 13:00:00,4986.0,4667.828841637892,4330.771214948951,5004.886468326833
2018-01-20 14:00:00,4811.0,4904.416233385592,4567.358606696651,5241.473860074533
2018-01-20 15:00:00,4757.0,4801.794963496304,4464.737336807364,5138.8525901852445
2018-01-20 16:00:00,4754.0,4371.942969330237,4034.8853426412966,4709.0005960191775
2018-01-20 17:00:00,4530.0,4164.060866003874,3827.0032393149336,4501.1184926928145
2018-01-20 18:00:00,3900.0,3484.16047468613,3147.102847997189,3821.2181013750705
2018-01-20 19:00:00,3497.0,3139.424960755954,2802.3673340670134,3476.4825874448948
2018-01-20 20:00:00,3742.0,3259.1095784006,2922.0519517116595,3596.167205089541
2018-01-20 21:00:00,3608.0,3284.2362462365318,2947.178619547591,3621.2938729254724
2018-01-20 22:00:00,3427.0,2349.3293466184505,2012.2717199295098,2686.386973307391
2018-01-20 23:00:00,1830.0,1709.065835846361,1372.0082091574204,2046.1234625353018
2018-01-21 00:00:00,1254.0,861.8932880190501,524.8356613301095,1198.9509147079907
2018-01-21 01:00:00,788.0,822.366302509816,485.30867582087535,1159.4239291987567
2018-01-21 02:00:00,367.0,543.9593868372514,206.9017601483107,881.017013526192
2018-01-21 03:00:00,433.0,343.2502400003501,6.1926133114094455,680.3078666892908
2018-01-21 04:00:00,582.0,587.0409463713078,249.9833196823671,924.0985730602484
2018-01-21 05:00:00,1070.0,891.2101485414217,554.1525218524811,1228.2677752303625
2018-01-21 06:00:00,1343.0,1583.2142540351697,1246.156627346229,1920.2718807241104
2018-01-21 07:00:00,2056.0,1991.4686105434535,1654.4109838545128,2328.526237232394
2018-01-21 08:00:00,2804.0,2816.0743970285375,2479.016770339597,3153.132023717478
2018-01-21 09:00:00,3355.0,3505.440182787579,3168.3825560986384,3842.4978094765197
2018-01-21 10:00:00,3686.0,3820.329807869291,3483.2721811803503,4157.387434558232
2018-01-21 11:00:00,4247.0,4059.224286519958,3722.166659831017,4396.281913208899
2018-01-21 12:00:00,4403.0,4372.054692943675,4034.9970662547344,4709.112319632615
2018-01-21 13:00:00,4464.0,4454.005464264254,4116.947837575313,4791.063090953196
2018-01-21 14:00:00,4261.0,4492.401274369363,4155.343647680422,4829.458901058304
2018-01-21 15:00:00,4236.0,4269.0236459446805,3931.96601925574,4606.081272633621
2018-01-21 16:00:00,3791.0,3944.12624352327,3607.0686168343295,4281.183870212211
2018-01-21 17:00:00,2398.0,3299.968794463417,2962.9111677744763,3637.0264211523577
2018-01-21 18:00:00,1992.0,1875.349101334635,1538.2914746456943,2212.406728023576
2018-01-21 19:00:00,2566.0,1813.7117604300406,1476.6541337411,2150.7693871189813
2018-01-21 20:00:00,2433.0,2393.6260468826536,2056.568420193713,2730.683673571594
2018-01-21 21:00:00,1481.0,2030.1769452109422,1693.1193185220015,2367.234571899883
2018-01-21 22:00:00,848.0,1040.3704899508095,703.3128632618689,1377.4281166397502
2018-01-21 23:00:00,486.0,461.7053447018107,124.64771801287003,798.7629713907513
2018-01-22 00:00:00,337.0,338.31591516141566,1.2582884724749874,675.3735418503563
2018-01-22 01:00:00,254.0,279.3286903812644,0.0,616.386317070205
2018-01-22 02:00:00,325.0,337.119139458912,0.06151276997132982,674.1767661478527
2018-01-22 03:00:00,897.0,782.7373035621177,445.6796768731771,1119.7949302510583
2018-01-22 04:00:00,2797.0,2742.9011852938966,2405.843558604956,3079.9588119828372
2018-01-22 05:00:00,5109.0,5533.868021594348,5196.8103949054075,5870.925648283288
2018-01-22 06:00:00,5250.0,5405.055040959252,5067.997414270312,5742.112667648193
2018-01-22 07:00:00,4429.0,4698.566879860831,4361.509253171891,5035.6245065497715
2018-01-22 08:00:00,3794.0,4237.105449979737,3900.0478232907967,4574.163076668678
2018-01-22 09:00:00,3351.0,3616.3461794504974,3279.2885527615567,3953.403806139438
2018-01-22 10:00:00,3240.0,3639.9374056549577,3302.879778966017,3976.9950323438984
2018-01-22 11:00:00,3143.0,3489.900366573021,3152.8427398840804,3826.9579932619617
2018-01-22 12:00:00,3066.0,3284.7029136933534,2947.6452870044127,3621.760540382294
2018-01-22 13:00:00,2846.0,3375.200742115012,3038.1431154260713,3712.2583688039526
2018-01-22 14:00:00,2132.0,3234.2594235848537,2897.201796895913,3571.3170502737944
2018-01-22 15:00:00,1488.0,2004.0890130667506,1667.03138637781,2341.1466397556915
2018-01-22 16:00:00,1379.0,1235.852383556637,898.7947568676964,1572.9100102455777
2018-01-22 17:00:00,1086.0,1133.1068003856276,796.0491736966869,1470.1644270745683
2018-01-22 18:00:00,1291.0,854.0005676838281,516.9429409948874,1191.0581943727689
2018-01-22 19:00:00,889.0,1162.242823790251,825.1851971013102,1499.3004504791916
2018-01-22 20:00:00,1246.0,990.7759024411799,653.7182757522393,1327.8335291301205
2018-01-22 21:00:00,1631.0,1578.5081994892093,1241.4505728002687,1915.56582617815
2018-01-22 22:00:00,570.0,1839.2767277331982,1502.2191010442575,2176.334354422139
2018-01-22 23:00:00,446.0,604.6764762554881,267.6188495665474,941.7341029444287
2018-01-23 00:00:00,245.0,278.45819541207015,0.0,615.5158221010108
2018-01-23 01:00:00,211.0,269.5040584031051,0.0,606.5616850920458
2018-01-23 02:00:00,282.0,357.4757568768825,20.418130187941813,694.5333835658232
2018-01-23 03:00:00,705.0,651.1893583932448,314.1317317043041,988.2469850821855
2018-01-23 04:00:00,2008.0,2455.579393595787,2118.5217669068466,2792.637020284728
2018-01-23 05:00:00,3674.0,3750.444901705314,3413.387275016373,4087.5025283942546
2018-01-23 06:00:00,3788.0,3985.181986737001,3648.12436004806,4322.239613425942
2018-01-23 07:00:00,3196.0,3280.5200858458834,2943.4624591569427,3617.577712534824
2018-01-23 08:00:00,3337.0,3023.574951402887,2686.5173247139464,3360.632578091828
2018-01-23 09:00:00,3237.0,3430.841066682981,3093.7834399940402,3767.8986933719216
2018-01-23 10:00:00,3299.0,3351.9122160660772,3014.8545893771366,3688.969842755018
2018-01-23 11:00:00,3506.0,3583.107652928172,3246.050026239231,3920.1652796171124
2018-01-23 12:00:00,3670.0,3689.366331215757,3352.308704526816,4026.4239579046975
2018-01-23 13:00:00,4001.0,3898.9911949410207,3561.93356825208,4236.048821629962
2018-01-23 14:00:00,4287.0,4263.643301889419,3926.585675200478,4600.700928578359
2018-01-23 15:00:00,5068.0,4455.695238122904,4118.637611433964,4792.752864811844
2018-01-23 16:00:00,4650.0,4742.8589497021,4405.80132301316,5079.9165763910405
2018-01-23 17:00:00,3467.0,3876.6056563893826,3539.548029700442,4213.663283078324
2018-01-23 18:00:00,2652.0,2600.8347863468603,2263.7771596579196,2937.892413035801
2018-01-23 19:00:00,2279.0,2265.0486257812654,1927.9909990923247,2602.106252470206
2018-01-23 20:00:00,2175.0,2040.9268715288742,1703.8692448399336,2377.9844982178147
2018-01-23 21:00:00,1412.0,1693.8927519342676,1356.835125245327,2030.9503786232083
2018-01-23 22:00:00,979.0,998.4650664666417,661.407439777701,1335.5226931555824
2018-01-23 23:00:00,512.0,568.2833115117222,231.22568482278155,905.3409382006629
2018-01-24 00:00:00,350.0,343.0689159600063,6.011289271065607,680.126542648947
2018-01-24 01:00:00,235.0,281.82317889457414,0.0,618.8808055835148
2018-01-24 02:00:00,373.0,325.6590062486312,0.0,662.7166329375718
2018-01-24 03:00:00,893.0,798.0207235513935,460.96309686245286,1135.0783502403342
2018-01-24 04:00:00,2915.0,2705.4233974900726,2368.365770801132,3042.4810241790133
2018-01-24 05:00:00,5445.0,5437.174243879951,5100.11661719101,5774.231870568892
2018-01-24 06:00:00,5866.0,6078.863494547938,5741.805867858997,6415.921121236879
2018-01-24 07:00:00,5625.0,5465.315609853523,5128.257983164582,5802.373236542464
2018-01-24 08:00:00,5153.0,4873.915392405137,4536.857765716197,5210.973019094077
2018-01-24 09:00:00,4359.0,4318.2402825277095,3981.182655838769,4655.29790921665
2018-01-24 10:00:00,4510.0,4448.209610008616,4111.151983319676,4785.267236697557
2018-01-24 11:00:00,4704.0,4628.124356775887,4291.066730086946,4965.181983464827
2018-01-24 12:00:00,4672.0,4718.153940414087,4381.096313725146,5055.211567103028
2018-01-24 13:00:00,4878.0,5019.8994727379695,4682.841846049028,5356.957099426911
2018-01-24 14:00:00,5570.0,5333.387240092967,4996.3296134040265,5670.444866781907
2018-01-24 15:00:00,6395.0,6327.343839146708,5990.286212457768,6664.401465835648
2018-01-24 16:00:00,5836.0,6074.471760496796,5737.414133807855,6411.5293871857375
2018-01-24 17:00:00,4270.0,4231.691970537863,3894.6343438489225,4568.749597226804
2018-01-24 18:00:00,3104.0,2879.8796190895505,2542.82199240061,3216.937245778491
2018-01-24 19:00:00,2720.0,2588.267368166964,2251.2097414780233,2925.3249948559046
2018-01-24 20:00:00,2567.0,2608.5692571226664,2271.5116304337257,2945.626883811607
2018-01-24 21:00:00,2254.0,1976.5893036603318,1639.531676971391,2313.646930349272
2018-01-24 22:00:00,1074.0,1358.9831583726248,1021.9255316836841,1696.0407850615654
2018-01-24 23:00:00,578.0,610.9890750645192,273.9314483755785,948.0467017534598
2018-01-25 00:00:00,345.0,370.3707131675465,33.31308647860584,707.4283398564871
2018-01-25 01:00:00,265.0,287.0973204348384,0.0,624.154947123779
2018-01-25 02:00:00,398.0,331.7480068059387,0.0,668.8056334948794
2018-01-25 03:00:00,929.0,831.707715678165,494.6500889892243,1168.7653423671056
2018-01-25 04:00:00,2932.0,2861.6168342303804,2524.5592075414397,3198.674460919321
2018-01-25 05:00:00,5498.0,5523.641133356949,5186.583506668008,5860.698760045889
2018-01-25 06:00:00,5702.0,6013.166742278083,5676.109115589143,6350.224368967023
2018-01-25 07:00:00,5616.0,5397.64204211492,5060.584415425979,5734.69966880386
2018-01-25 08:00:00,5177.0,4971.719436187917,4634.661809498977,5308.777062876858
2018-01-25 09:00:00,4525.0,4519.5390866105745,4182.481459921633,4856.596713299516
2018-01-25 10:00:00,4529.0,4720.664080151554,4383.606453462613,5057.721706840495
2018-01-25 11:00:00,4646.0,4755.140023958307,4418.082397269367,5092.197650647247
2018-01-25 12:00:00,4866.0,4769.003142951751,4431.945516262811,5106.060769640691
2018-01-25 13:00:00,5152.0,5234.213961455819,4897.156334766878,5571.27158814476
2018-01-25 14:00:00,5720.0,5614.847658017461,5277.790031328521,5951.905284706401
2018-01-25 15:00:00,6669.0,6392.298247304688,6055.240620615747,6729.355873993629
2018-01-25 16:00:00,5883.0,6328.856087365442,5991.798460676502,6665.913714054383
2018-01-25 17:00:00,4449.0,4339.094920154463,4002.037293465522,4676.152546843403
2018-01-25 18:00:00,3637.0,3151.147542240648,2814.0899155517072,3488.2051689295886
2018-01-25 19:00:00,3009.0,2986.2724606761744,2649.2148339872338,3323.330087365115
2018-01-25 20:00:00,2817.0,2971.311175332116,2634.2535486431752,3308.3688020210566
2018-01-25 21:00:00,2047.0,2286.0661813425722,1949.0085546536316,2623.123808031513
2018-01-25 22:00:00,1216.0,1279.3843274830638,942.3267007941231,1616.4419541720044
2018-01-25 23:00:00,893.0,660.6622643836183,323.60463769467765,997.719891072559
2018-01-26 00:00:00,553.0,619.6617099540922,282.60408326515153,956.7193366430329
2018-01-26 01:00:00,421.0,375.316434971989,38.258808283048324,712.3740616609297
2018-01-26 02:00:00,480.0,399.0315385211642,61.97391183222351,736.0891652101049
2018-01-26 03:00:00,986.0,687.3945919405435,350.3369652516028,1024.4522186294842
2018-01-26 04:00:00,2821.0,2916.532624428127,2579.474997739186,3253.5902511170675
2018-01-26 05:00:00,5179.0,5462.580330051172,5125.5227033622305,5799.637956740113
2018-01-26 06:00:00,6059.0,5868.4135364853555,5531.355909796415,6205.471163174296
2018-01-26 07:00:00,5953.0,5384.396443713776,5047.3388170248345,5721.454070402717
2018-01-26 08:00:00,4939.0,5027.302844262659,4690.245217573718,5364.3604709516
2018-01-26 09:00:00,4693.0,4539.165202230633,4202.107575541693,4876.222828919574
2018-01-26 10:00:00,5029.0,4989.634597987002,4652.576971298062,5326.692224675942
2018-01-26 11:00:00,5401.0,5247.491536358534,4910.433909669593,5584.549163047475
2018-01-26 12:00:00,5380.0,5313.80312508034,4976.745498391399,5650.86075176928
2018-01-26 13:00:00,5464.0,5426.456228306371,5089.398601617429,5763.513854995312
2018-01-26 14:00:00,5810.0,5837.269328425645,5500.211701736704,6174.326955114586
2018-01-26 15:00:00,6561.0,5971.956687621301,5634.899060932361,6309.014314310241
2018-01-26 16:00:00,5829.0,5989.639454825819,5652.581828136877,6326.69708151476
2018-01-26 17:00:00,4811.0,4629.773548318,4292.71592162906,4966.831175006941
2018-01-26 18:00:00,3638.0,3573.640946827431,3236.5833201384903,3910.6985735163717
2018-01-26 19:00:00,3465.0,2942.5098934789726,2605.452266790032,3279.5675201679132
2018-01-26 20:00:00,3215.0,3174.09371421381,2837.0360875248693,3511.1513409027507
2018-01-26 21:00:00,2637.0,2938.9332164709235,2601.875589781983,3275.990843159864
2018-01-26 22:00:00,1841.0,1889.7318875802366,1552.674260891296,2226.7895142691773
2018-01-26 23:00:00,1121.0,1307.1016942466545,970.0440675577138,1644.1593209355951
2018-01-27 00:00:00,672.0,716.4479700099213,379.3903433209806,1053.505596698862
2018-01-27 01:00:00,476.0,458.60209821979777,121.5444715308571,795.6597249087384
2018-01-27 02:00:00,373.0,395.82279377678776,58.76516708784709,732.8804204657284
2018-01-27 03:00:00,449.0,423.98456947687595,86.92694278793527,761.0421961658167
2018-01-27 04:00:00,753.0,799.6287804861623,462.57115379722165,1136.6864071751029
2018-01-27 05:00:00,1378.0,1414.4067343330794,1077.3491076441387,1751.46436102202
2018-01-27 06:00:00,2158.0,2099.99114035449,1762.9335136655495,2437.048767043431
2018-01-27 07:00:00,2848.0,2996.322541061022,2659.2649143720814,3333.3801677499628
2018-01-27 08:00:00,3629.0,3598.1770335141337,3261.119406825193,3935.2346602030743
2018-01-27 09:00:00,4325.0,3918.6863964413255,3581.628769752385,4255.744023130266
2018-01-27 10:00:00,4896.0,4568.396237222301,4231.338610533361,4905.453863911242
2018-01-27 11:00:00,5344.0,5054.413739018782,4717.3561123298405,5391.471365707723
2018-01-27 12:00:00,5304.0,5196.652599472526,4859.594972783585,5533.710226161467
2018-01-27 13:00:00,5132.0,5138.910560249991,4801.852933561051,5475.9681869389315
2018-01-27 14:00:00,5407.0,5060.63950793007,4723.581881241129,5397.697134619011
2018-01-27 15:00:00,5460.0,5421.1971868111,5084.139560122159,5758.254813500042
2018-01-27 16:00:00,5182.0,5386.937420628081,5049.879793939141,5723.995047317021
2018-01-27 17:00:00,5052.0,4325.31378926568,3988.256162576739,4662.37141595462
2018-01-27 18:00:00,4090.0,3583.579127473812,3246.5215007848715,3920.636754162753
2018-01-27 19:00:00,3584.0,3198.609075218991,2861.5514485300505,3535.666701907932
2018-01-27 20:00:00,3350.0,3200.7332506483617,2863.675623959421,3537.7908773373024
2018-01-27 21:00:00,3070.0,3294.267657957257,2957.2100312683165,3631.325284646198
2018-01-27 22:00:00,2033.0,2350.2758125655428,2013.218185876602,2687.3334392544834
2018-01-27 23:00:00,1260.0,1429.3126208470967,1092.254994158156,1766.3702475360374
2018-01-28 00:00:00,791.0,819.3187042522928,482.26107756335216,1156.3763309412334
2018-01-28 01:00:00,653.0,571.5671307921367,234.50950410319604,908.6247574810774
2018-01-28 02:00:00,444.0,399.82660792387935,62.76898123493868,736.88423461282
2018-01-28 03:00:00,395.0,425.9592883307302,88.90166164178953,763.0169150196709
2018-01-28 04:00:00,643.0,623.1535526538613,286.09592596492064,960.211179342802
2018-01-28 05:00:00,1058.0,1027.4466685542238,690.3890418652832,1364.5042952431645
2018-01-28 06:00:00,1666.0,1574.7848131083779,1237.7271864194372,1911.8424397973185
2018-01-28 07:00:00,2314.0,2479.8456680559575,2142.788041367017,2816.903294744898
2018-01-28 08:00:00,3024.0,3002.798254012964,2665.7406273240235,3339.855880701905
2018-01-28 09:00:00,3564.0,3597.8073306599836,3260.749703971043,3934.8649573489242
2018-01-28 10:00:00,4065.0,3977.779884528195,3640.7222578392543,4314.837511217136
2018-01-28 11:00:00,4506.0,4436.073670990677,4099.016044301736,4773.131297679618
2018-01-28 12:00:00,4784.0,4555.936599289646,4218.878972600705,4892.994225978588
2018-01-28 13:00:00,4895.0,4652.4119876004725,4315.354360911531,4989.469614289414
2018-01-28 14:00:00,4801.0,4756.871398254228,4419.8137715652865,5093.929024943169
2018-01-28 15:00:00,4716.0,4727.597694503237,4390.540067814296,5064.655321192178
2018-01-28 16:00:00,4535.0,4347.348637964813,4010.2910112758723,4684.406264653753
2018-01-28 17:00:00,3849.0,4024.8933877401437,3687.835761051203,4361.951014429084
2018-01-28 18:00:00,3221.0,3148.9260188878984,2811.8683921989577,3485.983645576839
2018-01-28 19:00:00,2554.0,2678.2275434173766,2341.169916728436,3015.2851701063173
2018-01-28 20:00:00,2082.0,2230.65504807341,1893.5974213844693,2567.7126747623506
2018-01-28 21:00:00,1433.0,1785.6951272772428,1448.6375005883021,2122.7527539661833
2018-01-28 22:00:00,877.0,1010.6629496730023,673.6053229840617,1347.7205763619431
2018-01-28 23:00:00,482.0,519.538176716708,182.48055002776732,856.5958034056487
2018-01-29 00:00:00,335.0,340.1242944794476,3.0666677905069264,677.1819211683883
2018-01-29 01:00:00,230.0,273.9410946435473,0.0,610.998721332488
2018-01-29 02:00:00,353.0,343.75736287002644,6.699736181085768,680.8149895589671
2018-01-29 03:00:00,888.0,804.4955401967895,467.43791350784886,1141.5531668857302
2018-01-29 04:00:00,2837.0,2728.809202560117,2391.751575871176,3065.8668292490574
2018-01-29 05:00:00,5488.0,5442.540442901438,5105.482816212498,5779.598069590378
2018-01-29 06:00:00,6362.0,5936.7267453297645,5599.669118640824,6273.784372018705
2018-01-29 07:00:00,5438.0,5589.527793629038,5252.4701669400965,5926.585420317979
2018-01-29 08:00:00,4715.0,4632.758395099412,4295.700768410472,4969.816021788352
2018-01-29 09:00:00,4287.0,4154.621011619231,3817.56338493029,4491.678638308171
2018-01-29 10:00:00,4409.0,4447.204807872593,4110.147181183653,4784.262434561533
2018-01-29 11:00:00,4725.0,4619.06252099609,4282.004894307149,4956.120147685031
2018-01-29 12:00:00,4578.0,4790.556466519353,4453.498839830412,5127.614093208294
2018-01-29 13:00:00,5030.0,4910.5884007557,4573.5307740667595,5247.64602744464
2018-01-29 14:00:00,5527.0,5482.519529916001,5145.46190322706,5819.5771566049425
2018-01-29 15:00:00,6285.0,6359.9996876023315,6022.94206091339,6697.057314291273
2018-01-29 16:00:00,6023.0,5819.95693774365,5482.899311054709,6157.014564432591
2018-01-29 17:00:00,4286.0,4252.401745186931,3915.3441184979906,4589.4593718758715
2018-01-29 18:00:00,3448.0,2912.6651628426953,2575.6075361537546,3249.722789531636
2018-01-29 19:00:00,2957.0,2654.7275932046814,2317.6699665157407,2991.785219893622
2018-01-29 20:00:00,2657.0,2556.328498226301,2219.27087153736,2893.3861249152415
2018-01-29 21:00:00,1955.0,1751.6768967595417,1414.619270070601,2088.7345234484824
2018-01-29 22:00:00,1185.0,1296.2690455493048,959.2114188603641,1633.3266722382455
2018-01-29 23:00:00,588.0,584.6520369603796,247.59441027143896,921.7096636493203
2018-01-30 00:00:00,330.0,365.8424679367204,28.784841247779752,702.900094625661
2018-01-30 01:00:00,249.0,274.9838876234962,0.0,612.0415143124369
2018-01-30 02:00:00,371.0,328.0215059597809,0.0,665.0791326487215
2018-01-30 03:00:00,910.0,830.4217149203552,493.3640882314145,1167.4793416092957
2018-01-30 04:00:00,2876.0,2781.8910057364646,2444.833379047524,3118.9486324254053
2018-01-30 05:00:00,5585.0,5737.1076410897995,5400.050014400858,6074.165267778741
2018-01-30 06:00:00,6405.0,6245.956621327483,5908.898994638543,6583.014248016423
2018-01-30 07:00:00,5489.0,5812.653407902976,5475.595781214035,6149.711034591917
2018-01-30 08:00:00,4462.0,4919.22432027774,4582.166693588799,5256.281946966681
2018-01-30 09:00:00,4388.0,4309.6865086765465,3972.628881987606,4646.744135365487
2018-01-30 10:00:00,4432.0,4622.390484880228,4285.3328581912865,4959.448111569169
2018-01-30 11:00:00,4783.0,4680.033007394191,4342.975380705251,5017.090634083132
2018-01-30 12:00:00,4801.0,4791.408179551929,4454.3505528629885,5128.465806240869
2018-01-30 13:00:00,5195.0,5213.1715669027535,4876.113940213812,5550.229193591695
2018-01-30 14:00:00,5701.0,5713.442767547212,5376.3851408582705,6050.500394236153
2018-01-30 15:00:00,6838.0,6446.852667454609,6109.795040765668,6783.91029414355
2018-01-30 16:00:00,5944.0,6411.313317834631,6074.25569114569,6748.370944523571
2018-01-30 17:00:00,4589.0,4423.2592215613295,4086.201594872389,4760.31684825027
2018-01-30 18:00:00,3090.0,3244.0004605474996,2906.942833858559,3581.0580872364403
2018-01-30 19:00:00,2885.0,2640.3518501473254,2303.2942234583847,2977.409476836266
2018-01-30 20:00:00,2490.0,2618.9285378695413,2281.8709111806006,2955.986164558482
2018-01-30 21:00:00,2261.0,1848.1852299330303,1511.1276032440896,2185.242856621971
2018-01-30 22:00:00,1430.0,1314.2451652794819,977.1875385905412,1651.3027919684225
2018-01-30 23:00:00,628.0,801.8661804334143,464.80855374447367,1138.923807122355
2018-01-31 00:00:00,381.0,386.3078662625477,49.25023957360702,723.3654929514884
2018-01-31 03:00:00,982.0,822.2529108871872,485.19528419824655,1159.310537576128
2018-01-31 04:00:00,2534.0,2940.034274382884,2602.9766476939435,3277.091901071825
2018-01-31 05:00:00,5081.0,5033.441963193528,4696.384336504587,5370.499589882469
2018-01-31 06:00:00,5675.0,5958.916572826703,5621.858946137761,6295.974199515644
2018-01-31 07:00:00,5155.0,5656.586401550654,5319.528774861714,5993.644028239594
2018-01-31 08:00:00,5210.0,5064.786435263974,4727.728808575033,5401.844061952916
2018-01-31 09:00:00,4379.0,4540.539935942803,4203.482309253863,4877.597562631743
2018-01-31 10:00:00,4546.0,4634.989337094458,4297.931710405517,4972.046963783399
2018-01-31 11:00:00,4885.0,4797.311671924389,4460.254045235448,5134.36929861333
2018-01-31 12:00:00,5021.0,4997.482664202905,4660.425037513964,5334.540290891846
2018-01-31 13:00:00,5212.0,5368.749957571214,5031.692330882273,5705.807584260154
2018-01-31 14:00:00,5941.0,5589.681361476468,5252.623734787527,5926.738988165409
2018-01-31 15:00:00,6818.0,6581.465622604021,6244.40799591508,6918.523249292961
2018-01-31 16:00:00,6351.0,6372.645756527729,6035.5881298387885,6709.703383216669
2018-01-31 17:00:00,4559.0,4644.471233990541,4307.4136073016,4981.528860679482
2018-01-31 18:00:00,3400.0,3240.203953796643,2903.1463271077023,3577.2615804855836
2018-01-31 19:00:00,2856.0,2958.8022547901946,2621.744628101254,3295.8598814791353
2018-01-31 20:00:00,2564.0,2612.194721453103,2275.137094764162,2949.2523481420435
2018-01-31 21:00:00,1739.0,2045.9618529430243,1708.9042262540836,2383.0194796319647
2018-01-31 22:00:00,1402.0,1146.5099263663897,809.452299677449,1483.5675530553303
2018-01-31 23:00:00,716.0,821.2287370150949,484.17111032615423,1158.2863637040355
2018-02-01 00:00:00,363.0,432.258462583501,95.20083589456033,769.3160892724417
2018-02-01 01:00:00,285.0,284.31783496754804,0.0,621.3754616564887
2018-02-01 02:00:00,362.0,329.1518701557757,0.0,666.2094968447163
2018-02-01 03:00:00,936.0,821.1170296195165,484.05940293057586,1158.174656308457
2018-02-01 04:00:00,2861.0,2924.240753387823,2587.1831266988825,3261.298380076764
2018-02-01 05:00:00,5410.0,5718.940836399846,5381.883209710906,6055.998463088787
2018-02-01 06:00:00,6303.0,6213.6968846297,5876.63925794076,6550.754511318641
2018-02-01 07:00:00,5332.0,5802.4810851863485,5465.423458497407,6139.53871187529
2018-02-01 08:00:00,5000.0,4856.862274781325,4519.804648092384,5193.919901470266
2018-02-01 09:00:00,4438.0,4439.622381824397,4102.564755135456,4776.680008513338
2018-02-01 10:00:00,4717.0,4703.792078496883,4366.734451807943,5040.849705185823
2018-02-01 11:00:00,4843.0,4944.6714265948995,4607.613799905959,5281.72905328384
2018-02-01 12:00:00,5099.0,4919.202793523338,4582.145166834398,5256.260420212278
2018-02-01 13:00:00,5402.0,5449.922819012068,5112.865192323128,5786.980445701009
2018-02-01 14:00:00,5961.0,5844.479875603661,5507.42224891472,6181.537502292602
2018-02-01 15:00:00,6636.0,6426.207824703425,6089.150198014484,6763.265451392366
2018-02-01 16:00:00,6375.0,6300.168950524932,5963.111323835992,6637.226577213873
2018-02-01 17:00:00,4723.0,4673.135439942766,4336.077813253825,5010.193066631708
2018-02-01 18:00:00,3595.0,3442.4753577239126,3105.417731034972,3779.5329844128532
2018-02-01 19:00:00,3133.0,3100.057727572138,2763.0001008831973,3437.1153542610787
2018-02-01 20:00:00,2807.0,3078.1368599821117,2741.079233293171,3415.1944866710523
2018-02-01 21:00:00,2165.0,2258.4171149739022,1921.3594882849616,2595.474741662843
2018-02-01 22:00:00,1483.0,1404.9933039987761,1067.9356773098355,1742.0509306877168
2018-02-01 23:00:00,926.0,846.6967340620901,509.6391073731494,1183.7543607510306
2018-02-02 00:00:00,521.0,633.3219345146105,296.2643078256698,970.3795612035511
2018-02-02 01:00:00,422.0,359.7029058926106,22.64527920366993,696.7605325815513
2018-02-02 02:00:00,439.0,392.62389364703387,55.566266958093195,729.6815203359745
2018-02-02 03:00:00,922.0,620.8629476803771,283.8053209914365,957.9205743693178
2018-02-02 04:00:00,2731.0,2929.0952539021964,2592.0376272132557,3266.152880591137
2018-02-02 05:00:00,5041.0,5458.25782422395,5121.200197535009,5795.315450912891
2018-02-02 06:00:00,5843.0,5804.121587021752,5467.063960332811,6141.179213710693
2018-02-02 07:00:00,5149.0,5664.816880082821,5327.7592533938805,6001.874506771761
2018-02-02 08:00:00,4963.0,4788.29038660335,4451.23275991441,5125.3480132922905
2018-02-02 09:00:00,4379.0,4743.417403344377,4406.359776655436,5080.475030033318
2018-02-02 10:00:00,4932.0,4708.572562416651,4371.51493572771,5045.630189105592
2018-02-02 11:00:00,5104.0,5209.457416507489,4872.399789818548,5546.51504319643
2018-02-02 12:00:00,5378.0,5128.201999048213,4791.144372359273,5465.259625737153
2018-02-02 13:00:00,5487.0,5487.018258533745,5149.960631844804,5824.075885222686
2018-02-02 14:00:00,6080.0,5858.732215412854,5521.674588723914,6195.789842101794
2018-02-02 15:00:00,6646.0,6148.052133971279,5810.9945072823375,6485.10976066022
2018-02-02 16:00:00,5891.0,6110.213179617857,5773.155552928916,6447.2708063067985
2018-02-02 17:00:00,4691.0,4705.340464789169,4368.282838100229,5042.39809147811
2018-02-02 18:00:00,3790.0,3627.793946497851,3290.73631980891,3964.8515731867915
2018-02-02 19:00:00,3216.0,3214.5456201788425,2877.487993489902,3551.603246867783
2018-02-02 20:00:00,3818.0,3181.2300211357933,2844.1723944468526,3518.287647824734
2018-02-02 21:00:00,3788.0,3219.3465780630886,2882.288951374148,3556.4042047520293
2018-02-02 22:00:00,2020.0,2229.9968748448123,1892.9392481558716,2567.054501533753
2018-02-02 23:00:00,1368.0,1280.2253596360717,943.1677329471311,1617.2829863250124
2018-02-03 00:00:00,926.0,857.3912811708215,520.3336544818808,1194.4489078597621
2018-02-03 01:00:00,631.0,666.5388355600631,329.4812088711225,1003.5964622490038
2018-02-03 02:00:00,471.0,423.2966016798748,86.23897499093414,760.3542283688155
2018-02-03 03:00:00,519.0,436.8385503857981,99.78092369685743,773.8961770747387
2018-02-03 04:00:00,783.0,833.2529472664859,496.1953205775452,1170.3105739554267
2018-02-03 05:00:00,1320.0,1427.3195893914556,1090.261962702515,1764.3772160803962
2018-02-03 06:00:00,1839.0,2020.9693485234548,1683.911721834514,2358.0269752123954
2018-02-03 07:00:00,2552.0,2577.48680939906,2240.429182710119,2914.5444360880006
2018-02-03 08:00:00,3168.0,3281.255473649911,2944.1978469609703,3618.3131003388517
2018-02-03 09:00:00,3572.0,3819.27613543804,3482.2185087490993,4156.33376212698
2018-02-03 10:00:00,3838.0,4047.93981789099,3710.8821912020494,4384.997444579931
2018-02-03 11:00:00,3924.0,4206.338511551418,3869.2808848624777,4543.3961382403595
2018-02-03 12:00:00,3562.0,4104.394951133058,3767.3373244441177,4441.4525778219995
2018-02-03 13:00:00,3572.0,3793.140270666986,3456.0826439780453,4130.197897355927
2018-02-03 14:00:00,3716.0,3691.707381726364,3354.6497550374233,4028.7650084153047
2018-02-03 15:00:00,3752.0,3739.3576335831826,3402.300006894242,4076.4152602721233
2018-02-03 16:00:00,3652.0,3607.7425557955016,3270.684929106561,3944.8001824844423
2018-02-03 17:00:00,3763.0,3316.540461624382,2979.482834935441,3653.5980883133225
2018-02-03 18:00:00,3301.0,3199.7657112233287,2862.708084534388,3536.8233379122694
2018-02-03 19:00:00,2632.0,2823.1142139739895,2486.056587285049,3160.17184066293
2018-02-03 20:00:00,2454.0,2711.0276027992986,2373.969976110358,3048.0852294882393
2018-02-03 21:00:00,2892.0,2463.326909289798,2126.2692826008574,2800.3845359787388
2018-02-03 22:00:00,2935.0,2384.6521032484793,2047.5944765595386,2721.70972993742
2018-02-03 23:00:00,1536.0,1387.350499515151,1050.2928728262102,1724.4081262040916
2018-02-04 00:00:00,986.0,893.7457413760615,556.6881146871208,1230.8033680650021
2018-02-04 01:00:00,670.0,675.298952673128,338.24132598418737,1012.3565793620687
2018-02-04 02:00:00,520.0,411.7402830821611,74.68265639322044,748.7979097711018
2018-02-04 03:00:00,524.0,419.5467787684576,82.48915207951694,756.6044054573983
2018-02-04 04:00:00,648.0,688.1463677067583,351.0887410178176,1025.2039943956988
2018-02-04 05:00:00,1046.0,802.9765424256117,465.918915736671,1140.0341691145522
2018-02-04 06:00:00,1320.0,1453.8727275473743,1116.8151008584337,1790.930354236315
2018-02-04 07:00:00,1857.0,2071.6344473772965,1734.5768206883558,2408.692074066237
2018-02-04 08:00:00,2449.0,2557.1952608212296,2220.137634132289,2894.2528875101702
2018-02-04 09:00:00,3225.0,3018.625874732258,2681.5682480433175,3355.683501421199
2018-02-04 10:00:00,3452.0,3562.0352297919576,3224.977603103017,3899.0928564808983
2018-02-04 11:00:00,3735.0,3822.477600592619,3485.4199739036785,4159.53522728156
2018-02-04 12:00:00,3801.0,3825.9822913562843,3488.9246646673437,4163.039918045225
2018-02-04 13:00:00,3686.0,3876.0252408531396,3538.967614164199,4213.08286754208
2018-02-04 14:00:00,3508.0,3796.3696450287816,3459.312018339841,4133.427271717723
2018-02-04 15:00:00,3630.0,3524.95870905515,3187.9010823662093,3862.0163357440906
2018-02-04 16:00:00,2975.0,3406.5066297261524,3069.4490030372117,3743.564256415093
2018-02-04 17:00:00,2052.0,2868.9234823806673,2531.8658556917267,3205.981109069608
2018-02-04 18:00:00,1720.0,1784.1782918243566,1447.120665135416,2121.2359185132973
2018-02-04 19:00:00,1855.0,1774.2832118474812,1437.2255851585405,2111.340838536422
2018-02-04 20:00:00,2438.0,2048.0066523421683,1710.9490256532276,2385.064279031109
2018-02-04 21:00:00,2382.0,2212.241772491968,1875.1841458030271,2549.2993991809085
2018-02-04 22:00:00,1321.0,1718.2394406952378,1381.1818140062971,2055.2970673841783
2018-02-04 23:00:00,836.0,669.2520140916853,332.1943874027446,1006.309640780626
2018-02-05 00:00:00,505.0,586.5002131271644,249.44258643822377,923.5578398161051
2018-02-05 01:00:00,411.0,357.230857817867,20.173231128926318,694.2884845068077
2018-02-05 02:00:00,429.0,384.15836218994093,47.10073550100026,721.2159888788816
2018-02-05 03:00:00,925.0,724.762919497985,387.7052928090443,1061.8205461869256
2018-02-05 04:00:00,2657.0,2735.478637742217,2398.4210110532763,3072.5362644311576
2018-02-05 05:00:00,4846.0,5250.638115579038,4913.580488890097,5587.695742267979
2018-02-05 06:00:00,6026.0,5265.719554641634,4928.661927952693,5602.777181330575
2018-02-05 07:00:00,6048.0,5291.901612952487,4954.843986263546,5628.959239641428
2018-02-05 08:00:00,4893.0,5068.399945491874,4731.342318802934,5405.457572180814
2018-02-05 09:00:00,4124.0,4229.200083684474,3892.142456995533,4566.257710373415
2018-02-05 10:00:00,4470.0,4189.67245743573,3852.6148307467897,4526.730084124671
2018-02-05 11:00:00,4450.0,4576.250920885259,4239.193294196319,4913.308547574199
2018-02-05 12:00:00,4303.0,4568.345652780581,4231.288026091641,4905.403279469521
2018-02-05 13:00:00,4884.0,4573.27052453591,4236.21289784697,4910.32815122485
2018-02-05 14:00:00,5441.0,5183.525348046806,4846.467721357865,5520.5829747357475
2018-02-05 15:00:00,6091.0,6214.5392535019255,5877.481626812985,6551.596880190866
2018-02-05 16:00:00,5912.0,5701.126069821267,5364.068443132326,6038.183696510208
2018-02-05 17:00:00,4263.0,4337.141250897562,4000.083624208621,4674.198877586503
2018-02-05 18:00:00,3098.0,2936.48135013729,2599.4237234483494,3273.5389768262307
2018-02-05 19:00:00,2587.0,2508.942780026132,2171.8851533371912,2846.0004067150726
2018-02-05 20:00:00,2136.0,2391.6059614654423,2054.5483347765016,2728.663588154383
2018-02-05 21:00:00,1459.0,1559.439604132926,1222.3819774439853,1896.4972308218667
2018-02-05 22:00:00,887.0,971.4431854781244,634.3855587891837,1308.500812167065
2018-02-05 23:00:00,468.0,511.38741937767975,174.32979268873908,848.4450460666204
2018-02-06 00:00:00,334.0,321.27697459474183,0.0,658.3346012836826
2018-02-06 01:00:00,237.0,275.6562512377617,0.0,612.7138779267024
2018-02-06 02:00:00,339.0,340.9354883165227,3.8778616275820355,677.9931150054633
2018-02-06 03:00:00,850.0,828.84375355702,491.78612686807935,1165.9013802459608
2018-02-06 04:00:00,2801.0,2699.153788171093,2362.096161482152,3036.2114148600335
2018-02-06 05:00:00,5434.0,5638.356705686714,5301.299078997774,5975.414332375654
2018-02-06 06:00:00,6067.0,6052.253228109179,5715.195601420239,6389.310854798119
2018-02-06 07:00:00,5009.0,5605.646174113017,5268.588547424077,5942.703800801957
2018-02-06 08:00:00,5190.0,4853.311808197146,4516.254181508206,5190.369434886086
2018-02-06 09:00:00,4290.0,4378.811770922831,4041.75414423389,4715.869397611772
2018-02-06 10:00:00,4309.0,4491.266703635502,4154.209076946561,4828.3243303244435
2018-02-06 11:00:00,4741.0,4516.718792534439,4179.6611658454985,4853.776419223379
2018-02-06 12:00:00,4621.0,4790.47910279162,4453.42147610268,5127.53672948056
2018-02-06 13:00:00,4987.0,5009.794443428899,4672.736816739958,5346.85207011784
2018-02-06 14:00:00,5710.0,5523.502975573441,5186.445348884501,5860.5606022623815
2018-02-06 15:00:00,6770.0,6462.820557374423,6125.7629306854815,6799.878184063364
2018-02-06 16:00:00,6207.0,6371.620166821716,6034.562540132776,6708.677793510657
2018-02-06 17:00:00,4612.0,4519.841615244538,4182.783988555597,4856.899241933479
2018-02-06 18:00:00,3217.0,3269.6770909026645,2932.619464213724,3606.734717591605
2018-02-06 19:00:00,2634.0,2812.131345100127,2475.0737184111863,3149.1889717890676
2018-02-06 20:00:00,2407.0,2484.503645138207,2147.4460184492664,2821.5612718271477
2018-02-06 21:00:00,1652.0,1792.9558199809678,1455.8981932920271,2130.0134466699083
2018-02-06 22:00:00,1120.0,1060.6643312523533,723.6067045634127,1397.721957941294
2018-02-06 23:00:00,549.0,607.5631831312243,270.5055564422836,944.6208098201649
2018-02-07 00:00:00,346.0,353.13382175236336,16.076195063422688,690.191448441304
2018-02-07 01:00:00,259.0,282.82149793313886,0.0,619.8791246220795
2018-02-07 02:00:00,337.0,329.19055189028506,0.0,666.2481785792257
2018-02-07 03:00:00,865.0,830.8784116913139,493.8207850023732,1167.9360383802546
2018-02-07 04:00:00,2776.0,2772.1296430013426,2435.072016312402,3109.1872696902833
2018-02-07 05:00:00,4899.0,5641.991163512372,5304.9335368234315,5979.048790201312
2018-02-07 06:00:00,4967.0,5480.155540968372,5143.097914279431,5817.2131676573135
2018-02-07 07:00:00,4915.0,4727.456523776551,4390.398897087611,5064.514150465491
2018-02-07 08:00:00,5343.0,4724.012113737398,4386.954487048457,5061.069740426339
2018-02-07 09:00:00,4364.0,4576.5188358837195,4239.461209194778,4913.576462572661
2018-02-07 10:00:00,4466.0,4570.874102311326,4233.816475622385,4907.931729000267
2018-02-07 11:00:00,4697.0,4658.738066574767,4321.680439885826,4995.795693263708
2018-02-07 12:00:00,4833.0,4800.393786068387,4463.336159379447,5137.4514127573275
2018-02-07 13:00:00,5095.0,5261.309149307843,4924.2515226189025,5598.366775996783
2018-02-07 14:00:00,5658.0,5574.126366270116,5237.068739581175,5911.183992959057
2018-02-07 15:00:00,6531.0,6432.682381442632,6095.624754753691,6769.740008131572
2018-02-07 16:00:00,6117.0,6175.440808086977,5838.383181398036,6512.498434775918
2018-02-07 17:00:00,4394.0,4516.222415348329,4179.164788659389,4853.28004203727
2018-02-07 18:00:00,3307.0,3118.503428500078,2781.4458018111372,3455.5610551890186
2018-02-07 19:00:00,3037.0,2833.2631199491216,2496.205493260181,3170.3207466380622
2018-02-07 20:00:00,2463.0,2798.824704452191,2461.76707776325,3135.8823311411315
2018-02-07 21:00:00,1653.0,1785.567884453023,1448.5102577640823,2122.6255111419637
2018-02-07 22:00:00,973.0,1068.5284790641372,731.4708523751965,1405.5861057530778
2018-02-07 23:00:00,573.0,562.2667460511474,225.2091193622067,899.324372740088
2018-02-08 00:00:00,315.0,361.81831408447283,24.76068739553216,698.8759407734135
2018-02-08 01:00:00,233.0,278.1851761262864,0.0,615.2428028152272
2018-02-08 02:00:00,340.0,331.6354791794302,0.0,668.6931058683708
2018-02-08 03:00:00,882.0,832.8328167247836,495.7751900358429,1169.8904434137244
2018-02-08 04:00:00,2830.0,2820.9746047086833,2483.9169780197426,3158.032231397624
2018-02-08 05:00:00,5449.0,5529.860345236098,5192.8027185471565,5866.917971925039
2018-02-08 06:00:00,5954.0,6221.929545759402,5884.871919070461,6558.987172448342
2018-02-08 07:00:00,5395.0,5581.428165084177,5244.3705383952365,5918.485791773117
2018-02-08 08:00:00,5192.0,4869.569586967239,4532.511960278298,5206.62721365618
2018-02-08 09:00:00,4477.0,4518.385491145931,4181.327864456991,4855.443117834871
2018-02-08 10:00:00,4686.0,4697.10278094103,4360.04515425209,5034.16040762997
2018-02-08 11:00:00,4896.0,4897.6880976827215,4560.630470993781,5234.745724371662
2018-02-08 12:00:00,4907.0,4937.711619118764,4600.653992429823,5274.769245807705
2018-02-08 13:00:00,4988.0,5276.594087935092,4939.536461246151,5613.651714624033
2018-02-08 14:00:00,5852.0,5475.063650111652,5138.006023422711,5812.1212768005935
2018-02-08 15:00:00,6883.0,6481.708749296828,6144.651122607887,6818.766375985768
2018-02-08 16:00:00,6278.0,6377.06667049311,6040.00904380417,6714.12429718205
2018-02-08 17:00:00,4550.0,4606.25864428681,4269.2010175978685,4943.316270975751
2018-02-08 18:00:00,3494.0,3328.691053178622,2991.6334264896814,3665.7486798675627
2018-02-08 19:00:00,3094.0,2963.1056816334744,2626.0480549445338,3300.163308322415
2018-02-08 20:00:00,3530.0,2988.0648293867403,2651.0072026977996,3325.122456075681
2018-02-08 21:00:00,3197.0,2899.614624067152,2562.5569973782112,3236.6722507560926
2018-02-08 22:00:00,1305.0,1529.8255970213659,1192.7679703324252,1866.8832237103065
2018-02-08 23:00:00,660.0,677.698047651841,340.6404209629003,1014.7556743407816
2018-02-09 00:00:00,389.0,404.59826750331473,67.54064081437406,741.6558941922553
2018-02-09 01:00:00,287.0,311.1901017864332,0.0,648.2477284753738
2018-02-09 02:00:00,340.0,335.3110602077176,0.0,672.3686868966583
2018-02-09 03:00:00,826.0,808.6402619968663,471.58263530792567,1145.697888685807
2018-02-09 04:00:00,2651.0,2695.0361185028914,2357.9784918139508,3032.093745191832
2018-02-09 05:00:00,5319.0,5403.783489620955,5066.725862932015,5740.841116309895
2018-02-09 06:00:00,6499.0,6238.776601731015,5901.718975042075,6575.834228419955
2018-02-09 07:00:00,5467.0,5795.909555461408,5458.851928772467,6132.967182150349
2018-02-09 08:00:00,4975.0,4956.6335999337925,4619.575973244851,5293.691226622734
2018-02-09 09:00:00,4513.0,4586.831458525277,4249.773831836337,4923.889085214218
2018-02-09 10:00:00,4913.0,4813.455368891896,4476.397742202955,5150.512995580837
2018-02-09 11:00:00,5335.0,5142.4194713381285,4805.361844649187,5479.47709802707
2018-02-09 12:00:00,5340.0,5264.350272896033,4927.292646207092,5601.407899584974
2018-02-09 13:00:00,5429.0,5645.709931013941,5308.652304325,5982.767557702882
2018-02-09 14:00:00,5861.0,5896.626038267443,5559.5684115785025,6233.683664956383
2018-02-09 15:00:00,6347.0,6200.7164275399655,5863.658800851024,6537.774054228907
2018-02-09 16:00:00,5833.0,6019.354935527309,5682.297308838368,6356.41256221625
2018-02-09 17:00:00,5021.0,4742.269982634462,4405.212355945521,5079.3276093234035
2018-02-09 18:00:00,3804.0,3795.9118873450066,3458.854260656066,4132.969514033947
2018-02-09 19:00:00,3095.0,3153.0769955236733,2816.0193688347326,3490.134622212614
2018-02-09 20:00:00,3092.0,3096.0474247479947,2758.989798059054,3433.1050514369354
2018-02-09 21:00:00,2485.0,3011.785974202784,2674.7283475138433,3348.8436008917247
2018-02-09 22:00:00,2126.0,1945.0307836398545,1607.9731569509138,2282.0884103287954
2018-02-09 23:00:00,1102.0,1457.9932239636983,1120.9355972747576,1795.050850652639
2018-02-10 00:00:00,603.0,703.6209735754651,366.5633468865244,1040.6786002644058
2018-02-10 01:00:00,438.0,406.3150025730092,69.25737588406855,743.3726292619499
2018-02-10 02:00:00,330.0,368.407977956606,31.350351267665303,705.4656046455466
2018-02-10 03:00:00,389.0,368.9558239759895,31.898197287048845,706.0134506649301
2018-02-10 04:00:00,688.0,800.145933592782,463.08830690384127,1137.2035602817227
2018-02-10 05:00:00,1164.0,1245.7543193035142,908.6966926145735,1582.8119459924549
2018-02-10 06:00:00,1911.0,1838.0750025424893,1501.0173758535486,2175.1326292314297
2018-02-10 07:00:00,3115.0,2732.638092741358,2395.5804660524173,3069.6957194302986
2018-02-10 08:00:00,3653.0,3794.8677192253385,3457.810092536398,4131.925345914279
2018-02-10 09:00:00,4161.0,3994.3672627524866,3657.309636063546,4331.424889441427
2018-02-10 10:00:00,4514.0,4415.934348290361,4078.8767216014207,4752.9919749793025
2018-02-10 11:00:00,5237.0,4841.925643219765,4504.868016530825,5178.983269908706
2018-02-10 12:00:00,4925.0,5066.266131617276,4729.208504928336,5403.323758306216
2018-02-10 13:00:00,5173.0,4847.960980080307,4510.903353391366,5185.018606769248
2018-02-10 14:00:00,5030.0,5119.4831849284565,4782.425558239516,5456.540811617397
2018-02-10 15:00:00,4841.0,5030.205533446736,4693.147906757795,5367.263160135677
2018-02-10 16:00:00,4808.0,4756.809161077141,4419.7515343882005,5093.866787766081
2018-02-10 17:00:00,4803.0,4348.956651714028,4011.8990250250877,4686.014278402969
2018-02-10 18:00:00,4346.0,3598.0196492792625,3260.962022590322,3935.077275968203
2018-02-10 19:00:00,3448.0,3398.11680705704,3061.0591803680995,3735.174433745981
2018-02-10 20:00:00,3962.0,3265.2461691862018,2928.188542497261,3602.3037958751424
2018-02-10 21:00:00,4180.0,3396.12045824424,3059.0628315552995,3733.178084933181
2018-02-10 22:00:00,2459.0,2403.82484762002,2066.7672209310795,2740.882474308961
2018-02-10 23:00:00,1367.0,1472.3976408488586,1135.340014159918,1809.4552675377993
2018-02-11 00:00:00,761.0,880.6402007133332,543.5825740243926,1217.697827402274
2018-02-11 01:00:00,488.0,541.4077304771273,204.35010378818663,878.465357166068
2018-02-11 02:00:00,302.0,347.2460838650546,10.1884571761139,684.3037105539952
2018-02-11 03:00:00,254.0,303.4102839473745,0.0,640.4679106363152
2018-02-11 04:00:00,431.0,438.3196382668728,101.26201157793213,775.3772649558134
2018-02-11 05:00:00,789.0,777.3568628310519,440.2992361421112,1114.4144895199925
2018-02-11 06:00:00,1607.0,1094.3702655353773,757.3126388464366,1431.427892224318
2018-02-11 07:00:00,2817.0,2536.472024252032,2199.4143975630914,2873.5296509409727
2018-02-11 08:00:00,3358.0,3579.792223447383,3242.7345967584424,3916.8498501363238
2018-02-11 09:00:00,3869.0,3744.98887212747,3407.9312454385295,4082.046498816411
2018-02-11 10:00:00,4223.0,4092.4734367824644,3755.4158100935238,4429.531063471405
2018-02-11 11:00:00,4950.0,4473.855907325479,4136.798280636538,4810.91353401442
2018-02-11 12:00:00,4637.0,4887.733118270441,4550.6754915815,5224.790744959382
2018-02-11 13:00:00,4886.0,4598.299192342862,4261.2415656539215,4935.356819031802
2018-02-11 14:00:00,4629.0,4775.233267339414,4438.175640650474,5112.290894028354
2018-02-11 15:00:00,4678.0,4659.866620845299,4322.808994156358,4996.92424753424
2018-02-11 16:00:00,4276.0,4466.546078558519,4129.488451869578,4803.60370524746
2018-02-11 17:00:00,3846.0,3993.7196257138785,3656.661999024938,4330.777252402819
2018-02-11 18:00:00,2903.0,3216.725337601264,2879.6677109123234,3553.7829642902047
2018-02-11 19:00:00,2435.0,2450.4352756031058,2113.377648914165,2787.4929022920464
2018-02-11 20:00:00,1902.0,2295.952528200113,1958.8949015111725,2633.010154889054
2018-02-11 21:00:00,1372.0,1773.0312268474102,1435.9736001584695,2110.088853536351
2018-02-11 22:00:00,865.0,1040.0256879301805,702.9680612412399,1377.0833146191212
2018-02-11 23:00:00,502.0,578.8908911973944,241.83326450845368,915.948517886335
2018-02-12 00:00:00,286.0,326.47396895717344,0.0,663.531595646114
2018-02-12 01:00:00,230.0,263.38504978439283,0.0,600.4426764733334
2018-02-12 02:00:00,311.0,336.9535328595902,0.0,674.0111595485309
2018-02-12 03:00:00,809.0,787.3570446005114,450.2994179115707,1124.4146712894521
2018-02-12 04:00:00,2735.0,2636.451484996871,2299.3938583079303,2973.5091116858116
2018-02-12 05:00:00,5454.0,5622.424483732671,5285.366857043731,5959.482110421612
2018-02-12 06:00:00,6107.0,6338.963166265173,6001.905539576232,6676.020792954114
2018-02-12 07:00:00,5876.0,5513.306656200778,5176.249029511837,5850.364282889719
2018-02-12 08:00:00,4941.0,4987.713652746369,4650.656026057428,5324.77127943531
2018-02-12 09:00:00,4307.0,4191.522694847586,3854.465068158645,4528.580321536527
2018-02-12 10:00:00,4367.0,4421.226799817315,4084.169173128374,4758.284426506256
2018-02-12 11:00:00,4545.0,4570.434459645677,4233.376832956736,4907.492086334618
2018-02-12 12:00:00,4561.0,4694.177078497779,4357.119451808838,5031.23470518672
2018-02-12 13:00:00,4998.0,4953.635118819467,4616.577492130526,5290.692745508408
2018-02-12 14:00:00,5525.0,5554.3060621946715,5217.248435505731,5891.363688883612
2018-02-12 15:00:00,6459.0,6303.536151722268,5966.478525033328,6640.593778411208
2018-02-12 16:00:00,5852.0,6114.277370744605,5777.219744055665,6451.334997433545
2018-02-12 17:00:00,4245.0,4187.966729853945,3850.9091031650046,4525.024356542886
2018-02-12 18:00:00,3034.0,3021.0802542718875,2684.022627582947,3358.137880960828
2018-02-12 19:00:00,2498.0,2551.2502682548616,2214.192641565921,2888.3078949438022
2018-02-12 20:00:00,2055.0,2290.7615473719948,1953.703920683054,2627.8191740609354
2018-02-12 21:00:00,1440.0,1513.1803510718184,1176.1227243828778,1850.2379777607591
2018-02-12 22:00:00,934.0,1045.950306445822,708.8926797568813,1383.0079331347627
2018-02-12 23:00:00,498.0,536.2324375314967,199.17481084255598,873.2900642204373
2018-02-13 00:00:00,300.0,327.9313996144296,0.0,664.9890263033703
2018-02-13 01:00:00,225.0,264.39787498807254,0.0,601.4555016770132
2018-02-13 02:00:00,368.0,329.53694566830904,0.0,666.5945723572497
2018-02-13 03:00:00,885.0,830.4784559173282,493.42082922838756,1167.5360826062688
2018-02-13 04:00:00,2885.0,2837.678457290422,2500.6208306014814,3174.736083979363
2018-02-13 05:00:00,5675.0,5695.883081225182,5358.8254545362415,6032.940707914122
2018-02-13 06:00:00,6585.0,6322.478685658148,5985.421058969207,6659.536312347089
2018-02-13 07:00:00,5915.0,5935.5529815397385,5598.495354850798,6272.610608228679
2018-02-13 08:00:00,5060.0,5120.7960285040135,4783.738401815073,5457.853655192954
2018-02-13 09:00:00,4423.0,4363.738471111564,4026.680844422623,4700.796097800505
2018-02-13 10:00:00,4722.0,4619.354576888084,4282.296950199143,4956.412203577025
2018-02-13 11:00:00,4825.0,4879.441432937706,4542.383806248765,5216.499059626647
2018-02-13 12:00:00,4762.0,4851.428741718612,4514.371115029671,5188.4863684075535
2018-02-13 13:00:00,5007.0,5094.975812379049,4757.918185690109,5432.033439067989
2018-02-13 14:00:00,5647.0,5504.926250477114,5167.868623788174,5841.983877166054
2018-02-13 15:00:00,6587.0,6403.30814616677,6066.25051947783,6740.36577285571
2018-02-13 16:00:00,6308.0,6220.473445250765,5883.4158185618235,6557.531071939706
2018-02-13 17:00:00,4917.0,4601.190853564261,4264.133226875319,4938.248480253202
2018-02-13 18:00:00,3424.0,3350.855579141004,3013.7979524520633,3687.9132058299447
2018-02-13 19:00:00,2979.0,2903.7281412047755,2566.670514515835,3240.785767893716
2018-02-13 20:00:00,3680.0,2699.4926386137945,2362.435011924854,3036.550265302735
2018-02-13 21:00:00,2908.0,2783.7807812591795,2446.723154570239,3120.83840794812
2018-02-13 22:00:00,1107.0,1292.1160784029826,955.0584517140419,1629.1737050919232
2018-02-13 23:00:00,597.0,611.8175417532095,274.75991506426885,948.8751684421502
2018-02-14 00:00:00,345.0,365.2068863965211,28.149259707580427,702.2645130854618
2018-02-14 01:00:00,283.0,282.24796215365205,0.0,619.3055888425927
2018-02-14 02:00:00,348.0,328.97308346869437,0.0,666.030710157635
2018-02-14 03:00:00,882.0,830.3226089173857,493.264982228445,1167.3802356063263
2018-02-14 04:00:00,2837.0,2848.481568297839,2511.4239416088985,3185.53919498678
2018-02-14 05:00:00,5402.0,5838.801352947302,5501.743726258361,6175.858979636243
2018-02-14 06:00:00,5826.0,6225.568539908124,5888.510913219183,6562.626166597065
2018-02-14 07:00:00,5572.0,5797.845090631254,5460.7874639423135,6134.902717320194
2018-02-14 08:00:00,5194.0,5037.204383496298,4700.146756807357,5374.262010185239
2018-02-14 09:00:00,4766.0,4577.360632916158,4240.303006227217,4914.418259605098
2018-02-14 10:00:00,4842.0,4954.852931676009,4617.795304987068,5291.910558364949
2018-02-14 11:00:00,4975.0,5061.98897735305,4724.93135066411,5399.046604041991
2018-02-14 12:00:00,5027.0,5049.272986567448,4712.215359878508,5386.3306132563885
2018-02-14 13:00:00,5221.0,5390.457411868553,5053.399785179612,5727.515038557494
2018-02-14 14:00:00,5696.0,5643.278486425787,5306.220859736846,5980.3361131147285
2018-02-14 15:00:00,6660.0,6441.085380556573,6104.027753867633,6778.143007245513
2018-02-14 16:00:00,6154.0,6308.011497368122,5970.953870679181,6645.069124057063
2018-02-14 17:00:00,4607.0,4665.5065623438,4328.44893565486,5002.564189032741
2018-02-14 18:00:00,3268.0,3423.5561889924174,3086.498562303477,3760.613815681358
2018-02-14 19:00:00,2775.0,2888.576014837219,2551.5183881482785,3225.63364152616
2018-02-14 20:00:00,2493.0,2593.410894056745,2256.353267367804,2930.4685207456855
2018-02-14 21:00:00,1772.0,1923.0045733522616,1585.946946663321,2260.0622000412022
2018-02-14 22:00:00,1122.0,1155.6801801220183,818.6225534330777,1492.737806810959
2018-02-14 23:00:00,639.0,591.1391529222054,254.08152623326475,928.1967796111461
2018-02-15 00:00:00,353.0,388.9197647042275,51.8621380152868,725.9773913931681
2018-02-15 01:00:00,253.0,277.22510728971207,0.0,614.2827339786527
2018-02-15 02:00:00,353.0,319.8586053323688,0.0,656.9162320213095
2018-02-15 03:00:00,889.0,806.1876076225107,469.12998093357,1143.2452343114514
2018-02-15 04:00:00,2862.0,2836.8977006263626,2499.840073937422,3173.9553273153033
2018-02-15 05:00:00,5454.0,5800.4214385523655,5463.363811863424,6137.479065241307
2018-02-15 06:00:00,6174.0,6335.356755894719,5998.299129205778,6672.41438258366
2018-02-15 07:00:00,5488.0,5708.912018007765,5371.854391318824,6045.969644696706
2018-02-15 08:00:00,5630.0,5037.064937440533,4700.007310751593,5374.122564129473
2018-02-15 09:00:00,4508.0,4773.020646587854,4435.9630198989125,5110.078273276795
2018-02-15 10:00:00,4644.0,4740.157791065796,4403.100164376856,5077.215417754736
2018-02-15 11:00:00,5034.0,4906.942255935218,4569.884629246277,5243.999882624159
2018-02-15 12:00:00,4960.0,5057.4978818821755,4720.440255193234,5394.555508571117
2018-02-15 13:00:00,5248.0,5371.750900434599,5034.693273745659,5708.8085271235395
2018-02-15 14:00:00,5844.0,5723.138142678057,5386.080515989117,6060.195769366997
2018-02-15 15:00:00,6807.0,6490.947644493531,6153.89001780459,6828.005271182472
2018-02-15 16:00:00,6262.0,6379.888966318087,6042.831339629147,6716.946593007027
2018-02-15 17:00:00,4982.0,4604.559354622895,4267.501727933954,4941.616981311836
2018-02-15 18:00:00,3463.0,3553.949913942252,3216.892287253311,3891.0075406311926
2018-02-15 19:00:00,3144.0,2978.5616484404163,2641.5040217514756,3315.619275129357
2018-02-15 20:00:00,3916.0,3017.074147318315,2680.0165206293746,3354.131774007256
2018-02-15 21:00:00,2674.0,3116.9569207319796,2779.899294043039,3454.0145474209203
2018-02-15 22:00:00,1179.0,1592.1445075024628,1255.0868808135222,1929.2021341914035
2018-02-15 23:00:00,674.0,649.7711013229223,312.7134746339816,986.828728011863
2018-02-16 00:00:00,387.0,431.23088809932074,94.17326141038006,768.2885147882614
2018-02-16 01:00:00,273.0,301.34297208227576,0.0,638.4005987712164
2018-02-16 02:00:00,369.0,324.4863394294068,0.0,661.5439661183475
2018-02-16 03:00:00,831.0,816.7177019268728,479.6600752379321,1153.7753286158136
2018-02-16 04:00:00,2676.0,2691.3769002426066,2354.319273553666,3028.434526931547
2018-02-16 05:00:00,5122.0,5648.073386960358,5311.015760271417,5985.131013649299
2018-02-16 06:00:00,6444.0,6053.498448184301,5716.44082149536,6390.556074873242
2018-02-16 07:00:00,5589.0,5856.538731722705,5519.481105033765,6193.596358411645
2018-02-16 08:00:00,4764.0,5088.164589301342,4751.106962612401,5425.222215990283
2018-02-16 09:00:00,4646.0,4693.856440133736,4356.798813444795,5030.914066822677
2018-02-16 10:00:00,4947.0,5018.552708518726,4681.495081829786,5355.610335207666
2018-02-16 11:00:00,5337.0,5254.154282730263,4917.096656041322,5591.211909419204
2018-02-16 12:00:00,5333.0,5333.204584806782,4996.146958117841,5670.262211495723
2018-02-16 13:00:00,5224.0,5649.142884421505,5312.085257732564,5986.200511110446
2018-02-16 14:00:00,5921.0,5668.3653756629965,5331.307748974055,6005.423002351938
2018-02-16 15:00:00,6371.0,6160.807676090973,5823.750049402031,6497.865302779914
2018-02-16 16:00:00,5731.0,5903.980269876173,5566.922643187232,6241.037896565114
2018-02-16 17:00:00,4896.0,4733.748471128856,4396.690844439916,5070.806097817796
2018-02-16 18:00:00,3687.0,3724.019801052106,3386.962174363165,4061.0774277410464
2018-02-16 19:00:00,3027.0,3128.1274187312097,2791.069792042269,3465.1850454201503
2018-02-16 20:00:00,2903.0,3100.194225460645,2763.1365987717045,3437.251852149586
2018-02-16 21:00:00,2591.0,2692.864545426388,2355.806918737447,3029.9221721153285
2018-02-16 22:00:00,1725.0,2030.6567851224254,1693.5991584334847,2367.714411811366
2018-02-16 23:00:00,1068.0,1225.06401948516,888.0063927962194,1562.1216461741008
2018-02-17 00:00:00,661.0,700.0665902396809,363.0089635507402,1037.1242169286215
2018-02-17 01:00:00,538.0,415.52545494757527,78.4678282586346,752.583081636516
2018-02-17 02:00:00,352.0,364.03701765222917,26.979390963288495,701.0946443411699
2018-02-17 03:00:00,386.0,377.98521181465946,40.92758512571879,715.0428385036001
2018-02-17 04:00:00,627.0,716.5836663327203,379.52603964377965,1053.641293021661
2018-02-17 05:00:00,1226.0,1070.838771341217,733.7811446522762,1407.8963980301576
2018-02-17 06:00:00,1831.0,1948.7411615783487,1611.683534889408,2285.7987882672896
2018-02-17 07:00:00,2826.0,2575.927391525926,2238.8697648369853,2912.9850182148666
2018-02-17 08:00:00,3514.0,3666.9474110913093,3329.8897844023686,4004.00503778025
2018-02-17 09:00:00,3977.0,4018.246832676,3681.1892059870593,4355.304459364941
2018-02-17 10:00:00,4526.0,4296.827752112137,3959.7701254231965,4633.885378801078
2018-02-17 11:00:00,4933.0,4827.136542108413,4490.078915419472,5164.194168797354
2018-02-17 12:00:00,4792.0,4914.971545095598,4577.913918406657,5252.029171784539
2018-02-17 13:00:00,4881.0,4759.793468660142,4422.735841971202,5096.851095349082
2018-02-17 14:00:00,4912.0,4747.389123520957,4410.331496832016,5084.446750209898
2018-02-17 15:00:00,5935.0,4887.7209216978945,4550.663295008953,5224.778548386836
2018-02-17 16:00:00,4550.0,5819.232216855817,5482.174590166876,6156.289843544757
2018-02-17 17:00:00,4284.0,4176.608528906375,3839.550902217434,4513.666155595316
2018-02-17 18:00:00,3489.0,3453.9391902237003,3116.8815635347596,3790.996816912641
2018-02-17 19:00:00,2947.0,3005.0922291778334,2668.0346024888927,3342.149855866774
2018-02-17 20:00:00,3089.0,3071.6890878730487,2734.631461184108,3408.7467145619894
2018-02-17 21:00:00,2945.0,3290.9498080949734,2953.8921814060327,3628.007434783914
2018-02-17 22:00:00,1858.0,2230.6529389547036,1893.595312265763,2567.7105656436443
2018-02-17 23:00:00,1169.0,1309.6009745083102,972.5433478193695,1646.6586011972508
2018-02-18 00:00:00,733.0,750.9639606877944,413.9063339988537,1088.0215873767352
2018-02-18 01:00:00,593.0,475.6713696663431,138.6137429774024,812.7289963552837
2018-02-18 02:00:00,302.0,365.63702874036915,28.579402051428474,702.6946554293098
2018-02-18 03:00:00,284.0,302.55799589974,0.0,639.6156225886807
2018-02-18 04:00:00,444.0,478.1039524051054,141.04632571616474,815.1615790940461
2018-02-18 05:00:00,742.0,763.7868334806894,426.72920679174877,1100.84446016963
2018-02-18 06:00:00,1210.0,1086.5176691846927,749.4600424957521,1423.5752958736334
2018-02-18 07:00:00,1889.0,2024.1196451248582,1687.0620184359175,2361.177271813799
2018-02-18 08:00:00,2567.0,2781.0089981675205,2443.95137147858,3118.066624856461
2018-02-18 09:00:00,3505.0,3259.6144342511457,2922.556807562205,3596.6720609400863
2018-02-18 10:00:00,3826.0,3835.471919070492,3498.414292381551,4172.529545759433
2018-02-18 11:00:00,4279.0,4101.9563789115355,3764.898752222595,4439.014005600477
2018-02-18 12:00:00,4388.0,4357.81482518288,4020.757198493939,4694.872451871821
2018-02-18 13:00:00,4263.0,4355.306198393661,4018.2485717047207,4692.3638250826025
2018-02-18 14:00:00,4343.0,4261.764647499495,3924.7070208105547,4598.8222741884365
2018-02-18 15:00:00,4424.0,4300.272841248895,3963.2152145599543,4637.330467937836
2018-02-18 16:00:00,4136.0,4162.225562820308,3825.1679361313677,4499.2831895092495
2018-02-18 17:00:00,3587.0,3720.4331122281114,3383.3754855391708,4057.490738917052
2018-02-18 18:00:00,3038.0,2984.515167265067,2647.457540576126,3321.5727939540075
2018-02-18 19:00:00,2522.0,2631.922607389264,2294.8649807003235,2968.980234078205
2018-02-18 20:00:00,2044.0,2402.794038591074,2065.736411902133,2739.8516652800145
2018-02-18 21:00:00,1637.0,1628.4388759968074,1291.3812493078667,1965.496502685748
2018-02-18 22:00:00,1152.0,1087.5554412397894,750.4978145508487,1424.61306792873
2018-02-18 23:00:00,623.0,595.3477772786073,258.2901505896666,932.405403967548
2018-02-19 00:00:00,360.0,363.650162817561,26.59253612862034,700.7077895065017
2018-02-19 01:00:00,281.0,285.47818438182384,0.0,622.5358110707646
2018-02-19 02:00:00,340.0,326.1898745142306,0.0,663.2475012031713
2018-02-19 03:00:00,781.0,801.4641219277232,464.40649523878255,1138.521748616664
2018-02-19 04:00:00,2432.0,2592.5597791009027,2255.502152411962,2929.6174057898434
2018-02-19 05:00:00,4228.0,5147.7210678195,4810.663441130559,5484.778694508441
2018-02-19 06:00:00,4740.0,4484.670053198443,4147.612426509502,4821.7276798873845
2018-02-19 07:00:00,3905.0,4106.468598068102,3769.4109713791618,4443.526224757043
2018-02-19 08:00:00,3344.0,3578.8427326710544,3241.7851059821137,3915.900359359995
2018-02-19 09:00:00,3226.0,3403.3178349488044,3066.2602082598637,3740.375461637745
2018-02-19 10:00:00,3239.0,3459.866685368888,3122.809058679947,3796.9243120578285
2018-02-19 11:00:00,3484.0,3513.157117641124,3176.0994909521833,3850.2147443300646
2018-02-19 12:00:00,3450.0,3629.7369062370412,3292.6792795481006,3966.794532925982
2018-02-19 13:00:00,3490.0,3730.3180051791715,3393.260378490231,4067.375631868112
2018-02-19 14:00:00,3426.0,3629.1637982691695,3292.106171580229,3966.22142495811
2018-02-19 15:00:00,3682.0,3427.6296830290808,3090.57205634014,3764.6873097180214
2018-02-19 16:00:00,3585.0,3409.33410321384,3072.2764765248994,3746.3917299027808
2018-02-19 17:00:00,2659.0,3051.9290017489675,2714.871375060027,3388.986628437908
2018-02-19 18:00:00,2087.0,2138.5870577409764,1801.5294310520358,2475.644684429917
2018-02-19 19:00:00,1821.0,1896.7660976111367,1559.708470922196,2233.8237243000776
2018-02-19 20:00:00,1593.0,1657.591198126902,1320.5335714379614,1994.6488248158428
2018-02-19 21:00:00,1354.0,1258.1345893040464,921.0769626151057,1595.192215992987
2018-02-19 22:00:00,817.0,961.4508340388207,624.3932073498801,1298.5084607277613
2018-02-19 23:00:00,434.0,476.99076623421837,139.9331395452777,814.0483929231591
2018-02-20 00:00:00,269.0,267.0031958850531,0.0,604.0608225739938
2018-02-20 01:00:00,234.0,262.15379457497954,0.0,599.2114212639202
2018-02-20 02:00:00,342.0,339.47290701465727,2.4152803257165942,676.5305337035979
2018-02-20 03:00:00,825.0,784.4043431705978,447.34671648165715,1121.4619698595384
2018-02-20 04:00:00,2690.0,2667.928153568458,2330.8705268795175,3004.985780257399
2018-02-20 05:00:00,4705.0,5384.551120536293,5047.4934938473525,5721.608747225233
2018-02-20 06:00:00,4844.0,5060.9866154186475,4723.928988729707,5398.044242107588
2018-02-20 07:00:00,4738.0,4377.985853919391,4040.9282272304504,4715.043480608332
2018-02-20 08:00:00,4707.0,4549.275492028527,4212.217865339586,4886.333118717468
2018-02-20 09:00:00,4062.0,4264.08546502407,3927.027838335129,4601.143091713011
2018-02-20 10:00:00,4058.0,4240.2545366182185,3903.196909929278,4577.312163307159
2018-02-20 11:00:00,4407.0,4267.444025785622,3930.3863990966815,4604.501652474562
2018-02-20 12:00:00,4439.0,4456.885534480009,4119.827907791068,4793.943161168949
2018-02-20 13:00:00,4786.0,4743.216136995186,4406.158510306246,5080.273763684127
2018-02-20 14:00:00,5620.0,5103.079609638434,4766.021982949493,5440.137236327375
2018-02-20 15:00:00,6471.0,6354.672416839972,6017.614790151032,6691.730043528913
2018-02-20 16:00:00,5888.0,6101.708563291327,5764.650936602386,6438.766189980268
2018-02-20 17:00:00,4226.0,4277.142832785218,3940.0852060962775,4614.200459474159
2018-02-20 18:00:00,3012.0,3001.3115820173152,2664.2539553283746,3338.369208706256
2018-02-20 19:00:00,2601.0,2663.346667033767,2326.2890403448264,3000.4042937227077
2018-02-20 20:00:00,2591.0,2584.578548372327,2247.5209216833864,2921.6361750612677
2018-02-20 21:00:00,1592.0,1939.1921289678367,1602.134502278896,2276.2497556567773
2018-02-20 22:00:00,965.0,1061.1139150816102,724.0562883926696,1398.171541770551
2018-02-20 23:00:00,516.0,542.6907727581831,205.63314606924246,879.7483994471238
2018-02-21 00:00:00,359.0,344.24954607905,7.1919193901093195,681.3071727679907
2018-02-21 01:00:00,237.0,292.8617926152177,0.0,629.9194193041584
2018-02-21 02:00:00,354.0,326.4925969294673,0.0,663.5502236184079
2018-02-21 03:00:00,886.0,830.4206739056871,493.3630472167464,1167.4783005946279
2018-02-21 04:00:00,2858.0,2816.555619043517,2479.497992354576,3153.6132457324575
2018-02-21 05:00:00,5569.0,5587.271927220489,5250.214300531548,5924.329553909429
2018-02-21 06:00:00,6045.0,6169.046378696654,5831.988752007714,6506.104005385594
2018-02-21 07:00:00,5638.0,5558.844884560568,5221.787257871627,5895.902511249509
2018-02-21 08:00:00,5062.0,4974.404956981734,4637.347330292794,5311.462583670675
2018-02-21 09:00:00,4553.0,4377.4376536982345,4040.380027009294,4714.495280387175
2018-02-21 10:00:00,4837.0,4747.721466597411,4410.6638399084695,5084.779093286352
2018-02-21 11:00:00,5091.0,4975.3275620474815,4638.269935358541,5312.385188736422
2018-02-21 12:00:00,4632.0,5049.733839914806,4712.676213225865,5386.791466603747
2018-02-21 13:00:00,5130.0,4993.3372401005245,4656.279613411583,5330.394866789466
2018-02-21 14:00:00,5364.0,5621.71151281775,5284.65388612881,5958.76913950669
2018-02-21 15:00:00,6795.0,6151.918330121756,5814.860703432816,6488.9759568106965
2018-02-21 16:00:00,6282.0,6400.8845526333225,6063.826925944382,6737.942179322263
2018-02-21 17:00:00,4583.0,4605.549622068728,4268.491995379787,4942.607248757669
2018-02-21 18:00:00,3356.0,3232.421899403121,2895.3642727141805,3569.479526092062
2018-02-21 19:00:00,2959.0,2828.3739059970394,2491.3162793080987,3165.43153268598
2018-02-21 20:00:00,2471.0,2740.6039834165545,2403.546356727614,3077.661610105495
2018-02-21 21:00:00,1749.0,1859.5846450247516,1522.527018335811,2196.642271713692
2018-02-21 22:00:00,1029.0,1192.415746165047,855.3581194761064,1529.4733728539877
2018-02-21 23:00:00,528.0,552.1980346240889,215.14040793514823,889.2556613130296
2018-02-22 00:00:00,338.0,350.0094586394768,12.951831950536132,687.0670853284175
2018-02-22 01:00:00,245.0,287.34191403974626,0.0,624.3995407286869
2018-02-22 02:00:00,339.0,331.17774139380333,0.0,668.235368082744
2018-02-22 03:00:00,853.0,830.5597099160333,493.5020832270926,1167.6173366049738
2018-02-22 04:00:00,2854.0,2765.602246588037,2428.5446198990962,3102.6598732769776
2018-02-22 05:00:00,5466.0,5614.892240861563,5277.8346141726215,5951.949867550504
2018-02-22 06:00:00,6559.0,6235.910723923071,5898.8530972341305,6572.968350612011
2018-02-22 07:00:00,5837.0,5929.603548942628,5592.5459222536865,6266.661175631569
2018-02-22 08:00:00,5428.0,5129.374241793479,4792.316615104539,5466.431868482419
2018-02-22 09:00:00,4827.0,4612.910936871697,4275.853310182756,4949.968563560638
2018-02-22 10:00:00,5108.0,5033.0840972594915,4696.02647057055,5370.141723948433
2018-02-22 11:00:00,4980.0,5208.9330383748975,4871.875411685956,5545.990665063839
2018-02-22 12:00:00,5174.0,5068.4926548253,4731.435028136359,5405.550281514241
2018-02-22 13:00:00,5353.0,5560.772592566316,5223.714965877376,5897.830219255256
2018-02-22 14:00:00,6263.0,5816.0239526954665,5478.966326006526,6153.081579384407
2018-02-22 15:00:00,6902.0,6647.350707584457,6310.293080895517,6984.4083342733975
2018-02-22 16:00:00,5900.0,6345.318328611802,6008.260701922862,6682.375955300742
2018-02-22 17:00:00,4514.0,4646.963393768124,4309.905767079183,4984.021020457065
2018-02-22 18:00:00,3048.0,3299.2074471997576,2962.149820510817,3636.265073888698
2018-02-22 19:00:00,2736.0,2761.1451678116737,2424.087541122733,3098.2027945006143
2018-02-22 20:00:00,2247.0,2836.4508291033358,2499.393202414395,3173.5084557922764
2018-02-22 21:00:00,1905.0,1809.8205456108117,1472.762918921871,2146.8781722997524
2018-02-22 22:00:00,1372.0,1283.3687046981925,946.3110780092518,1620.4263313871331
2018-02-22 23:00:00,632.0,869.6831642130888,532.6255375241482,1206.7407909020294
2018-02-23 00:00:00,390.0,393.4686016794621,56.410974990521424,730.5262283684028
2018-02-23 01:00:00,309.0,307.7794444318423,0.0,644.837071120783
2018-02-23 02:00:00,368.0,338.9568678250938,1.8992411361531367,676.0144945140345
2018-02-23 03:00:00,830.0,830.6478773837567,493.59025069481606,1167.7055040726973
2018-02-23 04:00:00,2451.0,2693.611950173659,2356.554323484718,3030.6695768625996
2018-02-23 05:00:00,4627.0,5101.444934388673,4764.3873076997315,5438.502561077614
2018-02-23 06:00:00,5240.0,5218.380665089065,4881.323038400124,5555.438291778006
2018-02-23 07:00:00,4595.0,5088.721571842922,4751.663945153981,5425.779198531862
2018-02-23 08:00:00,4413.0,4539.881049554593,4202.823422865653,4876.938676243533
2018-02-23 09:00:00,4140.0,4388.610720558539,4051.553093869598,4725.66834724748
2018-02-23 10:00:00,4183.0,4405.131545926276,4068.0739192373353,4742.189172615217
2018-02-23 11:00:00,4732.0,4459.602998767481,4122.545372078541,4796.660625456421
2018-02-23 12:00:00,4786.0,4819.604508606847,4482.546881917906,5156.662135295788
2018-02-23 13:00:00,5131.0,5187.370414097408,4850.312787408468,5524.428040786348
2018-02-23 14:00:00,5631.0,5570.632863102011,5233.575236413069,5907.690489790952
2018-02-23 15:00:00,6368.0,6064.171498875719,5727.113872186779,6401.22912556466
2018-02-23 16:00:00,5681.0,5806.931216112851,5469.873589423911,6143.988842801791
2018-02-23 17:00:00,4876.0,4397.813287733305,4060.755661044364,4734.870914422245
2018-02-23 18:00:00,3751.0,3530.1357589519725,3193.078132263032,3867.193385640913
2018-02-23 19:00:00,3124.0,3116.4355516240303,2779.3779249350896,3453.493178312971
2018-02-23 20:00:00,3015.0,3015.858399188311,2678.8007724993704,3352.9160258772517
2018-02-23 21:00:00,2528.0,2831.8469250173744,2494.7892983284337,3168.904551706315
2018-02-23 22:00:00,2105.0,1877.7891550893878,1540.7315284004471,2214.8467817783285
2018-02-23 23:00:00,1043.0,1355.7494293906996,1018.6918027017589,1692.8070560796402
2018-02-24 00:00:00,712.0,663.4918089505115,326.43418226157087,1000.5494356394522
2018-02-24 01:00:00,490.0,462.2648978305903,125.20727114164964,799.322524519531
2018-02-24 02:00:00,425.0,368.6920754401699,31.63444875122923,705.7497021291106
2018-02-24 03:00:00,404.0,453.7217117924339,116.66408510349322,790.7793384813746
2018-02-24 04:00:00,676.0,770.8121451133743,433.7545184244336,1107.869771802315
2018-02-24 05:00:00,1119.0,1185.974152492097,848.9165258031562,1523.0317791810376
2018-02-24 06:00:00,1836.0,1593.0843539994034,1256.0267273104628,1930.1419806883441
2018-02-24 07:00:00,3018.0,2520.089515438225,2183.0318887492845,2857.147142127166
2018-02-24 08:00:00,3753.0,3568.1043134717816,3231.046686782841,3905.161940160722
2018-02-24 09:00:00,4373.0,3988.2880128115003,3651.2303861225596,4325.345639500441
2018-02-24 10:00:00,4487.0,4615.974000716146,4278.916374027205,4953.031627405087
2018-02-24 11:00:00,4938.0,4722.294195790369,4385.236569101427,5059.35182247931
2018-02-24 12:00:00,4744.0,4871.901859464824,4534.844232775884,5208.959486153764
2018-02-24 13:00:00,4831.0,4645.1752358461845,4308.117609157243,4982.232862535126
2018-02-24 14:00:00,3660.0,4740.678706313332,4403.621079624392,5077.736333002273
2018-02-24 15:00:00,3247.0,3498.762911188024,3161.7052844990835,3835.820537876965
2018-02-24 16:00:00,2709.0,2948.3725159138567,2611.314889224916,3285.4301426027973
2018-02-24 17:00:00,2677.0,2782.2070425344173,2445.1494158454766,3119.264669223358
2018-02-24 18:00:00,2338.0,2457.7522168121336,2120.694590123193,2794.8098435010743
2018-02-24 19:00:00,1520.0,2154.939583176853,1817.8819564879122,2491.9972098657936
2018-02-24 20:00:00,1686.0,1434.040730114116,1096.9831034251754,1771.0983568030567
2018-02-24 21:00:00,1786.0,1588.6804219706555,1251.6227952817148,1925.7380486595962
2018-02-24 22:00:00,1162.0,1394.5064048950726,1057.448778206132,1731.5640315840133
2018-02-24 23:00:00,779.0,709.2742354272584,372.21660873831775,1046.331862116199
2018-02-25 00:00:00,510.0,525.7012643006115,188.64363761167078,862.7588909895521
2018-02-25 01:00:00,381.0,373.9365778641136,36.878951175172915,710.9942045530543
2018-02-25 02:00:00,254.0,288.1271938920192,0.0,625.1848205809599
2018-02-25 03:00:00,251.0,428.7016520084199,91.64402531947923,765.7592786973605
2018-02-25 04:00:00,407.0,483.6992527363025,146.64162604736185,820.7568794252431
2018-02-25 05:00:00,723.0,772.9457531272,435.8881264382593,1110.0033798161408
2018-02-25 06:00:00,947.0,1134.9989685495855,797.9413418606448,1472.0565952385261
2018-02-25 07:00:00,1343.0,1442.3585619648177,1105.300935275877,1779.4161886537584
2018-02-25 08:00:00,2014.0,1996.836837434424,1659.7792107454834,2333.8944641233647
2018-02-25 09:00:00,2598.0,2457.961674448769,2120.9040477598282,2795.0193011377096
2018-02-25 10:00:00,3073.0,2815.6979123895335,2478.640285700593,3152.755539078474
2018-02-25 11:00:00,3719.0,3388.3248911291,3051.267264440159,3725.3825178180405
2018-02-25 12:00:00,3840.0,3915.6024804040076,3578.544853715067,4252.660107092948
2018-02-25 13:00:00,3865.0,3910.5455811216825,3573.487954432742,4247.603207810624
2018-02-25 14:00:00,3974.0,3872.398115469489,3535.340488780548,4209.4557421584295
2018-02-25 15:00:00,4262.0,3900.708025067253,3563.6503983783123,4237.765651756194
2018-02-25 16:00:00,4131.0,3888.127268704075,3551.0696420151344,4225.184895393016
2018-02-25 17:00:00,3759.0,3625.7946837234003,3288.7370570344597,3962.852310412341
2018-02-25 18:00:00,2950.0,3107.5550697623476,2770.497443073407,3444.6126964512882
2018-02-25 19:00:00,2604.0,2476.6506633667436,2139.593036677803,2813.7082900556843
2018-02-25 20:00:00,2507.0,2182.627315147045,1845.5696884581043,2519.6849418359857
2018-02-25 21:00:00,3097.0,2110.0193916103203,1772.9617649213797,2447.077018299261
2018-02-25 22:00:00,1239.0,1502.251231108754,1165.1936044198133,1839.3088577976946
2018-02-25 23:00:00,517.0,633.2399703702691,296.18234368132846,970.2975970592098
2018-02-26 00:00:00,348.0,344.2031544983745,7.1455278094338155,681.2607811873152
2018-02-26 01:00:00,267.0,281.5184859096856,0.0,618.5761125986262
2018-02-26 02:00:00,336.0,326.35712890505937,0.0,663.4147555940001
2018-02-26 03:00:00,902.0,772.9130780970797,435.85545140813906,1109.9707047860204
2018-02-26 04:00:00,2665.0,2729.1397205983035,2392.082093909363,3066.197347287244
2018-02-26 05:00:00,5186.0,5262.232434881685,4925.1748081927435,5599.290061570626
2018-02-26 06:00:00,6034.0,5816.48037056119,5479.42274387225,6153.5379972501305
2018-02-26 07:00:00,5602.0,5346.036628396502,5008.979001707561,5683.094255085443
2018-02-26 08:00:00,5033.0,4791.493683636069,4454.436056947128,5128.5513103250105
2018-02-26 09:00:00,4472.0,4188.355332918652,3851.297706229711,4525.412959607593
2018-02-26 10:00:00,4371.0,4532.996525125456,4195.938898436516,4870.054151814396
2018-02-26 11:00:00,4532.0,4540.315784939392,4203.258158250452,4877.373411628332
2018-02-26 12:00:00,4602.0,4685.718803922211,4348.661177233271,5022.776430611151
2018-02-26 13:00:00,4875.0,5007.720511305364,4670.662884616424,5344.778137994304
2018-02-26 14:00:00,5389.0,5352.798145525473,5015.740518836532,5689.855772214414
2018-02-26 15:00:00,6370.0,6112.462967433114,5775.405340744173,6449.520594122054
2018-02-26 16:00:00,5920.0,5992.8391137464205,5655.78148705748,6329.896740435361
2018-02-26 17:00:00,4442.0,4307.805329847129,3970.747703158188,4644.86295653607
2018-02-26 18:00:00,3086.0,2981.5700715690746,2644.512444880134,3318.6276982580152
2018-02-26 19:00:00,2642.0,2601.5814109605853,2264.5237842716447,2938.639037649526
2018-02-26 20:00:00,2197.0,2426.4115361243826,2089.353909435442,2763.4691628133232
2018-02-26 21:00:00,1528.0,1577.0834958848172,1240.0258691958766,1914.141122573758
2018-02-26 22:00:00,1008.0,975.1813905508882,638.1237638619475,1312.2390172398289
2018-02-26 23:00:00,529.0,542.9104658022134,205.8528391132727,879.968092491154
2018-02-27 00:00:00,329.0,346.51250732008907,9.454880631148399,683.5701340090297
2018-02-27 01:00:00,255.0,274.988262050894,0.0,612.0458887398347
2018-02-27 02:00:00,370.0,326.6197163437836,0.0,663.6773430327243
2018-02-27 03:00:00,878.0,831.1856875405757,494.12806085163504,1168.2433142295163
2018-02-27 04:00:00,2884.0,2802.811967147956,2465.754340459015,3139.8695938368965
2018-02-27 05:00:00,5418.0,5638.479917283472,5301.422290594532,5975.537543972412
2018-02-27 06:00:00,6318.0,6029.842023346421,5692.78439665748,6366.899650035362
2018-02-27 07:00:00,5876.0,5691.549867686577,5354.492240997637,6028.6074943755175
2018-02-27 08:00:00,5093.0,5109.600772812872,4772.543146123931,5446.658399501812
2018-02-27 09:00:00,4349.0,4343.77746443676,4006.7198377478194,4680.8350911257
2018-02-27 10:00:00,4607.0,4493.224438022259,4156.166811333318,4830.2820647112
2018-02-27 11:00:00,4901.0,4845.470668879762,4508.413042190821,5182.5282955687035
2018-02-27 12:00:00,4912.0,4898.9121809295675,4561.854554240626,5235.969807618509
2018-02-27 13:00:00,5221.0,5280.794433028455,4943.736806339515,5617.852059717396
2018-02-27 14:00:00,5755.0,5718.913896185605,5381.856269496664,6055.971522874546
2018-02-27 15:00:00,6445.0,6457.787719714895,6120.7300930259535,6794.845346403836
2018-02-27 16:00:00,6202.0,6174.363834034766,5837.306207345826,6511.421460723706
2018-02-27 17:00:00,4430.0,4549.113360980672,4212.055734291731,4886.170987669613
2018-02-27 18:00:00,3376.0,3093.17405038902,2756.1164237000794,3430.2316770779607
2018-02-27 19:00:00,2891.0,2849.4639152247983,2512.4062885358576,3186.521541913739
2018-02-27 20:00:00,3376.0,2595.935499919616,2258.8778732306755,2932.993126608557
2018-02-27 21:00:00,3003.0,2722.1196088826046,2385.061982193664,3059.177235571545
2018-02-27 22:00:00,1151.0,1205.5199327161959,868.4623060272552,1542.5775594051365
2018-02-27 23:00:00,602.0,599.2208492305255,262.1632225415848,936.2784759194661
2018-02-28 00:00:00,340.0,369.90853323509884,32.85090654615817,706.9661599240395
2018-02-28 01:00:00,294.0,283.607785000441,0.0,620.6654116893817
2018-02-28 02:00:00,378.0,330.33290631548334,0.0,667.390533004424
2018-02-28 03:00:00,887.0,829.9472743157153,492.8896476267746,1167.004901004656
2018-02-28 04:00:00,2873.0,2812.3221968019966,2475.264570113056,3149.3798234909373
2018-02-28 05:00:00,5649.0,5749.081651000538,5412.024024311597,6086.139277689479
2018-02-28 06:00:00,6351.0,6291.80811609637,5954.75048940743,6628.86574278531
2018-02-28 07:00:00,6007.0,5758.256086501891,5421.198459812951,6095.313713190832
2018-02-28 08:00:00,5230.0,5199.98102434733,4862.923397658389,5537.038651036271
2018-02-28 09:00:00,4561.0,4552.71827102302,4215.660644334079,4889.775897711961
2018-02-28 10:00:00,4860.0,4778.055763594388,4440.998136905448,5115.113390283328
2018-02-28 11:00:00,4936.0,5043.056034479567,4705.9984077906265,5380.113661168507
2018-02-28 12:00:00,5036.0,5033.770268126122,4696.712641437181,5370.827894815062
2018-02-28 13:00:00,5255.0,5400.9538667909155,5063.896240101974,5738.011493479857
2018-02-28 14:00:00,5729.0,5740.8901861529275,5403.832559463986,6077.947812841869
2018-02-28 15:00:00,6563.0,6436.91318500915,6099.855558320209,6773.970811698091
2018-02-28 16:00:00,6316.0,6210.355486008463,5873.297859319522,6547.413112697404
2018-02-28 17:00:00,4877.0,4749.862730629077,4412.805103940136,5086.920357318018
2018-02-28 18:00:00,3267.0,3452.1614070237833,3115.1037803348427,3789.219033712724
2018-02-28 19:00:00,2939.0,2833.192476996663,2496.1348503077224,3170.250103685604
2018-02-28 20:00:00,2629.0,2725.9453772349816,2388.887750546041,3063.0030039239223
2018-02-28 21:00:00,1780.0,1953.8645506553044,1616.8069239663637,2290.922177344245
2018-02-28 22:00:00,1102.0,1179.3885543945767,842.330927705636,1516.4461810835173
2018-02-28 23:00:00,600.0,601.211609832956,264.15398314401534,938.2692365218967
2018-03-01 00:00:00,369.0,369.5360886944624,32.47846200552175,706.5937153834032
2018-03-01 01:00:00,283.0,301.426173112348,0.0,638.4837998012887
2018-03-01 02:00:00,385.0,335.5906292810122,0.0,672.6482559699529
2018-03-01 03:00:00,919.0,848.0673643170878,511.00973762814715,1185.1249910060285
2018-03-01 04:00:00,2872.0,2933.9348453859066,2596.877218696966,3270.9924720748472
2018-03-01 05:00:00,5703.0,5761.885986108557,5424.828359419616,6098.943612797497
2018-03-01 06:00:00,6275.0,6371.769822967461,6034.71219627852,6708.827449656401
2018-03-01 07:00:00,5728.0,5690.601603177444,5353.543976488503,6027.659229866385
2018-03-01 08:00:00,5419.0,5061.687287496522,4724.629660807581,5398.744914185463
2018-03-01 09:00:00,4555.0,4630.463781437338,4293.406154748398,4967.521408126278
2018-03-01 10:00:00,4875.0,4792.606226511707,4455.548599822767,5129.663853200647
2018-03-01 11:00:00,5080.0,5047.137065972192,4710.079439283252,5384.194692661133
2018-03-01 12:00:00,5210.0,5095.322299328776,4758.264672639836,5432.379926017717
2018-03-01 13:00:00,5328.0,5576.417384934965,5239.359758246024,5913.4750116239065
2018-03-01 14:00:00,5952.0,5789.942783972037,5452.885157283097,6127.000410660978
2018-03-01 15:00:00,6565.0,6528.800768072955,6191.743141384015,6865.858394761895
2018-03-01 16:00:00,6236.0,6189.518876238364,5852.461249549424,6526.576502927304
2018-03-01 17:00:00,4800.0,4637.930937275105,4300.873310586165,4974.988563964045
2018-03-01 18:00:00,3709.0,3499.887886906131,3162.8302602171902,3836.9455135950716
2018-03-01 19:00:00,3169.0,3150.69430730195,2813.6366806130095,3487.751933990891
2018-03-01 20:00:00,2981.0,3029.8309085197043,2692.7732818307636,3366.888535208645
2018-03-01 21:00:00,2166.0,2535.1836987849074,2198.1260720959667,2872.241325473848
2018-03-01 22:00:00,1266.0,1456.4992872682883,1119.4416605793476,1793.556913957229
2018-03-01 23:00:00,644.0,716.0386741909057,378.981047501965,1053.0963008798462
2018-03-02 00:00:00,416.0,394.2889320739849,57.23130538504421,731.3465587629255
2018-03-02 01:00:00,295.0,321.0762879364268,0.0,658.1339146253674
2018-03-02 02:00:00,364.0,342.174737872232,5.1171111832913425,679.2323645611727
2018-03-02 03:00:00,846.0,834.3518073637085,497.29418067476786,1171.4094340526492
2018-03-02 04:00:00,2670.0,2744.405032418016,2407.3474057290755,3081.462659106957
2018-03-02 05:00:00,5165.0,5592.922205721244,5255.864579032303,5929.979832410185
2018-03-02 06:00:00,6497.0,6142.548183514467,5805.490556825527,6479.605810203408
2018-03-02 07:00:00,5636.0,5734.97127171582,5397.91364502688,6072.02889840476
2018-03-02 08:00:00,4945.0,5085.745837645512,4748.688210956572,5422.803464334453
2018-03-02 09:00:00,4858.0,4587.050349252741,4249.9927225638,4924.1079759416825
2018-03-02 10:00:00,5171.0,5159.512434715338,4822.454808026398,5496.570061404278
2018-03-02 11:00:00,5391.0,5422.030598126018,5084.972971437077,5759.088224814959
2018-03-02 12:00:00,5390.0,5318.6433429277495,4981.585716238809,5655.70096961669
2018-03-02 13:00:00,5692.0,5664.2622151050555,5327.204588416114,6001.319841793997
2018-03-02 14:00:00,6057.0,6035.982235997604,5698.924609308664,6373.039862686544
2018-03-02 15:00:00,6730.0,6261.259339491279,5924.201712802338,6598.31696618022
2018-03-02 16:00:00,6070.0,6118.221328514306,5781.163701825366,6455.278955203246
2018-03-02 17:00:00,4954.0,4942.064794634306,4605.007167945365,5279.122421323247
2018-03-02 18:00:00,3996.0,3799.72186620145,3462.6642395125095,4136.779492890391
2018-03-02 19:00:00,3551.0,3258.727034171595,2921.669407482654,3595.7846608605355
2018-03-02 20:00:00,3238.0,3249.012295723955,2911.9546690350144,3586.0699224128957
2018-03-02 21:00:00,2453.0,2995.767281709567,2658.7096550206265,3332.824908398508
2018-03-02 22:00:00,1798.0,1744.0288460925972,1406.9712194036565,2081.086472781538
2018-03-02 23:00:00,1516.0,1265.4825716060366,928.4249449170959,1602.5401982949772
2018-03-03 00:00:00,751.0,834.3479470477006,497.2903203587599,1171.4055737366411
2018-03-03 01:00:00,497.0,543.2972369317921,206.23961024285143,880.3548636207328
2018-03-03 02:00:00,365.0,400.1225300543695,63.06490336542885,737.1801567433101
2018-03-03 03:00:00,457.0,402.25462078461646,65.19699409567579,739.3122474735571
2018-03-03 04:00:00,686.0,873.3346620451831,536.2770353562424,1210.3922887341237
2018-03-03 05:00:00,1174.0,1264.5054425109222,927.4478158219815,1601.5630691998629
2018-03-03 06:00:00,2050.0,1846.90964257745,1509.8520158885094,2183.9672692663908
2018-03-03 07:00:00,3029.0,2927.674183522797,2590.6165568338565,3264.731810211738
2018-03-03 08:00:00,3911.0,3812.706811554137,3475.6491848651963,4149.764438243077
2018-03-03 09:00:00,4598.0,4137.580793922703,3800.5231672337627,4474.638420611644
2018-03-03 10:00:00,4766.0,4862.702673496004,4525.645046807063,5199.760300184944
2018-03-03 11:00:00,5023.0,4976.956425449747,4639.898798760807,5314.0140521386875
2018-03-03 12:00:00,5240.0,4961.485736762606,4624.428110073666,5298.543363451547
2018-03-03 13:00:00,5040.0,5074.010940571995,4736.953313883054,5411.068567260936
2018-03-03 14:00:00,4945.0,4961.036099681736,4623.978472992796,5298.093726370676
2018-03-03 15:00:00,4855.0,5029.874243450994,4692.816616762053,5366.931870139935
2018-03-03 16:00:00,4837.0,4812.555535101449,4475.497908412508,5149.61316179039
2018-03-03 17:00:00,4396.0,4361.041912110525,4023.9842854215844,4698.099538799466
2018-03-03 18:00:00,3817.0,3481.1253879983797,3144.067761309439,3818.1830146873203
2018-03-03 19:00:00,3169.0,3289.575258656597,2952.517631967656,3626.6328853455375
2018-03-03 20:00:00,3632.0,3104.985082733666,2767.927456044725,3442.0427094226065
2018-03-03 21:00:00,3148.0,3276.1982612721545,2939.140634583214,3613.255887961095
2018-03-03 22:00:00,1934.0,2182.707485157337,1845.6498584683964,2519.7651118462777
2018-03-03 23:00:00,1216.0,1215.8262162204992,878.7685895315585,1552.8838429094399
2018-03-04 00:00:00,756.0,776.4106788274948,439.3530521385542,1113.4683055164355
2018-03-04 01:00:00,543.0,521.2726249181292,184.2149982291885,858.3302516070698
2018-03-04 02:00:00,351.0,368.23463319646305,31.17700650752238,705.2922598854037
2018-03-04 03:00:00,299.0,340.63543728552787,3.5778105965871987,677.6930639744685
2018-03-04 04:00:00,431.0,507.1828198272247,170.12519313828403,844.2404465161653
2018-03-04 05:00:00,733.0,809.9837730735378,472.92614638459713,1147.0413997624785
2018-03-04 06:00:00,1149.0,1069.4474327192424,732.3898060303018,1406.5050594081831
2018-03-04 07:00:00,1840.0,1844.777131533181,1507.7195048442404,2181.8347582221218
2018-03-04 08:00:00,2434.0,2622.919389022464,2285.8617623335235,2959.977015711405
2018-03-04 09:00:00,3193.0,3105.4712322843366,2768.413605595396,3442.5288589732772
2018-03-04 10:00:00,3594.0,3647.1145985293883,3310.0569718404477,3984.172225218329
2018-03-04 11:00:00,4241.0,4036.6768274214196,3699.619200732479,4373.73445411036
2018-03-04 12:00:00,4328.0,4430.457472921341,4093.3998462324003,4767.515099610282
2018-03-04 13:00:00,4341.0,4367.954374652628,4030.896747963687,4705.012001341569
2018-03-04 14:00:00,4226.0,4354.2620975357595,4017.204470846819,4691.319724224701
2018-03-04 15:00:00,4537.0,4218.008808205529,3880.9511815165883,4555.06643489447
2018-03-04 16:00:00,4093.0,4320.304328661941,3983.2467019730007,4657.3619553508815
2018-03-04 17:00:00,3910.0,3812.4475075307155,3475.389880841775,4149.505134219657
2018-03-04 18:00:00,2945.0,3342.1632661249264,3005.1056394359857,3679.220892813867
2018-03-04 19:00:00,3258.0,2562.012418447425,2224.954791758484,2899.0700451363655
2018-03-04 20:00:00,3017.0,2769.081893105571,2432.0242664166303,3106.1395197945117
2018-03-04 21:00:00,1747.0,2495.8347131420237,2158.777086453083,2832.8923398309644
2018-03-04 22:00:00,1138.0,1222.9069898597947,885.8493631708541,1559.9646165487354
2018-03-04 23:00:00,703.0,608.2666289915071,271.20900230256643,945.3242556804478
2018-03-05 00:00:00,471.0,431.727253779464,94.6696270905233,768.7848804684047
2018-03-05 01:00:00,391.0,340.02022232220213,2.962595633261458,677.0778490111428
2018-03-05 02:00:00,486.0,374.701635017543,37.644008328602354,711.7592617064837
2018-03-05 03:00:00,976.0,931.9788871790416,594.921260490101,1269.0365138679822
2018-03-05 04:00:00,2704.0,2804.680625773985,2467.6229990850443,3141.7382524629256
2018-03-05 05:00:00,4879.0,5482.726327444004,5145.668700755063,5819.783954132945
2018-03-05 06:00:00,5062.0,5447.470232862392,5110.412606173451,5784.527859551332
2018-03-05 07:00:00,4211.0,4677.3712840061635,4340.313657317223,5014.428910695104
2018-03-05 08:00:00,3780.0,4161.047239275353,3823.989612586412,4498.104865964293
2018-03-05 09:00:00,3586.0,3724.7173982096183,3387.6597715206776,4061.775024898559
2018-03-05 10:00:00,3611.0,3938.4724224688844,3601.4147957799437,4275.5300491578255
2018-03-05 11:00:00,3719.0,3964.268294651087,3627.2106679621465,4301.325921340028
2018-03-05 12:00:00,3682.0,3930.243685898317,3593.1860592093763,4267.301312587258
2018-03-05 13:00:00,3928.0,3988.023447282607,3650.965820593666,4325.081073971547
2018-03-05 14:00:00,4151.0,4202.927627839635,3865.870001150694,4539.985254528576
2018-03-05 15:00:00,3260.0,4434.355775828241,4097.2981491393,4771.4134025171825
2018-03-05 16:00:00,1953.0,3131.2886780387275,2794.231051349787,3468.346304727668
2018-03-05 17:00:00,1389.0,1620.332365224945,1283.2747385360044,1957.3899919138858
2018-03-05 18:00:00,1117.0,1099.6329763563454,762.5753496674047,1436.690603045286
2018-03-05 19:00:00,844.0,910.9232715430938,573.8656448541532,1247.9808982320346
2018-03-05 20:00:00,753.0,752.8547625524602,415.79713586351954,1089.912389241401
2018-03-05 21:00:00,694.0,917.7338144175009,580.6761877285602,1254.7914411064417
2018-03-05 22:00:00,599.0,595.5993834363832,258.5417567474425,932.6570101253238
2018-03-05 23:00:00,308.0,552.114663699393,215.0570370104523,889.1722903883336
2018-03-06 00:00:00,242.0,332.79850894504244,0.0,669.8561356339831
2018-03-06 01:00:00,231.0,358.6214664641772,21.563839775236545,695.679093153118
2018-03-06 02:00:00,335.0,422.04939302628185,84.99176633734118,759.1070197152226
2018-03-06 03:00:00,807.0,789.0645398928747,452.006913203934,1126.1221665818152
2018-03-06 04:00:00,2537.0,2672.618291655313,2335.5606649663723,3009.6759183442537
2018-03-06 05:00:00,4601.0,5329.330915881346,4992.273289192406,5666.3885425702865
2018-03-06 06:00:00,4848.0,4838.981568762031,4501.92394207309,5176.039195450972
2018-03-06 07:00:00,4623.0,4418.916511353692,4081.8588846647513,4755.974138042633
2018-03-06 08:00:00,4085.0,4540.527938375619,4203.4703116866785,4877.585565064559
2018-03-06 09:00:00,3602.0,4009.809788652108,3672.7521619631675,4346.867415341048
2018-03-06 10:00:00,3781.0,3799.8250122300315,3462.767385541091,4136.882638918973
2018-03-06 11:00:00,4037.0,3929.8738629446057,3592.816236255665,4266.931489633546
2018-03-06 12:00:00,4166.0,4240.067025195619,3903.0093985066783,4577.12465188456
2018-03-06 13:00:00,4671.0,4386.327600737604,4049.2699740486637,4723.385227426545
2018-03-06 14:00:00,5260.0,4889.32194913148,4552.264322442539,5226.379575820421
2018-03-06 15:00:00,6420.0,5964.8142497804465,5627.756623091505,6301.871876469388
2018-03-06 16:00:00,5874.0,6037.574747917033,5700.517121228093,6374.632374605973
2018-03-06 17:00:00,4400.0,4259.866012060662,3922.808385371721,4596.923638749602
2018-03-06 18:00:00,3188.0,2995.231416622606,2658.1737899336654,3332.2890433115467
2018-03-06 19:00:00,2600.0,2689.844805214962,2352.7871785260213,3026.9024319039027
2018-03-06 20:00:00,3415.0,2446.2972120773056,2109.239585388365,2783.3548387662463
2018-03-06 21:00:00,2587.0,2674.6614068559347,2337.603780166994,3011.7190335448754
2018-03-06 22:00:00,1144.0,1491.2650628776757,1154.207436188735,1828.3226895666164
2018-03-06 23:00:00,591.0,599.0590291244725,262.0014024355319,936.1166558134132
2018-03-07 00:00:00,376.0,370.4169884579909,33.359361769050224,707.4746151469316
2018-03-07 01:00:00,247.0,302.2124601796502,0.0,639.2700868685909
2018-03-07 02:00:00,378.0,331.9150482527248,0.0,668.9726749416654
2018-03-07 03:00:00,921.0,816.9397553522712,479.8821286633305,1153.997382041212
2018-03-07 04:00:00,2875.0,2896.726025202991,2559.6683985140503,3233.7836518919316
2018-03-07 05:00:00,5670.0,5593.431563221145,5256.3739365322035,5930.489189910086
2018-03-07 06:00:00,6121.0,6283.826300500701,5946.768673811761,6620.883927189641
2018-03-07 07:00:00,5896.0,5604.791880943069,5267.734254254128,5941.8495076320105
2018-03-07 08:00:00,5343.0,5076.525485837025,4739.467859148084,5413.5831125259665
2018-03-07 09:00:00,4619.0,4544.465021186195,4207.407394497255,4881.522647875136
2018-03-07 10:00:00,4819.0,4845.419059141316,4508.361432452375,5182.476685830257
2018-03-07 11:00:00,4879.0,5021.376730116881,4684.319103427941,5358.434356805821
2018-03-07 12:00:00,5093.0,4909.885790062089,4572.828163373148,5246.94341675103
2018-03-07 13:00:00,5160.0,5458.246409223814,5121.188782534873,5795.304035912755
2018-03-07 14:00:00,5886.0,5716.157268662024,5379.099641973084,6053.214895350964
2018-03-07 15:00:00,6849.0,6529.276859068974,6192.219232380034,6866.334485757914
2018-03-07 16:00:00,5951.0,6371.497090409397,6034.439463720457,6708.554717098337
2018-03-07 17:00:00,4637.0,4553.0445463389215,4215.98691964998,4890.102173027863
2018-03-07 18:00:00,3367.0,3350.291625694494,3013.2339990055534,3687.3492523834348
2018-03-07 19:00:00,3297.0,2810.5767527059706,2473.51912601703,3147.6343793949113
2018-03-07 20:00:00,2451.0,2865.2226654263163,2528.1650387373757,3202.280292115257
2018-03-07 21:00:00,1790.0,1656.7894506192836,1319.731823930343,1993.8470773082242
2018-03-07 22:00:00,1352.0,1230.7681734628807,893.71054677394,1567.8258001518213
2018-03-07 23:00:00,545.0,788.0388311861537,450.98120449721307,1125.0964578750945
2018-03-08 00:00:00,368.0,356.9841009670442,19.926474278103512,694.0417276559849
2018-03-08 01:00:00,260.0,295.17194857650367,0.0,632.2295752654443
2018-03-08 02:00:00,344.0,333.4111415334454,0.0,670.4687682223861
2018-03-08 03:00:00,887.0,841.4916690997159,504.4340424107752,1178.5492957886565
2018-03-08 04:00:00,2788.0,2857.8267436881806,2520.76911699924,3194.8843703771213
2018-03-08 05:00:00,5661.0,5701.358619909845,5364.300993220904,6038.4162465987865
2018-03-08 06:00:00,6280.0,6235.86921253352,5898.81158584458,6572.92683922246
2018-03-08 07:00:00,6042.0,5736.825013731664,5399.7673870427225,6073.882640420605
2018-03-08 08:00:00,5221.0,5222.310842762788,4885.2532160738465,5559.368469451729
2018-03-08 09:00:00,4669.0,4603.863465911602,4266.805839222661,4940.9210926005435
2018-03-08 10:00:00,4922.0,4859.782590338273,4522.7249636493325,5196.840217027213
2018-03-08 11:00:00,4946.0,5085.205284792441,4748.1476581035,5422.262911481381
2018-03-08 12:00:00,5117.0,5038.172044150073,4701.114417461133,5375.229670839013
2018-03-08 13:00:00,5349.0,5469.649777696167,5132.592151007226,5806.707404385108
2018-03-08 14:00:00,5983.0,5817.901236955304,5480.843610266364,6154.958863644244
2018-03-08 15:00:00,6738.0,6540.221034193831,6203.16340750489,6877.278660882772
2018-03-08 16:00:00,6200.0,6280.056643838156,5942.999017149215,6617.114270527096
2018-03-08 17:00:00,5136.0,4612.83879866012,4275.781171971179,4949.896425349061
2018-03-08 18:00:00,3509.0,3567.3976764594527,3230.340049770512,3904.4553031483933
2018-03-08 19:00:00,3565.0,3043.78978934559,2706.7321626566495,3380.847416034531
2018-03-08 20:00:00,2951.0,3185.1173487090173,2848.0597220200766,3522.174975397958
2018-03-08 21:00:00,2759.0,2431.6783048455195,2094.620678156579,2768.73593153446
2018-03-08 22:00:00,2179.0,1802.8582052273478,1465.800578538407,2139.9158319162884
2018-03-08 23:00:00,665.0,1252.2941675652075,915.2365408762669,1589.3517942541482
2018-03-09 00:00:00,415.0,400.4774538798965,63.4198271909558,737.5350805688372
2018-03-09 01:00:00,300.0,324.05911856842977,0.0,661.1167452573704
2018-03-09 02:00:00,389.0,342.20464893527094,5.147022246330266,679.2622756242116
2018-03-09 03:00:00,839.0,833.224194043708,496.1665673547674,1170.2818207326486
2018-03-09 04:00:00,2711.0,2728.1984113831313,2391.1407846941906,3065.256038072072
2018-03-09 05:00:00,5349.0,5586.392456108545,5249.334829419604,5923.450082797486
2018-03-09 06:00:00,6520.0,6197.634585717485,5860.576959028544,6534.692212406426
2018-03-09 07:00:00,5947.0,5795.1818539962005,5458.12422730726,6132.239480685141
2018-03-09 08:00:00,5174.0,5209.459060103928,4872.401433414987,5546.516686792869
2018-03-09 09:00:00,4876.0,4790.097580757789,4453.039954068849,5127.155207446729
2018-03-09 10:00:00,5160.0,5180.810087413333,4843.752460724392,5517.8677141022745
2018-03-09 11:00:00,5257.0,5482.615145881997,5145.557519193057,5819.672772570937
2018-03-09 12:00:00,5602.0,5333.479260572299,4996.421633883358,5670.53688726124
2018-03-09 13:00:00,5763.0,5801.382016378061,5464.32438968912,6138.439643067002
2018-03-09 14:00:00,6001.0,6086.111373426348,5749.053746737407,6423.169000115289
2018-03-09 15:00:00,6641.0,6403.0152407971755,6065.957614108234,6740.072867486117
2018-03-09 16:00:00,6062.0,6172.761694129877,5835.704067440936,6509.819320818817
2018-03-09 17:00:00,5207.0,4914.305140166802,4577.2475134778615,5251.362766855742
2018-03-09 18:00:00,3864.0,3819.751939491126,3482.6943128021853,4156.809566180067
2018-03-09 19:00:00,3377.0,3139.2502241314855,2802.192597442545,3476.307850820426
2018-03-09 20:00:00,3118.0,3173.8380329937067,2836.780406304766,3510.8956596826474
2018-03-09 21:00:00,2649.0,2830.570245751951,2493.5126190630103,3167.6278724408917
2018-03-09 22:00:00,2989.0,1977.9217017036826,1640.864075014742,2314.9793283926233
2018-03-09 23:00:00,1175.0,1603.0857772515842,1266.0281505626435,1940.1434039405249
2018-03-10 00:00:00,685.0,690.1809237964056,353.12329710746496,1027.2385504853464
2018-03-10 03:00:00,404.0,408.3194750993824,71.2618484104417,745.377101788323
2018-03-10 04:00:00,696.0,809.8616230738432,472.8039963849026,1146.919249762784
2018-03-10 05:00:00,1242.0,1160.768314215617,823.7106875266763,1497.8259409045577
2018-03-10 06:00:00,1911.0,1991.7515874611179,1654.6939607721772,2328.8092141500583
2018-03-10 07:00:00,3100.0,2780.5064169337566,2443.448790244816,3117.564043622697
2018-03-10 08:00:00,4057.0,3871.453780285435,3534.3961535964945,4208.511406974376
2018-03-10 09:00:00,4476.0,4342.27840306775,4005.2207763788097,4679.336029756691
2018-03-10 10:00:00,4732.0,4752.956699090491,4415.899072401551,5090.014325779432
2018-03-10 11:00:00,5312.0,5012.913188201621,4675.855561512681,5349.970814890561
2018-03-10 12:00:00,4990.0,5162.688730513889,4825.631103824948,5499.74635720283
2018-03-10 13:00:00,5404.0,5005.956267176435,4668.898640487494,5343.013893865376
2018-03-10 14:00:00,5548.0,5295.237123995931,4958.17949730699,5632.294750684872
2018-03-10 15:00:00,5194.0,5565.554574880107,5228.496948191167,5902.612201569047
2018-03-10 16:00:00,5142.0,5009.905982117345,4672.848355428405,5346.963608806285
2018-03-10 17:00:00,4776.0,4303.148577549412,3966.0909508604714,4640.206204238353
2018-03-10 18:00:00,4004.0,3629.775954977174,3292.7183282882334,3966.8335816661147
2018-03-10 19:00:00,3223.0,3291.8922854591397,2954.834658770199,3628.9499121480803
2018-03-10 20:00:00,3602.0,3250.329940128899,2913.2723134399585,3587.38756681784
2018-03-10 21:00:00,4040.0,3364.934546253099,3027.8769195641585,3701.99217294204
2018-03-10 22:00:00,2433.0,2338.4720640814467,2001.414437392506,2675.5296907703873
2018-03-10 23:00:00,1662.0,1423.5084262762573,1086.4507995873166,1760.566052965198
2018-03-11 00:00:00,975.0,963.1074941540713,626.0498674651307,1300.1651208430121
2018-03-11 03:00:00,419.0,426.8442729088685,89.78664621992783,763.9018995978092
2018-03-11 04:00:00,490.0,606.0484419861376,268.99081529719695,943.1060686750783
2018-03-11 05:00:00,740.0,753.0087080720443,415.95108138310366,1090.066334760985
2018-03-11 06:00:00,1039.0,1139.475476160271,802.4178494713303,1476.5331028492117
2018-03-11 07:00:00,1607.0,1531.7338406034332,1194.6762139144926,1868.791467292374
2018-03-11 08:00:00,2559.0,2435.5789634776256,2098.521336788685,2772.6365901665663
2018-03-11 09:00:00,3400.0,3587.539828268886,3250.4822015799455,3924.597454957827
2018-03-11 10:00:00,3810.0,3911.000382672682,3573.9427559837413,4248.058009361623
2018-03-11 11:00:00,4339.0,4189.046352227469,3851.988725538528,4526.10397891641
2018-03-11 12:00:00,4840.0,4533.070899724765,4196.013273035824,4870.128526413706
2018-03-11 13:00:00,4749.0,4764.993615934278,4427.935989245338,5102.051242623218
2018-03-11 14:00:00,4396.0,4659.2143767203515,4322.15675003141,4996.272003409293
2018-03-11 15:00:00,4242.0,4411.42200737447,4074.3643806855293,4748.479634063411
2018-03-11 16:00:00,4068.0,4108.829593749424,3771.7719670604833,4445.887220438364
2018-03-11 17:00:00,3571.0,3821.4992716906254,3484.4416450016847,4158.556898379566
2018-03-11 18:00:00,2939.0,3086.881600967838,2749.8239742788974,3423.9392276567787
2018-03-11 19:00:00,2546.0,2580.8751433041025,2243.817516615162,2917.932769993043
2018-03-11 20:00:00,2118.0,2327.1293674153444,1990.0717407264037,2664.186994104285
2018-03-11 21:00:00,1523.0,1860.7789706907674,1523.7213440018268,2197.836597379708
2018-03-11 22:00:00,1000.0,1060.5664681764154,723.5088414874747,1397.624094865356
2018-03-11 23:00:00,528.0,679.6575405749621,342.59991388602145,1016.7151672639028
2018-03-12 00:00:00,360.0,346.7171362835009,9.659509594560234,683.7747629724415
2018-03-12 01:00:00,228.0,292.82044410729793,0.0,629.8780707962386
2018-03-12 02:00:00,356.0,335.3679891246204,0.0,672.4256158135611
2018-03-12 03:00:00,851.0,818.3614817898982,481.30385510095755,1155.419108478839
2018-03-12 04:00:00,2742.0,2689.837361840938,2352.779735151997,3026.8949885298784
2018-03-12 05:00:00,5331.0,5615.874285563005,5278.816658874064,5952.931912251946
2018-03-12 06:00:00,6336.0,6019.74163043192,5682.684003742979,6356.7992571208615
2018-03-12 07:00:00,5668.0,5576.816875729891,5239.75924904095,5913.874502418832
2018-03-12 08:00:00,4693.0,4805.119400627999,4468.061773939058,5142.17702731694
2018-03-12 09:00:00,4213.0,4202.510910534438,3865.4532838454975,4539.568537223378
2018-03-12 10:00:00,4265.0,4369.925355390828,4032.8677287018877,4706.9829820797695
2018-03-12 11:00:00,4666.0,4453.042064585529,4115.984437896588,4790.09969127447
2018-03-12 12:00:00,4748.0,4707.253602423631,4370.19597573469,5044.311229112571
2018-03-12 13:00:00,4554.0,5115.601166036343,4778.543539347402,5452.658792725284
2018-03-12 14:00:00,5784.0,5002.96901266539,4665.911385976449,5340.026639354332
2018-03-12 15:00:00,6655.0,6419.399432259703,6082.3418055707625,6756.457058948643
2018-03-12 16:00:00,6001.0,6255.141644495292,5918.084017806352,6592.199271184232
2018-03-12 17:00:00,4388.0,4212.750104598201,3875.69247790926,4549.807731287141
2018-03-12 18:00:00,3346.0,3066.3161609108683,2729.2585342219277,3403.373787599809
2018-03-12 19:00:00,2806.0,2748.5115299052272,2411.4539032162866,3085.569156594168
2018-03-12 20:00:00,2301.0,2439.2730652790387,2102.215438590098,2776.3306919679794
2018-03-12 21:00:00,2592.0,1568.7595394778298,1231.701912788889,1905.8171661667704
2018-03-12 22:00:00,2003.0,1486.5311407559407,1149.473514067,1823.5887674448813
2018-03-12 23:00:00,666.0,937.0010434789618,599.9434167900212,1274.0586701679026
2018-03-13 00:00:00,414.0,408.35224542567033,71.29461873672966,745.4098721146111
2018-03-13 01:00:00,301.0,321.14773026381215,0.0,658.2053569527528
2018-03-13 02:00:00,380.0,335.67294940221205,0.0,672.7305760911527
2018-03-13 03:00:00,865.0,852.3833438061017,515.325717117161,1189.4409704950424
2018-03-13 04:00:00,2872.0,2843.579892768273,2506.5222660793324,3180.637519457214
2018-03-13 05:00:00,5420.0,5813.3005835326485,5476.242956843707,6150.35821022159
2018-03-13 06:00:00,6404.0,6292.851195288159,5955.793568599218,6629.9088219771
2018-03-13 07:00:00,5880.0,5846.163188651617,5509.105561962677,6183.220815340557
2018-03-13 08:00:00,5093.0,5157.696055334974,4820.6384286460325,5494.753682023915
2018-03-13 09:00:00,4410.0,4457.958282947886,4120.900656258946,4795.015909636826
2018-03-13 10:00:00,4591.0,4691.81786628511,4354.760239596169,5028.87549297405
2018-03-13 11:00:00,4749.0,4870.946630984255,4533.8890042953135,5208.004257673196
2018-03-13 12:00:00,5062.0,4826.349903788539,4489.292277099599,5163.40753047748
2018-03-13 13:00:00,5187.0,5438.930181153066,5101.872554464126,5775.987807842006
2018-03-13 14:00:00,5895.0,5668.921683777051,5331.864057088111,6005.979310465991
2018-03-13 15:00:00,6366.0,6555.534195884265,6218.4765691953235,6892.591822573206
2018-03-13 16:00:00,5413.0,6091.372353417352,5754.314726728411,6428.429980106293
2018-03-13 17:00:00,4470.0,4321.797989721089,3984.7403630321483,4658.85561641003
2018-03-13 18:00:00,3436.0,3282.563009030164,2945.505382341223,3619.6206357191045
2018-03-13 19:00:00,2933.0,2960.2493305062635,2623.191703817323,3297.306957195204
2018-03-13 20:00:00,2736.0,2708.609463166539,2371.5518364775985,3045.66708985548
2018-03-13 21:00:00,3761.0,2128.2673345999237,1791.209707910983,2465.3249612888644
2018-03-13 22:00:00,1287.0,1763.8745327705383,1426.8169060815976,2100.932159459479
2018-03-13 23:00:00,665.0,607.0466062484982,269.9889795595575,944.1042329374388
2018-03-14 00:00:00,340.0,409.7133113152933,72.65568462635264,746.770938004234
2018-03-14 01:00:00,285.0,288.9326762784791,0.0,625.9903029674198
2018-03-14 02:00:00,378.0,335.5906292810122,0.0,672.6482559699529
2018-03-14 03:00:00,903.0,848.4362504940312,511.37862380509057,1185.493877182972
2018-03-14 04:00:00,2785.0,2848.394194319639,2511.3365676306985,3185.45182100858
2018-03-14 05:00:00,5526.0,5729.450073786344,5392.392447097403,6066.507700475284
2018-03-14 06:00:00,6542.0,6391.345315612553,6054.287688923612,6728.4029423014945
2018-03-14 07:00:00,5854.0,5953.757137027626,5616.699510338685,6290.8147637165675
2018-03-14 08:00:00,5312.0,5191.895805121236,4854.8381784322955,5528.953431810176
2018-03-14 09:00:00,4511.0,4662.291283999082,4325.233657310142,4999.348910688022
2018-03-14 10:00:00,4825.0,4760.995570604059,4423.937943915118,5098.053197293
2018-03-14 11:00:00,4908.0,5067.467661901811,4730.41003521287,5404.525288590752
2018-03-14 12:00:00,5044.0,4982.0125783426065,4644.954951653666,5319.070205031547
2018-03-14 13:00:00,5251.0,5410.014953215833,5072.957326526892,5747.072579904774
2018-03-14 14:00:00,5906.0,5713.294533745218,5376.236907056278,6050.352160434159
2018-03-14 15:00:00,6789.0,6527.823699092411,6190.76607240347,6864.881325781351
2018-03-14 16:00:00,6137.0,6358.510714460024,6021.453087771084,6695.5683411489645
2018-03-14 17:00:00,4718.0,4688.843848304411,4351.78622161547,5025.901474993352
2018-03-14 18:00:00,3426.0,3467.9877578784008,3130.93013118946,3805.0453845673414
2018-03-14 19:00:00,3115.0,3014.881512760536,2677.8238860715956,3351.939139449477
2018-03-14 20:00:00,2507.0,2847.0046190731928,2509.946992384252,3184.0622457621334
2018-03-14 21:00:00,1810.0,1839.6558418356042,1502.5982151466635,2176.7134685245446
2018-03-14 22:00:00,1094.0,1247.3692011037829,910.3115744148422,1584.4268277927235
2018-03-14 23:00:00,577.0,619.4212123070831,282.36358561814245,956.4788389960238
2018-03-15 00:00:00,354.0,365.2692156882141,28.21158899927343,702.3268423771548
2018-03-15 01:00:00,259.0,288.0792208986677,0.0,625.1368475876084
2018-03-15 04:00:00,2797.0,2914.603365807352,2577.5457391184113,3251.6609924962927
2018-03-15 05:00:00,4965.0,5818.046329487026,5480.988702798086,6155.103956175966
2018-03-15 06:00:00,6537.0,5676.24031908734,5339.182692398399,6013.297945776281
2018-03-15 07:00:00,5907.0,5912.693988193472,5575.636361504532,6249.7516148824125
2018-03-15 08:00:00,5177.0,5311.608121776502,4974.550495087562,5648.665748465442
2018-03-15 09:00:00,4675.0,4961.611358854205,4624.553732165265,5298.668985543145
2018-03-15 10:00:00,4905.0,4987.756564459286,4650.698937770345,5324.814191148227
2018-03-15 11:00:00,5113.0,5157.969179633361,4820.911552944421,5495.026806322301
2018-03-15 12:00:00,5165.0,5214.57813101655,4877.520504327609,5551.635757705491
2018-03-15 13:00:00,5448.0,5603.5977936807985,5266.540166991857,5940.65542036974
2018-03-15 14:00:00,5960.0,5947.173924972021,5610.116298283081,6284.2315516609615
2018-03-15 15:00:00,6586.0,6354.185999920853,6017.128373231912,6691.243626609794
2018-03-15 16:00:00,6279.0,6154.9419075774285,5817.884280888487,6491.99953426637
2018-03-15 17:00:00,4771.0,4785.231993240807,4448.174366551866,5122.289619929748
2018-03-15 18:00:00,3503.0,3567.33912929877,3230.281502609829,3904.3967559877105
2018-03-15 19:00:00,3093.0,3140.7636816513427,2803.706054962402,3477.8213083402834
2018-03-15 20:00:00,2685.0,3004.713709213004,2667.6560825240635,3341.771335901945
2018-03-15 21:00:00,2157.0,2160.5719641612004,1823.5143374722597,2497.629590850141
2018-03-15 22:00:00,1205.0,1445.4695458973358,1108.4119192083951,1782.5271725862765
2018-03-15 23:00:00,661.0,663.8282277205409,326.7706010316002,1000.8858544094816
2018-03-16 00:00:00,386.0,396.64519604872,59.58756935977931,733.7028227376607
2018-03-16 01:00:00,287.0,309.2740771853063,0.0,646.331703874247
2018-03-16 04:00:00,2731.0,2688.4769176767763,2351.4192909878357,3025.534544365717
2018-03-16 05:00:00,4997.0,5715.820090308371,5378.7624636194305,6052.877716997311
2018-03-16 06:00:00,6242.0,5860.784320076592,5523.726693387651,6197.841946765533
2018-03-16 07:00:00,5574.0,5634.99567723972,5297.93805055078,5972.05330392866
2018-03-16 08:00:00,4900.0,5122.769628573066,4785.712001884125,5459.827255262007
2018-03-16 09:00:00,4578.0,4659.839546566465,4322.781919877525,4996.8971732554055
2018-03-16 10:00:00,5056.0,4995.292979969508,4658.235353280568,5332.350606658449
2018-03-16 11:00:00,5381.0,5359.985301281792,5022.927674592851,5697.042927970733
2018-03-16 12:00:00,5398.0,5349.002572948726,5011.944946259786,5686.060199637666
2018-03-16 13:00:00,5594.0,5667.001358577147,5329.9437318882065,6004.058985266087
2018-03-16 14:00:00,5999.0,5969.552822581743,5632.495195892803,6306.610449270684
2018-03-16 15:00:00,6607.0,5995.994320701599,5658.936694012658,6333.051947390539
2018-03-16 16:00:00,6023.0,5959.942708281061,5622.88508159212,6297.000334970002
2018-03-16 17:00:00,4952.0,4824.287905177531,4487.230278488591,5161.345531866471
2018-03-16 18:00:00,4004.0,3821.119522632138,3484.061895943197,4158.177149321078
2018-03-16 19:00:00,3503.0,3277.215711973817,2940.1580852848765,3614.273338662758
2018-03-16 20:00:00,3111.0,3267.706898551403,2930.6492718624622,3604.7645252403436
2018-03-16 21:00:00,3079.0,2947.857093990109,2610.7994673011685,3284.91472067905
2018-03-16 22:00:00,1903.0,2203.5853085922013,1866.5276819032606,2540.642935281142
2018-03-16 23:00:00,1125.0,1306.6459075697758,969.5882808808351,1643.7035342587164
2018-03-17 00:00:00,621.0,735.7763170796715,398.7186903907308,1072.8339437686122
2018-03-17 01:00:00,498.0,445.9806840351381,108.92305734619742,783.0383107240788
2018-03-17 02:00:00,386.0,413.23619513863736,76.17856844969668,750.2938218275781
2018-03-17 03:00:00,391.0,482.6617391772261,145.6041124882854,819.7193658661668
2018-03-17 04:00:00,681.0,758.3705702775194,421.3129435885787,1095.42819696646
2018-03-17 05:00:00,1167.0,1255.6832818002345,918.6256551112938,1592.7409084891751
2018-03-17 06:00:00,1895.0,1846.1735950903108,1509.11596840137,2183.2312217792514
2018-03-17 07:00:00,3095.0,2768.0679300796196,2431.010303390679,3105.1255567685603
2018-03-17 08:00:00,3956.0,3866.6359448833937,3529.578318194453,4203.693571572334
2018-03-17 09:00:00,4651.0,4225.2347648891655,3888.177138200225,4562.292391578107
2018-03-17 10:00:00,5278.0,4929.073860049986,4592.016233361046,5266.1314867389265
2018-03-17 11:00:00,5798.0,5379.7706194827,5042.7129927937585,5716.828246171641
2018-03-17 12:00:00,5686.0,5390.762992700065,5053.705366011125,5727.8206193890055
2018-03-17 13:00:00,5616.0,5332.32911830444,4995.2714916155,5669.3867449933805
2018-03-17 14:00:00,5217.0,5378.104891439227,5041.047264750287,5715.162518128167
2018-03-17 15:00:00,4708.0,5075.293309640011,4738.23568295107,5412.350936328952
2018-03-17 16:00:00,4954.0,4484.556572402421,4147.49894571348,4821.614199091362
2018-03-17 17:00:00,4595.0,4461.840209005435,4124.782582316495,4798.897835694375
2018-03-17 18:00:00,3918.0,3698.5148983114855,3361.457271622545,4035.572525000426
2018-03-17 19:00:00,3534.0,3359.3690419732525,3022.311415284312,3696.426668662193
2018-03-17 20:00:00,3351.0,3446.006618704737,3108.948992015796,3783.0642453936775
2018-03-17 21:00:00,3739.0,3280.652334174686,2943.5947074857454,3617.7099608636267
2018-03-17 22:00:00,2596.0,2383.6727159505976,2046.615089261657,2720.7303426395383
2018-03-17 23:00:00,1642.0,1702.342370747909,1365.2847440589683,2039.3999974368496
2018-03-18 00:00:00,1075.0,965.9504431129601,628.8928164240194,1303.0080698019008
2018-03-18 01:00:00,719.0,746.0023667147525,408.9447400258118,1083.0599934036932
2018-03-18 02:00:00,417.0,503.61923057190984,166.56160388296917,840.6768572608505
2018-03-18 03:00:00,321.0,394.96713552956993,57.90950884062926,732.0247622185107
2018-03-18 04:00:00,439.0,485.0166247412439,147.95899805230323,822.0742514301846
2018-03-18 05:00:00,761.0,772.5093780768324,435.4517513878917,1109.5670047657732
2018-03-18 06:00:00,1020.0,1119.6672274430796,782.6096007541389,1456.7248541320203
2018-03-18 07:00:00,1840.0,1544.742561237001,1207.6849345480603,1881.8001879259416
2018-03-18 08:00:00,2776.0,2592.1370344697257,2255.079407780785,2929.1946611586663
2018-03-18 09:00:00,3658.0,3631.4914810099804,3294.4338543210397,3968.549107698921
2018-03-18 10:00:00,4175.0,4014.8757745069306,3677.81814781799,4351.933401195871
2018-03-18 11:00:00,4575.0,4590.103461442636,4253.045834753695,4927.161088131577
2018-03-18 12:00:00,4713.0,4754.5605901724575,4417.502963483517,5091.618216861398
2018-03-18 13:00:00,4783.0,4646.701295775917,4309.643669086976,4983.758922464858
2018-03-18 14:00:00,4797.0,4665.67173375352,4328.614107064579,5002.729360442461
2018-03-18 15:00:00,4727.0,4783.801674032174,4446.7440473432325,5120.859300721115
2018-03-18 16:00:00,4649.0,4534.35048048446,4197.2928537955195,4871.4081071734
2018-03-18 17:00:00,3868.0,4268.59860024705,3931.5409735581093,4605.656226935991
2018-03-18 18:00:00,3174.0,3458.530398539448,3121.4727718505073,3795.5880252283887
2018-03-18 19:00:00,2692.0,2823.34101540124,2486.2833887122993,3160.3986420901806
2018-03-18 20:00:00,2068.0,2457.0136552647073,2119.9560285757666,2794.071281953648
2018-03-18 21:00:00,1560.0,1727.7761502153887,1390.718523526448,2064.833776904329
2018-03-18 22:00:00,966.0,1245.3876800996284,908.3300534106877,1582.445306788569
2018-03-18 23:00:00,540.0,609.9538750517405,272.89624836279984,947.0115017406812
2018-03-19 00:00:00,293.0,349.5576829432394,12.500056254298727,686.61530963218
2018-03-19 01:00:00,254.0,268.6639163311846,0.0,605.7215430201253
2018-03-19 02:00:00,348.0,333.63709699783914,0.0,670.6947236867798
2018-03-19 03:00:00,819.0,825.6610594031579,488.6034327142172,1162.7186860920986
2018-03-19 04:00:00,2788.0,2735.448639825086,2398.3910131361454,3072.5062665140267
2018-03-19 05:00:00,5370.0,5746.121867708689,5409.064241019749,6083.179494397629
2018-03-19 06:00:00,6710.0,6186.961380609591,5849.903753920651,6524.0190072985315
2018-03-19 07:00:00,5983.0,5957.952206756277,5620.8945800673355,6295.009833445218
2018-03-19 08:00:00,4958.0,5006.920071066086,4669.862444377146,5343.977697755026
2018-03-19 09:00:00,4320.0,4292.45450935546,3955.396882666519,4629.512136044401
2018-03-19 10:00:00,4551.0,4513.95803206824,4176.9004053793,4851.01565875718
2018-03-19 11:00:00,4636.0,4796.429241783175,4459.371615094235,5133.486868472115
2018-03-19 12:00:00,4712.0,4780.507752481681,4443.45012579274,5117.565379170621
2018-03-19 13:00:00,4974.0,5125.808868593179,4788.751241904238,5462.86649528212
2018-03-19 14:00:00,5694.0,5451.843628134184,5114.7860014452435,5788.901254823124
2018-03-19 15:00:00,6470.0,6354.148857760408,6017.091231071467,6691.206484449349
2018-03-19 16:00:00,5955.0,6123.27464700259,5786.21702031365,6460.332273691531
2018-03-19 17:00:00,4314.0,4416.879140028098,4079.8215133391573,4753.936766717039
2018-03-19 18:00:00,3201.0,3156.5885810794134,2819.5309543904727,3493.646207768354
2018-03-19 19:00:00,2582.0,2764.6283286159887,2427.570701927048,3101.6859553049294
2018-03-19 20:00:00,2628.0,2406.088348122489,2069.0307214335485,2743.14597481143
2018-03-19 21:00:00,3231.0,1954.882729747789,1617.8251030588483,2291.9403564367294
2018-03-19 22:00:00,1086.0,1590.6050285381978,1253.547401849257,1927.6626552271384
2018-03-19 23:00:00,556.0,539.5407313875097,202.48310469856904,876.5983580764504
2018-03-20 00:00:00,337.0,362.86985806065593,25.812231371715257,699.9274847495966
2018-03-20 01:00:00,247.0,288.9326762784791,0.0,625.9903029674198
2018-03-20 02:00:00,353.0,331.9150482527248,0.0,668.9726749416654
2018-03-20 03:00:00,885.0,850.1529547303785,513.0953280414378,1187.2105814193192
2018-03-20 04:00:00,2867.0,2874.602835060438,2537.545208371497,3211.6604617493786
2018-03-20 05:00:00,5619.0,5883.103140566489,5546.045513877549,6220.160767255429
2018-03-20 06:00:00,6426.0,6428.645690085548,6091.588063396608,6765.7033167744885
2018-03-20 07:00:00,5876.0,5809.314413088315,5472.256786399374,6146.372039777256
2018-03-20 08:00:00,5130.0,5222.750455446927,4885.692828757987,5559.808082135867
2018-03-20 09:00:00,4406.0,4493.29307830527,4156.235451616329,4830.350704994211
2018-03-20 10:00:00,4427.0,4696.920742761249,4359.863116072309,5033.978369450189
2018-03-20 11:00:00,4600.0,4718.459506224462,4381.4018795355205,5055.517132913403
2018-03-20 12:00:00,4696.0,4769.561470455444,4432.5038437665025,5106.619097144385
2018-03-20 13:00:00,4958.0,5118.185687692401,4781.128061003461,5455.243314381341
2018-03-20 14:00:00,5690.0,5435.579841386443,5098.522214697503,5772.637468075383
2018-03-20 15:00:00,6609.0,6419.4563741224365,6082.398747433495,6756.514000811378
2018-03-20 16:00:00,6097.0,6324.735835432375,5987.678208743435,6661.793462121315
2018-03-20 17:00:00,4569.0,4520.471008924442,4183.413382235502,4857.528635613382
2018-03-20 18:00:00,3098.0,3286.9664374280414,2949.9088107391008,3624.024064116982
2018-03-20 19:00:00,2741.0,2728.0749974606933,2391.0173707717527,3065.132624149634
2018-03-20 20:00:00,2517.0,2621.6782615965285,2284.620634907588,2958.735888285469
2018-03-20 21:00:00,1621.0,1941.4295179288122,1604.3718912398715,2278.487144617753
2018-03-20 22:00:00,1062.0,1084.8879034791496,747.8302767902089,1421.9455301680903
2018-03-20 23:00:00,578.0,604.6687793095872,267.6111526206465,941.7264059985279
2018-03-21 00:00:00,335.0,365.2692156882141,28.21158899927343,702.3268423771548
2018-03-21 01:00:00,261.0,280.7037228020497,0.0,617.7613494909904
2018-03-21 02:00:00,353.0,333.4111415334454,0.0,670.4687682223861
2018-03-21 03:00:00,893.0,850.1529547303785,513.0953280414378,1187.2105814193192
2018-03-21 04:00:00,2950.0,2880.976857184475,2543.9192304955345,3218.034483873416
2018-03-21 05:00:00,5538.0,5826.910350420385,5489.852723731445,6163.967977109325
2018-03-21 06:00:00,6840.0,6356.535920559527,6019.478293870587,6693.593547248467
2018-03-21 07:00:00,6218.0,6087.408851354146,5750.351224665204,6424.466478043087
2018-03-21 08:00:00,5356.0,5272.3119196501375,4935.254292961197,5609.369546339078
2018-03-21 09:00:00,4551.0,4567.052724974465,4229.995098285524,4904.110351663405
2018-03-21 10:00:00,4807.0,4823.874463264529,4486.816836575588,5160.9320899534705
2018-03-21 11:00:00,4993.0,5037.166570800622,4700.108944111682,5374.224197489562
2018-03-21 12:00:00,4879.0,5057.113298429492,4720.055671740551,5394.170925118433
2018-03-21 13:00:00,5173.0,5245.624657490968,4908.567030802027,5582.682284179909
2018-03-21 14:00:00,5863.0,5697.55170559895,5360.494078910009,6034.609332287891
2018-03-21 15:00:00,6790.0,6530.428639090972,6193.371012402031,6867.486265779913
2018-03-21 16:00:00,6310.0,6369.208892888239,6032.151266199298,6706.266519577179
2018-03-21 17:00:00,4591.0,4636.0584548429515,4299.00082815401,4973.116081531893
2018-03-21 18:00:00,3493.0,3352.118440180823,3015.0608134918825,3689.176066869764
2018-03-21 19:00:00,2991.0,3021.9473634458036,2684.889736756863,3359.0049901347443
2018-03-21 20:00:00,2592.0,2673.402233814298,2336.3446071253575,3010.459860503239
2018-03-21 21:00:00,1664.0,1961.2953005306715,1624.2376738417308,2298.352927219612
2018-03-21 22:00:00,1093.0,1139.2843210761637,802.226694387223,1476.3419477651044
2018-03-21 23:00:00,609.0,614.5932688395055,277.53564215056485,951.6508955284462
2018-03-22 00:00:00,346.0,388.3607981420181,51.303171453077425,725.4184248309588
2018-03-22 01:00:00,228.0,288.0792208986677,0.0,625.1368475876084
2018-03-22 02:00:00,330.0,331.9150482527248,0.0,668.9726749416654
2018-03-22 03:00:00,868.0,820.5316511668249,483.4740244778842,1157.5892778557654
2018-03-22 04:00:00,2903.0,2826.32831240096,2489.2706857120193,3163.3859390899006
2018-03-22 05:00:00,5530.0,5872.713635444943,5535.656008756003,6209.771262133883
2018-03-22 06:00:00,6833.0,6440.718697037584,6103.661070348644,6777.776323726524
2018-03-22 07:00:00,6206.0,6085.976675240597,5748.919048551656,6423.034301929538
2018-03-22 08:00:00,5222.0,5300.427004724739,4963.369378035799,5637.484631413679
2018-03-22 09:00:00,4573.0,4652.65588944906,4315.598262760119,4989.713516138001
2018-03-22 10:00:00,5059.0,4861.8469183837005,4524.78929169476,5198.904545072641
2018-03-22 11:00:00,5162.0,5248.3997884711425,4911.342161782202,5585.457415160083
2018-03-22 12:00:00,5165.0,5248.854325147012,4911.796698458071,5585.911951835953
2018-03-22 13:00:00,5386.0,5582.806383089606,5245.748756400666,5919.8640097785465
2018-03-22 14:00:00,5963.0,5816.901869320596,5479.844242631656,6153.959496009536
2018-03-22 15:00:00,6918.0,6531.511497033329,6194.453870344389,6868.569123722269
2018-03-22 16:00:00,6374.0,6360.372850680087,6023.315223991147,6697.430477369027
2018-03-22 17:00:00,4694.0,4789.161352423872,4452.103725734931,5126.218979112813
2018-03-22 18:00:00,3737.0,3562.3070547660586,3225.249428077118,3899.3646814549993
2018-03-22 19:00:00,3510.0,3297.018341550916,2959.9607148619752,3634.0759682398566
2018-03-22 20:00:00,2896.0,3205.9466045473227,2868.888977858382,3543.0042312362634
2018-03-22 21:00:00,2298.0,2277.9934177253326,1940.935791036392,2615.0510444142733
2018-03-22 22:00:00,1235.0,1542.27760534291,1205.2199786539693,1879.3352320318506
2018-03-22 23:00:00,645.0,814.4411886494128,477.3835619604721,1151.4988153383533
2018-03-23 00:00:00,379.0,396.75774806267094,59.70012137373027,733.8153747516117
2018-03-23 01:00:00,285.0,303.05875113378175,0.0,640.1163778227224
2018-03-23 02:00:00,382.0,364.78632837343207,27.728701684491398,701.8439550623727
2018-03-23 03:00:00,800.0,839.5273084891172,502.46968180017655,1176.584935178058
2018-03-23 04:00:00,2744.0,2705.0995217310556,2368.041895042115,3042.1571484199962
2018-03-23 05:00:00,5245.0,5771.030060396143,5433.972433707202,6108.087687085084
2018-03-23 06:00:00,6407.0,6140.110318013952,5803.0526913250105,6477.167944702893
2018-03-23 07:00:00,5885.0,5681.767800280995,5344.710173592055,6018.8254269699355
2018-03-23 08:00:00,5294.0,5227.622405996004,4890.564779307064,5564.680032684944
2018-03-23 09:00:00,4876.0,4838.959599384994,4501.901972696054,5176.017226073935
2018-03-23 10:00:00,5230.0,5190.721706279677,4853.664079590737,5527.779332968617
2018-03-23 11:00:00,5405.0,5495.0513134924,5157.99368680346,5832.108940181341
2018-03-23 12:00:00,5369.0,5378.06654472904,5041.008918040099,5715.124171417981
2018-03-23 13:00:00,5525.0,5674.998400080575,5337.940773391634,6012.056026769516
2018-03-23 14:00:00,6042.0,5930.529444966341,5593.4718182773995,6267.587071655282
2018-03-23 15:00:00,6712.0,6421.021475048316,6083.963848359375,6758.079101737256
2018-03-23 16:00:00,6248.0,6204.245416519622,5867.187789830681,6541.303043208563
2018-03-23 17:00:00,5041.0,4971.925828683337,4634.868201994397,5308.983455372278
2018-03-23 18:00:00,4067.0,3865.08747859245,3528.0298519035096,4202.145105281391
2018-03-23 19:00:00,3229.0,3284.2200357161,2947.1624090271594,3621.2776624050407
2018-03-23 20:00:00,2915.0,3091.05662916065,2753.9990024717094,3428.114255849591
2018-03-23 21:00:00,2928.0,2686.373395822391,2349.3157691334504,3023.431022511332
2018-03-23 22:00:00,2932.0,2158.312362501533,1821.2547358125921,2495.3699891904735
2018-03-23 23:00:00,1453.0,1375.4962190199117,1038.438592330971,1712.5538457088524
2018-03-24 00:00:00,950.0,819.5693979425885,482.5117712536478,1156.6270246315291
2018-03-24 08:00:00,3912.0,3818.004288565417,3480.9466618764764,4155.061915254358
2018-03-24 09:00:00,4466.0,4121.456379761077,3784.3987530721365,4458.514006450017
2018-03-24 10:00:00,6006.0,4786.83899484334,4449.781368154399,5123.89662153228
2018-03-24 11:00:00,6470.0,5679.976014230279,5342.918387541338,6017.0336409192205
2018-03-24 12:00:00,5148.0,5712.828801888952,5375.7711752000105,6049.886428577893
2018-03-24 13:00:00,4994.0,5288.941702492506,4951.884075803566,5625.999329181446
2018-03-24 14:00:00,5019.0,5130.974271756232,4793.916645067291,5468.031898445173
2018-03-24 15:00:00,4874.0,5159.543942067719,4822.486315378779,5496.60156875666
2018-03-24 16:00:00,4787.0,4936.684016444127,4599.626389755187,5273.741643133068
2018-03-24 17:00:00,4511.0,4617.645062386899,4280.587435697958,4954.702689075839
2018-03-24 18:00:00,3788.0,3719.99388135983,3382.9362546708894,4057.0515080487708
2018-03-24 19:00:00,3044.0,3321.128750687365,2984.0711239984244,3658.1863773763057
2018-03-24 20:00:00,3602.0,3214.9624996241378,2877.904872935197,3552.0201263130784
2018-03-24 21:00:00,4409.0,3330.8594516912585,2993.801825002318,3667.917078380199
2018-03-24 22:00:00,2104.0,2442.912838266694,2105.8552115777534,2779.9704649556347
2018-03-24 23:00:00,1324.0,1315.4589126680733,978.4012859791326,1652.516539357014
2018-03-25 00:00:00,795.0,973.5042660440942,636.4466393551535,1310.5618927330347
2018-03-25 01:00:00,658.0,557.637260376605,220.57963368766434,894.6948870655457
2018-03-25 02:00:00,340.0,412.087623236547,75.02999654760634,749.1452499254876
2018-03-25 03:00:00,274.0,352.53952850037274,15.481901811432067,689.5971551893134
2018-03-25 04:00:00,440.0,444.036452264697,106.97882557575633,781.0940789536377
2018-03-25 05:00:00,771.0,802.9446669855498,465.88704029660914,1140.0022936744904
2018-03-25 06:00:00,1158.0,1120.6017592671392,783.5441325781985,1457.6593859560799
2018-03-25 07:00:00,1847.0,1846.9656990651138,1509.908072376173,2184.0233257540544
2018-03-25 08:00:00,2788.0,2624.1292143884175,2287.071587699477,2961.186841077358
2018-03-25 09:00:00,3617.0,3592.037234669064,3254.9796079801235,3929.094861358005
2018-03-25 10:00:00,3939.0,4021.8978461190304,3684.8402194300897,4358.955472807971
2018-03-25 11:00:00,4628.0,4318.758117506739,3981.7004908177983,4655.815744195679
2018-03-25 12:00:00,4615.0,4775.325520598571,4438.2678939096295,5112.383147287512
2018-03-25 13:00:00,4447.0,4620.560984214669,4283.503357525728,4957.61861090361
2018-03-25 14:00:00,4447.0,4494.753421837276,4157.695795148335,4831.811048526217
2018-03-25 15:00:00,4540.0,4534.846816350862,4197.789189661922,4871.904443039803
2018-03-25 16:00:00,4345.0,4439.262943865578,4102.2053171766365,4776.320570554519
2018-03-25 17:00:00,3799.0,4097.631436399279,3760.573809710338,4434.689063088219
2018-03-25 18:00:00,2980.0,3391.527176114845,3054.4695494259045,3728.584802803786
2018-03-25 19:00:00,2784.0,2664.445082366207,2327.387455677266,3001.5027090551475
2018-03-25 20:00:00,3967.0,2464.40544556983,2127.3478188808895,2801.463072258771
2018-03-25 21:00:00,1794.0,2874.1546692968195,2537.097042607879,3211.21229598576
2018-03-25 22:00:00,984.0,1166.4335923659864,829.3759656770458,1503.4912190549271
2018-03-25 23:00:00,518.0,615.3150526774292,278.25742598848854,952.3726793663699
2018-03-26 00:00:00,325.0,348.89042801643603,11.83280132749536,685.9480547053768
2018-03-26 01:00:00,248.0,278.35221833284396,0.0,615.4098450217846
2018-03-26 02:00:00,336.0,331.0797540552175,0.0,668.1373807441582
2018-03-26 03:00:00,851.0,793.0743543834991,456.0167276945584,1130.1319810724399
2018-03-26 04:00:00,2625.0,2730.943076197842,2393.8854495089013,3068.0007028867826
2018-03-26 05:00:00,5213.0,5494.663793449757,5157.6061667608155,5831.721420138698
2018-03-26 06:00:00,6382.0,6089.741494170126,5752.683867481186,6426.7991208590665
2018-03-26 07:00:00,5654.0,5593.002821050128,5255.9451943611875,5930.060447739068
2018-03-26 08:00:00,4843.0,4973.785328888363,4636.727702199423,5310.842955577304
2018-03-26 09:00:00,4129.0,4255.702510753692,3918.6448840647513,4592.760137442632
2018-03-26 10:00:00,4370.0,4379.740133144996,4042.6825064560558,4716.797759833937
2018-03-26 11:00:00,4562.0,4635.2940052848335,4298.236378595893,4972.351631973774
2018-03-26 12:00:00,4661.0,4706.5136168153485,4369.455990126407,5043.57124350429
2018-03-26 13:00:00,4992.0,5024.68260399362,4687.62497730468,5361.740230682561
2018-03-26 14:00:00,5494.0,5479.7398872930435,5142.682260604102,5816.797513981985
2018-03-26 15:00:00,6402.0,6251.373070084753,5914.315443395812,6588.430696773694
2018-03-26 16:00:00,5956.0,6043.974203460301,5706.91657677136,6381.0318301492425
2018-03-26 17:00:00,4041.0,4382.0884189828375,4045.030792293897,4719.146045671778
2018-03-26 18:00:00,3000.0,3017.9891798510903,2680.9315531621496,3355.046806540031
2018-03-26 19:00:00,2500.0,2581.2135323653124,2244.1559056763717,2918.271159054253
2018-03-26 20:00:00,2012.0,2309.29722176063,1972.239595071689,2646.3548484495705
2018-03-26 21:00:00,1413.0,1524.9474002712157,1187.889773582275,1862.0050269601563
2018-03-26 22:00:00,877.0,1080.6544359195682,743.5968092306275,1417.7120626085089
2018-03-26 23:00:00,516.0,530.6981287522672,193.6405020633265,867.7557554412078
2018-03-27 00:00:00,313.0,336.71955696934265,0.0,673.7771836582833
2018-03-27 01:00:00,249.0,278.464745199581,0.0,615.5223718885217
2018-03-27 02:00:00,344.0,340.6689261998098,3.6112995108691166,677.7265528887505
2018-03-27 03:00:00,879.0,846.7104871410542,509.6528604521135,1183.768113829995
2018-03-27 04:00:00,2781.0,2866.3409270279294,2529.2833003389887,3203.39855371687
2018-03-27 05:00:00,5421.0,5810.958668082155,5473.901041393214,6148.016294771096
2018-03-27 06:00:00,6696.0,6261.89428241864,5924.8366557296995,6598.95190910758
2018-03-27 07:00:00,5970.0,6047.463302765534,5710.4056760765925,6384.520929454475
2018-03-27 08:00:00,5088.0,5199.838223251279,4862.780596562337,5536.89584994022
2018-03-27 09:00:00,4388.0,4400.361302730593,4063.303676041652,4737.418929419533
2018-03-27 10:00:00,4466.0,4616.3399569823905,4279.28233029345,4953.397583671331
2018-03-27 11:00:00,5025.0,4708.487441609232,4371.429814920291,5045.545068298172
2018-03-27 12:00:00,4793.0,5024.827173541415,4687.769546852474,5361.884800230355
2018-03-27 13:00:00,5374.0,5222.475026446276,4885.417399757336,5559.532653135217
2018-03-27 14:00:00,5801.0,5805.02938743011,5467.971760741169,6142.08701411905
2018-03-27 15:00:00,6868.0,6478.01817672499,6140.9605500360485,6815.075803413931
2018-03-27 16:00:00,6139.0,6369.160182276534,6032.102555587593,6706.217808965475
2018-03-27 17:00:00,4715.0,4546.401384901349,4209.343758212408,4883.45901159029
2018-03-27 18:00:00,3441.0,3382.5940178511996,3045.536391162259,3719.6516445401403
2018-03-27 19:00:00,2952.0,3010.069462704234,2673.0118360152933,3347.1270893931746
2018-03-27 20:00:00,2415.0,2678.3350636487066,2341.277436959766,3015.3926903376473
2018-03-27 21:00:00,2058.0,1825.0252644683235,1487.9676377793828,2162.0828911572644
2018-03-27 22:00:00,1060.0,1448.1808554351244,1111.1232287461837,1785.238482124065
2018-03-27 23:00:00,600.0,600.0245999085731,262.96697321963245,937.0822265975138
2018-03-28 00:00:00,380.0,370.2516690213727,33.19404233243205,707.3092957103133
2018-03-28 01:00:00,263.0,301.426173112348,0.0,638.4837998012887
2018-03-28 02:00:00,352.0,361.94657952149123,24.888952832550558,699.0042062104319
2018-03-28 03:00:00,859.0,848.6923551371129,511.63472844817227,1185.7499818260535
2018-03-28 04:00:00,2825.0,2836.11439355043,2499.0567668614895,3173.172020239371
2018-03-28 05:00:00,5355.0,5850.934416153711,5513.87678946477,6187.992042842652
2018-03-28 06:00:00,6650.0,6225.161810870695,5888.104184181755,6562.2194375596355
2018-03-28 07:00:00,6014.0,6105.603886851654,5768.546260162713,6442.6615135405955
2018-03-28 08:00:00,5082.0,5242.068105197345,4905.010478508404,5579.125731886286
2018-03-28 09:00:00,4655.0,4499.40802575154,4162.3503990625995,4836.46565244048
2018-03-28 10:00:00,4775.0,4941.060830993009,4604.003204304068,5278.1184576819505
2018-03-28 11:00:00,5066.0,5005.5368690627065,4668.479242373765,5342.594495751648
2018-03-28 12:00:00,5197.0,5132.114569148016,4795.056942459076,5469.172195836956
2018-03-28 13:00:00,5484.0,5568.070089687308,5231.0124629983675,5905.127716376248
2018-03-28 14:00:00,5938.0,5965.095357269964,5628.037730581023,6302.152983958904
2018-03-28 15:00:00,6988.0,6547.049009127004,6209.991382438064,6884.106635815944
2018-03-28 16:00:00,6540.0,6396.99194796902,6059.9343212800795,6734.04957465796
2018-03-28 17:00:00,4918.0,4707.558729245954,4370.501102557013,5044.616355934895
2018-03-28 18:00:00,3392.0,3439.774128016242,3102.716501327301,3776.8317547051824
2018-03-28 19:00:00,3105.0,2994.858129762564,2657.8005030736235,3331.915756451505
2018-03-28 20:00:00,2616.0,2854.4861919917134,2517.4285653027728,3191.543818680654
2018-03-28 21:00:00,1736.0,1891.3705546219546,1554.312927933014,2228.4281813108955
2018-03-28 22:00:00,1132.0,1188.624960710636,851.5673340216954,1525.6825873995767
2018-03-28 23:00:00,553.0,621.3253696240865,284.26774293514586,958.3829963130272
2018-03-29 00:00:00,354.0,356.1134420744437,19.055815385503024,693.1710687633844
2018-03-29 03:00:00,859.0,847.8636649667695,510.80603827782886,1184.9212916557103
2018-03-29 04:00:00,2804.0,2825.9137780727506,2488.85615138381,3162.9714047616912
2018-03-29 05:00:00,5405.0,5849.81230366891,5512.75467697997,6186.8699303578505
2018-03-29 06:00:00,6460.0,6337.738795776467,6000.681169087526,6674.796422465408
2018-03-29 07:00:00,6002.0,5977.202983834415,5640.145357145475,6314.260610523355
2018-03-29 08:00:00,4995.0,5703.2174160943705,5366.15978940543,6040.275042783311
2018-03-29 09:00:00,4579.0,4594.477885946479,4257.420259257538,4931.535512635419
2018-03-29 10:00:00,5058.0,4908.387957650233,4571.330330961293,5245.445584339173
2018-03-29 11:00:00,5252.0,5300.68793377563,4963.630307086689,5637.745560464571
2018-03-29 12:00:00,5338.0,5317.54978420865,4980.4921575197095,5654.60741089759
2018-03-29 13:00:00,5562.0,5713.573306487218,5376.515679798278,6050.630933176159
2018-03-29 14:00:00,6040.0,5954.15457115837,5617.096944469429,6291.2121978473115
2018-03-29 15:00:00,6573.0,6463.267353627931,6126.209726938991,6800.324980316871
2018-03-29 16:00:00,6034.0,6256.666092515402,5919.608465826461,6593.723719204343
2018-03-29 17:00:00,5050.0,4738.935058846056,4401.8774321571145,5075.992685534997
2018-03-29 18:00:00,3656.0,3729.653526578224,3392.5958998892834,4066.7111532671647
2018-03-29 19:00:00,3373.0,3172.9794484456297,2835.921821756689,3510.0370751345704
2018-03-29 20:00:00,3584.0,3133.771240043085,2796.7136133541444,3470.8288667320257
2018-03-29 21:00:00,3691.0,2863.2126382445904,2526.1550115556497,3200.270264933531
2018-03-29 22:00:00,1484.0,1916.23614818408,1579.1785214951394,2253.293774873021
2018-03-29 23:00:00,817.0,810.7771524918027,473.719525802862,1147.8347791807432
2018-03-30 00:00:00,413.0,571.8255008113233,234.76787412238264,908.883127500264
2018-03-30 01:00:00,329.0,336.16110820366106,0.0,673.2187348926018
2018-03-30 02:00:00,359.0,383.6318674937946,46.5742408048539,720.6894941827352
2018-03-30 03:00:00,749.0,758.6843649408371,421.6267382518964,1095.7419916297777
2018-03-30 04:00:00,2367.0,2583.5703265168154,2246.5126998278747,2920.627953205756
2018-03-30 05:00:00,4463.0,5148.78550474151,4811.7278780525685,5485.843131430451
2018-03-30 06:00:00,5449.0,5109.309031721898,4772.251405032957,5446.366658410838
2018-03-30 07:00:00,5227.0,5393.43723530787,5056.379608618929,5730.494861996811
2018-03-30 08:00:00,4964.0,4954.225057513414,4617.167430824473,5291.282684202355
2018-03-30 09:00:00,4892.0,4659.1764593540565,4322.118832665115,4996.234086042998
2018-03-30 10:00:00,5350.0,5281.991067491749,4944.933440802808,5619.04869418069
2018-03-30 11:00:00,5783.0,5496.93991123104,5159.8822845421,5833.9975379199805
2018-03-30 12:00:00,5589.0,5590.8102173831485,5253.752590694208,5927.867844072089
2018-03-30 13:00:00,5713.0,5771.801701188263,5434.744074499322,6108.859327877204
2018-03-30 14:00:00,5936.0,6036.983401156707,5699.925774467767,6374.0410278456475
2018-03-30 15:00:00,6137.0,6145.787125853753,5808.729499164812,6482.844752542695
2018-03-30 16:00:00,5289.0,5661.345197506183,5324.287570817241,5998.402824195124
2018-03-30 17:00:00,4573.0,4657.9472860689,4320.88965937996,4995.00491275784
2018-03-30 18:00:00,3604.0,3653.3843366133324,3316.3267099243917,3990.441963302273
2018-03-30 19:00:00,3233.0,3102.2560739509654,2765.1984472620247,3439.313700639906
2018-03-30 20:00:00,3024.0,3177.165664448344,2840.1080377594035,3514.223291137285
2018-03-30 21:00:00,2358.0,2882.3084090096013,2545.2507823206606,3219.366035698542
2018-03-30 22:00:00,1685.0,1730.6328125921293,1393.5751859031886,2067.69043928107
2018-03-30 23:00:00,963.0,1057.9186918335056,720.8610651445649,1394.9763185224463
2018-03-31 00:00:00,580.0,669.5624668699968,332.5048401810561,1006.6200935589375
2018-03-31 01:00:00,485.0,418.09389093585816,81.03626424691748,755.1515176247988
2018-03-31 02:00:00,386.0,416.9297422271311,79.87211553819043,753.9873689160718
2018-03-31 03:00:00,352.0,467.68364302972105,130.62601634078038,804.7412697186617
2018-03-31 04:00:00,588.0,677.7835333928778,340.7259067039371,1014.8411600818184
2018-03-31 05:00:00,1045.0,1052.8823396309738,715.8247129420331,1389.9399663199144
2018-03-31 06:00:00,1556.0,1520.0516571632197,1182.994030474279,1857.1092838521604
2018-03-31 07:00:00,2289.0,2396.810863655343,2059.7532369664023,2733.8684903442836
2018-03-31 08:00:00,3092.0,3055.9318877968153,2718.8742611078746,3392.989514485756
2018-03-31 09:00:00,3629.0,3745.365805624188,3408.3081789352473,4082.4234323131286
2018-03-31 10:00:00,4051.0,4031.1828866169117,3694.125259927971,4368.240513305853
2018-03-31 11:00:00,4348.0,4382.254299127387,4045.196672438446,4719.311925816328
2018-03-31 12:00:00,4337.0,4418.376746752207,4081.319120063266,4755.434373441147
2018-03-31 13:00:00,4548.0,4373.032113849955,4035.974487161014,4710.089740538895
2018-03-31 14:00:00,4400.0,4570.504069218198,4233.446442529257,4907.561695907139
2018-03-31 15:00:00,4222.0,4395.445142204254,4058.387515515313,4732.502768893195
2018-03-31 16:00:00,4155.0,4041.7696453575218,3704.712018668581,4378.827272046463
2018-03-31 17:00:00,3993.0,3804.249356628233,3467.191729939292,4141.306983317174
2018-03-31 18:00:00,3333.0,3317.5510533219035,2980.493426632963,3654.608680010844
2018-03-31 19:00:00,2910.0,2941.2480770243033,2604.1904503353626,3278.305703713244
2018-03-31 20:00:00,2761.0,2979.383453459781,2642.32582677084,3316.4410801487215
2018-03-31 21:00:00,2695.0,2931.4177350784694,2594.3601083895287,3268.47536176741
2018-03-31 22:00:00,1771.0,2104.694644085684,1767.6370173967434,2441.752270774625
2018-03-31 23:00:00,1128.0,1189.6694560928456,852.611829403905,1526.7270827817863
2018-04-01 00:00:00,652.0,730.7002154995818,393.6425888106411,1067.7578421885223
2018-04-01 01:00:00,520.0,424.52627757650174,87.46865088756107,761.5839042654425
2018-04-01 02:00:00,313.0,361.53898146504025,24.48135477609958,698.5966081539809
2018-04-01 03:00:00,249.0,321.4007226685801,0.0,658.4583493575208
2018-04-01 04:00:00,426.0,440.9298497482405,103.87222305929981,777.9874764371812
2018-04-01 05:00:00,751.0,790.9038107319228,453.84618404298215,1127.9614374208636
2018-04-01 06:00:00,978.0,1133.1546683522427,796.097041663302,1470.2122950411833
2018-04-01 07:00:00,1718.0,1560.155326294562,1223.0976996056213,1897.2129529835026
2018-04-01 08:00:00,2444.0,2561.428512421822,2224.370885732881,2898.4861391107625
2018-04-01 09:00:00,3306.0,3187.4718584768966,2850.414231787956,3524.5294851658373
2018-04-01 10:00:00,3641.0,3647.0342900209876,3309.976663332047,3984.0919167099282
2018-04-01 11:00:00,3964.0,3936.026693437934,3598.969066748993,4273.084320126874
2018-04-01 12:00:00,4043.0,4054.9013079002525,3717.843681211312,4391.958934589193
2018-04-01 13:00:00,3996.0,4116.178028078698,3779.1204013897573,4453.235654767639
2018-04-01 14:00:00,4102.0,4065.422176565394,3728.364549876453,4402.479803254335
2018-04-01 15:00:00,4679.0,4113.191128315756,3776.1335016268154,4450.248755004697
2018-04-01 16:00:00,4569.0,4317.660206851392,3980.6025801624514,4654.717833540333
2018-04-01 17:00:00,4424.0,4114.763088397036,3777.7054617080953,4451.820715085976
2018-04-01 18:00:00,3892.0,3512.2146167130336,3175.156990024093,3849.2722434019743
2018-04-01 19:00:00,3320.0,3314.847477408302,2977.7898507193613,3651.9051040972427
2018-04-01 20:00:00,2545.0,2629.9406140004185,2292.882987311478,2966.998240689359
2018-04-01 21:00:00,1682.0,1818.5044965376067,1481.446869848666,2155.5621232265476
2018-04-01 22:00:00,952.0,1100.1256167528952,763.0679900639545,1437.1832434418359
2018-04-01 23:00:00,543.0,539.2899760917256,202.23234940278496,876.3476027806663
2018-04-02 00:00:00,311.0,347.85900210842556,10.801375419484884,684.9166287973662
2018-04-02 01:00:00,246.0,275.388526817219,0.0,612.4461535061596
2018-04-02 02:00:00,352.0,330.06596833947935,0.0,667.12359502842
2018-04-02 03:00:00,807.0,820.8650376309071,483.8074109419664,1157.9226643198476
2018-04-02 04:00:00,2683.0,2647.3112538365503,2310.2536271476097,2984.368880525491
2018-04-02 05:00:00,5147.0,5584.532782612483,5247.475155923543,5921.590409301423
2018-04-02 06:00:00,6148.0,5870.579324040794,5533.521697351853,6207.636950729735
2018-04-02 07:00:00,5557.0,5404.989468279808,5067.931841590867,5742.047094968748
2018-04-02 08:00:00,4776.0,4856.152963038298,4519.095336349357,5193.2105897272395
2018-04-02 09:00:00,4397.0,4194.590850666271,3857.53322397733,4531.648477355211
2018-04-02 10:00:00,4509.0,4569.026258780508,4231.968632091568,4906.083885469448
2018-04-02 11:00:00,4947.0,4697.754388813433,4360.696762124493,5034.8120155023735
2018-04-02 12:00:00,4895.0,5011.159874425892,4674.1022477369515,5348.217501114832
2018-04-02 13:00:00,4750.0,5301.8257539033675,4964.768127214427,5638.883380592308
2018-04-02 14:00:00,4949.0,5195.7332736788485,4858.675646989908,5532.790900367789
2018-04-02 15:00:00,6000.0,5869.986814473569,5532.929187784628,6207.04444116251
2018-04-02 16:00:00,5301.0,5593.445879753162,5256.388253064222,5930.503506442103
2018-04-02 17:00:00,3893.0,4165.181486125494,3828.1238594365536,4502.239112814435
2018-04-02 18:00:00,2521.0,2892.0398210900908,2554.98219440115,3229.0974477790314
2018-04-02 19:00:00,2159.0,2225.006366269187,1887.9487395802462,2562.0639929581275
2018-04-02 20:00:00,2702.0,2062.0285675908876,1724.970940901947,2399.0861942798283
2018-04-02 21:00:00,2359.0,2119.1660244430204,1782.1083977540798,2456.223651131961
2018-04-02 22:00:00,1040.0,1295.6198578572294,958.5622311682887,1632.67748454617
2018-04-02 23:00:00,552.0,578.2183038966114,241.1606772076707,915.275930585552
2018-04-03 00:00:00,346.0,357.77038803434635,20.71276134540568,694.828014723287
2018-04-03 01:00:00,277.0,288.0792208986677,0.0,625.1368475876084
2018-04-03 02:00:00,329.0,335.5906292810122,0.0,672.6482559699529
2018-04-03 03:00:00,836.0,788.2948958053767,451.237269116436,1125.3525224943173
2018-04-03 04:00:00,2555.0,2735.9592532776624,2398.9016265887217,3073.016879966603
2018-04-03 05:00:00,4311.0,5462.410260652301,5125.352633963361,5799.467887341241
2018-04-03 06:00:00,4096.0,4652.493768485796,4315.436141796856,4989.551395174736
2018-04-03 07:00:00,4790.0,4106.384171668147,3769.3265449792066,4443.4417983570875
2018-04-03 08:00:00,3893.0,4539.1568704065385,4202.099243717597,4876.21449709548
2018-04-03 09:00:00,3403.0,3860.242056912549,3523.184430223608,4197.29968360149
2018-04-03 10:00:00,3587.0,3843.4417094039877,3506.384082715047,4180.499336092928
2018-04-03 11:00:00,3822.0,3950.3293174312926,3613.271690742352,4287.386944120233
2018-04-03 12:00:00,3917.0,3990.1555842342955,3653.097957545355,4327.213210923236
2018-04-03 13:00:00,4058.0,4193.313475763674,3856.2558490747338,4530.371102452615
2018-04-03 14:00:00,4689.0,4459.703825105505,4122.6461984165635,4796.761451794446
2018-04-03 15:00:00,4930.0,5264.889008668947,4927.831381980006,5601.946635357888
2018-04-03 16:00:00,4207.0,4694.5092954004795,4357.451668711539,5031.56692208942
2018-04-03 17:00:00,2887.0,3663.348509544806,3326.290882855865,4000.4061362337466
2018-04-03 18:00:00,1834.0,2314.5112475782485,1977.4536208893078,2651.568874267189
2018-04-03 19:00:00,1703.0,1667.1800741052775,1330.1224474163369,2004.2377007942182
2018-04-03 20:00:00,1450.0,1411.8226339712023,1074.7650072822616,1748.880260660143
2018-04-03 21:00:00,1511.0,1168.9914439199674,831.9338172310268,1506.049070608908
2018-04-03 22:00:00,1271.0,1049.1403827505246,712.082756061584,1386.1980094394653
2018-04-03 23:00:00,501.0,695.8490361656566,358.7914094767159,1032.9066628545972
2018-04-04 00:00:00,327.0,342.7853706447561,5.727743955815413,679.8429973336968
2018-04-04 01:00:00,259.0,280.11472572612143,0.0,617.172352415062
2018-04-04 02:00:00,337.0,331.4531705911128,0.0,668.5107972800535
2018-04-04 03:00:00,821.0,818.417052144095,481.35942545515434,1155.4746788330358
2018-04-04 04:00:00,2580.0,2680.5137297539554,2343.4561030650148,3017.571356442896
2018-04-04 05:00:00,4551.0,5428.472566094144,5091.414939405204,5765.530192783084
2018-04-04 06:00:00,4979.0,4873.997716411994,4536.9400897230535,5211.055343100934
2018-04-04 07:00:00,4778.0,4604.597990846861,4267.54036415792,4941.655617535802
2018-04-04 08:00:00,5252.0,4583.527015364006,4246.469388675065,4920.584642052947
2018-04-04 09:00:00,4717.0,4551.709313364917,4214.651686675976,4888.766940053858
2018-04-04 10:00:00,4590.0,4685.302365654878,4348.244738965937,5022.359992343818
2018-04-04 11:00:00,4749.0,4692.608977710188,4355.551351021248,5029.666604399128
2018-04-04 12:00:00,4793.0,4694.276451751158,4357.218825062217,5031.334078440099
2018-04-04 13:00:00,4903.0,5195.986432766386,4858.928806077445,5533.044059455327
2018-04-04 14:00:00,5491.0,5298.063315889655,4961.005689200714,5635.120942578596
2018-04-04 15:00:00,6500.0,6299.082590229055,5962.024963540114,6636.140216917996
2018-04-04 16:00:00,5898.0,6168.618460171885,5831.560833482945,6505.676086860825
2018-04-04 17:00:00,4539.0,4329.067744855746,3992.0101181668056,4666.125371544687
2018-04-04 18:00:00,3400.0,3193.3219910690927,2856.264364380152,3530.3796177580334
2018-04-04 19:00:00,3022.0,2891.251434584699,2554.1938078957583,3228.3090612736396
2018-04-04 20:00:00,2444.0,2786.5720077705773,2449.5143810816367,3123.629634459518
2018-04-04 21:00:00,1885.0,1768.4761823016202,1431.4185556126795,2105.533808990561
2018-04-04 22:00:00,1097.0,1415.3242741739803,1078.2666474850396,1752.381900862921
2018-04-04 23:00:00,640.0,606.4542151142991,269.39658842535846,943.5118418032398
2018-04-05 00:00:00,384.0,391.36130986707866,54.30368317813799,728.4189365560194
2018-04-05 01:00:00,280.0,307.2963133921966,0.0,644.3539400811374
2018-04-05 02:00:00,352.0,337.2459892562599,0.1883625673192455,674.3036159452006
2018-04-05 03:00:00,910.0,827.5473439009959,490.4897172120552,1164.6049705899366
2018-04-05 04:00:00,2815.0,2851.036966828367,2513.9793401394263,3188.0945935173077
2018-04-05 05:00:00,5560.0,5620.739923708469,5283.682297019528,5957.79755039741
2018-04-05 06:00:00,6297.0,6217.380242277099,5880.322615588158,6554.437868966039
2018-04-05 07:00:00,5887.0,5725.3665175892,5388.30889090026,6062.42414427814
2018-04-05 08:00:00,5389.0,5106.758689050815,4769.7010623618735,5443.816315739756
2018-04-05 09:00:00,4663.0,4564.702827883492,4227.645201194551,4901.760454572433
2018-04-05 10:00:00,5078.0,4885.024018113077,4547.9663914241355,5222.081644802018
2018-04-05 11:00:00,5535.0,5202.72535390115,4865.667727212209,5539.782980590091
2018-04-05 12:00:00,5492.0,5438.227728584775,5101.170101895834,5775.285355273716
2018-04-05 13:00:00,5535.0,5736.417788337583,5399.360161648643,6073.4754150265235
2018-04-05 14:00:00,5705.0,6011.877770142847,5674.820143453906,6348.935396831788
2018-04-05 15:00:00,6642.0,6372.221698605702,6035.164071916761,6709.279325294643
2018-04-05 16:00:00,6476.0,6302.955169647138,5965.897542958197,6640.012796336079
2018-04-05 17:00:00,4992.0,4832.517470841105,4495.459844152165,5169.575097530045
2018-04-05 18:00:00,3322.0,3662.6535952694053,3325.5959685804646,3999.711221958346
2018-04-05 19:00:00,3288.0,2952.45669986361,2615.3990731746694,3289.5143265525508
2018-04-05 20:00:00,2888.0,3036.7405983648096,2699.682971675869,3373.7982250537502
2018-04-05 21:00:00,2422.0,2188.4387853057924,1851.3811586168517,2525.496411994733
2018-04-05 22:00:00,2390.0,1516.2338858965372,1179.1762592075966,1853.291512585478
2018-04-05 23:00:00,932.0,1153.97495612424,816.9173294352993,1491.0325828131806
2018-04-06 00:00:00,514.0,624.5370296888816,287.47940299994093,961.5946563778223
2018-04-06 01:00:00,312.0,396.95872649649954,59.901099807558865,734.0163531854403
2018-04-06 02:00:00,363.0,366.8249266258955,29.767299936954828,703.8825533148362
2018-04-06 03:00:00,879.0,555.5878581521016,218.53023146316093,892.6454848410423
2018-04-06 04:00:00,2687.0,2873.757990504042,2536.7003638151014,3210.8156171929827
2018-04-06 05:00:00,5211.0,5602.358147131657,5265.300520442715,5939.415773820598
2018-04-06 06:00:00,6253.0,6023.999785735615,5686.942159046674,6361.057412424556
2018-04-06 07:00:00,5738.0,5654.45677426466,5317.399147575719,5991.514400953602
2018-04-06 08:00:00,5067.0,5079.7793250429895,4742.721698354049,5416.83695173193
2018-04-06 09:00:00,4748.0,4718.795973373272,4381.738346684331,5055.853600062213
2018-04-06 10:00:00,5022.0,5072.021542578074,4734.963915889133,5409.0791692670155
2018-04-06 11:00:00,5409.0,5334.413693406756,4997.356066717815,5671.471320095696
2018-04-06 12:00:00,5298.0,5370.620541781654,5033.5629150927125,5707.678168470595
2018-04-06 13:00:00,5363.0,5504.961338737556,5167.9037120486155,5842.018965426496
2018-04-06 14:00:00,5786.0,5775.05144748283,5437.9938207938885,6112.109074171771
2018-04-06 15:00:00,6525.0,6233.748862739008,5896.691236050066,6570.806489427949
2018-04-06 16:00:00,5735.0,5987.490403563332,5650.4327768743915,6324.548030252272
2018-04-06 17:00:00,4863.0,4735.856078667804,4398.798451978862,5072.913705356745
2018-04-06 18:00:00,3923.0,3721.701025893265,3384.6433992043244,4058.7586525822057
2018-04-06 19:00:00,3193.0,3228.7758225469074,2891.7181958579667,3565.833449235848
2018-04-06 20:00:00,3031.0,3075.6887467821816,2738.631120093241,3412.7463734711223
2018-04-06 21:00:00,2992.0,2900.1393645235044,2563.0817378345637,3237.196991212445
2018-04-06 22:00:00,2205.0,2172.838672094698,1835.7810454057571,2509.8962987836385
2018-04-06 23:00:00,1196.0,1401.3498291859012,1064.2922024969605,1738.4074558748418
2018-04-07 00:00:00,657.0,768.9122671082206,431.8546404192799,1105.9698937971611
2018-04-07 01:00:00,496.0,427.2369201538685,90.17929346492781,764.2945468428092
2018-04-07 02:00:00,381.0,398.3917329677385,61.33410627879783,735.4493596566792
2018-04-07 03:00:00,342.0,428.84999548751375,91.79236879857308,765.9076221764544
2018-04-07 04:00:00,643.0,714.2596847914433,377.20205810250263,1051.317311480384
2018-04-07 05:00:00,1221.0,1104.5675948170347,767.509968128094,1441.6252215059753
2018-04-07 06:00:00,1995.0,1911.4904628815837,1574.432836192643,2248.548089570524
2018-04-07 07:00:00,3074.0,2841.719402926284,2504.6617762373435,3178.777029615225
2018-04-07 08:00:00,3960.0,3841.5296432910786,3504.472016602138,4178.587269980019
2018-04-07 09:00:00,4304.0,4144.0413103500305,3806.98368366109,4481.098937038971
2018-04-07 10:00:00,4771.0,4544.156933957566,4207.099307268625,4881.214560646507
2018-04-07 11:00:00,5298.0,4975.418060705727,4638.360434016786,5312.475687394668
2018-04-07 12:00:00,5126.0,5102.063651338386,4765.006024649445,5439.121278027327
2018-04-07 13:00:00,5237.0,4997.145990956256,4660.088364267316,5334.203617645197
2018-04-07 14:00:00,4908.0,5073.261990818074,4736.204364129133,5410.319617507015
2018-04-07 15:00:00,5118.0,4932.948875624781,4595.891248935841,5270.006502313721
2018-04-07 16:00:00,5441.0,5039.255136035448,4702.197509346508,5376.312762724388
2018-04-07 17:00:00,5019.0,4382.696327621817,4045.638700932876,4719.753954310758
2018-04-07 18:00:00,3699.0,3670.9909138326957,3333.933287143755,4008.0485405216364
2018-04-07 19:00:00,3079.0,3167.8609908158987,2830.803364126958,3504.9186175048394
2018-04-07 20:00:00,4104.0,3202.982722933768,2865.9250962448273,3540.0403496227086
2018-04-07 21:00:00,4107.0,3307.1476764760514,2970.0900497871107,3644.205303164992
2018-04-07 22:00:00,2740.0,2276.683879227784,1939.6262525388433,2613.7415059167247
2018-04-07 23:00:00,1578.0,1745.605058914113,1408.5474322251723,2082.6626856030534
2018-04-08 00:00:00,844.0,918.187503749838,581.1298770608973,1255.2451304387787
2018-04-08 01:00:00,649.0,637.008064559131,299.9504378701903,974.0656912480716
2018-04-08 02:00:00,401.0,401.9186007750267,64.860974086086,738.9762274639673
2018-04-08 03:00:00,295.0,374.1311354787975,37.07350878985682,711.1887621677381
2018-04-08 04:00:00,441.0,475.8638420698958,138.8062153809551,812.9214687588365
2018-04-08 05:00:00,976.0,783.6427463107939,446.5851196218532,1120.7003729997346
2018-04-08 06:00:00,1357.0,1445.676663818493,1108.6190371295522,1782.7342905074336
2018-04-08 07:00:00,1910.0,2197.0578812242725,1860.0002545353318,2534.115507913213
2018-04-08 08:00:00,2736.0,2751.4668116698845,2414.409184980944,3088.524438358825
2018-04-08 09:00:00,3401.0,3576.070755028793,3239.0131283398523,3913.1283817177336
2018-04-08 10:00:00,3961.0,3881.561525168006,3544.5038984790654,4218.619151856947
2018-04-08 11:00:00,4483.0,4293.619629956297,3956.5620032673564,4630.677256645238
2018-04-08 12:00:00,4423.0,4589.591170729926,4252.533544040985,4926.648797418866
2018-04-08 13:00:00,4272.0,4484.942731576479,4147.885104887539,4822.000358265419
2018-04-08 14:00:00,4083.0,4321.8322451045005,3984.77461841556,4658.889871793441
2018-04-08 15:00:00,4389.0,4202.337214166457,3865.279587477516,4539.394840855397
2018-04-08 16:00:00,3687.0,4263.821392300032,3926.7637656110915,4600.879018988973
2018-04-08 17:00:00,3224.0,3363.9974049127923,3026.9397782238516,3701.055031601733
2018-04-08 18:00:00,2455.0,2850.363989213527,2513.3063625245863,3187.4216159024677
2018-04-08 19:00:00,2145.0,2143.413982675626,1806.3563559866852,2480.4716093645666
2018-04-08 20:00:00,1799.0,2088.8564835795437,1751.798856890603,2425.9141102684844
2018-04-08 21:00:00,1425.0,1508.4914259190007,1171.43379923006,1845.5490526079413
2018-04-08 22:00:00,992.0,1048.513479429485,711.4558527405443,1385.5711061184256
2018-04-08 23:00:00,427.0,558.1321444456785,221.0745177567378,895.1897711346191
2018-04-09 00:00:00,315.0,303.1863273040737,0.0,640.2439539930144
2018-04-09 01:00:00,251.0,280.12907445032744,0.0,617.186701139268
2018-04-09 02:00:00,339.0,309.1846694918719,0.0,646.2422961808126
2018-04-09 03:00:00,869.0,824.3818684191557,487.324241730215,1161.4394951080963
2018-04-09 04:00:00,2704.0,2714.0943410767586,2377.036714387818,3051.1519677656993
2018-04-09 05:00:00,5192.0,5455.075209592196,5118.017582903256,5792.132836281136
2018-04-09 06:00:00,6110.0,5433.1565645399305,5096.098937850989,5770.214191228872
2018-04-09 07:00:00,5824.0,5435.2801419517045,5098.222515262763,5772.337768640646
2018-04-09 08:00:00,4933.0,5007.289163893941,4670.231537205,5344.346790582882
2018-04-09 09:00:00,4149.0,4229.426392099333,3892.368765410392,4566.484018788273
2018-04-09 10:00:00,4276.0,4252.385847179262,3915.328220490321,4589.443473868203
2018-04-09 11:00:00,4516.0,4451.417897047203,4114.360270358262,4788.475523736144
2018-04-09 12:00:00,4633.0,4659.7904713239495,4322.732844635009,4996.84809801289
2018-04-09 13:00:00,5093.0,4996.972360950058,4659.914734261118,5334.029987638998
2018-04-09 14:00:00,5769.0,5555.326004888495,5218.268378199555,5892.383631577435
2018-04-09 15:00:00,6719.0,6371.65467053235,6034.597043843409,6708.712297221291
2018-04-09 16:00:00,6244.0,6215.162493641376,5878.104866952435,6552.2201203303175
2018-04-09 17:00:00,4640.0,4409.389784981219,4072.3321582922786,4746.44741167016
2018-04-09 18:00:00,3073.0,3301.445216842113,2964.3875901531724,3638.5028435310537
2018-04-09 19:00:00,2635.0,2649.3221710918656,2312.264544402925,2986.3797977808063
2018-04-09 20:00:00,2048.0,2422.211834042599,2085.1542073536584,2759.2694607315398
2018-04-09 21:00:00,1521.0,1617.4422677363273,1280.3846410473866,1954.499894425268
2018-04-09 22:00:00,983.0,1076.8870433170384,739.8294166280978,1413.944670005979
2018-04-09 23:00:00,530.0,571.5851108486992,234.5274841597585,908.6427375376398
2018-04-10 00:00:00,333.0,336.6712315692357,0.0,673.7288582581764
2018-04-10 01:00:00,235.0,280.7037228020497,0.0,617.7613494909904
2018-04-10 02:00:00,358.0,331.9150482527248,0.0,668.9726749416654
2018-04-10 03:00:00,905.0,847.4067629432675,510.3491362543268,1184.4643896322082
2018-04-10 04:00:00,2902.0,2871.1309637401023,2534.0733370511616,3208.188590429043
2018-04-10 05:00:00,5806.0,5730.582049246301,5393.524422557361,6067.639675935241
2018-04-10 06:00:00,6708.0,6500.968811165169,6163.911184476228,6838.026437854111
2018-04-10 07:00:00,6190.0,6052.677013947555,5715.619387258614,6389.734640636496
2018-04-10 08:00:00,5221.0,5229.345487038085,4892.2878603491445,5566.403113727025
2018-04-10 09:00:00,4436.0,4496.029007880065,4158.971381191124,4833.0866345690065
2018-04-10 10:00:00,4714.0,4680.082565947179,4343.024939258239,5017.1401926361195
2018-04-10 11:00:00,4850.0,4926.378720137219,4589.321093448278,5263.43634682616
2018-04-10 12:00:00,5099.0,4911.14108341754,4574.0834567286,5248.198710106481
2018-04-10 13:00:00,5315.0,5457.0435823207345,5119.985955631793,5794.101209009676
2018-04-10 14:00:00,5784.0,5825.731151810482,5488.673525121541,6162.788778499422
2018-04-10 15:00:00,7013.0,6510.056369703757,6172.998743014816,6847.113996392698
2018-04-10 16:00:00,6304.0,6452.820294086831,6115.76266739789,6789.8779207757725
2018-04-10 17:00:00,4606.0,4626.494781513512,4289.437154824571,4963.552408202453
2018-04-10 18:00:00,3190.0,3326.5084572483242,2989.4508305593836,3663.566083937265
2018-04-10 19:00:00,2829.0,2850.974148011568,2513.9165213226274,3188.031774700509
2018-04-10 20:00:00,2337.0,2561.280101692189,2224.2224750032483,2898.3377283811296
2018-04-10 21:00:00,1738.0,1687.0348209192389,1349.9771942302982,2024.0924476081796
2018-04-10 22:00:00,1007.0,1239.4216183194194,902.3639916304787,1576.47924500836
2018-04-10 23:00:00,562.0,574.4182176424985,237.3605909535578,911.4758443314391
2018-04-11 00:00:00,344.0,363.76734829400164,26.709721605060963,700.8249749829423
2018-04-11 01:00:00,259.0,288.0792208986677,0.0,625.1368475876084
2018-04-11 02:00:00,374.0,338.8764525009106,1.8188258119699299,675.9340791898512
2018-04-11 03:00:00,886.0,850.0392876124553,512.9816609235146,1187.0969143013958
2018-04-11 04:00:00,2843.0,2897.4007597409422,2560.3431330520016,3234.458386429883
2018-04-11 05:00:00,5670.0,5826.165630982783,5489.108004293843,6163.223257671723
2018-04-11 06:00:00,6495.0,6422.951755002504,6085.894128313563,6760.009381691445
2018-04-11 07:00:00,5887.0,5954.124542152703,5617.066915463762,6291.182168841644
2018-04-11 08:00:00,5581.0,5194.311928106169,4857.254301417228,5531.36955479511
2018-04-11 09:00:00,4791.0,4736.62070646389,4399.563079774949,5073.678333152831
2018-04-11 10:00:00,5123.0,4991.981521053012,4654.923894364072,5329.039147741953
2018-04-11 11:00:00,4964.0,5227.279307793696,4890.221681104755,5564.336934482637
2018-04-11 12:00:00,4982.0,5079.27554755513,4742.217920866189,5416.333174244071
2018-04-11 13:00:00,5169.0,5387.059891487894,5050.002264798954,5724.117518176834
2018-04-11 14:00:00,5768.0,5711.091774859961,5374.03414817102,6048.1494015489025
2018-04-11 15:00:00,6988.0,6431.710200088239,6094.6525733992985,6768.767826777179
2018-04-11 16:00:00,6744.0,6507.677459293288,6170.619832604347,6844.735085982229
2018-04-11 17:00:00,4955.0,4883.167668556057,4546.110041867116,5220.225295244998
2018-04-11 18:00:00,3308.0,3529.1170007915266,3192.059374102586,3866.1746274804673
2018-04-11 19:00:00,2804.0,2891.215524606864,2554.1578979179235,3228.273151295805
2018-04-11 20:00:00,2418.0,2616.5095261930715,2279.451899504131,2953.567152882012
2018-04-11 21:00:00,1603.0,1696.5937453962042,1359.5361187072635,2033.6513720851449
2018-04-11 22:00:00,1099.0,1047.2505573177784,710.1929306288378,1384.308184006719
2018-04-11 23:00:00,531.0,610.6254591789826,273.56783249004195,947.6830858679233
2018-04-12 00:00:00,310.0,351.86465392898236,14.807027240041691,688.922280617923
2018-04-12 01:00:00,291.0,278.464745199581,0.0,615.5223718885217
2018-04-12 02:00:00,331.0,335.5906292810122,0.0,672.6482559699529
2018-04-12 03:00:00,949.0,818.6807849361601,481.6231582472194,1155.7384116251008
2018-04-12 04:00:00,2857.0,3000.0161026028504,2662.9584759139098,3337.073729291791
2018-04-12 05:00:00,5772.0,5913.665142588008,5576.607515899068,6250.722769276948
2018-04-12 06:00:00,6475.0,6668.252984328324,6331.195357639383,7005.310611017265
2018-04-12 07:00:00,6198.0,5952.78630938905,5615.72868270011,6289.84393607799
2018-04-12 08:00:00,5391.0,5297.822732684394,4960.765105995453,5634.8803593733355
2018-04-12 09:00:00,4743.0,4756.419546147587,4419.361919458646,5093.477172836529
2018-04-12 10:00:00,4982.0,4984.675341184102,4647.617714495162,5321.732967873042
2018-04-12 11:00:00,5317.0,5180.294303792665,4843.236677103725,5517.351930481605
2018-04-12 12:00:00,5322.0,5334.588625975506,4997.530999286566,5671.646252664446
2018-04-12 13:00:00,5574.0,5700.939430521892,5363.881803832952,6037.997057210832
2018-04-12 14:00:00,6252.0,6011.615788201957,5674.558161513016,6348.673414890898
2018-04-12 15:00:00,7213.0,6622.657906437263,6285.600279748322,6959.715533126204
2018-04-12 16:00:00,6811.0,6425.87320558808,6088.815578899139,6762.930832277021
2018-04-12 17:00:00,5064.0,5044.410181786326,4707.3525550973845,5381.467808475267
2018-04-12 18:00:00,3697.0,3705.546972648294,3368.489345959353,4042.6045993372345
2018-04-12 19:00:00,3082.0,3221.6200881091872,2884.5624614202466,3558.677714798128
2018-04-12 20:00:00,2762.0,2951.252923203162,2614.1952965142214,3288.3105498921027
2018-04-12 21:00:00,2053.0,2219.281281421669,1882.2236547327284,2556.3389081106097
2018-04-12 22:00:00,1168.0,1462.1196635300987,1125.062036841158,1799.1772902190394
2018-04-12 23:00:00,633.0,635.5873839147066,298.52975722576593,972.6450106036473
2018-04-13 00:00:00,387.0,400.38609400962963,63.32846732068896,737.4437206985704
2018-04-13 01:00:00,306.0,317.2644593882997,0.0,654.3220860772403
2018-04-13 02:00:00,356.0,363.4348008923702,26.377174203429547,700.492427581311
2018-04-13 03:00:00,846.0,842.5636785542536,505.5060518653129,1179.6213052431942
2018-04-13 04:00:00,2721.0,2813.989850953574,2476.9322242646335,3151.047477642515
2018-04-13 05:00:00,5426.0,5760.394422813513,5423.336796124573,6097.4520495024535
2018-04-13 06:00:00,6585.0,6481.334238620708,6144.276611931768,6818.391865309648
2018-04-13 07:00:00,5894.0,5833.294750728872,5496.237124039932,6170.352377417812
2018-04-13 08:00:00,5227.0,5237.247434859928,4900.189808170988,5574.305061548868
2018-04-13 09:00:00,4853.0,4826.130933014997,4489.073306326056,5163.188559703938
2018-04-13 10:00:00,5233.0,5202.701557300222,4865.643930611281,5539.759183989163
2018-04-13 11:00:00,5302.0,5481.191134745403,5144.133508056462,5818.2487614343445
2018-04-13 12:00:00,5174.0,5331.671726730015,4994.6141000410735,5668.729353418956
2018-04-13 13:00:00,5330.0,5594.7710460329035,5257.713419343963,5931.828672721844
2018-04-13 14:00:00,5953.0,5753.089061499336,5416.031434810395,6090.146688188277
2018-04-13 15:00:00,6686.0,6351.191616246309,6014.133989557369,6688.24924293525
2018-04-13 16:00:00,5687.0,6212.788906675262,5875.731279986321,6549.846533364203
2018-04-13 17:00:00,4167.0,4789.5990460690555,4452.541419380115,5126.656672757996
2018-04-13 18:00:00,2882.0,3368.046945400429,3030.9893187114885,3705.10457208937
2018-04-13 19:00:00,2320.0,2523.2445055712556,2186.186878882315,2860.3021322601962
2018-04-13 20:00:00,2158.0,2223.329350212911,1886.2717235239702,2560.3869769018515
2018-04-13 21:00:00,1773.0,1859.8497235492623,1522.7920968603216,2196.907350238203
2018-04-13 22:00:00,1143.0,1268.4741361914703,931.4165095025296,1605.531762880411
2018-04-13 23:00:00,625.0,693.2697140214167,356.212087332476,1030.3273407103575
2018-04-14 00:00:00,441.0,399.63141908684065,62.57379239789998,736.6890457757813
2018-04-14 01:00:00,397.0,342.7647463635418,5.707119674601131,679.8223730524825
2018-04-14 02:00:00,309.0,375.36949607163484,38.31186938269417,712.4271227605755
2018-04-14 03:00:00,300.0,665.2980438415378,328.24041715259716,1002.3556705304785
2018-04-14 04:00:00,540.0,798.1603183919784,461.10269170303775,1135.217945080919
2018-04-14 05:00:00,986.0,941.6037279657305,604.5461012767898,1278.6613546546712
2018-04-14 06:00:00,1311.0,1504.9476645487734,1167.8900378598328,1842.0052912377141
2018-04-14 07:00:00,1489.0,2123.102745774532,1786.0451190855915,2460.160372463473
2018-04-14 08:00:00,1755.0,2285.416145910396,1948.3585192214555,2622.473772599337
2018-04-14 09:00:00,1978.0,2395.854876510475,2058.7972498215345,2732.912503199416
2018-04-14 10:00:00,2153.0,2222.917631161874,1885.8600044729333,2559.9752578508146
2018-04-14 11:00:00,2147.0,2328.8123348965523,1991.7547082076117,2665.869961585493
2018-04-14 12:00:00,1987.0,2264.664597068017,1927.6069703790763,2601.7222237569576
2018-04-14 13:00:00,1822.0,1798.9398720221384,1461.8822453331977,2135.997498711079
2018-04-14 14:00:00,1881.0,1745.7426511951087,1408.685024506168,2082.800277884049
2018-04-14 15:00:00,1461.0,1768.5395831838157,1431.481956494875,2105.597209872756
2018-04-14 16:00:00,1478.0,1383.933971121516,1046.8763444325753,1720.9915978104566
2018-04-14 17:00:00,1068.0,1344.615638172327,1007.5580114833863,1681.6732648612676
2018-04-14 18:00:00,881.0,1149.8014440948016,812.7438174058609,1486.8590707837423
2018-04-14 19:00:00,618.0,975.9057974220735,638.8481707331329,1312.9634241110143
2018-04-14 20:00:00,707.0,750.8639668884163,413.8063401994756,1087.9215935773568
2018-04-14 21:00:00,594.0,960.3206545514125,623.2630278624719,1297.3782812403533
2018-04-14 22:00:00,526.0,728.3008285708042,391.24320188186357,1065.358455259745
2018-04-14 23:00:00,353.0,637.3663339891415,300.3087073002008,974.4239606780822
2018-04-15 00:00:00,259.0,301.35652041697705,0.0,638.4141471059177
2018-04-15 01:00:00,198.0,259.2590819206888,0.0,596.3167086096295
2018-04-15 02:00:00,151.0,166.1261686784167,0.0,503.18379536735733
2018-04-15 03:00:00,175.0,308.6713326645093,0.0,645.7289593534499
2018-04-15 04:00:00,301.0,362.2819635023599,25.2243368134192,699.3395901913005
2018-04-15 05:00:00,490.0,659.9591447883398,322.90151809939914,997.0167714772805
2018-04-15 06:00:00,634.0,649.6383387636165,312.58071207467583,986.6959654525572
2018-04-15 07:00:00,674.0,713.0706171379206,376.01299044897996,1050.1282438268613
2018-04-15 08:00:00,984.0,636.1252853865041,299.0676586975634,973.1829120754447
2018-04-15 09:00:00,1494.0,1235.9712056292196,898.913578940279,1573.0288323181603
2018-04-15 10:00:00,1794.0,1656.1004323639606,1319.04280567502,1993.1580590529013
2018-04-15 11:00:00,2037.0,2282.323701837721,1945.2660751487801,2619.3813285266615
2018-04-15 12:00:00,2205.0,2285.5449702737837,1948.487343584843,2622.6025969627244
2018-04-15 13:00:00,2406.0,2179.677358068387,1842.6197313794464,2516.7349847573278
2018-04-15 14:00:00,2171.0,2135.9984860101085,1798.9408593211679,2473.056112699049
2018-04-15 15:00:00,2109.0,2033.7751207731794,1696.7174940842388,2370.83274746212
2018-04-15 16:00:00,1849.0,1953.8215766965009,1616.7639500075602,2290.8792033854415
2018-04-15 17:00:00,1659.0,1697.8225281149937,1360.764901426053,2034.8801548039344
2018-04-15 18:00:00,1417.0,1666.169283212998,1329.1116565240573,2003.2269099019386
2018-04-15 19:00:00,1642.0,1405.212699761838,1068.1550730728973,1742.2703264507786
2018-04-15 20:00:00,2809.0,1457.7208731782518,1120.6632464893112,1794.7784998671925
2018-04-15 21:00:00,1203.0,2071.3878979763504,1734.3302712874097,2408.445524665291
2018-04-15 22:00:00,706.0,948.1901276174939,611.1325009285532,1285.2477543064347
2018-04-15 23:00:00,407.0,627.1122051361341,290.0545784471934,964.1698318250748
2018-04-16 00:00:00,272.0,281.3953222863506,0.0,618.4529489752913
2018-04-16 01:00:00,247.0,239.7319029958424,0.0,576.789529684783
2018-04-16 02:00:00,357.0,313.9388850152599,0.0,650.9965117042007
2018-04-16 03:00:00,779.0,802.4729465834125,465.41531989447185,1139.5305732723532
2018-04-16 04:00:00,2238.0,2566.813342997888,2229.7557163089473,2903.8709696868286
2018-04-16 05:00:00,4364.0,4579.291919612101,4242.23429292316,4916.349546301042
2018-04-16 06:00:00,4963.0,4534.173135536916,4197.115508847975,4871.230762225856
2018-04-16 07:00:00,4463.0,4125.031089663631,3787.9734629746904,4462.088716352571
2018-04-16 08:00:00,4045.0,4217.340457703781,3880.28283101484,4554.398084392722
2018-04-16 09:00:00,3626.0,3874.970480011299,3537.9128533223584,4212.02810670024
2018-04-16 10:00:00,3860.0,3747.9057309146806,3410.84810422574,4084.9633576036213
2018-04-16 11:00:00,4149.0,4031.698779607389,3694.6411529184484,4368.75640629633
2018-04-16 12:00:00,4110.0,4263.344492481083,3926.286865792142,4600.402119170023
2018-04-16 13:00:00,4387.0,4305.850470753499,3968.7928440645587,4642.90809744244
2018-04-16 14:00:00,4942.0,4636.523638546947,4299.466011858007,4973.581265235887
2018-04-16 15:00:00,5788.0,5486.310394919762,5149.252768230821,5823.368021608703
2018-04-16 16:00:00,5567.0,5540.463223274049,5203.405596585108,5877.52084996299
2018-04-16 17:00:00,4061.0,4032.3009542434143,3695.2433275544736,4369.358580932355
2018-04-16 18:00:00,2979.0,2720.6355547233325,2383.577928034392,3057.693181412273
2018-04-16 19:00:00,2556.0,2343.78909088338,2006.7314641944395,2680.846717572321
2018-04-16 20:00:00,2100.0,2428.7531306636724,2091.6955039747318,2765.810757352613
2018-04-16 21:00:00,1489.0,1614.264152498828,1277.2065258098874,1951.3217791877687
2018-04-16 22:00:00,978.0,1072.8999809030395,735.8423542140988,1409.9576075919801
2018-04-16 23:00:00,524.0,552.2741427037191,215.21651601477845,889.3317693926598
2018-04-17 00:00:00,336.0,341.40992320312427,4.3522965141835925,678.4675498920649
2018-04-17 01:00:00,271.0,272.99599220207557,0.0,610.0536188910162
2018-04-17 02:00:00,347.0,327.8193060873525,0.0,664.8769327762932
2018-04-17 03:00:00,898.0,813.3966157524671,476.33898906352647,1150.4542424414078
2018-04-17 04:00:00,2848.0,2788.1568858853243,2451.0992591963836,3125.214512574265
2018-04-17 05:00:00,5516.0,5426.824136126683,5089.766509437743,5763.881762815623
2018-04-17 06:00:00,6208.0,6010.3896645708455,5673.332037881904,6347.447291259787
2018-04-17 07:00:00,5892.0,5632.569354937415,5295.511728248473,5969.626981626356
2018-04-17 08:00:00,5677.0,5011.726090411365,4674.668463722424,5348.783717100305
2018-04-17 09:00:00,4456.0,4607.265671288539,4270.208044599598,4944.32329797748
2018-04-17 10:00:00,4715.0,4571.774335802563,4234.716709113622,4908.831962491504
2018-04-17 11:00:00,4962.0,4840.8790118965135,4503.821385207573,5177.936638585454
2018-04-17 12:00:00,4913.0,4996.672389104156,4659.6147624152145,5333.730015793097
2018-04-17 13:00:00,5220.0,5267.872503724313,4930.814877035373,5604.930130413253
2018-04-17 14:00:00,5844.0,5680.588427592322,5343.5308009033815,6017.646054281262
2018-04-17 15:00:00,6657.0,6418.407932415721,6081.350305726781,6755.465559104661
2018-04-17 16:00:00,6277.0,6300.726348191359,5963.668721502418,6637.7839748803
2018-04-17 17:00:00,4827.0,4576.458123425673,4239.400496736733,4913.515750114613
2018-04-17 18:00:00,3481.0,3342.0484295897304,3004.9908029007897,3679.106056278671
2018-04-17 19:00:00,2877.0,2770.536770973418,2433.479144284477,3107.5943976623585
2018-04-17 20:00:00,3418.0,2577.42767241783,2240.370045728889,2914.4852991067705
2018-04-17 21:00:00,3294.0,2788.332194015949,2451.2745673270083,3125.3898207048896
2018-04-17 22:00:00,1297.0,1341.8035831871823,1004.7459564982416,1678.861209876123
2018-04-17 23:00:00,826.0,648.38218755581,311.3245608668693,985.4398142447507
2018-04-18 00:00:00,594.0,583.9993589610924,246.94173227215174,921.0569856500331
2018-04-18 01:00:00,431.0,376.70243098251626,39.64480429357559,713.7600576714569
2018-04-18 02:00:00,521.0,370.9779609417412,33.9203342528005,708.0355876306819
2018-04-18 03:00:00,975.0,829.2096271059381,492.15200041699745,1166.2672537948788
2018-04-18 04:00:00,2986.0,2560.9098105239027,2223.852183834962,2897.9674372128434
2018-04-18 05:00:00,5943.0,5549.255413009911,5212.19778632097,5886.313039698851
2018-04-18 06:00:00,6871.0,6446.964442515344,6109.9068158264035,6784.022069204284
2018-04-18 07:00:00,6614.0,6031.594850254783,5694.5372235658415,6368.652476943724
2018-04-18 08:00:00,5378.0,5458.913128011381,5121.8555013224395,5795.970754700322
2018-04-18 09:00:00,4751.0,5111.750162334777,4774.692535645836,5448.807789023718
2018-04-18 10:00:00,4824.0,4984.485027094982,4647.427400406041,5321.542653783923
2018-04-18 11:00:00,5013.0,5065.70250470436,4728.644878015419,5402.760131393301
2018-04-18 12:00:00,5017.0,5137.779095186094,4800.721468497153,5474.836721875035
2018-04-18 13:00:00,5437.0,5290.0641392190755,4953.006512530135,5627.121765908016
2018-04-18 14:00:00,5835.0,5908.3908408669,5571.333214177959,6245.4484675558415
2018-04-18 15:00:00,7022.0,6338.517446083214,6001.459819394273,6675.575072772155
2018-04-18 16:00:00,6459.0,6397.4949642526935,6060.437337563753,6734.552590941634
2018-04-18 17:00:00,4663.0,4929.43843346581,4592.38080677687,5266.49606015475
2018-04-18 18:00:00,3393.0,3431.329080853487,3094.2714541645464,3768.3867075424278
2018-04-18 19:00:00,3034.0,3004.2012997018664,2667.143673012926,3341.258926390807
2018-04-18 20:00:00,2604.0,2774.5017280566776,2437.444101367737,3111.5593547456183
2018-04-18 21:00:00,1726.0,1975.7674697202165,1638.7098430312758,2312.825096409157
2018-04-18 22:00:00,1085.0,1171.4206072601282,834.3629805711876,1508.478233949069
2018-04-18 23:00:00,561.0,593.224558337607,256.1669316486664,930.2821850265477
2018-04-19 00:00:00,351.0,354.55148583790066,17.493859148959984,691.6091125268413
2018-04-19 01:00:00,275.0,286.37064571379113,0.0,623.4282724027319
2018-04-19 02:00:00,361.0,361.07028634077255,24.012659651831882,698.1279130297132
2018-04-19 03:00:00,909.0,839.6591573298425,502.60153064090184,1176.716784018783
2018-04-19 04:00:00,2885.0,2873.618756952339,2536.5611302633984,3210.6763836412797
2018-04-19 05:00:00,5715.0,5739.514943060818,5402.457316371878,6076.572569749758
2018-04-19 06:00:00,6461.0,6218.46675911727,5881.409132428329,6555.524385806211
2018-04-19 07:00:00,6046.0,6002.151488913905,5665.093862224965,6339.2091156028455
2018-04-19 08:00:00,5842.0,5347.05172215125,5009.994095462309,5684.109348840191
2018-04-19 09:00:00,4882.0,4933.590447515717,4596.5328208267765,5270.648074204657
2018-04-19 10:00:00,5035.0,5014.282068375142,4677.224441686201,5351.339695064084
2018-04-19 11:00:00,5027.0,5208.923319641192,4871.865692952251,5545.9809463301335
2018-04-19 12:00:00,5110.0,5132.043287710799,4794.985661021858,5469.10091439974
2018-04-19 13:00:00,5444.0,5480.69021525639,5143.632588567449,5817.747841945331
2018-04-19 14:00:00,6188.0,5928.1796888029685,5591.122062114027,6265.23731549191
2018-04-19 15:00:00,6851.0,6602.642477900794,6265.584851211854,6939.700104589734
2018-04-19 16:00:00,6368.0,6424.510904692079,6087.453278003139,6761.568531381019
2018-04-19 17:00:00,4978.0,4940.540146365428,4603.482519676487,5277.597773054369
2018-04-19 18:00:00,3676.0,3636.8649123385367,3299.807285649596,3973.9225390274773
2018-04-19 19:00:00,3471.0,3151.2593226999074,2814.2016960109668,3488.316949388848
2018-04-19 20:00:00,3451.0,3115.239085359992,2778.181458671051,3452.2967120489325
2018-04-19 21:00:00,2148.0,2748.2145401647763,2411.1569134758356,3085.272166853717
2018-04-19 22:00:00,1273.0,1320.6387916478357,983.581164958895,1657.6964183367763
2018-04-19 23:00:00,712.0,781.30428393366,444.24665724471936,1118.3619106226006
2018-04-20 00:00:00,417.0,441.20203927804954,104.14441258910887,778.2596659669903
2018-04-20 01:00:00,322.0,321.9506088433938,0.0,659.0082355323345
2018-04-20 02:00:00,393.0,371.98758798511864,34.929961296177964,709.0452146740593
2018-04-20 03:00:00,830.0,841.2488902831145,504.19126359417385,1178.3065169720553
2018-04-20 04:00:00,2691.0,2734.9637577306025,2397.906131041662,3072.021384419543
2018-04-20 05:00:00,5492.0,5449.226410602869,5112.168783913929,5786.284037291809
2018-04-20 06:00:00,6626.0,6288.391543863404,5951.333917174463,6625.449170552345
2018-04-20 07:00:00,6126.0,5933.521946641787,5596.4643199528455,6270.579573330728
2018-04-20 08:00:00,5141.0,5200.508340315412,4863.450713626471,5537.565967004353
2018-04-20 09:00:00,4670.0,4747.473434774937,4410.415808085996,5084.531061463878
2018-04-20 10:00:00,5200.0,4962.456556601792,4625.398929912852,5299.514183290732
2018-04-20 11:00:00,5433.0,5434.182737564672,5097.1251108757315,5771.240364253612
2018-04-20 12:00:00,5370.0,5368.4763950918705,5031.418768402929,5705.534021780812
2018-04-20 13:00:00,5803.0,5639.683588306002,5302.625961617061,5976.741214994943
2018-04-20 14:00:00,6383.0,6125.7502143412785,5788.692587652338,6462.807841030219
2018-04-20 15:00:00,6900.0,6417.503093644414,6080.4454669554725,6754.560720333355
2018-04-20 16:00:00,6268.0,6225.776389969681,5888.71876328074,6562.834016658622
2018-04-20 17:00:00,4959.0,4994.387864698137,4657.330238009195,5331.445491387078
2018-04-20 18:00:00,4091.0,3761.0254528723726,3423.967826183432,4098.083079561313
2018-04-20 19:00:00,3552.0,3238.048539284572,2900.9909125956315,3575.106165973513
2018-04-20 20:00:00,3538.0,3116.2152184112497,2779.157591722309,3453.2728451001904
2018-04-20 21:00:00,2842.0,2969.9506444278963,2632.8930177389557,3307.008271116837
2018-04-20 22:00:00,1977.0,2155.4559182588123,1818.3982915698716,2492.513544947753
2018-04-20 23:00:00,1291.0,1286.1734288477423,949.1158021588017,1623.231055536683
2018-04-21 00:00:00,732.0,801.4242673124768,464.3666406235361,1138.4818940014175
2018-04-21 01:00:00,526.0,541.3192728556434,204.2616461667027,878.376899544584
2018-04-21 02:00:00,386.0,434.4029870023561,97.34536031341543,771.4606136912968
2018-04-21 03:00:00,369.0,495.8981262023578,158.84049951341711,832.9557528912985
2018-04-21 04:00:00,683.0,782.5890514937015,445.53142480476083,1119.646678182642
2018-04-21 05:00:00,1418.0,1309.7681822748748,972.7105555859341,1646.8258089638155
2018-04-21 06:00:00,2307.0,2126.94737727025,1789.8897505813093,2464.0050039591906
2018-04-21 07:00:00,3392.0,3214.5906536372595,2877.533026948319,3551.6482803262
2018-04-21 08:00:00,4153.0,3992.4064059771135,3655.348779288173,4329.464032666054
2018-04-21 09:00:00,4464.0,4283.961537531155,3946.9039108422144,4621.019164220095
2018-04-21 10:00:00,4985.0,4715.340851432276,4378.283224743336,5052.398478121217
2018-04-21 11:00:00,5263.0,5169.723997197242,4832.666370508301,5506.781623886183
2018-04-21 12:00:00,5307.0,5118.4702227885955,4781.412596099655,5455.527849477536
2018-04-21 13:00:00,5296.0,5131.1854853843615,4794.127858695421,5468.243112073302
2018-04-21 14:00:00,5340.0,5086.630693615423,4749.573066926483,5423.6883203043635
2018-04-21 15:00:00,5027.0,5309.301144087836,4972.243517398896,5646.3587707767765
2018-04-21 16:00:00,5007.0,4983.375484056598,4646.317857367658,5320.433110745538
2018-04-21 17:00:00,4541.0,4343.652479457345,4006.5948527684045,4680.710106146285
2018-04-21 18:00:00,3892.0,3519.9571362939982,3182.8995096050576,3857.014762982939
2018-04-21 19:00:00,3346.0,3176.3030614523627,2839.245434763422,3513.3606881413034
2018-04-21 20:00:00,3199.0,3155.3719956512286,2818.314368962288,3492.4296223401693
2018-04-21 21:00:00,3814.0,3053.660239918498,2716.6026132295574,3390.7178666074387
2018-04-21 22:00:00,2760.0,2277.3464624443945,1940.2888357554539,2614.404089133335
2018-04-21 23:00:00,1447.0,1515.601459085677,1178.5438323967364,1852.6590857746178
2018-04-22 00:00:00,945.0,850.1365669466934,513.0789402577527,1187.194193635634
2018-04-22 01:00:00,671.0,687.1788288360681,350.1212021471274,1024.2364555250088
2018-04-22 02:00:00,465.0,437.1825442333083,100.12491754436763,774.240170922249
2018-04-22 03:00:00,368.0,431.7543129667089,94.69668627776821,768.8119396556496
2018-04-22 04:00:00,563.0,530.1124163508023,193.0547896618616,867.170043039743
2018-04-22 05:00:00,904.0,846.8709420749415,509.8133153860008,1183.9285687638821
2018-04-22 06:00:00,1289.0,1230.0709157954764,893.0132891065357,1567.128542484417
2018-04-22 07:00:00,2200.0,2068.4323854131926,1731.374758724252,2405.4900121021333
2018-04-22 08:00:00,3219.0,3025.8320212124468,2688.774394523506,3362.8896479013874
2018-04-22 09:00:00,4088.0,3704.205156550023,3367.147529861082,4041.2627832389635
2018-04-22 10:00:00,4541.0,4332.662338778014,3995.604712089073,4669.719965466955
2018-04-22 11:00:00,4781.0,4825.9802706342725,4488.922643945332,5163.037897323213
2018-04-22 12:00:00,4761.0,4682.6452547920735,4345.587628103132,5019.702881481015
2018-04-22 13:00:00,4753.0,4630.0505509439745,4292.992924255033,4967.108177632916
2018-04-22 14:00:00,4866.0,4622.769518998831,4285.71189230989,4959.827145687772
2018-04-22 15:00:00,4713.0,4702.640873821094,4365.583247132154,5039.698500510034
2018-04-22 16:00:00,4303.0,4535.275817060924,4198.218190371983,4872.333443749865
2018-04-22 17:00:00,3787.0,4023.6819049456317,3686.624278256691,4360.739531634572
2018-04-22 18:00:00,3228.0,3281.4198879913483,2944.3622613024077,3618.477514680289
2018-04-22 19:00:00,3139.0,2836.7791884564635,2499.721561767523,3173.836815145404
2018-04-22 20:00:00,2412.0,2656.7791334472213,2319.7215067582806,2993.836760136162
2018-04-22 21:00:00,1906.0,1789.6726886630127,1452.615061974072,2126.7303153519533
2018-04-22 22:00:00,1356.0,1213.2296441028552,876.1720174139145,1550.287270791796
2018-04-22 23:00:00,614.0,783.9476518696905,446.89002518074983,1121.0052785586313
2018-04-23 00:00:00,349.0,385.26754008897296,48.20991340003229,722.3251667779136
2018-04-23 01:00:00,259.0,287.066395694988,0.0,624.1240223839286
2018-04-23 02:00:00,373.0,331.02934246336133,0.0,668.086969152302
2018-04-23 03:00:00,900.0,835.4130096896349,498.35538300069425,1172.4706363785756
2018-04-23 04:00:00,2864.0,2824.6778777325158,2487.620251043575,3161.7355044214564
2018-04-23 05:00:00,5769.0,5721.176503009524,5384.118876320583,6058.234129698465
2018-04-23 06:00:00,6574.0,6519.556506883695,6182.498880194755,6856.614133572635
2018-04-23 07:00:00,5970.0,5930.278282811017,5593.2206561220755,6267.335909499958
2018-04-23 08:00:00,5325.0,5014.1222067005665,4677.064580011625,5351.179833389508
2018-04-23 09:00:00,4547.0,4566.1690723397,4229.1114456507585,4903.226699028641
2018-04-23 10:00:00,4577.0,4808.883260350349,4471.825633661409,5145.940887039289
2018-04-23 11:00:00,4739.0,4828.664580582998,4491.606953894057,5165.722207271938
2018-04-23 12:00:00,4803.0,4794.787194829612,4457.729568140672,5131.844821518553
2018-04-23 13:00:00,5243.0,5231.676406999111,4894.618780310171,5568.734033688052
2018-04-23 14:00:00,5852.0,5687.535938829208,5350.478312140267,6024.593565518149
2018-04-23 15:00:00,6883.0,6439.464637889535,6102.407011200594,6776.522264578476
2018-04-23 16:00:00,6188.0,6344.904840557362,6007.847213868421,6681.962467246303
2018-04-23 17:00:00,4660.0,4493.237993727586,4156.180367038645,4830.2956204165275
2018-04-23 18:00:00,3243.0,3374.8815377062224,3037.8239110172817,3711.939164395163
2018-04-23 19:00:00,2759.0,2855.2864414218984,2518.2288147329577,3192.344068110839
2018-04-23 20:00:00,2183.0,2551.6536513583283,2214.5960246693876,2888.711278047269
2018-04-23 21:00:00,1537.0,1736.0930766245315,1399.0354499355908,2073.150703313472
2018-04-23 22:00:00,963.0,1052.1179070681178,715.0602803791771,1389.1755337570585
2018-04-23 23:00:00,530.0,565.97635420903,228.9187275200893,903.0339808979707
2018-04-24 00:00:00,330.0,350.26894761474665,13.211320925805978,687.3265743036873
2018-04-24 01:00:00,248.0,280.7037228020497,0.0,617.7613494909904
2018-04-24 02:00:00,346.0,332.04216766704104,0.0,669.0997943559817
2018-04-24 03:00:00,911.0,848.9545866673227,511.89695997838203,1186.0122133562634
2018-04-24 04:00:00,2936.0,2911.716422690252,2574.658796001311,3248.7740493791925
2018-04-24 05:00:00,5886.0,5938.199528355354,5601.141901666413,6275.257155044295
2018-04-24 06:00:00,6535.0,6599.90402564195,6262.84639895301,6936.9616523308905
2018-04-24 07:00:00,5905.0,5964.472975215424,5627.415348526483,6301.5306019043655
2018-04-24 08:00:00,5509.0,5159.2993378691335,4822.241711180193,5496.356964558074
2018-04-24 09:00:00,4540.0,4721.353501097614,4384.295874408674,5058.411127786554
2018-04-24 10:00:00,4957.0,4810.748501724247,4473.690875035307,5147.806128413187
2018-04-24 11:00:00,4881.0,5159.062034511603,4822.004407822662,5496.119661200544
2018-04-24 12:00:00,4960.0,4944.0040763735415,4606.946449684601,5281.061703062482
2018-04-24 13:00:00,5353.0,5382.569145599591,5045.511518910651,5719.626772288531
2018-04-24 14:00:00,6010.0,5813.155733888909,5476.098107199969,6150.213360577849
2018-04-24 15:00:00,7149.0,6648.389672676047,6311.3320459871065,6985.447299364987
2018-04-24 16:00:00,6253.0,6525.5875946714,6188.52996798246,6862.645221360341
2018-04-24 17:00:00,4513.0,4652.621138860187,4315.563512171246,4989.678765549128
2018-04-24 18:00:00,3325.0,3283.136599120566,2946.0789724316255,3620.194225809507
2018-04-24 19:00:00,3115.0,2909.700544797667,2572.6429181087265,3246.758171486608
2018-04-24 20:00:00,2497.0,2868.4820372647687,2531.424410575828,3205.5396639537094
2018-04-24 21:00:00,1589.0,1859.9270911704434,1522.8694644815027,2196.984717859384
2018-04-24 22:00:00,988.0,1111.7107791915876,774.6531525026469,1448.7684058805282
2018-04-24 23:00:00,532.0,574.4182176424985,237.3605909535578,911.4758443314391
2018-04-25 00:00:00,310.0,350.26894761474665,13.211320925805978,687.3265743036873
2018-04-25 01:00:00,237.0,278.464745199581,0.0,615.5223718885217
2018-04-25 02:00:00,341.0,338.74933308659433,1.691706397653661,675.806959775535
2018-04-25 03:00:00,904.0,842.7999130576321,505.74228636869145,1179.857539746573
2018-04-25 04:00:00,2917.0,2911.4994302240866,2574.441803535146,3248.5570569130273
2018-04-25 05:00:00,5866.0,5837.733949163242,5500.676322474301,6174.791575852183
2018-04-25 06:00:00,6303.0,6669.07512661313,6332.01749992419,7006.13275330207
2018-04-25 07:00:00,5850.0,5851.6388238911795,5514.581197202238,6188.696450580121
2018-04-25 08:00:00,5455.0,5245.577884656332,4908.520257967391,5582.635511345272
2018-04-25 09:00:00,4524.0,4765.013896087991,4427.95626939905,5102.071522776932
2018-04-25 10:00:00,4891.0,4757.163492863725,4420.105866174785,5094.221119552665
2018-04-25 11:00:00,5067.0,5117.374492240368,4780.316865551427,5454.43211892931
2018-04-25 12:00:00,5020.0,5113.8577334919,4776.800106802959,5450.915360180841
2018-04-25 13:00:00,5276.0,5406.200692943043,5069.143066254102,5743.258319631983
2018-04-25 14:00:00,6002.0,5735.313744511055,5398.256117822115,6072.371371199995
2018-04-25 15:00:00,6816.0,6624.837583899944,6287.779957211003,6961.895210588884
2018-04-25 16:00:00,6420.0,6483.232076444248,6146.174449755308,6820.289703133189
2018-04-25 17:00:00,4695.0,4698.79712933653,4361.73950264759,5035.85475602547
2018-04-25 18:00:00,3543.0,3417.375147476068,3080.3175207871273,3754.4327741650086
2018-04-25 19:00:00,3225.0,3036.6273981571458,2699.569771468205,3373.6850248460864
2018-04-25 20:00:00,2560.0,2940.722884835813,2603.6652581468725,3277.780511524754
2018-04-25 21:00:00,1618.0,1910.6894962994202,1573.6318696104795,2247.747122988361
2018-04-25 22:00:00,1023.0,1172.4870678259467,835.429441137006,1509.5446945148874
2018-04-25 23:00:00,551.0,581.2956777226829,244.23805103374218,918.3533044116235
2018-04-26 00:00:00,358.0,359.2722554285588,22.21462873961815,696.3298821174994
2018-04-26 01:00:00,255.0,295.17194857650367,0.0,632.2295752654443
2018-04-26 02:00:00,350.0,337.4318291174304,0.3742024284897525,674.4894558063711
2018-04-26 03:00:00,899.0,846.7470063697026,509.68937968076193,1183.8046330586433
2018-04-26 04:00:00,2953.0,2897.5105760295464,2560.4529493406058,3234.568202718487
2018-04-26 05:00:00,5813.0,5872.353048226787,5535.295421537847,6209.410674915727
2018-04-26 06:00:00,6493.0,6530.994081223853,6193.936454534913,6868.051707912793
2018-04-26 07:00:00,5890.0,5958.854205339234,5621.796578650294,6295.911832028174
2018-04-26 08:00:00,5495.0,5209.179175740657,4872.121549051717,5546.236802429597
2018-04-26 09:00:00,4675.0,4791.460577938008,4454.402951249067,5128.518204626949
2018-04-26 10:00:00,5110.0,4932.757076826627,4595.699450137687,5269.814703515567
2018-04-26 11:00:00,5078.0,5268.924763006576,4931.8671363176345,5605.982389695517
2018-04-26 12:00:00,5281.0,5175.980284864074,4838.922658175134,5513.037911553014
2018-04-26 13:00:00,5661.0,5637.909632948053,5300.852006259112,5974.967259636993
2018-04-26 14:00:00,6257.0,6132.468694511088,5795.411067822148,6469.526321200028
2018-04-26 15:00:00,7139.0,6599.998715997704,6262.9410893087625,6937.056342686645
2018-04-26 16:00:00,6372.0,6326.243095335388,5989.185468646447,6663.300722024329
2018-04-26 17:00:00,5068.0,4945.201343095772,4608.143716406832,5282.2589697847125
2018-04-26 18:00:00,3813.0,3667.3802044815134,3330.3225777925727,4004.437831170454
2018-04-26 19:00:00,3338.0,3284.2007508319734,2947.1431241430328,3621.258377520914
2018-04-26 20:00:00,3058.0,3151.2597213695763,2814.2020946806356,3488.317348058517
2018-04-26 21:00:00,2171.0,2582.1945683652652,2245.1369416763246,2919.252195054206
2018-04-26 22:00:00,1253.0,1459.535396317445,1122.4777696285043,1796.5930230063857
2018-04-26 23:00:00,683.0,671.5772954388874,334.51966874994673,1008.6349221278281
2018-04-27 00:00:00,422.0,416.2751700790037,79.21754339006304,753.3327967679444
2018-04-27 01:00:00,328.0,342.60472585168185,5.547099162741176,679.6623525406226
2018-04-27 02:00:00,380.0,380.5456138850364,43.48798719609573,717.603240573977
2018-04-27 03:00:00,849.0,844.2973663802649,507.2397396913242,1181.3549930692056
2018-04-27 04:00:00,2744.0,2808.5873178063207,2471.52969111738,3145.6449444952614
2018-04-27 05:00:00,5573.0,5730.053367742354,5392.995741053413,6067.110994431294
2018-04-27 06:00:00,6712.0,6471.72478266778,6134.667155978839,6808.7824093567215
2018-04-27 07:00:00,6109.0,5916.342264355779,5579.2846376668385,6253.399891044719
2018-04-27 08:00:00,5414.0,5265.786858105326,4928.729231416386,5602.8444847942665
2018-04-27 09:00:00,4946.0,4901.086383224952,4564.028756536012,5238.144009913893
2018-04-27 10:00:00,5365.0,5334.817222963475,4997.7595962745345,5671.874849652415
2018-04-27 11:00:00,5622.0,5524.067272876826,5187.009646187886,5861.124899565766
2018-04-27 12:00:00,5487.0,5564.532582904735,5227.474956215794,5901.590209593676
2018-04-27 13:00:00,6005.0,5771.587936929981,5434.53031024104,6108.645563618922
2018-04-27 14:00:00,6560.0,6311.74966360016,5974.6920369112195,6648.8072902891
2018-04-27 15:00:00,6471.0,6388.68252351189,6051.62489682295,6725.740150200831
2018-04-27 16:00:00,6459.0,6026.206153543621,5689.14852685468,6363.263780232563
2018-04-27 17:00:00,5355.0,5095.858584399342,4758.800957710402,5432.916211088283
2018-04-27 18:00:00,4083.0,3887.1207770840106,3550.06315039507,4224.178403772951
2018-04-27 19:00:00,3319.0,3352.650615725128,3015.592989036187,3689.7082424140685
2018-04-27 20:00:00,3384.0,3059.9202011332322,2722.8625744442916,3396.977827822173
2018-04-27 21:00:00,2709.0,2974.2013190435796,2637.143692354639,3311.2589457325203
2018-04-27 22:00:00,1942.0,1961.2088003745366,1624.151173685596,2298.2664270634773
2018-04-27 23:00:00,1097.0,1305.3007879436002,968.2431612546595,1642.3584146325409
2018-04-28 00:00:00,725.0,701.4197929258397,364.36216623689904,1038.4774196147805
2018-04-28 01:00:00,531.0,516.0747604433824,179.01713375444172,853.1323871323231
2018-04-28 02:00:00,382.0,402.0085316655611,64.95090497662045,739.0661583545018
2018-04-28 03:00:00,365.0,493.62092322762686,156.5632965386862,830.6785499165676
2018-04-28 04:00:00,744.0,734.1421165002557,397.08448981131505,1071.1997431891964
2018-04-28 05:00:00,1366.0,1455.8593833056898,1118.8017566167491,1792.9170099946305
2018-04-28 06:00:00,2330.0,2194.294354239949,1857.2367275510082,2531.3519809288896
2018-04-28 07:00:00,3737.0,3436.6827424249254,3099.6251157359848,3773.740369113866
2018-04-28 08:00:00,4509.0,4253.925046659855,3916.8674199709144,4590.982673348795
2018-04-28 09:00:00,4752.0,4670.127168677491,4333.069541988551,5007.184795366431
2018-04-28 10:00:00,5130.0,4925.704133933283,4588.6465072443425,5262.761760622223
2018-04-28 11:00:00,5453.0,5303.660240919899,4966.602614230958,5640.717867608839
2018-04-28 12:00:00,5529.0,5205.0563419144355,4867.998715225494,5542.113968603377
2018-04-28 13:00:00,5191.0,5353.821676840306,5016.764050151365,5690.879303529247
2018-04-28 14:00:00,4925.0,5011.500866227076,4674.4432395381355,5348.558492916016
2018-04-28 15:00:00,5034.0,4945.485621463123,4608.427994774182,5282.543248152064
2018-04-28 16:00:00,4991.0,4972.229219827941,4635.171593139001,5309.286846516881
2018-04-28 17:00:00,4300.0,4380.470266900295,4043.4126402113548,4717.527893589237
2018-04-28 18:00:00,3764.0,3511.2226274305162,3174.1650007415756,3848.280254119457
2018-04-28 19:00:00,3189.0,3332.2763354017547,2995.218708712814,3669.3339620906954
2018-04-28 20:00:00,3076.0,3252.935489387313,2915.877862698372,3589.9931160762535
2018-04-28 21:00:00,2900.0,3107.5036975478197,2770.446070858879,3444.5613242367604
2018-04-28 22:00:00,3360.0,2324.6377088398854,1987.5800821509447,2661.695335528826
2018-04-28 23:00:00,1532.0,1848.6704560833443,1511.6128293944037,2185.7280827722852
2018-04-29 00:00:00,821.0,882.4823291918665,545.4247025029258,1219.5399558808072
2018-04-29 01:00:00,601.0,593.6943332224353,256.6367065334946,930.7519599113759
2018-04-29 02:00:00,347.0,389.6920271406896,52.634400451748945,726.7496538296302
2018-04-29 03:00:00,280.0,345.7591248016086,8.701498112667934,682.8167514905492
2018-04-29 04:00:00,427.0,445.9784794279318,108.92085273899113,783.0361061168725
2018-04-29 05:00:00,839.0,747.3644504794921,410.30682379055145,1084.4220771684327
2018-04-29 06:00:00,1397.0,1190.4776721017538,853.4200454128131,1527.5352987906945
2018-04-29 07:00:00,2153.0,2227.6685366482693,1890.6109099593286,2564.72616333721
2018-04-29 08:00:00,3258.0,3102.009643149188,2764.9520164602473,3439.0672698381286
2018-04-29 09:00:00,3848.0,3756.54122541331,3419.483598724369,4093.5988521022505
2018-04-29 10:00:00,4381.0,4207.053605532014,3869.9959788430738,4544.111232220956
2018-04-29 11:00:00,4886.0,4710.177219159014,4373.119592470073,5047.2348458479555
2018-04-29 12:00:00,4828.0,4815.928762504726,4478.871135815785,5152.9863891936675
2018-04-29 13:00:00,4715.0,4706.6635185834475,4369.605891894507,5043.721145272388
2018-04-29 14:00:00,4570.0,4626.300404301477,4289.242777612537,4963.358030990417
2018-04-29 15:00:00,4886.0,4713.665485848786,4376.607859159845,5050.7231125377275
2018-04-29 16:00:00,4390.0,4930.651343489654,4593.593716800713,5267.708970178595
2018-04-29 17:00:00,3903.0,4091.3742391950086,3754.316612506068,4428.431865883949
2018-04-29 18:00:00,3351.0,3431.059873003592,3094.0022463146515,3768.117499692533
2018-04-29 19:00:00,3026.0,2969.1868709949727,2632.129244306032,3306.2444976839133
2018-04-29 20:00:00,2367.0,2675.44323418851,2338.3856074995692,3012.5008608774506
2018-04-29 21:00:00,1703.0,1815.527191837126,1478.4695651481854,2152.5848185260666
2018-04-29 22:00:00,1035.0,1103.4014679988047,766.343841309864,1440.4590946877454
2018-04-29 23:00:00,541.0,562.5976295057869,225.54000281684625,899.6552561947276
2018-04-30 00:00:00,327.0,349.5576829432394,12.500056254298727,686.61530963218
2018-04-30 01:00:00,275.0,279.69089759837,0.0,616.7485242873106
2018-04-30 02:00:00,355.0,334.5778040773325,0.0,671.6354307662732
2018-04-30 03:00:00,891.0,832.8326270316228,495.7750003426821,1169.8902537205636
2018-04-30 04:00:00,2871.0,2829.1936985325733,2492.1360718436326,3166.251325221514
2018-04-30 05:00:00,5730.0,5749.606186725098,5412.548560036157,6086.663813414039
2018-04-30 06:00:00,6633.0,6466.973182091968,6129.915555403028,6804.030808780908
2018-04-30 07:00:00,5724.0,6039.384923548491,5702.32729685955,6376.442550237432
2018-04-30 08:00:00,5171.0,4937.396908839532,4600.339282150591,5274.454535528474
2018-04-30 09:00:00,4523.0,4499.2677109626975,4162.210084273756,4836.325337651639
2018-04-30 10:00:00,4619.0,4741.131595908766,4404.073969219826,5078.189222597706
2018-04-30 11:00:00,4825.0,4888.1003923013495,4551.042765612408,5225.158018990291
2018-04-30 12:00:00,4837.0,4877.034957673772,4539.9773309848315,5214.092584362712
2018-04-30 13:00:00,5147.0,5242.089819305161,4905.03219261622,5579.147445994102
2018-04-30 14:00:00,5792.0,5616.449006279074,5279.3913795901335,5953.506632968014
2018-04-30 15:00:00,6901.0,6432.968983795874,6095.911357106934,6770.026610484814
2018-04-30 16:00:00,6184.0,6351.472656131794,6014.415029442853,6688.530282820735
2018-04-30 17:00:00,4568.0,4494.435688783356,4157.378062094416,4831.493315472297
2018-04-30 18:00:00,3259.0,3282.48864349678,2945.431016807839,3619.5462701857205
2018-04-30 19:00:00,2673.0,2853.746227065871,2516.6886003769305,3190.803853754812
2018-04-30 20:00:00,2329.0,2522.609636989291,2185.5520103003505,2859.667263678232
2018-04-30 21:00:00,1594.0,1742.8734797503782,1405.8158530614376,2079.9311064393187
2018-04-30 22:00:00,1061.0,1040.8433074081745,703.7856807192338,1377.9009340971152
2018-04-30 23:00:00,576.0,602.5424006494299,265.4847739604892,939.6000273383705
2018-05-01 00:00:00,395.0,366.6513438066616,29.593717117720928,703.7089704956022
2018-05-01 01:00:00,275.0,309.50579396552655,0.0,646.5634206544672
2018-05-01 02:00:00,370.0,336.9727573994597,0.0,674.0303840884003
2018-05-01 03:00:00,916.0,864.4488892999509,527.3912626110102,1201.5065159888916
2018-05-01 04:00:00,2893.0,3043.439373953032,2706.3817472640912,3380.4970006419726
2018-05-01 05:00:00,5653.0,5941.0890125480855,5604.031385859145,6278.146639237026
2018-05-01 06:00:00,6046.0,6354.465498277276,6017.407871588335,6691.523124966217
2018-05-01 07:00:00,6140.0,5765.63520517367,5428.57757848473,6102.692831862611
2018-05-01 08:00:00,5420.0,5263.2035200254395,4926.145893336499,5600.26114671438
2018-05-01 09:00:00,4468.0,4618.302642352519,4281.245015663579,4955.360269041459
2018-05-01 10:00:00,4473.0,4698.223671675629,4361.166044986689,5035.281298364569
2018-05-01 11:00:00,5111.0,4723.082897792952,4386.025271104012,5060.1405244818925
2018-05-01 12:00:00,4988.0,5091.196355920704,4754.138729231763,5428.253982609645
2018-05-01 13:00:00,4926.0,5374.430010312216,5037.372383623275,5711.487637001157
2018-05-01 14:00:00,5802.0,5417.19742301596,5080.139796327019,5754.2550497049015
2018-05-01 15:00:00,6900.0,6484.460901301215,6147.403274612274,6821.518527990156
2018-05-01 16:00:00,6410.0,6527.138513932102,6190.080887243161,6864.196140621043
2018-05-01 17:00:00,4866.0,4698.594641500351,4361.537014811411,5035.652268189291
2018-05-01 18:00:00,3411.0,3407.789043898375,3070.7314172094343,3744.8466705873157
2018-05-01 19:00:00,2907.0,2982.6053860119528,2645.547759323012,3319.6630127008934
2018-05-01 20:00:00,2287.0,2590.057219475608,2252.999592786667,2927.1148461645485
2018-05-01 21:00:00,1438.0,1646.952999668057,1309.8953729791162,1984.0106263569976
2018-05-01 22:00:00,1093.0,1038.6385140914522,701.5808874025115,1375.6961407803929
2018-05-01 23:00:00,517.0,605.0902106507529,268.0325839618122,942.1478373396935
2018-05-02 00:00:00,324.0,351.7932400533243,14.735613364383653,688.850866742265
2018-05-02 01:00:00,253.0,282.0858509204972,0.0,619.1434776094379
2018-05-02 02:00:00,351.0,333.42429578548854,0.0,670.4819224744292
2018-05-02 03:00:00,915.0,861.6984604286789,524.6408337397382,1198.7560871176197
2018-05-02 04:00:00,2959.0,3016.721294043918,2679.6636673549774,3353.7789207328588
2018-05-02 05:00:00,5910.0,5977.55727882089,5640.49965213195,6314.61490550983
2018-05-02 06:00:00,6606.0,6436.800815316553,6099.743188627612,6773.858442005494
2018-05-02 07:00:00,5676.0,5997.842309676152,5660.7846829872105,6334.899936365093
2018-05-02 08:00:00,5638.0,5137.387738314729,4800.330111625788,5474.44536500367
2018-05-02 09:00:00,4815.0,4823.205540734744,4486.147914045803,5160.263167423685
2018-05-02 10:00:00,4999.0,5058.040937899954,4720.983311211014,5395.098564588894
2018-05-02 11:00:00,5088.0,5188.570825218182,4851.513198529241,5525.628451907123
2018-05-02 12:00:00,5034.0,5142.832382980452,4805.774756291512,5479.890009669392
2018-05-02 13:00:00,5179.0,5400.738468295205,5063.680841606265,5737.796094984145
2018-05-02 14:00:00,5913.0,5694.687261967294,5357.629635278354,6031.744888656234
2018-05-02 15:00:00,6935.0,6519.149485600509,6182.091858911568,6856.20711228945
2018-05-02 16:00:00,6291.0,6561.039667319171,6223.98204063023,6898.097294008112
2018-05-02 17:00:00,4763.0,4680.953579743261,4343.89595305432,5018.011206432202
2018-05-02 18:00:00,3518.0,3444.9888252099686,3107.931198521028,3782.0464518989093
2018-05-02 19:00:00,3114.0,3072.332995030398,2735.275368341457,3409.3906217193385
2018-05-02 20:00:00,2634.0,2832.0307850022537,2494.973158313313,3169.0884116911943
2018-05-02 21:00:00,1721.0,1904.174082903397,1567.1164562144563,2241.2317095923377
2018-05-02 22:00:00,1074.0,1322.226679076425,985.1690523874843,1659.2843057653656
2018-05-02 23:00:00,591.0,606.8348916762483,269.7772649873076,943.892518365189
2018-05-03 00:00:00,373.0,369.26127085300726,32.20364416406659,706.318897541948
2018-05-03 01:00:00,259.0,303.90533073155467,0.0,640.9629574204953
2018-05-03 02:00:00,345.0,333.42429578548854,0.0,670.4819224744292
2018-05-03 03:00:00,937.0,859.2725549412702,522.2149282523295,1196.330181630211
2018-05-03 04:00:00,3025.0,3015.7804849429103,2678.7228582539697,3352.838111631851
2018-05-03 05:00:00,5893.0,5943.004523812876,5605.946897123935,6280.062150501817
2018-05-03 06:00:00,6457.0,6463.462492793261,6126.40486610432,6800.520119482202
2018-05-03 07:00:00,6084.0,5996.092116584614,5659.034489895674,6333.149743273554
2018-05-03 08:00:00,5289.0,5327.09375616645,4990.036129477508,5664.151382855391
2018-05-03 09:00:00,4763.0,4765.518388843379,4428.460762154438,5102.5760155323205
2018-05-03 10:00:00,4987.0,5021.144249500608,4684.0866228116665,5358.201876189549
2018-05-03 11:00:00,5210.0,5247.668390549929,4910.610763860988,5584.726017238871
2018-05-03 12:00:00,5332.0,5304.459663377221,4967.40203668828,5641.517290066162
2018-05-03 13:00:00,5462.0,5699.680486211368,5362.6228595224275,6036.738112900308
2018-05-03 14:00:00,6103.0,5958.548878600227,5621.491251911286,6295.606505289168
2018-05-03 15:00:00,6977.0,6580.022619720283,6242.964993031343,6917.080246409223
2018-05-03 16:00:00,6630.0,6469.8135118691425,6132.755885180202,6806.871138558083
2018-05-03 17:00:00,5019.0,4979.49972217219,4642.442095483249,5316.55734886113
2018-05-03 18:00:00,3664.0,3709.9424718115147,3372.884845122574,4047.0000985004554
2018-05-03 19:00:00,3325.0,3195.9960694056,2858.938442716659,3533.0536960945406
2018-05-03 20:00:00,2716.0,3081.3756927956397,2744.318066106699,3418.4333194845804
2018-05-03 21:00:00,1918.0,2112.778431317094,1775.7208046281535,2449.836058006035
2018-05-03 22:00:00,1308.0,1301.32041987303,964.2627931840893,1638.3780465619707
2018-05-03 23:00:00,655.0,709.1470522167333,372.0894255277926,1046.204678905674
2018-05-04 00:00:00,393.0,391.28525978665493,54.22763309771426,728.3428864755956
2018-05-04 01:00:00,338.0,317.8601048068789,0.0,654.9177314958196
2018-05-04 02:00:00,409.0,397.60298229711253,60.54535560817186,734.6606089860531
2018-05-04 03:00:00,882.0,869.5988208894802,532.5411942005395,1206.6564475784207
2018-05-04 04:00:00,2841.0,2933.6650651616296,2596.607438472689,3270.7226918505703
2018-05-04 05:00:00,5503.0,5765.641278461511,5428.583651772571,6102.6989051504515
2018-05-04 06:00:00,6587.0,6316.92864434358,5979.871017654639,6653.9862710325215
2018-05-04 07:00:00,5771.0,5804.571102239533,5467.5134755505915,6141.628728928474
2018-05-04 08:00:00,5156.0,5262.596835045279,4925.539208356338,5599.654461734219
2018-05-04 09:00:00,4982.0,4768.297248674072,4431.239621985131,5105.354875363013
2018-05-04 10:00:00,5275.0,5337.838721292723,5000.781094603783,5674.896347981663
2018-05-04 11:00:00,5528.0,5510.820647831671,5173.7630211427295,5847.878274520612
2018-05-04 12:00:00,5557.0,5523.9122825288805,5186.854655839939,5860.969909217822
2018-05-04 13:00:00,5869.0,5803.7545630408,5466.69693635186,6140.812189729741
2018-05-04 14:00:00,6262.0,6176.952143565701,5839.8945168767605,6514.009770254641
2018-05-04 15:00:00,6662.0,6417.430018152626,6080.372391463685,6754.487644841567
2018-05-04 16:00:00,6014.0,6202.626785642125,5865.569158953183,6539.684412331066
2018-05-04 17:00:00,5024.0,4996.92630564857,4659.868678959629,5333.983932337511
2018-05-04 18:00:00,4000.0,3815.576791039985,3478.5191643510443,4152.634417728926
2018-05-04 19:00:00,3541.0,3276.501177608042,2939.443550919101,3613.5588042969825
2018-05-04 20:00:00,3323.0,3220.514516096622,2883.4568894076815,3557.572142785563
2018-05-04 21:00:00,2718.0,3010.0026933920876,2672.945066703147,3347.0603200810283
2018-05-04 22:00:00,2103.0,2091.149341168799,1754.0917144798582,2428.2069678577395
2018-05-04 23:00:00,1446.0,1465.0992294234043,1128.0416027344636,1802.156856112345
2018-05-05 00:00:00,691.0,824.3294288146368,487.2718021256961,1161.3870555035774
2018-05-05 03:00:00,399.0,445.4412017216441,108.38357503270345,782.4988284105848
2018-05-05 04:00:00,687.0,835.8185776667947,498.760950977854,1172.8762043557354
2018-05-05 05:00:00,1382.0,1372.9277903164216,1035.870163627481,1709.9854170053623
2018-05-05 06:00:00,2248.0,2166.143494246184,1829.0858675572435,2503.201120935125
2018-05-05 07:00:00,3095.0,3239.571576140269,2902.5139494513282,3576.6292028292096
2018-05-05 08:00:00,3848.0,3909.311146613939,3572.2535199249983,4246.36877330288
2018-05-05 09:00:00,3915.0,4133.306114200354,3796.2484875114137,4470.3637408892955
2018-05-05 10:00:00,4280.0,4316.588617184838,3979.530990495897,4653.646243873778
2018-05-05 11:00:00,4775.0,4663.995424965673,4326.937798276733,5001.053051654613
2018-05-05 12:00:00,4730.0,4802.121820366391,4465.06419367745,5139.179447055332
2018-05-05 13:00:00,4394.0,4779.249273876888,4442.191647187947,5116.306900565829
2018-05-05 14:00:00,4699.0,4503.263317150586,4166.205690461646,4840.320943839526
2018-05-05 15:00:00,4580.0,4814.29332462129,4477.235697932349,5151.350951310231
2018-05-05 16:00:00,4539.0,4443.10211006289,4106.044483373949,4780.15973675183
2018-05-05 17:00:00,4156.0,4271.54584375457,3934.4882170656297,4608.6034704435115
2018-05-05 18:00:00,3146.0,3428.997336613476,3091.9397099245352,3766.0549633024166
2018-05-05 19:00:00,2767.0,2834.980987094141,2497.9233604052,3172.0386137830815
2018-05-05 20:00:00,2922.0,2883.5065312762918,2546.448904587351,3220.5641579652324
2018-05-05 21:00:00,3145.0,2791.369247426108,2454.3116207371672,3128.4268741150486
2018-05-05 22:00:00,2432.0,2163.1981896434445,1826.1405629545038,2500.255816332385
2018-05-05 23:00:00,1674.0,1458.211044269351,1121.1534175804104,1795.2686709582918
2018-05-06 00:00:00,784.0,972.141849401897,635.0842227129564,1309.1994760908378
2018-05-06 01:00:00,509.0,573.099638468066,236.04201177912535,910.1572651570067
2018-05-06 02:00:00,346.0,368.11887704315194,31.061250354211268,705.1765037320927
2018-05-06 03:00:00,269.0,347.31533954014753,10.257712851206861,684.3729662290882
2018-05-06 04:00:00,459.0,441.12209228124846,104.06446559230778,778.1797189701891
2018-05-06 05:00:00,998.0,831.2983291876545,494.24070249871386,1168.355955876595
2018-05-06 06:00:00,1332.0,1450.0538519441507,1112.99622525521,1787.1114786330913
2018-05-06 07:00:00,2390.0,2157.1525906968805,1820.0949640079398,2494.210217385821
2018-05-06 08:00:00,3000.0,3301.167088279452,2964.1094615905113,3638.2247149683926
2018-05-06 09:00:00,3568.0,3557.964692924122,3220.9070662351814,3895.022319613063
2018-05-06 10:00:00,3914.0,4006.357851160762,3669.3002244718214,4343.415477849703
2018-05-06 11:00:00,4053.0,4235.24214185288,3898.1845151639395,4572.299768541821
2018-05-06 12:00:00,4237.0,4214.3109901540365,3877.253363465096,4551.368616842978
2018-05-06 13:00:00,4295.0,4266.660809109883,3929.6031824209426,4603.718435798824
2018-05-06 14:00:00,4332.0,4330.076980185396,3993.019353496455,4667.134606874337
2018-05-06 15:00:00,4181.0,4331.783646199606,3994.726019510665,4668.841272888547
2018-05-06 16:00:00,3739.0,4076.3678638372944,3739.3102371483537,4413.425490526235
2018-05-06 17:00:00,3778.0,3472.8374903762656,3135.779863687325,3809.8951170652063
2018-05-06 18:00:00,3041.0,3303.1734665943072,2966.1158399053666,3640.231093283248
2018-05-06 19:00:00,2658.0,2768.561178811363,2431.503552122422,3105.6188055003036
2018-05-06 20:00:00,2350.0,2453.825686311938,2116.7680596229975,2790.883313000879
2018-05-06 21:00:00,1717.0,1854.8133158645805,1517.7556891756399,2191.870942553521
2018-05-06 22:00:00,1248.0,1211.4760167890981,874.4183901001575,1548.5336434780388
2018-05-06 23:00:00,597.0,658.2220111363847,321.16438444744404,995.2796378253254
2018-05-07 00:00:00,353.0,367.9881468885512,30.930520199610555,705.0457735774919
2018-05-07 01:00:00,244.0,287.10984454790946,0.0,624.1674712368501
2018-05-07 02:00:00,326.0,331.5304165791267,0.0,668.5880432680674
2018-05-07 03:00:00,875.0,800.8319812021903,463.7743545132496,1137.889607891131
2018-05-07 04:00:00,2729.0,2851.3890278563904,2514.3314011674497,3188.446654545331
2018-05-07 05:00:00,5780.0,5559.388402010692,5222.3307753217505,5896.446028699633
2018-05-07 06:00:00,6339.0,6567.667776648628,6230.610149959688,6904.725403337568
2018-05-07 07:00:00,5793.0,5699.233050701287,5362.175424012346,6036.290677390227
2018-05-07 08:00:00,4932.0,4969.5444885564575,4632.486861867517,5306.602115245398
2018-05-07 09:00:00,4369.0,4324.746413343051,3987.6887866541106,4661.8040400319915
2018-05-07 10:00:00,4608.0,4499.362411381973,4162.304784693033,4836.4200380709135
2018-05-07 11:00:00,4792.0,4829.705949690018,4492.648323001078,5166.7635763789585
2018-05-07 12:00:00,4815.0,4849.667638609723,4512.610011920782,5186.725265298664
2018-05-07 13:00:00,4969.0,5260.250854075346,4923.193227386406,5597.308480764286
2018-05-07 14:00:00,5799.0,5446.2599711456705,5109.202344456729,5783.317597834612
2018-05-07 15:00:00,6663.0,6379.683047162655,6042.625420473714,6716.7406738515965
2018-05-07 16:00:00,6197.0,6256.969640207092,5919.912013518151,6594.027266896033
2018-05-07 17:00:00,4502.0,4451.709896616265,4114.652269927325,4788.767523305205
2018-05-07 18:00:00,3292.0,3249.3524268463116,2912.294800157371,3586.4100535352522
2018-05-07 19:00:00,2791.0,2833.4118114353223,2496.3541847463816,3170.469438124263
2018-05-07 20:00:00,2494.0,2541.694604294877,2204.6369776059364,2878.7522309838178
2018-05-07 21:00:00,1591.0,1786.247956724809,1449.1903300358683,2123.3055834137494
2018-05-07 22:00:00,1010.0,1024.3711628772833,687.3135361883426,1361.428789566224
2018-05-07 23:00:00,585.0,568.6691206301075,231.61149394116683,905.7267473190482
2018-05-08 00:00:00,356.0,371.6337971398202,34.576170450879545,708.6914238287609
2018-05-08 01:00:00,264.0,296.55407669495116,0.0,633.6117033838918
2018-05-08 02:00:00,331.0,334.7932696518929,0.0,671.8508963408335
2018-05-08 03:00:00,868.0,827.9017237093486,490.84409702040796,1164.9593503982892
2018-05-08 04:00:00,2849.0,2918.3631896012994,2581.3055629123587,3255.42081629024
2018-05-08 05:00:00,5958.0,5878.50580140833,5541.4481747193895,6215.56342809727
2018-05-08 06:00:00,6651.0,6699.318016377963,6362.260389689023,7036.375643066904
2018-05-08 07:00:00,6203.0,6094.15008347251,5757.09245678357,6431.20771016145
2018-05-08 08:00:00,5428.0,5234.413044794007,4897.355418105066,5571.470671482948
2018-05-08 09:00:00,4500.0,4664.050928372892,4326.993301683951,5001.108555061832
2018-05-08 10:00:00,4614.0,4743.98512094826,4406.92749425932,5081.042747637201
2018-05-08 11:00:00,4601.0,4907.212323772585,4570.154697083644,5244.269950461525
2018-05-08 12:00:00,4583.0,4780.788402609873,4443.7307759209325,5117.846029298813
2018-05-08 13:00:00,5196.0,4947.39304181113,4610.33541512219,5284.450668500071
2018-05-08 14:00:00,5855.0,5688.030115448933,5350.972488759993,6025.087742137874
2018-05-08 15:00:00,6578.0,6524.8741139919275,6187.816487302987,6861.931740680868
2018-05-08 16:00:00,6279.0,6224.088945255051,5887.031318566111,6561.146571943991
2018-05-08 17:00:00,4545.0,4589.620919133175,4252.563292444234,4926.678545822117
2018-05-08 18:00:00,3274.0,3282.358901951205,2945.3012752622644,3619.4165286401458
2018-05-08 19:00:00,3044.0,2901.117314062212,2564.059687373271,3238.1749407511525
2018-05-08 20:00:00,2334.0,2817.696344671663,2480.6387179827225,3154.753971360604
2018-05-08 21:00:00,1513.0,1692.3697525240195,1355.3121258350789,2029.4273792129602
2018-05-08 22:00:00,1027.0,1058.7696715053628,721.7120448164221,1395.8272981943035
2018-05-08 23:00:00,516.0,574.4182176424985,237.3605909535578,911.4758443314391
2018-05-09 00:00:00,319.0,351.7932400533243,14.735613364383653,688.850866742265
2018-05-09 01:00:00,261.0,279.8468733180285,0.0,616.9045000069691
2018-05-09 02:00:00,340.0,334.7932696518929,0.0,671.8508963408335
2018-05-09 03:00:00,885.0,858.1755254405113,521.1178987515706,1195.2331521294518
2018-05-09 04:00:00,2881.0,2971.8972899409973,2634.8396632520567,3308.954916629938
2018-05-09 05:00:00,6008.0,5872.936052945276,5535.878426256335,6209.993679634217
2018-05-09 06:00:00,6523.0,6686.28849388494,6349.230867196,7023.34612057388
2018-05-09 07:00:00,6254.0,5982.583326958547,5645.525700269607,6319.640953647488
2018-05-09 08:00:00,5210.0,5313.612672349889,4976.555045660949,5650.670299038829
2018-05-09 09:00:00,4720.0,4587.400779552861,4250.343152863921,4924.458406241802
2018-05-09 10:00:00,4693.0,4941.094186743535,4604.036560054594,5278.151813432476
2018-05-09 11:00:00,4840.0,4939.282323226578,4602.224696537638,5276.339949915518
2018-05-09 12:00:00,4933.0,4915.222133185478,4578.164506496538,5252.279759874418
2018-05-09 13:00:00,5109.0,5373.539635752648,5036.482009063708,5710.597262441588
2018-05-09 14:00:00,6159.0,5522.835308520593,5185.777681831652,5859.892935209533
2018-05-09 15:00:00,6844.0,6608.189016759417,6271.131390070477,6945.246643448358
2018-05-09 16:00:00,6436.0,6357.135736673423,6020.078109984483,6694.193363362363
2018-05-09 17:00:00,4768.0,4768.31311618846,4431.255489499519,5105.370742877401
2018-05-09 18:00:00,3511.0,3395.544528883777,3058.486902194836,3732.6021555727175
2018-05-09 19:00:00,3287.0,3069.5323503238,2732.4747236348594,3406.5899770127407
2018-05-09 20:00:00,2734.0,2914.2115413789516,2577.153914690011,3251.269168067892
2018-05-09 21:00:00,1736.0,2039.0049826591478,1701.9473559702071,2376.0626093480887
2018-05-09 22:00:00,1466.0,1354.6200839294481,1017.5624572405075,1691.6777106183888
2018-05-09 23:00:00,633.0,835.6896529944993,498.6320263055586,1172.74727968344
2018-05-10 00:00:00,364.0,385.1307147124131,48.07308802347245,722.1883414013538
2018-05-10 01:00:00,270.0,297.6511061957103,0.0,634.708732884651
2018-05-10 02:00:00,374.0,334.7932696518929,0.0,671.8508963408335
2018-05-10 03:00:00,928.0,897.6985673804094,560.6409406914687,1234.75619406935
2018-05-10 04:00:00,2881.0,3024.5326139044178,2687.474987215477,3361.5902405933584
2018-05-10 05:00:00,5840.0,5915.545593091569,5578.487966402628,6252.603219780509
2018-05-10 06:00:00,6197.0,6542.542494808676,6205.4848681197345,6879.600121497617
2018-05-10 07:00:00,5690.0,5793.068434436095,5456.010807747154,6130.126061125036
2018-05-10 08:00:00,5568.0,5200.96256105436,4863.904934365419,5538.020187743301
2018-05-10 09:00:00,4691.0,4803.5686823370515,4466.51105564811,5140.626309025993
2018-05-10 10:00:00,5120.0,4953.800905665766,4616.7432789768245,5290.858532354707
2018-05-10 11:00:00,5268.0,5299.2300791298085,4962.172452440867,5636.28770581875
2018-05-10 12:00:00,5140.0,5334.741453095715,4997.683826406774,5671.799079784656
2018-05-10 13:00:00,5599.0,5532.193914865553,5195.136288176613,5869.251541554493
2018-05-10 14:00:00,6364.0,6031.0404688329845,5693.982842144043,6368.098095521926
2018-05-10 15:00:00,7074.0,6557.670243002406,6220.612616313465,6894.727869691347
2018-05-10 16:00:00,6722.0,6328.885936331343,5991.828309642402,6665.943563020284
2018-05-10 17:00:00,5110.0,5048.44844706237,4711.39082037343,5385.50607375131
2018-05-10 18:00:00,3824.0,3712.83770647471,3375.7800797857694,4049.895333163651
2018-05-10 19:00:00,3310.0,3283.6203935865115,2946.562766897571,3620.678020275452
2018-05-10 20:00:00,2906.0,3064.5771570512643,2727.5195303623236,3401.634783740205
2018-05-10 21:00:00,2014.0,2221.249311777555,1884.1916850886141,2558.3069384664955
2018-05-10 22:00:00,1287.0,1357.096363049992,1020.0387363610514,1694.1539897389328
2018-05-10 23:00:00,660.0,681.6619366193972,344.60430993045657,1018.7195633083379
2018-05-11 00:00:00,379.0,388.0703820310745,51.0127553421338,725.1280087200151
2018-05-11 01:00:00,302.0,305.48442460740216,0.0,642.5420512963428
2018-05-11 02:00:00,342.0,369.5321305078524,32.47450381891173,706.589757196793
2018-05-11 03:00:00,814.0,846.0282336026321,508.9706069136914,1183.0858602915728
2018-05-11 04:00:00,2640.0,2812.7704805629915,2475.712853874051,3149.828107251932
2018-05-11 05:00:00,5561.0,5646.854862333485,5309.797235644544,5983.912489022425
2018-05-11 06:00:00,6472.0,6553.651807562101,6216.59418087316,6890.709434251041
2018-05-11 07:00:00,5594.0,5839.869461055669,5502.811834366728,6176.927087744609
2018-05-11 08:00:00,5189.0,5201.7126197483685,4864.654993059428,5538.770246437309
2018-05-11 09:00:00,4978.0,4837.3662781287485,4500.308651439807,5174.42390481769
2018-05-11 10:00:00,5292.0,5341.146711570486,5004.089084881545,5678.2043382594275
2018-05-11 11:00:00,5530.0,5495.604059664487,5158.546432975547,5832.661686353427
2018-05-11 12:00:00,5323.0,5523.9122825288805,5186.854655839939,5860.969909217822
2018-05-11 13:00:00,5648.0,5658.1114862248,5321.053859535859,5995.16911291374
2018-05-11 14:00:00,6354.0,6010.631495678374,5673.573868989433,6347.689122367316
2018-05-11 15:00:00,6858.0,6420.518980164507,6083.461353475566,6757.5766068534485
2018-05-11 16:00:00,5773.0,6264.299016908483,5927.241390219542,6601.356643597424
2018-05-11 17:00:00,5138.0,4824.17041927388,4487.11279258494,5161.22804596282
2018-05-11 18:00:00,3863.0,3795.873832259468,3458.8162055705275,4132.931458948409
2018-05-11 19:00:00,3108.0,3237.2713979825053,2900.2137712935646,3574.329024671446
2018-05-11 20:00:00,3134.0,3060.2433871576727,2723.185760468732,3397.3010138466134
2018-05-11 21:00:00,2436.0,2866.9024426897504,2529.8448160008097,3203.960069378691
2018-05-11 22:00:00,1740.0,1688.019984566401,1350.9623578774604,2025.0776112553417
2018-05-11 23:00:00,1107.0,1186.8115069214307,849.75388023249,1523.8691336103714
2018-05-12 00:00:00,642.0,697.663569828687,360.6059431397463,1034.7211965176275
2018-05-12 01:00:00,427.0,418.6786051849316,81.62097849599093,755.7362318738723
2018-05-12 02:00:00,482.0,375.74942440470016,38.69179771575949,712.8070510936409
2018-05-12 03:00:00,440.0,667.1255078108981,330.0678811219574,1004.1831344998387
2018-05-12 04:00:00,809.0,937.1949052796484,600.1372785907078,1274.2525319685892
2018-05-12 05:00:00,1428.0,1493.3779832017224,1156.3203565127817,1830.435609890663
2018-05-12 06:00:00,2113.0,2151.982259696673,1814.9246330077322,2489.0398863856135
2018-05-12 07:00:00,3110.0,3075.1227729793477,2738.065146290407,3412.1803996682884
2018-05-12 08:00:00,3792.0,3879.8517322969506,3542.79410560801,4216.909358985891
2018-05-12 09:00:00,4455.0,4196.686426087947,3859.6287993990068,4533.744052776889
2018-05-12 10:00:00,4818.0,4834.122211032922,4497.064584343982,5171.179837721862
2018-05-12 11:00:00,5167.0,4969.457622257841,4632.3999955689,5306.515248946782
2018-05-12 12:00:00,4769.0,5073.3327938571265,4736.275167168185,5410.390420546068
2018-05-12 13:00:00,4631.0,4730.306532382031,4393.24890569309,5067.364159070972
2018-05-12 14:00:00,4283.0,4705.649154238583,4368.591527549643,5042.706780927523
2018-05-12 15:00:00,4148.0,4301.67703766385,3964.619410974909,4638.734664352791
2018-05-12 16:00:00,3972.0,4170.813104969428,3833.7554782804878,4507.87073165837
2018-05-12 17:00:00,3736.0,3737.4413787492854,3400.3837520603447,4074.499005438226
2018-05-12 18:00:00,3060.0,3269.7294937816546,2932.671867092714,3606.7871204705953
2018-05-12 19:00:00,2718.0,2815.6951972206516,2478.637570531711,3152.7528239095923
2018-05-12 20:00:00,2727.0,2819.8877404116297,2482.830113722689,3156.9453671005704
2018-05-12 21:00:00,2527.0,2615.5911849117265,2278.533558222786,2952.648811600667
2018-05-12 22:00:00,2033.0,1936.6754719274209,1599.6178452384802,2273.7330986163615
2018-05-12 23:00:00,1191.0,1250.3351846455785,913.2775579566378,1587.3928113345191
2018-05-13 00:00:00,756.0,753.0797091540893,416.0220824651486,1090.13733584303
2018-05-13 01:00:00,622.0,528.8475732292084,191.7899465402677,865.905199918149
2018-05-13 02:00:00,353.0,388.9685986447486,51.91097195580795,726.0262253336894
2018-05-13 03:00:00,342.0,342.8336886704605,5.776061981519831,679.8913153594012
2018-05-13 04:00:00,460.0,575.6725469850213,238.61492029608064,912.730173673962
2018-05-13 05:00:00,868.0,806.0420245398677,468.98439785092705,1143.0996512288084
2018-05-13 06:00:00,1304.0,1197.0001097313298,859.9424830423891,1534.0577364202704
2018-05-13 07:00:00,1965.0,2112.7832167938454,1775.7255901049048,2449.840843482786
2018-05-13 08:00:00,3117.0,2888.9996810873413,2551.9420543984006,3226.057307776282
2018-05-13 09:00:00,3725.0,3620.8264577754176,3283.768831086477,3957.8840844643582
2018-05-13 10:00:00,3983.0,4081.0095537949687,3743.951927106028,4418.067180483909
2018-05-13 11:00:00,4088.0,4234.50845604892,3897.4508293599797,4571.5660827378615
2018-05-13 12:00:00,4184.0,4199.245477428261,3862.1878507393208,4536.303104117202
2018-05-13 13:00:00,4091.0,4261.814332831211,3924.75670614227,4598.871959520151
2018-05-13 14:00:00,4072.0,4197.8890795514235,3860.831452862483,4534.946706240364
2018-05-13 15:00:00,4169.0,4133.382144909697,3796.324518220756,4470.439771598638
2018-05-13 16:00:00,3827.0,3996.9282946033145,3659.870667914374,4333.985921292255
2018-05-13 17:00:00,3555.0,3584.686802676567,3247.6291759876262,3921.7444293655076
2018-05-13 18:00:00,3256.0,3056.2728369150745,2719.215210226134,3393.330463604015
2018-05-13 19:00:00,3049.0,2839.8135712345497,2502.755944545609,3176.8711979234904
2018-05-13 20:00:00,2586.0,2627.9302930610693,2290.8726663721286,2964.98791975001
2018-05-13 21:00:00,1759.0,2039.9073952465683,1702.8497685576276,2376.965021935509
2018-05-13 22:00:00,1077.0,1199.9694042863114,862.9117775973707,1537.027030975252
2018-05-13 23:00:00,598.0,598.9827190046666,261.9250923157259,936.0403456936073
2018-05-14 00:00:00,366.0,367.9454628460217,30.88783615708104,705.0030895349623
2018-05-14 01:00:00,243.0,294.2025722257454,0.0,631.260198914686
2018-05-14 02:00:00,308.0,330.22095798881026,0.0,667.2785846777509
2018-05-14 03:00:00,875.0,780.913691428765,443.8560647398243,1117.9713181177058
2018-05-14 04:00:00,2816.0,2843.2762328860704,2506.2186061971297,3180.333859575011
2018-05-14 05:00:00,5792.0,5680.90302429763,5343.845397608689,6017.96065098657
2018-05-14 06:00:00,6559.0,6501.80941310278,6164.751786413839,6838.867039791721
2018-05-14 07:00:00,5870.0,5920.48923952637,5583.4316128374285,6257.546866215311
2018-05-14 08:00:00,5052.0,4976.53424836919,4639.476621680249,5313.591875058131
2018-05-14 09:00:00,4392.0,4405.145900716275,4068.088274027334,4742.203527405216
2018-05-14 10:00:00,4573.0,4592.990310123829,4255.9326834348885,4930.047936812769
2018-05-14 11:00:00,4794.0,4791.335325778355,4454.277699089414,5128.392952467295
2018-05-14 12:00:00,4831.0,4892.3798945284525,4555.322267839512,5229.437521217393
2018-05-14 13:00:00,5025.0,5237.133571864603,4900.075945175662,5574.191198553544
2018-05-14 14:00:00,5598.0,5473.7866684562205,5136.729041767279,5810.844295145162
2018-05-14 15:00:00,6463.0,6331.080430190527,5994.022803501586,6668.138056879468
2018-05-14 16:00:00,5971.0,6117.719647949233,5780.662021260292,6454.777274638174
2018-05-14 17:00:00,4545.0,4406.1579065435635,4069.100279854623,4743.215533232504
2018-05-14 18:00:00,3113.0,3255.800413636407,2918.7427869474664,3592.8580403253477
2018-05-14 19:00:00,2681.0,2685.572888701607,2348.5152620126664,3022.6305153905478
2018-05-14 20:00:00,2293.0,2494.8817185527205,2157.82409186378,2831.939345241661
2018-05-14 21:00:00,2107.0,1615.3435642659845,1278.2859375770438,1952.4011909549251
2018-05-14 22:00:00,1022.0,1376.3548931039932,1039.2972664150525,1713.4125197929338
2018-05-14 23:00:00,555.0,561.2511263408268,224.1934996518861,898.3087530297674
2018-05-15 00:00:00,309.0,359.03912536987247,21.981498680931793,696.0967520588131
2018-05-15 01:00:00,248.0,272.39754891883786,0.0,609.4551756077785
2018-05-15 02:00:00,349.0,333.42429578548854,0.0,670.4819224744292
2018-05-15 03:00:00,934.0,854.9902087329149,517.9325820439742,1192.0478354218556
2018-05-15 04:00:00,3020.0,3012.880857253075,2675.8232305641345,3349.938483942016
2018-05-15 05:00:00,5914.0,5909.033834276635,5571.976207587695,6246.091460965576
2018-05-15 06:00:00,6264.0,6488.019500761015,6150.961874072074,6825.077127449955
2018-05-15 07:00:00,5433.0,5769.143100946048,5432.085474257108,6106.200727634989
2018-05-15 08:00:00,5399.0,4972.604548026265,4635.5469213373235,5309.662174715206
2018-05-15 09:00:00,4528.0,4568.088619982298,4231.030993293358,4905.146246671238
2018-05-15 10:00:00,4808.0,4769.365122632711,4432.307495943771,5106.422749321651
2018-05-15 11:00:00,4967.0,5032.279979862146,4695.222353173205,5369.337606551087
2018-05-15 12:00:00,5017.0,5035.345620779807,4698.287994090866,5372.403247468748
2018-05-15 13:00:00,5380.0,5406.810654341785,5069.753027652845,5743.8682810307255
2018-05-15 14:00:00,6033.0,5811.113843701239,5474.056217012298,6148.17147039018
2018-05-15 15:00:00,6888.0,6616.455399323811,6279.397772634871,6953.513026012752
2018-05-15 16:00:00,6548.0,6463.833383151363,6126.775756462423,6800.891009840303
2018-05-15 17:00:00,4953.0,4714.827267001508,4377.7696403125665,5051.884893690449
2018-05-15 18:00:00,3602.0,3463.6791893069358,3126.621562617995,3800.7368159958764
2018-05-15 19:00:00,3050.0,3068.1958828025467,2731.138256113606,3405.2535094914874
2018-05-15 20:00:00,2773.0,2823.786215465854,2486.7285887769135,3160.843842154795
2018-05-15 21:00:00,3335.0,2094.8540882803536,1757.796461591413,2431.9117149692943
2018-05-15 22:00:00,2286.0,1801.557451066162,1464.4998243772213,2138.615077755103
2018-05-15 23:00:00,720.0,1015.8316244645258,678.7739977755851,1352.8892511534664
2018-05-16 00:00:00,442.0,446.9504880828235,109.89286139388281,784.0081147717642
2018-05-16 01:00:00,352.0,335.99753995747966,0.0,673.0551666464203
2018-05-16 02:00:00,367.0,388.3743137213245,51.31668703238381,725.4319404102652
2018-05-16 03:00:00,895.0,851.8998018878717,514.842175198931,1188.9574285768124
2018-05-16 04:00:00,3014.0,2999.6439320534328,2662.586305364492,3336.7015587423734
2018-05-16 05:00:00,5844.0,5925.564886875257,5588.507260186316,6262.622513564198
2018-05-16 06:00:00,5988.0,6434.566713347931,6097.509086658991,6771.624340036871
2018-05-16 07:00:00,5293.0,5757.27021652517,5420.21258983623,6094.3278432141105
2018-05-16 08:00:00,5122.0,4959.869728662455,4622.812101973514,5296.927355351396
2018-05-16 09:00:00,4941.0,4702.575820598217,4365.518193909276,5039.633447287159
2018-05-16 10:00:00,5110.0,5235.073604084524,4898.015977395584,5572.131230773464
2018-05-16 11:00:00,5042.0,5312.4540135539,4975.396386864959,5649.511640242841
2018-05-16 12:00:00,4952.0,5138.774214075841,4801.7165873869,5475.831840764782
2018-05-16 13:00:00,5286.0,5327.780847055392,4990.723220366452,5664.838473744332
2018-05-16 14:00:00,5871.0,5731.790606542508,5394.732979853567,6068.848233231449
2018-05-16 15:00:00,6775.0,6522.065519210104,6185.007892521164,6859.123145899044
2018-05-16 16:00:00,6123.0,6525.396128006047,6188.338501317106,6862.453754694987
2018-05-16 17:00:00,4717.0,4835.123099151001,4498.06547246206,5172.180725839942
2018-05-16 18:00:00,3697.0,3535.365109169086,3198.307482480145,3872.4227358580265
2018-05-16 19:00:00,3387.0,3158.7291609006375,2821.671534211697,3495.786787589578
2018-05-16 20:00:00,3187.0,2987.3364978281948,2650.278871139254,3324.3941245171354
2018-05-16 21:00:00,2443.0,2490.3511856498108,2153.29355896087,2827.4088123387514
2018-05-16 22:00:00,2291.0,1406.847645674644,1069.7900189857032,1743.9052723635846
2018-05-16 23:00:00,684.0,1278.387518845202,941.3298921562614,1615.4451455341427
2018-05-17 00:00:00,495.0,405.24443625242736,68.18680956348669,742.302062941368
2018-05-17 01:00:00,294.0,371.56793994048377,34.510313251543096,708.6255666294244
2018-05-17 02:00:00,364.0,342.7643179917934,5.706691302852732,679.8219446807341
2018-05-17 03:00:00,929.0,811.7702509052705,474.7126242163298,1148.8278775942113
2018-05-17 04:00:00,2935.0,3047.5993892371785,2710.541762548238,3384.657015926119
2018-05-17 05:00:00,5846.0,5898.895879899274,5561.838253210333,6235.9535065882155
2018-05-17 06:00:00,6323.0,6445.7027560334855,6108.645129344544,6782.760382722427
2018-05-17 07:00:00,5494.0,5832.727475921489,5495.669849232549,6169.785102610429
2018-05-17 08:00:00,5299.0,5094.214563811127,4757.156937122187,5431.272190500067
2018-05-17 09:00:00,4444.0,4771.485810183839,4434.428183494898,5108.54343687278
2018-05-17 10:00:00,4913.0,4771.087430713635,4434.029804024694,5108.145057402575
2018-05-17 11:00:00,5120.0,5174.3557768221035,4837.298150133163,5511.413403511044
2018-05-17 12:00:00,5096.0,5189.598625282733,4852.540998593793,5526.656251971674
2018-05-17 13:00:00,5480.0,5393.646985234087,5056.589358545147,5730.704611923027
2018-05-17 14:00:00,6289.0,5955.22759572612,5618.169969037179,6292.285222415061
2018-05-17 15:00:00,6594.0,6566.698613844505,6229.640987155564,6903.7562405334465
2018-05-17 16:00:00,6171.0,6154.790557106094,5817.732930417153,6491.848183795035
2018-05-17 17:00:00,4989.0,4783.924985501397,4446.867358812457,5120.982612190337
2018-05-17 18:00:00,3647.0,3686.178053837596,3349.1204271486554,4023.2356805265367
2018-05-17 19:00:00,3400.0,3169.6380641756923,2832.5804374867516,3506.695690864633
2018-05-17 20:00:00,3238.0,3179.988493214003,2842.9308665250624,3517.0461199029437
2018-05-17 21:00:00,2677.0,2615.9675882155398,2278.909961526599,2953.0252149044804
2018-05-17 22:00:00,1852.0,1639.4307444487793,1302.3731177598386,1976.48837113772
2018-05-17 23:00:00,736.0,1090.5372669872868,753.4796402983461,1427.5948936762275
2018-05-18 00:00:00,453.0,469.8272227710573,132.7695960821166,806.8848494599979
2018-05-18 01:00:00,365.0,344.8311905674803,7.773563878539619,681.8888172564209
2018-05-18 02:00:00,351.0,400.07998822274766,63.022361533806986,737.1376149116884
2018-05-18 03:00:00,846.0,828.1084210664023,491.05079437746167,1165.166047755343
2018-05-18 04:00:00,2786.0,2855.4280278991964,2518.3704012102557,3192.485654588137
2018-05-18 05:00:00,5552.0,5764.715280126525,5427.657653437584,6101.772906815466
2018-05-18 06:00:00,6583.0,6422.249196978583,6085.191570289642,6759.306823667524
2018-05-18 07:00:00,5321.0,5804.55102749197,5467.493400803029,6141.608654180911
2018-05-18 08:00:00,4984.0,5034.010243885408,4696.952617196468,5371.0678705743485
2018-05-18 09:00:00,4736.0,4700.950890428082,4363.893263739141,5038.008517117023
2018-05-18 10:00:00,5133.0,5099.694477724295,4762.636851035355,5436.752104413235
2018-05-18 11:00:00,5337.0,5426.492521878224,5089.4348951892825,5763.550148567165
2018-05-18 12:00:00,5316.0,5327.943966219888,4990.886339530947,5665.0015929088295
2018-05-18 13:00:00,5810.0,5641.057436651883,5303.999809962943,5978.115063340823
2018-05-18 14:00:00,6400.0,6130.631853138103,5793.574226449162,6467.689479827044
2018-05-18 15:00:00,6496.0,6238.5980416427765,5901.540414953835,6575.655668331718
2018-05-18 16:00:00,6197.0,5988.510400516481,5651.452773827541,6325.5680272054215
2018-05-18 17:00:00,5241.0,5014.741247173164,4677.683620484224,5351.798873862104
2018-05-18 18:00:00,3850.0,3861.355739851144,3524.298113162203,4198.413366540084
2018-05-18 19:00:00,3441.0,3298.991564092687,2961.9339374037463,3636.0491907816277
2018-05-18 20:00:00,3196.0,3219.4685082816754,2882.4108815927348,3556.526134970616
2018-05-18 21:00:00,2728.0,2872.4156106163255,2535.357983927385,3209.473237305266
2018-05-18 22:00:00,1797.0,2041.0689475385193,1704.0113208495786,2378.12657422746
2018-05-18 23:00:00,1420.0,1167.5465611269676,830.488934438027,1504.6041878159083
2018-05-19 00:00:00,855.0,812.9679381481589,475.9103114592182,1150.0255648370994
2018-05-19 01:00:00,639.0,646.1096976108707,309.05207092193007,983.1673242998114
2018-05-19 02:00:00,494.0,432.99136660511175,95.93373991617108,770.0489932940525
2018-05-19 03:00:00,477.0,572.063947321658,235.00632063271735,909.1215740105987
2018-05-19 04:00:00,806.0,917.6188531306886,580.561226441748,1254.6764798196293
2018-05-19 05:00:00,1430.0,1533.9202652725824,1196.8626385836417,1870.977891961523
2018-05-19 06:00:00,2062.0,2146.4937803463,1809.4361536573592,2483.5514070352406
2018-05-19 07:00:00,3277.0,2913.5511067481343,2576.4934800591936,3250.608733437075
2018-05-19 08:00:00,3569.0,3941.91056298876,3604.8529362998192,4278.9681896777
2018-05-19 09:00:00,3857.0,4146.847155606069,3809.789528917128,4483.904782295009
2018-05-19 10:00:00,4112.0,4301.159602264688,3964.1019755757475,4638.217228953628
2018-05-19 11:00:00,4259.0,4426.137502613418,4089.0798759244776,4763.195129302359
2018-05-19 12:00:00,4542.0,4392.259739863043,4055.2021131741026,4729.317366551984
2018-05-19 13:00:00,4802.0,4646.336587401009,4309.2789607120685,4983.394214089949
2018-05-19 14:00:00,4598.0,4827.713910496614,4490.656283807673,5164.771537185554
2018-05-19 15:00:00,4398.0,4575.246464968356,4238.188838279415,4912.304091657297
2018-05-19 16:00:00,4133.0,4229.550112322073,3892.492485633132,4566.607739011013
2018-05-19 17:00:00,3640.0,3908.516637638358,3571.4590109494175,4245.574264327299
2018-05-19 18:00:00,2979.0,3178.67187147888,2841.614244789939,3515.7294981678206
2018-05-19 19:00:00,2706.0,2649.9510218349265,2312.893395145986,2987.008648523867
2018-05-19 20:00:00,2705.0,2875.7496070896873,2538.6919804007466,3212.807233778628
2018-05-19 21:00:00,2714.0,2630.1604445379344,2293.1028178489937,2967.218071226875
2018-05-19 22:00:00,2047.0,2178.5614022756067,1841.503775586666,2515.6190289645474
2018-05-19 23:00:00,1216.0,1222.9447935213623,885.8871668324216,1560.002420210303
2018-05-20 00:00:00,761.0,781.2622469686092,444.2046202796686,1118.31987365755
2018-05-20 01:00:00,525.0,531.7318321354112,194.67420544647052,868.7894588243519
2018-05-20 02:00:00,324.0,364.4229769777002,27.365350288759544,701.480603666641
2018-05-20 03:00:00,273.0,330.9868069482241,0.0,668.0444336371647
2018-05-20 04:00:00,433.0,462.8832293920911,125.82560270315042,799.9408560810318
2018-05-20 05:00:00,850.0,805.2296824342332,468.1720557452925,1142.2873091231738
2018-05-20 06:00:00,1242.0,1191.2232879462413,854.1656612573006,1528.280914635182
2018-05-20 07:00:00,1829.0,2051.382752280636,1714.3251255916953,2388.4403789695766
2018-05-20 08:00:00,2638.0,2613.0891957761605,2276.03156908722,2950.146822465101
2018-05-20 09:00:00,3501.0,3303.3163881266946,2966.258761437754,3640.3740148156353
2018-05-20 10:00:00,4300.0,3914.9252433356805,3577.86761664674,4251.982870024622
2018-05-20 11:00:00,4661.0,4570.2792304907625,4233.221603801821,4907.336857179704
2018-05-20 12:00:00,3956.0,4563.589258610099,4226.531631921158,4900.64688529904
2018-05-20 13:00:00,3932.0,4007.6194991075486,3670.561872418608,4344.677125796489
2018-05-20 14:00:00,3920.0,3996.6926081118063,3659.6349814228656,4333.750234800747
2018-05-20 15:00:00,3938.0,3946.976337785019,3609.9187110960784,4284.03396447396
2018-05-20 16:00:00,3768.0,3814.521492079716,3477.4638653907755,4151.579118768657
2018-05-20 17:00:00,3378.0,3525.9785224363804,3188.9208957474398,3863.036149125321
2018-05-20 18:00:00,2842.0,2950.532523392994,2613.474896704053,3287.5901500819346
2018-05-20 19:00:00,2692.0,2500.845577847355,2163.787951158414,2837.9032045362956
2018-05-20 20:00:00,2194.0,2448.503793200491,2111.4461665115505,2785.561419889432
2018-05-20 21:00:00,1696.0,1677.9933346756604,1340.9357079867198,2015.050961364601
2018-05-20 22:00:00,1107.0,1087.418810471316,750.3611837823753,1424.4764371602566
2018-05-20 23:00:00,652.0,613.9943308196353,276.9367041306946,951.0519575085759
2018-05-21 00:00:00,350.0,384.7727217136552,47.715095024714515,721.8303484025959
2018-05-21 01:00:00,321.0,286.3851306347532,0.0,623.4427573236939
2018-05-21 02:00:00,333.0,345.2058395436785,8.148212854737835,682.2634662326192
2018-05-21 03:00:00,860.0,783.3600259304286,446.30239924148793,1120.4176526193692
2018-05-21 04:00:00,2796.0,2805.352643384571,2468.2950166956302,3142.4102700735116
2018-05-21 05:00:00,5721.0,5674.397014244645,5337.339387555705,6011.454640933585
2018-05-21 06:00:00,6799.0,6489.3988748107095,6152.341248121769,6826.45650149965
2018-05-21 07:00:00,5726.0,6033.27793222377,5696.220305534829,6370.335558912711
2018-05-21 08:00:00,4865.0,4890.7261618806015,4553.66853519166,5227.783788569543
2018-05-21 09:00:00,4254.0,4309.795688248442,3972.7380615595016,4646.853314937383
2018-05-21 10:00:00,4454.0,4438.853419676165,4101.795792987225,4775.911046365105
2018-05-21 11:00:00,4810.0,4634.603325534357,4297.545698845417,4971.6609522232975
2018-05-21 12:00:00,2040.0,4794.495228924013,4457.437602235072,5131.552855612954
2018-05-21 13:00:00,4224.0,1692.279744247153,1355.2221175582124,2029.3373709360937
2018-05-21 14:00:00,5895.0,4553.980991141364,4216.923364452423,4891.038617830305
2018-05-21 15:00:00,6968.0,6424.195080912303,6087.1374542233625,6761.252707601243
2018-05-21 16:00:00,6134.0,6318.82316026305,5981.765533574109,6655.8807869519915
2018-05-21 17:00:00,4586.0,4364.842791496074,4027.7851648071332,4701.900418185014
2018-05-21 18:00:00,3249.0,3318.929556547133,2981.8719298581923,3655.9871832360736
2018-05-21 19:00:00,2699.0,2816.5474970797823,2479.4898703908416,3153.605123768723
2018-05-21 20:00:00,2318.0,2469.4399235061874,2132.3822968172467,2806.497550195128
2018-05-21 21:00:00,1668.0,1670.9442249905892,1333.8865983016485,2008.0018516795299
2018-05-21 22:00:00,1060.0,1063.4424048007884,726.3847781118477,1400.500031489729
2018-05-21 23:00:00,554.0,586.8575086069014,249.79988191796076,923.9151352958421
2018-05-22 00:00:00,333.0,359.03912536987247,21.981498680931793,696.0967520588131
2018-05-22 01:00:00,249.0,288.8213833557241,0.0,625.8790100446647
2018-05-22 02:00:00,337.0,333.42429578548854,0.0,670.4819224744292
2018-05-22 03:00:00,886.0,859.1597146019394,522.1020879129987,1196.21734129088
2018-05-22 04:00:00,3026.0,2962.83829494779,2625.7806682588493,3299.8959216367307
2018-05-22 05:00:00,5875.0,5892.358156398823,5555.3005297098825,6229.415783087763
2018-05-22 06:00:00,6019.0,6513.125736802238,6176.068110113298,6850.183363491178
2018-05-22 07:00:00,5752.0,5722.406809866585,5385.349183177645,6059.464436555525
2018-05-22 08:00:00,5085.0,5110.842280339505,4773.784653650564,5447.899907028446
2018-05-22 09:00:00,4450.0,4415.902441918143,4078.8448152292026,4752.960068607084
2018-05-22 10:00:00,4631.0,4670.284245831421,4333.226619142481,5007.341872520361
2018-05-22 11:00:00,4760.0,4873.076669501252,4536.019042812311,5210.134296190192
2018-05-22 12:00:00,4840.0,4793.936194705809,4456.878568016868,5130.99382139475
2018-05-22 13:00:00,5197.0,5294.419980901256,4957.362354212315,5631.477607590197
2018-05-22 14:00:00,5901.0,5702.474088111124,5365.416461422183,6039.531714800065
2018-05-22 15:00:00,6907.0,6541.671509280648,6204.613882591708,6878.729135969588
2018-05-22 16:00:00,6371.0,6524.008993438602,6186.951366749661,6861.0666201275435
2018-05-22 17:00:00,4649.0,4623.671084032546,4286.613457343605,4960.728710721487
2018-05-22 18:00:00,3367.0,3369.622308139085,3032.5646814501442,3706.6799348280256
2018-05-22 19:00:00,3028.0,2980.7740190991562,2643.7163924102156,3317.831645788097
2018-05-22 20:00:00,3047.0,2848.8231227665333,2511.7654960775926,3185.880749455474
2018-05-22 21:00:00,1953.0,2422.433578405091,2085.37595171615,2759.4912050940316
2018-05-22 22:00:00,1084.0,1303.0317461822838,965.9741194933431,1640.0893728712244
2018-05-22 23:00:00,599.0,620.516941059154,283.4593143702133,957.5745677480946
2018-05-23 00:00:00,363.0,370.9182168129099,33.860590123969246,707.9758435018506
2018-05-23 01:00:00,303.0,296.55407669495116,0.0,633.6117033838918
2018-05-23 02:00:00,349.0,336.9727573994597,0.0,674.0303840884003
2018-05-23 03:00:00,919.0,852.7327504155612,515.6751237266205,1189.7903771045019
2018-05-23 04:00:00,2989.0,3016.6233674201853,2679.5657407312447,3353.680994109126
2018-05-23 05:00:00,5979.0,5902.019914867697,5564.962288178756,6239.077541556637
2018-05-23 06:00:00,6641.0,6374.67609369209,6037.618467003149,6711.733720381031
2018-05-23 07:00:00,5557.0,6049.187239180831,5712.12961249189,6386.244865869772
2018-05-23 08:00:00,5217.0,4974.268366545284,4637.210739856344,5311.325993234224
2018-05-23 09:00:00,4728.0,4623.931388125956,4286.873761437015,4960.989014814897
2018-05-23 10:00:00,4956.0,4967.5368772784195,4630.479250589478,5304.594503967361
2018-05-23 11:00:00,4760.0,5172.313203103129,4835.255576414189,5509.370829792069
2018-05-23 12:00:00,4912.0,4841.436422988915,4504.378796299974,5178.494049677856
2018-05-23 13:00:00,5221.0,5230.17485228349,4893.117225594549,5567.23247897243
2018-05-23 14:00:00,5959.0,5688.666342254228,5351.608715565288,6025.723968943168
2018-05-23 15:00:00,6897.0,6574.948522197186,6237.890895508246,6912.0061488861265
2018-05-23 16:00:00,6228.0,6554.553237055119,6217.495610366179,6891.610863744059
2018-05-23 17:00:00,4632.0,4644.70125404312,4307.6436273541785,4981.758880732061
2018-05-23 18:00:00,3359.0,3400.0851304132707,3063.02750372433,3737.1427571022114
2018-05-23 19:00:00,2993.0,2976.171691820989,2639.1140651320484,3313.2293185099297
2018-05-23 20:00:00,2888.0,2729.736008569555,2392.6783818806143,3066.7936352584957
2018-05-23 21:00:00,2028.0,2123.0706882461077,1786.013061557167,2460.1283149350484
2018-05-23 22:00:00,1215.0,1327.1103935184224,990.0527668294817,1664.168020207363
2018-05-23 23:00:00,628.0,668.5544022823175,331.4967755933768,1005.6120289712582
2018-05-24 00:00:00,356.0,386.7876606723158,49.73003398337511,723.8452873612564
2018-05-24 01:00:00,261.0,296.55407669495116,0.0,633.6117033838918
2018-05-24 02:00:00,363.0,334.7932696518929,0.0,671.8508963408335
2018-05-24 03:00:00,883.0,861.788988181415,524.7313614924743,1198.8466148703556
2018-05-24 04:00:00,3012.0,2950.558354456812,2613.5007277678715,3287.615981145753
2018-05-24 05:00:00,5763.0,5841.710830278698,5504.653203589758,6178.7684569676385
2018-05-24 06:00:00,6298.0,6308.581154713559,5971.523528024618,6645.6387814025
2018-05-24 07:00:00,5695.0,5771.805252848521,5434.74762615958,6108.8628795374625
2018-05-24 08:00:00,5232.0,5065.6873566060085,4728.629729917067,5402.74498329495
2018-05-24 09:00:00,4532.0,4655.719707017101,4318.66208032816,4992.777333706043
2018-05-24 10:00:00,4923.0,4802.674176685139,4465.616549996199,5139.731803374079
2018-05-24 11:00:00,4969.0,5098.408593846407,4761.350967157467,5435.466220535347
2018-05-24 12:00:00,5036.0,5041.70926773327,4704.651641044329,5378.766894422211
2018-05-24 13:00:00,5414.0,5398.553587564509,5061.495960875569,5735.611214253449
2018-05-24 14:00:00,6184.0,5861.808422873843,5524.750796184902,6198.866049562783
2018-05-24 15:00:00,6193.0,6590.257887477116,6253.200260788175,6927.315514166057
2018-05-24 16:00:00,6107.0,5923.671614972539,5586.613988283598,6260.72924166148
2018-05-24 17:00:00,4787.0,4627.144595947973,4290.086969259033,4964.202222636914
2018-05-24 18:00:00,3746.0,3506.2432573595024,3169.1856306705617,3843.300884048443
2018-05-24 19:00:00,2938.0,3168.7566037790875,2831.698977090147,3505.814230468028
2018-05-24 20:00:00,2626.0,2849.0633137509026,2512.005687061962,3186.1209404398433
2018-05-24 21:00:00,1938.0,2089.9192457987006,1752.8616191097599,2426.9768724876412
2018-05-24 22:00:00,1261.0,1273.6145524071744,936.5569257182337,1610.672179096115
2018-05-24 23:00:00,648.0,702.8695141098258,365.8118874208851,1039.9271407987665
2018-05-25 00:00:00,430.0,393.05475776050855,55.99713107156788,730.1123844494492
2018-05-25 01:00:00,300.0,337.22001768739716,0.16239099845648752,674.2776443763378
2018-05-25 02:00:00,329.0,365.5081953875055,28.450568698564837,702.5658220764462
2018-05-25 03:00:00,788.0,815.0866560038991,478.0290293149584,1152.1442826928396
2018-05-25 04:00:00,2645.0,2743.88901192928,2406.8313852403394,3080.9466386182207
2018-05-25 05:00:00,5111.0,5522.100356768743,5185.042730079802,5859.157983457684
2018-05-25 06:00:00,6075.0,5926.631495461431,5589.57386877249,6263.689122150372
2018-05-25 07:00:00,5206.0,5444.839024168143,5107.7813974792025,5781.896650857083
2018-05-25 08:00:00,4859.0,4780.55228958365,4443.494662894709,5117.609916272591
2018-05-25 09:00:00,4534.0,4550.880588550192,4213.822961861251,4887.938215239134
2018-05-25 10:00:00,4928.0,4899.755244356635,4562.697617667694,5236.812871045575
2018-05-25 11:00:00,5139.0,5195.53698106585,4858.47935437691,5532.594607754791
2018-05-25 12:00:00,5148.0,5166.255655921166,4829.198029232226,5503.313282610106
2018-05-25 13:00:00,5403.0,5473.62060033452,5136.562973645579,5810.67822702346
2018-05-25 14:00:00,6083.0,5756.07073477375,5419.01310808481,6093.12836146269
2018-05-25 15:00:00,5753.0,6182.817616307155,5845.759989618215,6519.875242996095
2018-05-25 16:00:00,4904.0,5322.581754351578,4985.524127662637,5659.639381040519
2018-05-25 17:00:00,4023.0,4444.745906123687,4107.688279434746,4781.803532812628
2018-05-25 18:00:00,3334.0,3265.0455594663636,2927.987932777423,3602.1031861553042
2018-05-25 19:00:00,3026.0,2981.521862107792,2644.4642354188513,3318.5794887967327
2018-05-25 20:00:00,2953.0,2977.4750320118,2640.4174053228594,3314.5326587007407
2018-05-25 21:00:00,2863.0,2641.7533402472086,2304.695713558268,2978.8109669361493
2018-05-25 22:00:00,1828.0,2164.102276809267,1827.0446501203264,2501.1599034982078
2018-05-25 23:00:00,1300.0,1196.507953871501,859.4503271825604,1533.5655805604417
2018-05-26 00:00:00,719.0,812.5592165764458,475.50158988750513,1149.6168432653865
2018-05-26 01:00:00,579.0,477.17612198389077,140.1184952949501,814.2337486728314
2018-05-26 02:00:00,363.0,412.9107947115715,75.85316802263083,749.9684214005122
2018-05-26 03:00:00,376.0,406.8803567537758,69.82273006483513,743.9379834427165
2018-05-26 04:00:00,649.0,681.1433940909285,344.0857674019878,1018.2010207798692
2018-05-26 05:00:00,1263.0,1067.781125517363,730.7234988284224,1404.8387522063038
2018-05-26 06:00:00,1690.0,1928.9794776833266,1591.921850994386,2266.037104372267
2018-05-26 07:00:00,2392.0,2540.049860360236,2202.9922336712953,2877.1074870491766
2018-05-26 08:00:00,3360.0,3105.4602388926655,2768.402612203725,3442.517865581606
2018-05-26 09:00:00,3540.0,3842.6336535039054,3505.5760268149647,4179.6912801928465
2018-05-26 10:00:00,3937.0,4011.898234242535,3674.8406075535945,4348.955860931475
2018-05-26 11:00:00,4176.0,4224.003992556492,3886.946365867552,4561.061619245433
2018-05-26 12:00:00,4130.0,4306.36746077942,3969.3098340904794,4643.42508746836
2018-05-26 13:00:00,3887.0,4241.843805055812,3904.786178366871,4578.901431744753
2018-05-26 14:00:00,3761.0,3994.1452032715265,3657.087576582586,4331.202829960467
2018-05-26 15:00:00,3970.0,3713.107723881426,3376.0500971924853,4050.1653505703666
2018-05-26 16:00:00,3858.0,3836.8484751277597,3499.790848438819,4173.9061018167
2018-05-26 17:00:00,3714.0,3667.3378004528777,3330.280173763937,4004.3954271418183
2018-05-26 18:00:00,2965.0,3267.974968801003,2930.917342112062,3605.0325954899436
2018-05-26 19:00:00,2855.0,2634.11523799268,2297.057611303739,2971.1728646816205
2018-05-26 20:00:00,2956.0,2858.1485374937433,2521.0909108048027,3195.206164182684
2018-05-26 21:00:00,3036.0,2782.7825591823807,2445.72493249344,3119.8401858713214
2018-05-26 22:00:00,2141.0,2127.365560016882,1790.307933327941,2464.4231867058224
2018-05-26 23:00:00,1633.0,1405.28312405852,1068.2254973695792,1742.3407507474606
2018-05-27 00:00:00,829.0,949.3455549701238,612.2879282811831,1286.4031816590646
2018-05-27 01:00:00,712.0,636.1520425100807,299.09441582114005,973.2096691990214
2018-05-27 02:00:00,486.0,435.49336042158126,98.43573373264059,772.5509871105219
2018-05-27 03:00:00,401.0,457.25169384315967,120.194067154219,794.3093205321004
2018-05-27 04:00:00,844.0,595.5536156753374,258.4959889863967,932.611242364278
2018-05-27 05:00:00,1192.0,1463.1716804146,1126.1140537256592,1800.2293071035406
2018-05-27 06:00:00,1205.0,1755.5670392276504,1418.5094125387097,2092.624665916591
2018-05-27 07:00:00,1819.0,1981.2455154646266,1644.187888775686,2318.303142153567
2018-05-27 08:00:00,2660.0,2474.2923712044576,2137.234744515517,2811.3499978933983
2018-05-27 09:00:00,3431.0,3306.716743010153,2969.6591163212124,3643.7743696990938
2018-05-27 10:00:00,3782.0,3853.2732437202635,3516.215617031323,4190.330870409204
2018-05-27 11:00:00,4190.0,3977.6034261805185,3640.545799491578,4314.661052869459
2018-05-27 12:00:00,4139.0,4273.251943503194,3936.194316814253,4610.309570192134
2018-05-27 13:00:00,3963.0,4204.748435357402,3867.690808668461,4541.806062046342
2018-05-27 14:00:00,3821.0,4020.3362346697377,3683.278607980797,4357.393861358678
2018-05-27 15:00:00,3739.0,3818.9947295783054,3481.9371028893647,4156.052356267246
2018-05-27 16:00:00,3266.0,3646.748895526747,3309.6912688378065,3983.806522215688
2018-05-27 17:00:00,3127.0,3090.777529048834,2753.7199023598932,3427.8351557377746
2018-05-27 18:00:00,2830.0,2739.120544847849,2402.0629181589084,3076.1781715367897
2018-05-27 19:00:00,2825.0,2472.2828925297845,2135.225265840844,2809.340519218725
2018-05-27 20:00:00,2656.0,2431.7887456698277,2094.731118980887,2768.8463723587683
2018-05-27 21:00:00,2565.0,2055.532876766291,1718.4752500773502,2392.5905034552316
2018-05-27 22:00:00,1660.0,1756.0166894748604,1418.9590627859197,2093.074316163801
2018-05-27 23:00:00,1088.0,924.6955227916023,587.6378961026617,1261.753149480543
2018-05-28 00:00:00,559.0,656.2191044428791,319.16147775393847,993.2767311318198
2018-05-28 01:00:00,440.0,375.3483244815427,38.29069779260203,712.4059511704834
2018-05-28 02:00:00,332.0,361.8230606365138,24.765433947573115,698.8806873254545
2018-05-28 03:00:00,314.0,468.71903734427724,131.66141065533657,805.7766640332179
2018-05-28 04:00:00,488.0,796.5318776899256,459.47425100098496,1133.5895043788664
2018-05-28 05:00:00,882.0,984.7254635708343,647.6678368818937,1321.783090259775
2018-05-28 06:00:00,989.0,1159.6436082584346,822.5859815694939,1496.7012349473753
2018-05-28 07:00:00,1294.0,1282.8860105315155,945.8283838425748,1619.9436372204561
2018-05-28 08:00:00,1873.0,1998.3792840877425,1661.3216573988018,2335.4369107766834
2018-05-28 09:00:00,2576.0,2521.2530490289787,2184.195422340038,2858.3106757179194
2018-05-28 10:00:00,3037.0,3139.270337397672,2802.2127107087313,3476.3279640866126
2018-05-28 11:00:00,3375.0,3511.99556540978,3174.937938720839,3849.0531920987205
2018-05-28 12:00:00,3611.0,3478.095956281276,3141.0383295923352,3815.1535829702166
2018-05-28 13:00:00,4032.0,3706.8411584901014,3369.7835318011607,4043.898785179042
2018-05-28 14:00:00,3812.0,4183.782043443998,3846.7244167550575,4520.839670132938
2018-05-28 15:00:00,3810.0,3786.787628590927,3449.7300019019863,4123.845255279868
2018-05-28 16:00:00,3822.0,3582.6691683750596,3245.611541686119,3919.7267950640003
2018-05-28 17:00:00,3749.0,3360.1496544869556,3023.092027798015,3697.2072811758962
2018-05-28 18:00:00,3145.0,3121.5883686861252,2784.5307419971846,3458.645995375066
2018-05-28 19:00:00,2611.0,2719.3513290561473,2382.2937023672066,3056.408955745088
2018-05-28 20:00:00,2338.0,2375.3823924813537,2038.324765792413,2712.4400191702944
2018-05-28 21:00:00,1936.0,1750.5877920118635,1413.5301653229228,2087.645418700804
2018-05-28 22:00:00,1141.0,1266.2077468087396,929.1501201197989,1603.2653734976802
2018-05-28 23:00:00,565.0,648.4302006594222,311.37257397048154,985.4878273483629
2018-05-29 00:00:00,347.0,357.25272990568357,20.195103216742893,694.3103565946242
2018-05-29 01:00:00,239.0,285.064010830382,0.0,622.1216375193227
2018-05-29 02:00:00,340.0,328.8998381844391,0.0,665.9574648733798
2018-05-29 03:00:00,828.0,818.6735814904835,481.6159548015428,1155.7312081794241
2018-05-29 04:00:00,2911.0,2724.4273284584187,2387.369701769478,3061.4849551473594
2018-05-29 05:00:00,5723.0,5546.284519701924,5209.226893012983,5883.342146390865
2018-05-29 06:00:00,6106.0,6241.4442579962815,5904.386631307341,6578.501884685222
2018-05-29 07:00:00,5530.0,5490.54114472599,5153.48351803705,5827.5987714149305
2018-05-29 08:00:00,5117.0,4851.870735719286,4514.813109030345,5188.928362408227
2018-05-29 09:00:00,4530.0,4358.8121756548935,4021.754548965953,4695.869802343834
2018-05-29 10:00:00,4436.0,4602.696331788342,4265.638705099402,4939.753958477282
2018-05-29 11:00:00,4866.0,4589.0203896341445,4251.962762945204,4926.078016323085
2018-05-29 12:00:00,4973.0,4808.71539269269,4471.657766003749,5145.7730193816315
2018-05-29 13:00:00,5159.0,5360.610835604886,5023.553208915946,5697.668462293826
2018-05-29 14:00:00,6018.0,5742.51943947594,5405.461812787,6079.57706616488
2018-05-29 15:00:00,6820.0,6533.816721364913,6196.759094675972,6870.874348053854
2018-05-29 16:00:00,5990.0,6370.140551646573,6033.082924957633,6707.198178335513
2018-05-29 17:00:00,4267.0,4406.268931154628,4069.2113044656876,4743.326557843569
2018-05-29 18:00:00,3036.0,3078.2745530426573,2741.2169263537166,3415.332179731598
2018-05-29 19:00:00,2466.0,2702.494620304754,2365.436993615813,3039.5522469936946
2018-05-29 20:00:00,2154.0,2296.1737484638134,1959.1161217748727,2633.231375152754
2018-05-29 21:00:00,1595.0,1621.4179264591885,1284.3602997702478,1958.4755531481292
2018-05-29 22:00:00,969.0,1048.5378283417845,711.4802016528438,1385.5954550307251
2018-05-29 23:00:00,527.0,578.5394004444568,241.4817737555161,915.5970271333974
2018-05-30 00:00:00,351.0,350.5241160480655,13.466489359124807,687.5817427370062
2018-05-30 01:00:00,306.0,288.4158361490639,0.0,625.4734628380046
2018-05-30 02:00:00,329.0,335.9272445314084,0.0,672.9848712203491
2018-05-30 03:00:00,893.0,839.9913941192067,502.933767430266,1177.0490208081474
2018-05-30 04:00:00,3023.0,2935.014108738204,2597.9564820492633,3272.0717354271446
2018-05-30 05:00:00,6046.0,5787.810430665081,5450.75280397614,6124.868057354022
2018-05-30 06:00:00,6326.0,6303.336441022875,5966.278814333935,6640.394067711815
2018-05-30 07:00:00,5716.0,5753.838276589464,5416.780649900524,6090.895903278404
2018-05-30 08:00:00,5283.0,4895.955069922931,4558.897443233991,5233.012696611871
2018-05-30 09:00:00,4554.0,4506.04561981203,4168.98799312309,4843.10324650097
2018-05-30 10:00:00,4744.0,4756.232745473335,4419.175118784395,5093.290372162275
2018-05-30 11:00:00,4923.0,4898.860053237073,4561.802426548133,5235.917679926013
2018-05-30 12:00:00,4823.0,4966.392171166978,4629.334544478037,5303.449797855919
2018-05-30 13:00:00,5343.0,5236.629022620212,4899.571395931271,5573.686649309153
2018-05-30 14:00:00,6062.0,5790.746723688034,5453.689096999093,6127.804350376975
2018-05-30 15:00:00,7042.0,6606.715220543482,6269.657593854541,6943.772847232423
2018-05-30 16:00:00,6429.0,6445.672645075484,6108.615018386543,6782.730271764425
2018-05-30 17:00:00,4621.0,4708.810321958717,4371.752695269777,5045.867948647658
2018-05-30 18:00:00,3555.0,3322.3047293013337,2985.247102612393,3659.3623559902744
2018-05-30 19:00:00,2788.0,3000.847075860247,2663.7894491713064,3337.9047025491877
2018-05-30 20:00:00,2612.0,2616.605570514038,2279.5479438250973,2953.6631972029786
2018-05-30 21:00:00,1932.0,1971.6102848355822,1634.5526581466415,2308.667911524523
2018-05-30 22:00:00,1233.0,1310.3697538540628,973.3121271651221,1647.4273805430034
2018-05-30 23:00:00,695.0,671.8994366981304,334.84181000918977,1008.9570633870711
2018-05-31 00:00:00,382.0,407.2762899214138,70.21866323247315,744.3339166103544
2018-05-31 01:00:00,307.0,308.0906664282197,0.0,645.1482931171604
2018-05-31 02:00:00,343.0,342.76152936527797,5.703902676337293,679.8191560542186
2018-05-31 03:00:00,922.0,818.3365329019696,481.2789062130289,1155.3941595909102
2018-05-31 04:00:00,3013.0,3002.0813630796697,2665.023736390729,3339.1389897686104
2018-05-31 05:00:00,6007.0,5852.844705349839,5515.787078660898,6189.9023320387805
2018-05-31 06:00:00,6420.0,6290.985919242052,5953.9282925531115,6628.043545930992
2018-05-31 07:00:00,5912.0,5775.016012075684,5437.9583853867425,6112.073638764625
2018-05-31 08:00:00,5313.0,5088.994002164896,4751.936375475956,5426.0516288538365
2018-05-31 09:00:00,4734.0,4757.9771473772425,4420.919520688301,5095.034774066184
2018-05-31 10:00:00,5008.0,4967.486527536141,4630.428900847201,5304.544154225081
2018-05-31 11:00:00,5031.0,5223.609055138469,4886.5514284495275,5560.66668182741
2018-05-31 12:00:00,5199.0,5136.801181126081,4799.74355443714,5473.858807815022
2018-05-31 13:00:00,5407.0,5566.4414779550825,5229.383851266142,5903.499104644023
2018-05-31 14:00:00,5950.0,5830.268582402249,5493.210955713308,6167.32620909119
2018-05-31 15:00:00,6860.0,6456.498782819014,6119.441156130073,6793.556409507955
2018-05-31 16:00:00,6358.0,6407.1159585304085,6070.058331841468,6744.173585219349
2018-05-31 17:00:00,5042.0,4781.322866104938,4444.265239415998,5118.380492793878
2018-05-31 18:00:00,3671.0,3630.146433832369,3293.0888071434283,3967.2040605213097
2018-05-31 19:00:00,3037.0,3121.0598082415554,2784.0021815526147,3458.117434930496
2018-05-31 20:00:00,3102.0,2968.5123314447014,2631.4547047557608,3305.569958133642
2018-05-31 21:00:00,2222.0,2602.2666863568593,2265.2090596679186,2939.3243130458
2018-05-31 22:00:00,1446.0,1360.1887212200681,1023.1310945311275,1697.2463479090088
2018-05-31 23:00:00,786.0,835.2181630216671,498.16053633272645,1172.2757897106078
2018-06-01 00:00:00,497.0,533.7157979614582,196.6581712725175,870.7734246503989
2018-06-01 01:00:00,346.0,371.337786183417,34.28015949447632,708.3954128723576
2018-06-01 02:00:00,395.0,378.94971604055763,41.89208935161696,716.0073427294983
2018-06-01 03:00:00,872.0,730.8680807036503,393.81045401470965,1067.925707392591
2018-06-01 04:00:00,2965.0,2839.9138121121473,2502.8561854232066,3176.971438801088
2018-06-01 05:00:00,5345.0,5689.388871023609,5352.331244334668,6026.44649771255
2018-06-01 06:00:00,6658.0,6026.513584921264,5689.455958232324,6363.571211610204
2018-06-01 07:00:00,5639.0,5758.244541504213,5421.186914815273,6095.302168193153
2018-06-01 08:00:00,5132.0,5106.197343642343,4769.139716953403,5443.254970331283
2018-06-01 09:00:00,4739.0,4764.510760229878,4427.453133540937,5101.568386918818
2018-06-01 10:00:00,5043.0,5069.921805931188,4732.864179242248,5406.979432620128
2018-06-01 11:00:00,5387.0,5300.102583588278,4963.044956899337,5637.160210277219
2018-06-01 12:00:00,5381.0,5331.472142490773,4994.414515801833,5668.529769179713
2018-06-01 13:00:00,5742.0,5526.215378615867,5189.157751926927,5863.273005304807
2018-06-01 14:00:00,6352.0,6053.967752841539,5716.9101261525975,6391.02537953048
2018-06-01 15:00:00,6860.0,6403.977145286769,6066.919518597828,6741.03477197571
2018-06-01 16:00:00,5983.0,6120.0894764991845,5783.031849810244,6457.147103188125
2018-06-01 17:00:00,4926.0,4891.140375650371,4554.082748961431,5228.198002339312
2018-06-01 18:00:00,3804.0,3774.2707225590725,3437.213095870132,4111.328349248013
2018-06-01 19:00:00,3446.0,3248.157474680219,2911.0998479912782,3585.2151013691596
2018-06-01 20:00:00,3519.0,3204.9061724252283,2867.8485457362876,3541.963799114169
2018-06-01 21:00:00,2865.0,2989.677395279775,2652.619768590834,3326.7350219687155
2018-06-01 22:00:00,2218.0,2131.7731496931406,1794.7155230042,2468.8307763820812
2018-06-01 23:00:00,1601.0,1440.0047313351713,1102.9471046462306,1777.062358024112
2018-06-02 00:00:00,830.0,930.0954257066343,593.0377990176936,1267.1530523955748
2018-06-02 03:00:00,424.0,554.2552191043055,217.19759241536485,891.3128457932462
2018-06-02 04:00:00,746.0,857.1507802552404,520.0931535662997,1194.2084069441812
2018-06-02 05:00:00,1385.0,1421.1280956380242,1084.0704689490835,1758.1857223269649
2018-06-02 06:00:00,1928.0,2168.9943587811954,1831.9367320922547,2506.051985470136
2018-06-02 07:00:00,2730.0,2752.2840322194575,2415.226405530517,3089.341658908398
2018-06-02 08:00:00,3707.0,3641.3087599195364,3304.2511332305958,3978.366386608477
2018-06-02 09:00:00,3864.0,4149.111613562754,3812.0539868738138,4486.169240251695
2018-06-02 10:00:00,4260.0,4281.397370915294,3944.3397442263536,4618.454997604234
2018-06-02 11:00:00,4671.0,4622.812885100891,4285.755258411951,4959.870511789832
2018-06-02 12:00:00,4741.0,4744.274177594031,4407.21655090509,5081.331804282972
2018-06-02 13:00:00,4896.0,4740.111765364464,4403.054138675523,5077.169392053405
2018-06-02 14:00:00,4509.0,4923.532805763512,4586.475179074572,5260.590432452453
2018-06-02 15:00:00,4560.0,4500.121378168967,4163.0637514800255,4837.179004857908
2018-06-02 16:00:00,4221.0,4464.810780344581,4127.75315365564,4801.868407033522
2018-06-02 17:00:00,4013.0,3894.1879596897606,3557.13033300082,4231.245586378702
2018-06-02 18:00:00,3480.0,3354.3204755329893,3017.2628488440487,3691.37810222193
2018-06-02 19:00:00,3074.0,3019.6408514452346,2682.583224756294,3356.6984781341753
2018-06-02 20:00:00,2905.0,3068.115026595281,2731.0573999063404,3405.1726532842217
2018-06-02 21:00:00,2808.0,2760.206000876771,2423.1483741878305,3097.263627565712
2018-06-02 22:00:00,2103.0,2309.5409175257287,1972.483290836788,2646.5985442146693
2018-06-02 23:00:00,1516.0,1369.6021673976281,1032.5445407086875,1706.6597940865688
2018-06-03 00:00:00,905.0,947.4517995343724,610.3941728454317,1284.509426223313
2018-06-03 01:00:00,647.0,675.7916839448586,338.73405725591795,1012.8493106337993
2018-06-03 02:00:00,477.0,393.4225742145495,56.36494752560884,730.4802009034902
2018-06-03 03:00:00,419.0,456.5322394248922,119.47461273595155,793.5898661138328
2018-06-03 04:00:00,643.0,626.659035593409,289.60140890446837,963.7166622823497
2018-06-03 05:00:00,1103.0,939.4617905958714,602.4041639069308,1276.519417284812
2018-06-03 06:00:00,1519.0,1618.0834745080365,1281.0258478190958,1955.1411011969772
2018-06-03 07:00:00,2380.0,2262.7466817584136,1925.689055069473,2599.8043084473543
2018-06-03 08:00:00,3350.0,3170.048065371351,2832.9904386824105,3507.105692060292
2018-06-03 09:00:00,3820.0,3811.1905151367896,3474.132888447849,4148.24814182573
2018-06-03 10:00:00,4453.0,4103.276191691341,3766.2185650024007,4440.3338183802825
2018-06-03 11:00:00,4858.0,4682.360779974286,4345.303153285346,5019.418406663226
2018-06-03 12:00:00,4563.0,4641.197792547014,4304.140165858073,4978.255419235955
2018-06-03 13:00:00,4458.0,4481.774694759241,4144.7170680703,4818.8323214481825
2018-06-03 14:00:00,4554.0,4466.055210777516,4128.9975840885745,4803.112837466457
2018-06-03 15:00:00,4547.0,4539.716012413443,4202.658385724502,4876.773639102385
2018-06-03 16:00:00,4262.0,4362.6868391400485,4025.629212451108,4699.74446582899
2018-06-03 17:00:00,3972.0,4020.4181542741203,3683.3605275851796,4357.475780963061
2018-06-03 18:00:00,3527.0,3410.597018202951,3073.5393915140103,3747.6546448918916
2018-06-03 19:00:00,3043.0,3032.2908652944834,2695.2332386055427,3369.348491983424
2018-06-03 20:00:00,2490.0,2726.83795056921,2389.7803238802694,3063.8955772581508
2018-06-03 21:00:00,2051.0,2106.094385526979,1769.0367588380382,2443.1520122159195
2018-06-03 22:00:00,1166.0,1373.9363900583417,1036.878763369401,1710.9940167472823
2018-06-03 23:00:00,667.0,615.0693874892327,278.011760800292,952.1270141781733
2018-06-04 00:00:00,377.0,398.3025710201214,61.244944331180704,735.360197709062
2018-06-04 01:00:00,285.0,301.7954760271158,0.0,638.8531027160565
2018-06-04 02:00:00,375.0,337.34902305316217,0.29139636422149806,674.4066497421029
2018-06-04 03:00:00,928.0,839.5717921545848,502.51416546564417,1176.6294188435254
2018-06-04 04:00:00,3021.0,2832.3157200158953,2495.2580933269546,3169.373346704836
2018-06-04 05:00:00,5765.0,5638.944679461335,5301.887052772394,5976.002306150276
2018-06-04 06:00:00,6081.0,6194.6465488254025,5857.588922136461,6531.704175514344
2018-06-04 07:00:00,5546.0,5592.39039799004,5255.332771301099,5929.448024678981
2018-06-04 08:00:00,5108.0,4698.446996259668,4361.389369570727,5035.504622948609
2018-06-04 09:00:00,4334.0,4372.50121144546,4035.4435847565196,4709.5588381344005
2018-06-04 10:00:00,4489.0,4506.618139769381,4169.56051308044,4843.675766458322
2018-06-04 11:00:00,4741.0,4704.85028105517,4367.792654366229,5041.907907744111
2018-06-04 12:00:00,4873.0,4771.346614539162,4434.288987850221,5108.404241228103
2018-06-04 13:00:00,5170.0,5212.899147736362,4875.841521047421,5549.956774425302
2018-06-04 14:00:00,5797.0,5689.84705783574,5352.789431146799,6026.904684524681
2018-06-04 15:00:00,7024.0,6443.846031596954,6106.788404908013,6780.903658285895
2018-06-04 16:00:00,6234.0,6346.394092352695,6009.336465663755,6683.451719041635
2018-06-04 17:00:00,4374.0,4519.792347506996,4182.7347208180545,4856.849974195937
2018-06-04 18:00:00,3279.0,3190.518643978483,2853.4610172895423,3527.5762706674236
2018-06-04 19:00:00,2941.0,2838.5284969482377,2501.470870259297,3175.5861236371784
2018-06-04 20:00:00,2776.0,2666.0221283521228,2328.964501663182,3003.0797550410634
2018-06-04 21:00:00,1871.0,2115.4891645574567,1778.431537868516,2452.5467912463973
2018-06-04 22:00:00,1115.0,1204.7817031032744,867.7240764143337,1541.839329792215
2018-06-04 23:00:00,635.0,607.6539383392192,270.5963116502785,944.7115650281598
2018-06-05 00:00:00,399.0,388.28952806652825,51.231901377587576,725.3471547554689
2018-06-05 01:00:00,297.0,316.12028255256854,0.0,653.1779092415093
2018-06-05 02:00:00,355.0,336.9727573994597,0.0,674.0303840884003
2018-06-05 03:00:00,952.0,840.7035701687496,503.6459434798089,1177.7611968576903
2018-06-05 04:00:00,3078.0,3063.0408346873414,2725.9832079984008,3400.098461376282
2018-06-05 05:00:00,5970.0,5959.141204213576,5622.083577524636,6296.198830902516
2018-06-05 06:00:00,5972.0,6547.389675193229,6210.332048504288,6884.44730188217
2018-06-05 07:00:00,5645.0,5686.909374459776,5349.851747770836,6023.967001148716
2018-06-05 08:00:00,5046.0,5065.121247081197,4728.063620392257,5402.178873770137
2018-06-05 09:00:00,4592.0,4483.653279489391,4146.59565280045,4820.710906178332
2018-06-05 10:00:00,4778.0,4860.414117222831,4523.35649053389,5197.471743911772
2018-06-05 11:00:00,5256.0,5013.704544306503,4676.6469176175615,5350.762170995444
2018-06-05 12:00:00,5285.0,5255.645462163295,4918.5878354743545,5592.703088852235
2018-06-05 13:00:00,5340.0,5592.260313910127,5255.202687221186,5929.317940599067
2018-06-05 14:00:00,6102.0,5787.38776421463,5450.330137525689,6124.445390903571
2018-06-05 15:00:00,7037.0,6522.112639658103,6185.055012969162,6859.170266347044
2018-06-05 16:00:00,6431.0,6589.460290869111,6252.40266418017,6926.517917558052
2018-06-05 17:00:00,4582.0,4780.82825028968,4443.77062360074,5117.88587697862
2018-06-05 18:00:00,3510.0,3375.1675847869387,3038.109958097998,3712.2252114758794
2018-06-05 19:00:00,3012.0,3065.2164014023315,2728.158774713391,3402.274028091272
2018-06-05 20:00:00,2754.0,2784.0287783909325,2446.971151701992,3121.086405079873
2018-06-05 21:00:00,2212.0,2093.7685099868972,1756.7108832979566,2430.826136675838
2018-06-05 22:00:00,1227.0,1398.8430958559074,1061.7854691669668,1735.9007225448481
2018-06-05 23:00:00,663.0,653.3349033509069,316.2772766619662,990.3925300398475
2018-06-06 00:00:00,415.0,399.73888311326385,62.68125642432318,736.7965098022046
2018-06-06 01:00:00,318.0,327.32439916552687,0.0,664.3820258544675
2018-06-06 02:00:00,362.0,354.13435975276207,17.076733063821393,691.1919864417027
2018-06-06 03:00:00,934.0,871.6086199011105,534.5509932121698,1208.6662465900513
2018-06-06 04:00:00,2980.0,3054.0284232213635,2716.970796532423,3391.086049910304
2018-06-06 05:00:00,5195.0,5891.5409636196455,5554.483336930705,6228.598590308586
2018-06-06 06:00:00,6083.0,6055.089114870473,5718.031488181532,6392.146741559414
2018-06-06 07:00:00,5301.0,5728.573363932111,5391.5157372431695,6065.630990621052
2018-06-06 08:00:00,5324.0,4861.630878697559,4524.5732520086185,5198.688505386499
2018-06-06 09:00:00,4621.0,4730.996362896132,4393.938736207192,5068.0539895850725
2018-06-06 10:00:00,4915.0,4930.607702450776,4593.550075761836,5267.665329139716
2018-06-06 11:00:00,5098.0,5116.524235056391,4779.466608367451,5453.5818617453315
2018-06-06 12:00:00,4799.0,5188.573850693289,4851.516224004348,5525.6314773822305
2018-06-06 13:00:00,5226.0,5204.060493097747,4867.002866408806,5541.118119786688
2018-06-06 14:00:00,6264.0,5687.200503812049,5350.142877123108,6024.25813050099
2018-06-06 15:00:00,6925.0,6609.167733693366,6272.110107004426,6946.2253603823065
2018-06-06 16:00:00,6637.0,6499.414404312724,6162.356777623783,6836.4720310016655
2018-06-06 17:00:00,5055.0,4917.043384430943,4579.9857577420025,5254.101011119883
2018-06-06 18:00:00,3648.0,3563.667684434469,3226.610057745528,3900.7253111234095
2018-06-06 19:00:00,3157.0,3102.518654451214,2765.4610277622733,3439.5762811401546
2018-06-06 20:00:00,2723.0,2840.023462503746,2502.9658358148054,3177.0810891926867
2018-06-06 21:00:00,2224.0,2036.6920286588097,1699.634401969869,2373.7496553477504
2018-06-06 22:00:00,1303.0,1481.0505097500263,1143.9928830610856,1818.108136438967
2018-06-06 23:00:00,685.0,689.9373101312417,352.87968344230103,1026.9949368201824
2018-06-07 00:00:00,439.0,405.24443625242736,68.18680956348669,742.302062941368
2018-06-07 01:00:00,328.0,339.7042434547005,2.646616765759802,676.7618701436411
2018-06-07 02:00:00,380.0,345.8606303282842,8.803003639343501,682.9182570172248
2018-06-07 03:00:00,977.0,881.559897409462,544.5022707205213,1218.6175240984026
2018-06-07 04:00:00,3018.0,3067.2877505357687,2730.230123846828,3404.3453772247094
2018-06-07 05:00:00,5885.0,5859.528481544291,5522.47085485535,6196.586108233232
2018-06-07 06:00:00,6097.0,6546.813734242082,6209.756107553141,6883.871360931023
2018-06-07 07:00:00,5871.0,5737.024477984145,5399.966851295205,6074.082104673085
2018-06-07 08:00:00,5136.0,5243.977986389861,4906.92035970092,5581.035613078802
2018-06-07 09:00:00,4691.0,4739.180221538999,4402.122594850058,5076.23784822794
2018-06-07 10:00:00,5168.0,4972.26101857794,4635.203391888999,5309.3186452668815
2018-06-07 11:00:00,5220.0,5436.68092325341,5099.623296564469,5773.738549942351
2018-06-07 12:00:00,5094.0,5304.724517007067,4967.666890318127,5641.782143696008
2018-06-07 13:00:00,5399.0,5435.434012160647,5098.376385471707,5772.491638849588
2018-06-07 14:00:00,6202.0,5837.227510052829,5500.1698833638875,6174.28513674177
2018-06-07 15:00:00,6858.0,6567.000306767782,6229.942680078841,6904.057933456723
2018-06-07 16:00:00,6286.0,6396.431229348488,6059.373602659547,6733.488856037429
2018-06-07 17:00:00,4858.0,4965.437298108281,4628.3796714193395,5302.494924797222
2018-06-07 18:00:00,3715.0,3622.110624541141,3285.0529978522004,3959.1682512300818
2018-06-07 19:00:00,3222.0,3278.407526298004,2941.3498996090634,3615.4651529869448
2018-06-07 20:00:00,2912.0,3081.6732916351175,2744.615664946177,3418.730918324058
2018-06-07 21:00:00,2215.0,2282.657647434094,1945.6000207451534,2619.7152741230348
2018-06-07 22:00:00,1398.0,1465.1902929219839,1128.1326662330432,1802.2479196109246
2018-06-07 23:00:00,800.0,852.304154235709,515.2465275467683,1189.3617809246498
2018-06-08 00:00:00,480.0,547.0003975765794,209.94277088763874,884.0580242655201
2018-06-08 01:00:00,354.0,374.0927964452848,37.035169756344146,711.1504231342255
2018-06-08 02:00:00,364.0,381.1666044651128,44.10897777617214,718.2242311540535
2018-06-08 03:00:00,884.0,737.9910979177547,400.933471228814,1075.0487246066955
2018-06-08 04:00:00,2793.0,2931.953941827525,2594.896315138584,3269.0115685164656
2018-06-08 05:00:00,5554.0,5757.909940517806,5420.852313828866,6094.967567206746
2018-06-08 06:00:00,6584.0,6360.548980245771,6023.49135355683,6697.6066069347125
2018-06-08 07:00:00,5442.0,5826.470309780461,5489.412683091521,6163.5279364694015
2018-06-08 08:00:00,5011.0,5086.428568862588,4749.370942173648,5423.486195551528
2018-06-08 09:00:00,4681.0,4682.034513788533,4344.976887099592,5019.0921404774745
2018-06-08 10:00:00,4996.0,5061.1830192172065,4724.125392528265,5398.240645906148
2018-06-08 11:00:00,5415.0,5312.6079961350815,4975.55036944614,5649.665622824023
2018-06-08 12:00:00,5563.0,5364.10550681351,5027.04788012457,5701.16313350245
2018-06-08 13:00:00,5936.0,5733.397541550115,5396.339914861175,6070.455168239056
2018-06-08 14:00:00,6290.0,6249.98252310886,5912.92489641992,6587.0401497978
2018-06-08 15:00:00,6727.0,6251.076105890826,5914.0184792018845,6588.133732579767
2018-06-08 16:00:00,5865.0,6059.641844743986,5722.584218055046,6396.699471432927
2018-06-08 17:00:00,4959.0,4812.874930130731,4475.8173034417905,5149.932556819671
2018-06-08 18:00:00,3792.0,3812.1232319887754,3475.0656052998347,4149.180858677716
2018-06-08 19:00:00,3251.0,3233.141247285004,2896.083620596063,3570.1988739739445
2018-06-08 20:00:00,3050.0,3161.8250980069192,2824.7674713179786,3498.88272469586
2018-06-08 21:00:00,3360.0,2908.5657659172853,2571.5081392283446,3245.623392606226
2018-06-08 22:00:00,2903.0,2145.296396689213,1808.2387700002723,2482.3540233781537
2018-06-08 23:00:00,1511.0,1468.8678488212654,1131.8102221323247,1805.925475510206
2018-06-09 00:00:00,1110.0,890.0753326065974,553.0177059176567,1227.132959295538
2018-06-09 01:00:00,866.0,736.7063507038005,399.6487240148598,1073.7639773927413
2018-06-09 02:00:00,614.0,660.2485508116969,323.1909241227562,997.3061775006375
2018-06-09 03:00:00,517.0,605.7546925997918,268.69706591085117,942.8123192887325
2018-06-09 04:00:00,795.0,842.1193198277074,505.0616931387667,1179.176946516648
2018-06-09 05:00:00,1398.0,1281.0664313763257,944.008804687385,1618.1240580652664
2018-06-09 06:00:00,2172.0,1916.476316962326,1579.4186902733854,2253.533943651267
2018-06-09 07:00:00,2686.0,3172.391970879323,2835.334344190382,3509.4495975682635
2018-06-09 08:00:00,3367.0,3628.828889027229,3291.771262338288,3965.8865157161695
2018-06-09 09:00:00,3684.0,4064.587721179951,3727.5300944910105,4401.645347868892
2018-06-09 10:00:00,4085.0,4320.181317120982,3983.1236904320417,4657.2389438099235
2018-06-09 11:00:00,4257.0,4466.71413164962,4129.65650496068,4803.77175833856
2018-06-09 12:00:00,4186.0,4430.749447965598,4093.6918212766573,4767.807074654538
2018-06-09 13:00:00,4196.0,4347.32849732342,4010.2708706344797,4684.386124012361
2018-06-09 14:00:00,3957.0,4289.761546329331,3952.7039196403907,4626.819173018272
2018-06-09 15:00:00,3940.0,4000.742184974388,3663.684558285447,4337.799811663328
2018-06-09 16:00:00,3589.0,3879.1958721809656,3542.138245492025,4216.253498869906
2018-06-09 17:00:00,3571.0,3376.5030701380347,3039.445443449094,3713.5606968269753
2018-06-09 18:00:00,3128.0,3130.5903537934,2793.5327271044594,3467.6479804823407
2018-06-09 19:00:00,2782.0,2820.7206679942783,2483.6630413053376,3157.778294683219
2018-06-09 20:00:00,2835.0,2848.062603596774,2511.004976907833,3185.1202302857146
2018-06-09 21:00:00,2863.0,2789.951651705347,2452.8940250164064,3127.009278394288
2018-06-09 22:00:00,1928.0,2220.533533965763,1883.4759072768225,2557.591160654704
2018-06-09 23:00:00,1226.0,1260.3153526663978,923.2577259774571,1597.3729793553384
2018-06-10 00:00:00,777.0,785.0844371820519,448.02681049311127,1122.1420638709926
2018-06-10 01:00:00,570.0,571.4115526449397,234.353925955999,908.4691793338803
2018-06-10 02:00:00,350.0,377.8536819617052,40.796055272764534,714.9113086506459
2018-06-10 03:00:00,293.0,348.99591811367804,11.938291424737372,686.0535448026187
2018-06-10 04:00:00,427.0,497.64554887913914,160.58792219019847,834.7031755680798
2018-06-10 05:00:00,808.0,797.9886806467601,460.9310539578195,1135.046307335701
2018-06-10 06:00:00,1012.0,1145.6897782774638,808.6321515885231,1482.7474049664045
2018-06-10 07:00:00,1617.0,1602.1655513235014,1265.1079246345607,1939.223178012442
2018-06-10 08:00:00,2417.0,2533.012431164389,2195.9548044754483,2870.0700578533297
2018-06-10 09:00:00,3075.0,3172.3839398313457,2835.326313142405,3509.4415665202864
2018-06-10 10:00:00,3656.0,3538.3099219011265,3201.252295212186,3875.367548590067
2018-06-10 11:00:00,3993.0,3974.0042937219796,3636.946667033039,4311.061920410921
2018-06-10 12:00:00,3888.0,4097.21931429796,3760.1616876090197,4434.2769409869015
2018-06-10 13:00:00,4125.0,3984.3177957704956,3647.260169081555,4321.375422459436
2018-06-10 14:00:00,4062.0,4202.603532973683,3865.5459062847426,4539.661159662624
2018-06-10 15:00:00,3901.0,4152.834585761252,3815.7769590723115,4489.892212450193
2018-06-10 16:00:00,3584.0,3851.347776653238,3514.290149964297,4188.405403342178
2018-06-10 17:00:00,3477.0,3385.242172176396,3048.184545487455,3722.2997988653365
2018-06-10 18:00:00,3010.0,3005.0916321845266,2668.034005495586,3342.1492588734673
2018-06-10 19:00:00,2979.0,2687.838588970589,2350.7809622816485,3024.89621565953
2018-06-10 20:00:00,2353.0,2567.7454382137826,2230.687811524842,2904.8030649027232
2018-06-10 21:00:00,1834.0,1758.3964494030697,1421.338822714129,2095.4540760920104
2018-06-10 22:00:00,1101.0,1230.8993596814298,893.8417329924891,1567.9569863703705
2018-06-10 23:00:00,642.0,594.4597609768589,257.4021342879182,931.5173876657996
2018-06-11 00:00:00,396.0,381.63100944058834,44.57338275164767,718.688636129529
2018-06-11 01:00:00,291.0,306.42957558316454,0.0,643.4872022721052
2018-06-11 02:00:00,310.0,333.89653901709767,0.0,670.9541657060383
2018-06-11 03:00:00,873.0,775.6782733030097,438.6206466140691,1112.7358999919504
2018-06-11 04:00:00,2947.0,2855.7723446551063,2518.7147179661656,3192.829971344047
2018-06-11 05:00:00,5476.0,5699.453579216338,5362.395952527397,6036.511205905279
2018-06-11 06:00:00,6336.0,6232.193296298032,5895.135669609092,6569.250922986972
2018-06-11 07:00:00,5676.0,5572.483415139974,5235.425788451033,5909.541041828914
2018-06-11 08:00:00,4588.0,4825.84084676766,4488.78322007872,5162.8984734566
2018-06-11 09:00:00,4270.0,4209.450284599509,3872.3926579105687,4546.5079112884505
2018-06-11 10:00:00,4435.0,4419.3043252469,4082.246698557959,4756.36195193584
2018-06-11 11:00:00,4763.0,4615.7803608950735,4278.722734206132,4952.837987584015
2018-06-11 12:00:00,4658.0,4699.408841719997,4362.351215031056,5036.466468408938
2018-06-11 13:00:00,4923.0,4977.5833467868415,4640.525720097901,5314.640973475782
2018-06-11 14:00:00,5691.0,5340.1748932280125,5003.117266539071,5677.232519916954
2018-06-11 15:00:00,6556.0,6378.34723738042,6041.2896106914795,6715.40486406936
2018-06-11 16:00:00,5922.0,6157.010101158976,5819.952474470036,6494.067727847916
2018-06-11 17:00:00,4512.0,4296.107955751789,3959.050329062848,4633.16558244073
2018-06-11 18:00:00,3078.0,3232.598652668071,2895.54102597913,3569.6562793570115
2018-06-11 19:00:00,2611.0,2621.574901229921,2284.5172745409805,2958.632527918862
2018-06-11 20:00:00,2240.0,2446.7284200877043,2109.6707933987636,2783.786046776645
2018-06-11 21:00:00,1861.0,1588.1258831910363,1251.0682565020957,1925.183509879977
2018-06-11 22:00:00,1109.0,1306.6482272397645,969.5906005508239,1643.7058539287052
2018-06-11 23:00:00,621.0,594.6158857701588,257.5582590812181,931.6735124590995
2018-06-12 00:00:00,396.0,380.7127074184384,43.65508072949774,717.7703341073791
2018-06-12 01:00:00,314.0,309.50579396552655,0.0,646.5634206544672
2018-06-12 02:00:00,362.0,347.0549194569239,9.997292767983254,684.1125461458646
2018-06-12 03:00:00,912.0,860.3889589356138,523.3313322466731,1197.4465856245545
2018-06-12 04:00:00,3013.0,2987.8979883347733,2650.8403616458327,3324.955615023714
2018-06-12 05:00:00,5905.0,5832.53170810561,5495.474081416669,6169.589334794551
2018-06-12 06:00:00,6283.0,6411.186604881537,6074.128978192597,6748.2442315704775
2018-06-12 07:00:00,5656.0,5698.609069853835,5361.5514431648935,6035.666696542776
2018-06-12 08:00:00,4948.0,4951.508556013839,4614.4509293248975,5288.56618270278
2018-06-12 09:00:00,4574.0,4368.173773601387,4031.1161469124468,4705.231400290328
2018-06-12 10:00:00,4531.0,4822.753289342536,4485.695662653596,5159.810916031476
2018-06-12 11:00:00,4911.0,4757.609638152883,4420.552011463942,5094.667264841824
2018-06-12 12:00:00,4777.0,4936.283430266498,4599.225803577558,5273.341056955438
2018-06-12 13:00:00,5185.0,5138.798437258746,4801.740810569805,5475.856063947687
2018-06-12 14:00:00,6092.0,5690.4105756336585,5353.352948944717,6027.4682023226
2018-06-12 15:00:00,6777.0,6494.045041975803,6156.9874152868615,6831.102668664744
2018-06-12 16:00:00,6366.0,6431.24654463663,6094.188917947689,6768.30417132557
2018-06-12 17:00:00,4701.0,4696.75523972379,4359.6976130348485,5033.812866412731
2018-06-12 18:00:00,3235.0,3384.1888241604784,3047.1311974715377,3721.246450849419
2018-06-12 19:00:00,2975.0,2875.849843993876,2538.7922173049355,3212.907470682817
2018-06-12 20:00:00,2990.0,2765.1716848347232,2428.1140581457826,3102.229311523664
2018-06-12 21:00:00,2332.0,2192.1856741093875,1855.1280474204468,2529.243300798328
2018-06-12 22:00:00,1250.0,1401.508274338867,1064.4506476499264,1738.5659010278077
2018-06-12 23:00:00,684.0,676.2363016881548,339.1786749992141,1013.2939283770954
2018-06-13 00:00:00,439.0,406.90138221233,69.84375552338935,743.9590089012706
2018-06-13 01:00:00,328.0,339.51307705452047,2.455450365579793,676.5707037434611
2018-06-13 02:00:00,387.0,344.763600827525,7.705974138584338,681.8212275164657
2018-06-13 03:00:00,922.0,865.6666385734798,528.6090118845391,1202.7242652624204
2018-06-13 04:00:00,3022.0,3032.57468746966,2695.5170607807195,3369.632314158601
2018-06-13 05:00:00,5767.0,5799.636739443733,5462.579112754793,6136.694366132673
2018-06-13 06:00:00,6127.0,6344.944456034809,6007.886829345869,6682.0020827237495
2018-06-13 07:00:00,5664.0,5667.04213142554,5329.9845047366,6004.09975811448
2018-06-13 08:00:00,5157.0,5055.338564537429,4718.280937848489,5392.396191226369
2018-06-13 09:00:00,4579.0,4641.18479135295,4304.127164664009,4978.242418041891
2018-06-13 10:00:00,4687.0,4830.1710523998545,4493.113425710913,5167.228679088796
2018-06-13 11:00:00,5110.0,4916.2321642898405,4579.1745376009,5253.289790978781
2018-06-13 12:00:00,4998.0,5079.734114864448,4742.676488175508,5416.791741553388
2018-06-13 13:00:00,5227.0,5315.627765317203,4978.570138628262,5652.685392006144
2018-06-13 14:00:00,6188.0,5693.658950397011,5356.60132370807,6030.716577085952
2018-06-13 15:00:00,6781.0,6602.348460135382,6265.290833446441,6939.406086824323
2018-06-13 16:00:00,5644.0,6325.048235733295,5987.990609044355,6662.105862422235
2018-06-13 17:00:00,4617.0,4556.723373184467,4219.665746495526,4893.780999873408
2018-06-13 18:00:00,3560.0,3443.6104307729875,3106.552804084047,3780.668057461928
2018-06-13 19:00:00,3277.0,3057.331978670758,2720.2743519818173,3394.3896053596986
2018-06-13 20:00:00,2777.0,2923.572515451435,2586.514888762494,3260.6301421403755
2018-06-13 21:00:00,2123.0,2076.955507851221,1739.89788116228,2414.0131345401614
2018-06-13 22:00:00,1283.0,1449.5197182083812,1112.4620915194405,1786.5773448973218
2018-06-13 23:00:00,724.0,692.6974635841701,355.63983689522945,1029.755090273111
2018-06-14 00:00:00,424.0,450.0541482166975,112.99652152775684,787.1117749056382
2018-06-14 01:00:00,308.0,335.0759012066203,0.0,672.133527895561
2018-06-14 02:00:00,368.0,336.9727573994597,0.0,674.0303840884003
2018-06-14 03:00:00,928.0,858.7519869409693,521.6943602520287,1195.80961362991
2018-06-14 04:00:00,3013.0,3004.2215404435233,2667.1639137545826,3341.279167132464
2018-06-14 05:00:00,5824.0,5706.089699307715,5369.032072618775,6043.147325996655
2018-06-14 06:00:00,6438.0,6269.46375109395,5932.40612440501,6606.52137778289
2018-06-14 07:00:00,5778.0,5936.735660519087,5599.678033830147,6273.793287208027
2018-06-14 08:00:00,4983.0,5146.345450329792,4809.287823640851,5483.403077018733
2018-06-14 09:00:00,4510.0,4573.648580481221,4236.59095379228,4910.706207170162
2018-06-14 10:00:00,4810.0,4751.227255822074,4414.169629133134,5088.284882511014
2018-06-14 11:00:00,5062.0,5055.1468962057215,4718.08926951678,5392.204522894663
2018-06-14 12:00:00,5018.0,5093.1025956662015,4756.044968977261,5430.160222355142
2018-06-14 13:00:00,5434.0,5347.095648966422,5010.038022277482,5684.153275655362
2018-06-14 14:00:00,6192.0,5887.816303121979,5550.758676433039,6224.873929810919
2018-06-14 15:00:00,6890.0,6432.858378072432,6095.800751383491,6769.916004761373
2018-06-14 16:00:00,6049.0,6341.340415643309,6004.282788954368,6678.39804233225
2018-06-14 17:00:00,4819.0,4763.331426602078,4426.273799913137,5100.389053291019
2018-06-14 18:00:00,3709.0,3602.06891009401,3265.011283405069,3939.1265367829506
2018-06-14 19:00:00,3274.0,3226.4489046194963,2889.3912779305556,3563.506531308437
2018-06-14 20:00:00,2922.0,3062.939810423355,2725.8821837344144,3399.9974371122958
2018-06-14 21:00:00,2284.0,2307.81541461461,1970.7577879256692,2644.8730413035505
2018-06-14 22:00:00,1388.0,1455.0094752176956,1117.951848528755,1792.0671019066363
2018-06-14 23:00:00,830.0,843.7218471031376,506.66422041419696,1180.7794737920783
2018-06-15 00:00:00,500.0,595.4819311489898,258.42430446004914,932.5395578379305
2018-06-15 01:00:00,358.0,371.836715182728,34.779088493787356,708.8943418716688
2018-06-15 02:00:00,384.0,386.85491190393185,49.79728521499118,723.9125385928726
2018-06-15 03:00:00,866.0,740.8567851396602,403.7991584507196,1077.9144118286008
2018-06-15 04:00:00,2843.0,2829.5174699755535,2492.459843286613,3166.575096664494
2018-06-15 05:00:00,5432.0,5707.033772626374,5369.976145937433,6044.091399315315
2018-06-15 06:00:00,6361.0,6261.746596988451,5924.68897029951,6598.804223677391
2018-06-15 07:00:00,5671.0,5660.040674676086,5322.983047987145,5997.0983013650275
2018-06-15 08:00:00,4977.0,5107.570188096111,4770.512561407171,5444.627814785052
2018-06-15 09:00:00,4801.0,4664.883472134394,4327.8258454454535,5001.941098823334
2018-06-15 10:00:00,5025.0,5166.474526755125,4829.416900066184,5503.532153444066
2018-06-15 11:00:00,5396.0,5301.838659691969,4964.781033003028,5638.89628638091
2018-06-15 12:00:00,5168.0,5315.418106855765,4978.360480166824,5652.475733544705
2018-06-15 13:00:00,5614.0,5472.958395014523,5135.900768325582,5810.0160217034645
2018-06-15 14:00:00,5993.0,5987.334916976519,5650.277290287579,6324.392543665459
2018-06-15 15:00:00,6333.0,6220.195720187361,5883.138093498421,6557.253346876301
2018-06-15 16:00:00,5165.0,5943.392708954162,5606.335082265221,6280.450335643103
2018-06-15 17:00:00,4369.0,4660.2208871434905,4323.16326045455,4997.278513832431
2018-06-15 18:00:00,3688.0,3515.5442138633807,3178.48658717444,3852.6018405523214
2018-06-15 19:00:00,3123.0,3192.4745118421924,2855.4168851532518,3529.532138531133
2018-06-15 20:00:00,3118.0,3029.545108145706,2692.487481456765,3366.6027348346465
2018-06-15 21:00:00,2778.0,2847.4432552096882,2510.3856285207476,3184.500881898629
2018-06-15 22:00:00,2666.0,2140.753590762543,1803.6959640736022,2477.8112174514836
2018-06-15 23:00:00,1386.0,1598.4738817502869,1261.4162550613462,1935.5315084392275
2018-06-16 00:00:00,825.0,860.9249305582389,523.8673038692982,1197.9825572471796
2018-06-16 01:00:00,587.0,593.4941665832147,256.436539894274,930.5517932721554
2018-06-16 02:00:00,391.0,422.48918754361296,85.43156085467228,759.5468142325536
2018-06-16 03:00:00,402.0,425.8456896197716,88.7880629308309,762.9033163087122
2018-06-16 04:00:00,772.0,760.3520119468185,423.2943852578778,1097.4096386357592
2018-06-16 05:00:00,1196.0,1256.3176616382716,919.2600349493309,1593.3752883272123
2018-06-16 06:00:00,1651.0,1892.27953011015,1555.2219034212094,2229.3371567990907
2018-06-16 07:00:00,2329.0,2488.5738227059683,2151.5161960170276,2825.631449394909
2018-06-16 08:00:00,3017.0,3048.0830362059796,2711.025409517039,3385.1406628949203
2018-06-16 09:00:00,3514.0,3750.66746250241,3413.6098358134695,4087.725089191351
2018-06-16 10:00:00,3907.0,4021.300853595912,3684.2432269069714,4358.358480284853
2018-06-16 11:00:00,4494.0,4179.341631365733,3842.284004676792,4516.399258054673
2018-06-16 12:00:00,4834.0,4567.326175318867,4230.268548629927,4904.383802007807
2018-06-16 13:00:00,4900.0,4741.955283071808,4404.897656382867,5079.012909760748
2018-06-16 14:00:00,4363.0,4783.67712571961,4446.6194990306685,5120.734752408551
2018-06-16 15:00:00,4495.0,4354.697522359612,4017.639895670671,4691.755149048553
2018-06-16 16:00:00,4053.0,4384.343647134178,4047.2860204452377,4721.4012738231195
2018-06-16 17:00:00,3987.0,3883.851924711317,3546.7942980223766,4220.909551400258
2018-06-16 18:00:00,3223.0,3369.381650482389,3032.3240237934483,3706.4392771713296
2018-06-16 19:00:00,2928.0,2892.4314110594364,2555.3737843704957,3229.489037748377
2018-06-16 20:00:00,2887.0,2957.4692902151405,2620.4116635262,3294.526916904081
2018-06-16 21:00:00,2606.0,2812.5260364451387,2475.468409756198,3149.5836631340794
2018-06-16 22:00:00,2047.0,2086.318538002355,1749.2609113134145,2423.376164691296
2018-06-16 23:00:00,1332.0,1297.6818004573242,960.6241737683836,1634.739427146265
2018-06-17 00:00:00,866.0,843.6035020202962,506.54587533135555,1180.661128709237
2018-06-17 01:00:00,659.0,642.6546558601649,305.5970291712242,979.7122825491056
2018-06-17 02:00:00,413.0,394.5807944884642,57.52316779952355,731.6384211774049
2018-06-17 03:00:00,393.0,383.93614839434787,46.878521705407195,720.9937750832885
2018-06-17 04:00:00,552.0,582.798702774673,245.7410760857323,919.8563294636136
2018-06-17 05:00:00,885.0,955.3183540876599,618.2607273987193,1292.3759807766005
2018-06-17 06:00:00,1185.0,1233.270379792318,896.2127531033773,1570.3280064812586
2018-06-17 07:00:00,1724.0,1850.3486326803481,1513.2910059914075,2187.406259369289
2018-06-17 08:00:00,2723.0,2584.5368970808704,2247.4792703919297,2921.594523769811
2018-06-17 09:00:00,3488.0,3475.921367900958,3138.8637412120174,3812.978994589899
2018-06-17 10:00:00,3790.0,3876.367247720101,3539.3096210311605,4213.424874409042
2018-06-17 11:00:00,4260.0,4062.0332670191247,3724.975640330184,4399.090893708066
2018-06-17 12:00:00,4365.0,4283.182082832552,3946.124456143611,4620.239709521493
2018-06-17 13:00:00,4192.0,4346.4807126641035,4009.423085975163,4683.538339353045
2018-06-17 14:00:00,4234.0,4231.4886860790875,3894.431059390147,4568.546312768029
2018-06-17 15:00:00,4404.0,4187.965493227179,3850.907866538238,4525.023119916119
2018-06-17 16:00:00,4175.0,4191.267481036853,3854.209854347912,4528.325107725794
2018-06-17 17:00:00,3843.0,3892.535275560516,3555.477648871575,4229.5929022494565
2018-06-17 18:00:00,3613.0,3359.2295030622167,3022.171876373276,3696.2871297511574
2018-06-17 19:00:00,3185.0,3100.3709081308284,2763.3132814418877,3437.428534819769
2018-06-17 20:00:00,2568.0,2745.740296300657,2408.6826696117164,3082.7979229895977
2018-06-17 21:00:00,2045.0,2097.5228460115604,1760.4652193226198,2434.580472700501
2018-06-17 22:00:00,1218.0,1318.6785740188773,981.6209473299366,1655.736200707818
2018-06-17 23:00:00,627.0,641.0611986258835,304.0035719369429,978.1188253148242
2018-06-18 00:00:00,367.0,383.1420104210468,46.08438373210612,720.1996371099874
2018-06-18 01:00:00,272.0,294.2025722257454,0.0,631.260198914686
2018-06-18 02:00:00,365.0,334.62125293025395,0.0,671.6788796191946
2018-06-18 03:00:00,802.0,835.7349357116594,498.67730902271876,1172.7925624006002
2018-06-18 04:00:00,2891.0,2715.8912032573194,2378.8335765683787,3052.94882994626
2018-06-18 05:00:00,5541.0,5689.843538255495,5352.785911566554,6026.9011649444365
2018-06-18 06:00:00,6386.0,6252.557160461369,5915.499533772429,6589.614787150309
2018-06-18 07:00:00,5765.0,5619.615493269094,5282.557866580153,5956.673119958035
2018-06-18 08:00:00,4767.0,4868.585193901097,4531.527567212157,5205.642820590037
2018-06-18 09:00:00,4161.0,4318.054000550907,3980.9963738619667,4655.1116272398485
2018-06-18 10:00:00,4435.0,4360.372572316085,4023.3149456271444,4697.430199005026
2018-06-18 11:00:00,4829.0,4666.003720510582,4328.946093821642,5003.061347199522
2018-06-18 12:00:00,4743.0,4846.915994502101,4509.85836781316,5183.973621191042
2018-06-18 13:00:00,4935.0,5076.389479826936,4739.3318531379955,5413.447106515876
2018-06-18 14:00:00,5558.0,5465.913446881154,5128.855820192213,5802.9710735700955
2018-06-18 15:00:00,6757.0,6325.4949974665815,5988.437370777641,6662.552624155522
2018-06-18 16:00:00,6306.0,6256.90063574759,5919.84300905865,6593.95826243653
2018-06-18 17:00:00,4352.0,4463.200272707192,4126.142646018252,4800.257899396132
2018-06-18 18:00:00,3248.0,3119.3061599538814,2782.2485332649408,3456.363786642822
2018-06-18 19:00:00,2762.0,2804.4515807195403,2467.3939540305996,3141.509207408481
2018-06-18 20:00:00,2460.0,2555.125273545346,2218.067646856405,2892.1829002342865
2018-06-18 21:00:00,1710.0,1839.560041119264,1502.5024144303234,2176.6176678082047
2018-06-18 22:00:00,1012.0,1051.3139084126021,714.2562817236615,1388.3715351015428
2018-06-18 23:00:00,592.0,561.2511263408268,224.1934996518861,898.3087530297674
2018-06-19 00:00:00,373.0,370.13192974560775,33.07430305666708,707.1895564345484
2018-06-19 01:00:00,269.0,302.8083012307955,0.0,639.8659279197361
2018-06-19 02:00:00,369.0,334.7932696518929,0.0,671.8508963408335
2018-06-19 03:00:00,893.0,857.8211050030302,520.7634783140895,1194.8787316919709
2018-06-19 04:00:00,3038.0,2954.782278823309,2617.724652134368,3291.8399055122495
2018-06-19 05:00:00,5483.0,5907.7002018435705,5570.64257515463,6244.757828532511
2018-06-19 06:00:00,5506.0,6166.936055931801,5829.878429242861,6503.993682620741
2018-06-19 07:00:00,4851.0,5499.316576730332,5162.258950041391,5836.374203419273
2018-06-19 08:00:00,4792.0,4714.059230557127,4377.001603868186,5051.116857246068
2018-06-19 09:00:00,4244.0,4402.16408737342,4065.1064606844798,4739.221714062362
2018-06-19 10:00:00,4346.0,4520.6668278504985,4183.609201161558,4857.724454539439
2018-06-19 11:00:00,4585.0,4534.574951796759,4197.517325107818,4871.6325784857
2018-06-19 12:00:00,4728.0,4671.742979613366,4334.685352924425,5008.800606302306
2018-06-19 13:00:00,5109.0,5062.652386755201,4725.59476006626,5399.7100134441425
2018-06-19 14:00:00,5852.0,5564.180015961029,5227.122389272088,5901.23764264997
2018-06-19 15:00:00,6821.0,6396.177228216982,6059.119601528042,6733.2348549059225
2018-06-19 16:00:00,6085.0,6389.70707517512,6052.64944848618,6726.76470186406
2018-06-19 17:00:00,4546.0,4495.3124433639705,4158.254816675029,4832.370070052912
2018-06-19 18:00:00,3263.0,3275.4708207650056,2938.413194076065,3612.5284474539462
2018-06-19 19:00:00,2804.0,2864.5485202089635,2527.490893520023,3201.606146897904
2018-06-19 20:00:00,2454.0,2590.042598668589,2252.9849719796484,2927.10022535753
2018-06-19 21:00:00,1796.0,1822.1352813643778,1485.077654675437,2159.192908053318
2018-06-19 22:00:00,1190.0,1196.5342158830463,859.4765891941056,1533.591842571987
2018-06-19 23:00:00,663.0,625.5486074205803,288.49098073163964,962.606234109521
2018-06-20 00:00:00,406.0,400.60954200586434,63.55191531692367,737.667168694805
2018-06-20 01:00:00,301.0,316.12028255256854,0.0,653.1779092415093
2018-06-20 02:00:00,385.0,336.9727573994597,0.0,674.0303840884003
2018-06-20 03:00:00,935.0,860.8935222396248,523.8358955506841,1197.9511489285655
2018-06-20 04:00:00,3134.0,3011.7262862417224,2674.6686595527817,3348.783912930663
2018-06-20 05:00:00,5769.0,5808.131103145689,5471.073476456748,6145.18872983463
2018-06-20 06:00:00,6295.0,6270.26335327167,5933.20572658273,6607.32097996061
2018-06-20 07:00:00,5540.0,5745.824795827304,5408.767169138364,6082.882422516244
2018-06-20 08:00:00,4890.0,4902.3720469861755,4565.314420297234,5239.429673675117
2018-06-20 09:00:00,4544.0,4436.093397347785,4099.035770658844,4773.151024036726
2018-06-20 10:00:00,4675.0,4797.471264184465,4460.413637495525,5134.5288908734055
2018-06-20 11:00:00,4824.0,4900.976445161387,4563.918818472446,5238.0340718503285
2018-06-20 12:00:00,4941.0,4895.220260486746,4558.162633797805,5232.277887175687
2018-06-20 13:00:00,5161.0,5337.627776546912,5000.570149857971,5674.685403235853
2018-06-20 14:00:00,5864.0,5680.064399415687,5343.006772726747,6017.122026104627
2018-06-20 15:00:00,6811.0,6395.684332073303,6058.626705384362,6732.741958762244
2018-06-20 16:00:00,6439.0,6393.778740606839,6056.721113917898,6730.83636729578
2018-06-20 17:00:00,4622.0,4716.882590900569,4379.824964211628,5053.94021758951
2018-06-20 18:00:00,3418.0,3366.355635053454,3029.2980083645134,3703.4132617423948
2018-06-20 19:00:00,3024.0,2970.8999620875215,2633.842335398581,3307.957588776462
2018-06-20 20:00:00,2758.0,2833.5178287072717,2496.460202018331,3170.5754553962124
2018-06-20 21:00:00,1956.0,2101.9854757294042,1764.9278490404636,2439.043102418345
2018-06-20 22:00:00,1209.0,1319.6466911571733,982.5890644682327,1656.704317846114
2018-06-20 23:00:00,634.0,656.0276697719844,318.9700430830437,993.0852964609251
2018-06-21 00:00:00,462.0,386.7876606723158,49.73003398337511,723.8452873612564
2018-06-21 01:00:00,348.0,344.1422714489027,7.084644759962032,681.1998981378433
2018-06-21 02:00:00,426.0,364.221192862291,27.16356617335032,701.2788195512317
2018-06-21 03:00:00,938.0,858.1772889414164,521.1196622524757,1195.2349156303571
2018-06-21 04:00:00,3112.0,3004.188367818544,2667.1307411296034,3341.2459945074847
2018-06-21 05:00:00,5778.0,5772.803159193082,5435.745532504141,6109.860785882023
2018-06-21 06:00:00,6557.0,6281.237491294806,5944.179864605865,6618.295117983747
2018-06-21 07:00:00,5490.0,5926.432778139934,5589.375151450993,6263.490404828875
2018-06-21 08:00:00,4982.0,4989.25840575145,4652.200779062508,5326.316032440391
2018-06-21 09:00:00,4951.0,4601.668892697731,4264.611266008791,4938.7265193866715
2018-06-21 10:00:00,5167.0,5197.638958731245,4860.581332042304,5534.696585420186
2018-06-21 11:00:00,5083.0,5352.703874630088,5015.6462479411475,5689.761501319028
2018-06-21 12:00:00,4942.0,5152.34800808914,4815.2903814002,5489.405634778081
2018-06-21 13:00:00,5025.0,5303.118713651084,4966.061086962143,5640.1763403400255
2018-06-21 14:00:00,5768.0,5445.89319509528,5108.835568406339,5782.950821784221
2018-06-21 15:00:00,6511.0,6334.06568220965,5997.00805552071,6671.12330889859
2018-06-21 16:00:00,5997.0,6171.38446936028,5834.326842671338,6508.442096049221
2018-06-21 17:00:00,4592.0,4749.534479649479,4412.476852960539,5086.592106338419
2018-06-21 18:00:00,3823.0,3464.568521589451,3127.5108949005103,3801.6261482783916
2018-06-21 19:00:00,3385.0,3263.4549319245275,2926.397305235587,3600.512558613468
2018-06-21 20:00:00,3446.0,3105.6179882191645,2768.560361530224,3442.675614908105
2018-06-21 21:00:00,2583.0,2797.538587808022,2460.4809611190813,3134.5962144969626
2018-06-21 22:00:00,1455.0,1659.322246972788,1322.2646202838473,1996.3798736617287
2018-06-21 23:00:00,805.0,888.275926733969,551.2183000450283,1225.3335534229095
2018-06-22 00:00:00,471.0,546.1714264667477,209.113799777807,883.2290531556883
2018-06-22 01:00:00,364.0,351.4297520348756,14.372125345934933,688.4873787238163
2018-06-22 02:00:00,384.0,364.15328552489314,27.095658835952463,701.2109122138338
2018-06-22 03:00:00,876.0,727.01852114795,389.9608944590093,1064.0761478368906
2018-06-22 04:00:00,3056.0,2903.168939743867,2566.1113130549265,3240.226566432808
2018-06-22 05:00:00,5460.0,5766.671111005882,5429.613484316942,6103.7287376948225
2018-06-22 06:00:00,6222.0,6254.2752125415855,5917.217585852644,6591.332839230527
2018-06-22 07:00:00,5604.0,5648.512398142493,5311.454771453553,5985.570024831433
2018-06-22 08:00:00,5053.0,5127.458992732262,4790.401366043321,5464.516619421203
2018-06-22 09:00:00,4765.0,4700.093821845617,4363.036195156676,5037.151448534558
2018-06-22 10:00:00,5128.0,5065.667055293975,4728.609428605034,5402.724681982916
2018-06-22 11:00:00,5225.0,5362.307794358273,5025.250167669332,5699.365421047214
2018-06-22 12:00:00,5104.0,5290.737363798314,4953.679737109373,5627.794990487255
2018-06-22 13:00:00,5351.0,5418.271723028255,5081.214096339314,5755.329349717196
2018-06-22 14:00:00,5843.0,5743.4833657957315,5406.425739106791,6080.540992484672
2018-06-22 15:00:00,6010.0,6217.922785515127,5880.8651588261855,6554.980412204068
2018-06-22 16:00:00,5120.0,5544.814707614865,5207.757080925925,5881.8723343038055
2018-06-22 17:00:00,4676.0,4629.7220660771845,4292.664439388243,4966.779692766126
2018-06-22 18:00:00,3976.0,3712.197411030463,3375.1397843415225,4049.255037719404
2018-06-22 19:00:00,3535.0,3279.04700194262,2941.9893752536796,3616.104628631561
2018-06-22 20:00:00,3473.0,3176.288921577159,2839.231294888218,3513.3465482660995
2018-06-22 21:00:00,3529.0,3050.2577031867104,2713.2000764977697,3387.315329875651
2018-06-22 22:00:00,3654.0,2218.906725564662,1881.8490988757212,2555.9643522536026
2018-06-22 23:00:00,1540.0,1814.9587418324836,1477.901115143543,2152.0163685214243
2018-06-23 00:00:00,872.0,861.3575231586184,524.2998964696777,1198.415149847559
2018-06-23 01:00:00,629.0,648.4253404791864,311.3677137902457,985.4829671681271
2018-06-23 02:00:00,407.0,417.89188508372865,80.83425839478798,754.9495117726693
2018-06-23 03:00:00,513.0,428.65295078327216,91.59532409433149,765.7105774722129
2018-06-23 04:00:00,966.0,808.1258347000031,471.06820801106244,1145.1834613889437
2018-06-23 05:00:00,1495.0,1461.818429975873,1124.7608032869323,1798.8760566648136
2018-06-23 06:00:00,2474.0,2193.7258980851125,1856.6682713961718,2530.783524774053
2018-06-23 07:00:00,3353.0,3350.6700721359903,3013.6124454470496,3687.727698824931
2018-06-23 08:00:00,4065.0,4062.7689517897807,3725.71132510084,4399.826578478722
2018-06-23 09:00:00,4318.0,4361.753176318045,4024.6955496291043,4698.810803006985
2018-06-23 10:00:00,4621.0,4603.846275484887,4266.788648795946,4940.903902173828
2018-06-23 11:00:00,5018.0,4847.849015823915,4510.791389134974,5184.906642512855
2018-06-23 12:00:00,4560.0,4979.613399692734,4642.555773003793,5316.671026381675
2018-06-23 13:00:00,4620.0,4648.7756218035765,4311.717995114635,4985.833248492518
2018-06-23 14:00:00,4417.0,4742.992669285653,4405.935042596713,5080.050295974594
2018-06-23 15:00:00,4372.0,4524.621832218482,4187.564205529541,4861.679458907423
2018-06-23 16:00:00,4510.0,4257.225019627903,3920.167392938962,4594.282646316844
2018-06-23 17:00:00,3945.0,4226.6062309621475,3889.548604273207,4563.663857651089
2018-06-23 18:00:00,3660.0,3385.240554016541,3048.1829273276003,3722.2981807054816
2018-06-23 19:00:00,3362.0,3193.061957131664,2856.004330442723,3530.1195838206045
2018-06-23 20:00:00,3504.0,3214.707040771891,2877.6494140829504,3551.764667460832
2018-06-23 21:00:00,3572.0,3193.725116171511,2856.6674894825705,3530.782742860452
2018-06-23 22:00:00,2484.0,2413.7852417527024,2076.7276150637617,2750.842868441643
2018-06-23 23:00:00,1515.0,1673.1284320533782,1336.0708053644375,2010.186058742319
2018-06-24 00:00:00,1016.0,978.7848698967358,641.7272432077951,1315.8424965856766
2018-06-24 01:00:00,684.0,695.1167556453399,358.05912895639926,1032.1743823342806
2018-06-24 02:00:00,409.0,414.6038193299732,77.54619264103252,751.6614460189139
2018-06-24 03:00:00,373.0,383.2166939760804,46.15906728713975,720.2743206650212
2018-06-24 04:00:00,614.0,546.3325754019507,209.27494871301008,883.3902020908914
2018-06-24 05:00:00,1091.0,988.1286041121091,651.0709774231684,1325.1862308010498
2018-06-24 06:00:00,1499.0,1611.3432131348934,1274.2855864459527,1948.400839823834
2018-06-24 07:00:00,2362.0,2267.0764809858,1930.0188542968594,2604.134107674741
2018-06-24 08:00:00,3560.0,3153.7634032938236,2816.705776604883,3490.8210299827642
2018-06-24 09:00:00,4187.0,4065.7129986780446,3728.655371989104,4402.770625366986
2018-06-24 10:00:00,4186.0,4529.593527246758,4192.5359005578175,4866.651153935698
2018-06-24 11:00:00,4302.0,4534.320323412999,4197.262696724058,4871.37795010194
2018-06-24 12:00:00,4235.0,4344.967369262277,4007.9097425733366,4682.024995951218
2018-06-24 13:00:00,4317.0,4294.921032925598,3957.8634062366577,4631.978659614539
2018-06-24 14:00:00,4313.0,4351.239677796547,4014.182051107606,4688.297304485488
2018-06-24 15:00:00,4256.0,4325.356397663159,3988.2987709742188,4662.4140243521
2018-06-24 16:00:00,4118.0,4149.171376215173,3812.1137495262324,4486.229002904114
2018-06-24 17:00:00,4022.0,3880.3842862954157,3543.326659606475,4217.441912984356
2018-06-24 18:00:00,3438.0,3428.629381372241,3091.5717546833002,3765.6870080611816
2018-06-24 19:00:00,3187.0,3002.4298477063594,2665.3722210174187,3339.4874743953
2018-06-24 20:00:00,2556.0,2820.139214460429,2483.081587771488,3157.1968411493694
2018-06-24 21:00:00,1962.0,2089.1623179094495,1752.1046912205088,2426.21994459839
2018-06-24 22:00:00,1209.0,1335.4288841953703,998.3712575064296,1672.486510884311
2018-06-24 23:00:00,652.0,656.9531075322625,319.8954808433218,994.0107342212032
2018-06-25 00:00:00,422.0,387.62240195963966,50.56477527069899,724.6800286485803
2018-06-25 01:00:00,331.0,333.00176317951247,0.0,670.0593898684531
2018-06-25 02:00:00,406.0,348.2810718557129,11.223445166772251,685.3386985446537
2018-06-25 03:00:00,902.0,872.4589059659002,535.4012792769595,1209.5165326548408
2018-06-25 04:00:00,2982.0,2855.01461719543,2517.9569905064895,3192.072243884371
2018-06-25 05:00:00,5588.0,5714.547348535466,5377.489721846525,6051.604975224407
2018-06-25 06:00:00,6146.0,6243.549145138912,5906.491518449971,6580.606771827852
2018-06-25 07:00:00,5383.0,5741.82423800047,5404.76661131153,6078.881864689411
2018-06-25 08:00:00,4654.0,4730.813062558331,4393.755435869391,5067.870689247271
2018-06-25 09:00:00,4310.0,4391.959806253097,4054.902179564156,4729.017432942037
2018-06-25 10:00:00,4530.0,4529.472263695183,4192.414637006243,4866.529890384123
2018-06-25 11:00:00,4748.0,4759.472684432999,4422.415057744058,5096.53031112194
2018-06-25 12:00:00,4673.0,4774.135082575428,4437.077455886487,5111.192709264369
2018-06-25 13:00:00,4877.0,4976.487055233395,4639.429428544454,5313.544681922336
2018-06-25 14:00:00,5605.0,5308.095406085682,4971.037779396742,5645.153032774622
2018-06-25 15:00:00,6232.0,6268.902383492461,5931.844756803521,6605.960010181401
2018-06-25 16:00:00,5772.0,5793.056832620379,5455.999205931439,6130.1144593093195
2018-06-25 17:00:00,4086.0,4231.884230521125,3894.826603832184,4568.941857210066
2018-06-25 18:00:00,3288.0,3089.645402438946,2752.587775750005,3426.7030291278866
2018-06-25 19:00:00,2944.0,2787.6269868793647,2450.569360190424,3124.6846135683054
2018-06-25 20:00:00,2559.0,2670.5191885842255,2333.461561895285,3007.576815273166
2018-06-25 21:00:00,1974.0,1957.5502825109809,1620.4926558220402,2294.607909199922
2018-06-25 22:00:00,1136.0,1303.2820984938214,966.2244718048807,1640.339725182762
2018-06-25 23:00:00,624.0,618.1295622806333,281.07193559169264,955.187188969574
2018-06-26 00:00:00,417.0,383.00086187995305,45.94323519101238,720.0584885688937
2018-06-26 01:00:00,297.0,321.7435713149575,0.0,658.8011980038982
2018-06-26 02:00:00,353.0,336.9727573994597,0.0,674.0303840884003
2018-06-26 03:00:00,887.0,842.9610284861033,505.9034017971626,1180.018655175044
2018-06-26 04:00:00,2973.0,2986.7792566401627,2649.721629951222,3323.8368833291033
2018-06-26 05:00:00,5381.0,5836.787146901422,5499.729520212481,6173.844773590363
2018-06-26 06:00:00,6350.0,6111.79664939171,5774.73902270277,6448.85427608065
2018-06-26 07:00:00,5756.0,5816.885623982238,5479.827997293298,6153.943250671178
2018-06-26 08:00:00,4872.0,5059.926833685958,4722.869206997017,5396.984460374899
2018-06-26 09:00:00,4452.0,4440.971810743253,4103.9141840543125,4778.029437432193
2018-06-26 10:00:00,4713.0,4726.495688714409,4389.438062025469,5063.553315403349
2018-06-26 11:00:00,5083.0,4939.097690634974,4602.040063946033,5276.155317323915
2018-06-26 12:00:00,4849.0,5112.77030630934,4775.712679620399,5449.8279329982815
2018-06-26 13:00:00,4905.0,5190.6523677920595,4853.594741103119,5527.709994481
2018-06-26 14:00:00,5875.0,5292.740550213123,4955.682923524182,5629.798176902064
2018-06-26 15:00:00,6765.0,6414.211084500624,6077.1534578116825,6751.268711189565
2018-06-26 16:00:00,6054.0,6356.074955219047,6019.017328530106,6693.132581907988
2018-06-26 17:00:00,4473.0,4492.221057623848,4155.1634309349065,4829.278684312789
2018-06-26 18:00:00,3316.0,3304.398782039527,2967.341155350586,3641.4564087284675
2018-06-26 19:00:00,2910.0,2891.088310135756,2554.030683446815,3228.1459368246965
2018-06-26 20:00:00,2674.0,2647.6204701250726,2310.562843436132,2984.6780968140133
2018-06-26 21:00:00,2083.0,2074.9681865469224,1737.9105598579818,2412.025813235863
2018-06-26 22:00:00,1161.0,1352.5420560417851,1015.4844293528445,1689.5996827307258
2018-06-26 23:00:00,678.0,632.5266590903623,295.4690324014216,969.584285779303
2018-06-27 00:00:00,411.0,402.897696467379,65.8400697784383,739.9553231563197
2018-06-27 01:00:00,313.0,321.7435713149575,0.0,658.8011980038982
2018-06-27 02:00:00,414.0,347.0549194569239,9.997292767983254,684.1125461458646
2018-06-27 03:00:00,898.0,895.2933983088108,558.2357716198701,1232.3510249977514
2018-06-27 04:00:00,3151.0,2992.733187045444,2655.6755603565034,3329.7908137343848
2018-06-27 05:00:00,5883.0,5834.686205717377,5497.628579028436,6171.743832406317
2018-06-27 06:00:00,6414.0,6471.509339608652,6134.451712919712,6808.566966297592
2018-06-27 07:00:00,5717.0,5870.786909660862,5533.729282971921,6207.844536349803
2018-06-27 08:00:00,5134.0,5122.96030619742,4785.902679508479,5460.017932886361
2018-06-27 09:00:00,4614.0,4607.513011832446,4270.455385143505,4944.570638521387
2018-06-27 10:00:00,4964.0,4944.168224181707,4607.110597492767,5281.225850870647
2018-06-27 11:00:00,5102.0,5189.864050190381,4852.806423501441,5526.921676879321
2018-06-27 12:00:00,4901.0,5106.929336790641,4769.871710101701,5443.986963479581
2018-06-27 13:00:00,5036.0,5242.192394495563,4905.134767806623,5579.250021184504
2018-06-27 14:00:00,5867.0,5422.724225471989,5085.666598783047,5759.78185216093
2018-06-27 15:00:00,6666.0,6498.843676862079,6161.7860501731375,6835.90130355102
2018-06-27 16:00:00,6095.0,6314.404168639697,5977.346541950756,6651.461795328638
2018-06-27 17:00:00,4563.0,4625.309849462419,4288.252222773479,4962.367476151359
2018-06-27 18:00:00,3497.0,3319.714087776584,2982.6564610876435,3656.771714465525
2018-06-27 19:00:00,3126.0,3052.1856017899095,2715.127975100969,3389.24322847885
2018-06-27 20:00:00,3116.0,2834.146100609872,2497.0884739209314,3171.2037272988127
2018-06-27 21:00:00,2292.0,2480.3860680522016,2143.328441363261,2817.4436947411423
2018-06-27 22:00:00,1339.0,1407.1454476462268,1070.087820957286,1744.2030743351675
2018-06-27 23:00:00,778.0,712.118893231421,375.0612665424803,1049.1765199203617
2018-06-28 00:00:00,457.0,529.6551611668189,192.59753447787818,866.7127878557595
2018-06-28 01:00:00,309.0,345.48651543523545,8.428888746294774,682.5441421241761
2018-06-28 02:00:00,365.0,335.2940840092654,0.0,672.351710698206
2018-06-28 03:00:00,921.0,847.115567260436,510.05794057149535,1184.1731939493766
2018-06-28 04:00:00,3121.0,3038.7964462230575,2701.738819534117,3375.854072911998
2018-06-28 05:00:00,5691.0,5849.3885608308,5512.330934141859,6186.446187519741
2018-06-28 06:00:00,6264.0,6437.185772652396,6100.128145963456,6774.243399341336
2018-06-28 07:00:00,5683.0,5831.437034608822,5494.3794079198815,6168.494661297762
2018-06-28 08:00:00,4983.0,5175.05774107804,4838.000114389099,5512.115367766981
2018-06-28 09:00:00,4678.0,4638.181435510295,4301.123808821354,4975.239062199236
2018-06-28 10:00:00,4866.0,4954.384624082216,4617.326997393275,5291.442250771157
2018-06-28 11:00:00,5109.0,5096.255636293915,4759.198009604974,5433.313262982856
2018-06-28 12:00:00,5011.0,5114.630534260592,4777.572907571652,5451.688160949532
2018-06-28 13:00:00,5300.0,5318.9453703211275,4981.887743632187,5656.002997010068
2018-06-28 14:00:00,5945.0,5701.4113299488145,5364.353703259874,6038.468956637755
2018-06-28 15:00:00,6568.0,6398.205387247198,6061.147760558257,6735.263013936139
2018-06-28 16:00:00,5930.0,6159.826833589613,5822.769206900672,6496.884460278554
2018-06-28 17:00:00,4668.0,4740.023015479332,4402.965388790391,5077.080642168272
2018-06-28 18:00:00,3794.0,3579.7323474135073,3242.6747207245667,3916.789974102448
2018-06-28 19:00:00,3127.0,3291.004870688708,2953.947243999767,3628.0624973776485
2018-06-28 20:00:00,2908.0,2983.921770671996,2646.8641439830553,3320.9793973609367
2018-06-28 21:00:00,2190.0,2292.4683592102515,1955.4107325213108,2629.525985899192
2018-06-28 22:00:00,1475.0,1426.8833382629055,1089.8257115739648,1763.9409649518461
2018-06-28 23:00:00,841.0,873.9324461685733,536.8748194796326,1210.990072857514
2018-06-29 00:00:00,510.0,596.3109022588216,259.2532755698809,933.3685289477622
2018-06-29 01:00:00,385.0,373.8956736418912,36.83804695295055,710.9533003308319
2018-06-29 02:00:00,453.0,369.64891827576594,32.591291586825264,706.7065449647066
2018-06-29 03:00:00,984.0,704.5353167733341,367.47769008439343,1041.592943462275
2018-06-29 04:00:00,2909.0,3008.0416930260194,2670.9840663370787,3345.09931971496
2018-06-29 05:00:00,5427.0,5696.722278116317,5359.664651427376,6033.779904805258
2018-06-29 06:00:00,6051.0,6332.26301779264,5995.2053911037,6669.3206444815805
2018-06-29 07:00:00,5204.0,5604.336384591133,5267.2787579021915,5941.394011280074
2018-06-29 08:00:00,4842.0,4857.73301509021,4520.675388401269,5194.790641779151
2018-06-29 09:00:00,4626.0,4589.727764630563,4252.670137941623,4926.785391319503
2018-06-29 10:00:00,5114.0,5003.200403827561,4666.142777138621,5340.258030516501
2018-06-29 11:00:00,5222.0,5315.79571556824,4978.7380888792995,5652.85334225718
2018-06-29 12:00:00,5236.0,5243.804901583545,4906.747274894604,5580.862528272486
2018-06-29 13:00:00,5319.0,5433.1885430086595,5096.130916319718,5770.246169697601
2018-06-29 14:00:00,5903.0,5712.984104282611,5375.92647759367,6050.041730971552
2018-06-29 15:00:00,5902.0,6031.680611239996,5694.622984551055,6368.738237928937
2018-06-29 16:00:00,5314.0,5507.848618854035,5170.7909921650935,5844.906245542976
2018-06-29 17:00:00,4798.0,4549.013179817281,4211.95555312834,4886.070806506221
2018-06-29 18:00:00,3705.0,3674.437043167572,3337.3794164786314,4011.4946698565127
2018-06-29 19:00:00,3340.0,3161.958828471925,2824.901201782984,3499.0164551608655
2018-06-29 20:00:00,3247.0,3212.6145919976257,2875.556965308685,3549.6722186865663
2018-06-29 21:00:00,2781.0,2990.049615620423,2652.9919889314824,3327.1072423093638
2018-06-29 22:00:00,2465.0,2179.610164097582,1842.5525374086415,2516.667790786523
2018-06-29 23:00:00,1423.0,1497.8301901590316,1160.772563470091,1834.8878168479723
2018-06-30 00:00:00,869.0,888.9928984559492,551.9352717670085,1226.05052514489
2018-06-30 01:00:00,617.0,642.0875539800865,305.0299272911458,979.1451806690271
2018-06-30 02:00:00,429.0,407.8919840444942,70.83435735555355,744.9496107334348
2018-06-30 03:00:00,429.0,460.2073044437539,123.14967775481324,797.2649311326945
2018-06-30 04:00:00,822.0,728.7604124777024,391.70278578876173,1065.818039166643
2018-06-30 05:00:00,1489.0,1398.2687606706713,1061.2111339817307,1735.326387359612
2018-06-30 06:00:00,2048.0,2219.194763360221,1882.1371366712801,2556.2523900491615
2018-06-30 07:00:00,2840.0,2921.898036819883,2584.8404101309425,3258.955663508824
2018-06-30 08:00:00,3627.0,3742.051386185787,3404.9937594968465,4079.109012874728
2018-06-30 09:00:00,3922.0,4036.466340106943,3699.408713418002,4373.523966795883
2018-06-30 10:00:00,4253.0,4279.864961382203,3942.807334693262,4616.922588071144
2018-06-30 11:00:00,4776.0,4554.54158351041,4217.48395682147,4891.599210199351
2018-06-30 12:00:00,4675.0,4691.260787014521,4354.20316032558,5028.318413703462
2018-06-30 13:00:00,4533.0,4665.077506913332,4328.019880224392,5002.135133602273
2018-06-30 14:00:00,4425.0,4586.687982716902,4249.630356027961,4923.745609405843
2018-06-30 15:00:00,4707.0,4502.065603295819,4165.0079766068775,4839.12322998476
2018-06-30 16:00:00,4469.0,4485.932123666166,4148.874496977225,4822.989750355107
2018-06-30 17:00:00,3871.0,4161.009407708807,3823.9517810198663,4498.067034397747
2018-06-30 18:00:00,3247.0,3373.334560360425,3036.276933671484,3710.3921870493655
2018-06-30 19:00:00,2936.0,2932.871290523741,2595.8136638348005,3269.928917212682
2018-06-30 20:00:00,2700.0,2958.783907741258,2621.7262810523175,3295.841534430199
2018-06-30 21:00:00,2760.0,2663.9339494555543,2326.8763227666136,3000.991576144495
2018-06-30 22:00:00,2017.0,2304.208696051895,1967.1510693629543,2641.2663227408357
2018-06-30 23:00:00,1314.0,1343.4101827313698,1006.3525560424291,1680.4678094203105
2018-07-01 00:00:00,848.0,839.0536239385347,501.995997249594,1176.1112506274753
2018-07-01 01:00:00,703.0,643.2391714581271,306.1815447691864,980.2967981470678
2018-07-01 02:00:00,419.0,433.6703357781495,96.6127090892088,770.7279624670902
2018-07-01 03:00:00,372.0,399.79280539840875,62.73517870946807,736.8504320873494
2018-07-01 04:00:00,529.0,573.2681476972971,236.2105210083564,910.3257743862378
2018-07-01 05:00:00,979.0,899.8729484566784,562.8153217677377,1236.930575145619
2018-07-01 06:00:00,1237.0,1458.1104634763994,1121.0528367874588,1795.1680901653401
2018-07-01 07:00:00,1682.0,1973.8668712777742,1636.8092445888335,2310.9244979667146
2018-07-01 08:00:00,2495.0,2527.8672723978434,2190.8096457089027,2864.924899086784
2018-07-01 09:00:00,2924.0,3216.7477233832706,2879.69009669433,3553.8053500722112
2018-07-01 10:00:00,3323.0,3432.736848187373,3095.6792214984325,3769.794474876314
2018-07-01 11:00:00,3696.0,3614.2524583733702,3277.1948316844296,3951.310085062311
2018-07-01 12:00:00,4084.0,3822.8588857110417,3485.801259022101,4159.916512399983
2018-07-01 13:00:00,4187.0,4183.04356436624,3845.9859376772997,4520.101191055181
2018-07-01 14:00:00,4365.0,4246.232627979549,3909.175001290608,4583.290254668489
2018-07-01 15:00:00,4380.0,4278.51052917723,3941.452902488289,4615.568155866171
2018-07-01 16:00:00,4049.0,4129.153222258895,3792.095595569954,4466.210848947836
2018-07-01 17:00:00,3680.0,3740.1085986205726,3403.050971931632,4077.1662253095133
2018-07-01 18:00:00,3404.0,3290.452431403362,2953.3948047144213,3627.5100580923026
2018-07-01 19:00:00,3018.0,2963.1283573125556,2626.070730623615,3300.1859840014963
2018-07-01 20:00:00,2640.0,2683.189095286139,2346.1314685971984,3020.2467219750797
2018-07-01 21:00:00,2152.0,2101.375043249057,1764.3174165601163,2438.4326699379976
2018-07-01 22:00:00,3078.0,1443.077870125161,1106.0202434362204,1780.1354968141018
2018-07-01 23:00:00,1043.0,956.182333503846,619.1247068149054,1293.2399601927868
2018-07-02 00:00:00,523.0,576.6146686029024,239.5570419139617,913.672295291843
2018-07-02 01:00:00,425.0,368.14454131195373,31.086914623013058,705.2021680008944
2018-07-02 02:00:00,398.0,381.6594307319296,44.60180404298893,718.7170574208703
2018-07-02 03:00:00,896.0,571.3961062003889,234.3384795114482,908.4537328893296
2018-07-02 04:00:00,2931.0,2843.81790869897,2506.760282010029,3180.8755353879105
2018-07-02 05:00:00,5305.0,5632.8606057339475,5295.802979045007,5969.918232422888
2018-07-02 06:00:00,5936.0,5777.503656286032,5440.446029597091,6114.561282974973
2018-07-02 07:00:00,4859.0,5424.620325315443,5087.5626986265015,5761.677952004384
2018-07-02 08:00:00,4473.0,4442.3685928054265,4105.310966116485,4779.426219494368
2018-07-02 09:00:00,4172.0,4183.105851400026,3846.0482247110854,4520.163478088967
2018-07-02 10:00:00,4498.0,4313.145010578765,3976.0873838898247,4650.202637267706
2018-07-02 11:00:00,4617.0,4671.710327776103,4334.652701087163,5008.767954465044
2018-07-02 12:00:00,4667.0,4788.069068824861,4451.011442135919,5125.126695513802
2018-07-02 13:00:00,4728.0,4939.255675680976,4602.198048992035,5276.313302369917
2018-07-02 14:00:00,5115.0,5123.441887893906,4786.384261204965,5460.499514582847
2018-07-02 15:00:00,5853.0,5908.385194168807,5571.327567479866,6245.442820857748
2018-07-02 16:00:00,5241.0,5571.360263199533,5234.3026365105925,5908.417889888473
2018-07-02 17:00:00,3922.0,4135.853991638278,3798.796364949337,4472.911618327218
2018-07-02 18:00:00,3183.0,2921.133689173318,2584.0760624843774,3258.1913158622588
2018-07-02 19:00:00,2792.0,2767.441113250554,2430.383486561613,3104.4987399394945
2018-07-02 20:00:00,2552.0,2481.538715878588,2144.4810891896473,2818.5963425675286
2018-07-02 21:00:00,2118.0,1908.9849660756306,1571.92733938669,2246.042592764571
2018-07-02 22:00:00,1461.0,1382.5909282474904,1045.5333015585497,1719.648554936431
2018-07-02 23:00:00,722.0,836.2379380960843,499.1803114071437,1173.295564785025
2018-07-03 00:00:00,455.0,449.83337623968134,112.77574955074067,786.891002928622
2018-07-03 01:00:00,340.0,338.40950682935613,1.3518801404154601,675.4671335182968
2018-07-03 02:00:00,391.0,358.57047265568065,21.512845966739974,695.6280993446213
2018-07-03 03:00:00,863.0,826.4232274624364,489.36560077349577,1163.4808541513771
2018-07-03 04:00:00,2836.0,2815.7843479558233,2478.7267212668826,3152.841974644764
2018-07-03 05:00:00,5264.0,5612.421755454322,5275.364128765381,5949.479382143263
2018-07-03 06:00:00,5737.0,5860.2444383947495,5523.186811705809,6197.30206508369
2018-07-03 07:00:00,5017.0,5328.243172310271,4991.185545621331,5665.300798999211
2018-07-03 08:00:00,4373.0,4524.1091875531165,4187.051560864176,4861.166814242057
2018-07-03 09:00:00,4099.0,4245.8737939747925,3908.816167285852,4582.931420663734
2018-07-03 10:00:00,4415.0,4383.569001580653,4046.5113748917124,4720.626628269594
2018-07-03 11:00:00,4775.0,4621.042516993387,4283.984890304446,4958.100143682328
2018-07-03 12:00:00,4799.0,4823.053745165268,4485.996118476327,5160.111371854209
2018-07-03 13:00:00,4968.0,5107.455933183444,4770.398306494504,5444.513559872385
2018-07-03 14:00:00,5526.0,5450.704604106262,5113.646977417322,5787.762230795202
2018-07-03 15:00:00,6135.0,6288.000079962412,5950.942453273472,6625.057706651352
2018-07-03 16:00:00,5092.0,5748.2772946528685,5411.219667963927,6085.33492134181
2018-07-03 17:00:00,4313.0,4234.671765904161,3897.61413921522,4571.729392593101
2018-07-03 18:00:00,3308.0,3120.703581988159,2783.6459552992183,3457.7612086770996
2018-07-03 19:00:00,3055.0,2893.2971241360433,2556.2394974471026,3230.354750824984
2018-07-03 20:00:00,2700.0,2780.714035167145,2443.6564084782044,3117.7716618560858
2018-07-03 21:00:00,2176.0,1997.022813786398,1659.9651870974574,2334.080440475339
2018-07-03 22:00:00,1741.0,1407.3894590190191,1070.3318323300784,1744.4470857079598
2018-07-03 23:00:00,1021.0,1075.6782432956697,738.6206166067291,1412.7358699846104
2018-07-04 00:00:00,605.0,626.4581435249439,289.40051683600325,963.5157702138846
2018-07-04 01:00:00,573.0,397.2754208916014,60.21779420266074,734.3330475805421
2018-07-04 02:00:00,353.0,384.614625911618,47.55699922267735,721.6722526005587
2018-07-04 03:00:00,354.0,523.7505535207772,186.69292683183653,860.8081802097179
2018-07-04 04:00:00,698.0,837.1811567161237,500.12353002718305,1174.2387834050644
2018-07-04 05:00:00,1141.0,1679.1163188429211,1342.0586921539805,2016.1739455318618
2018-07-04 06:00:00,1128.0,1609.5170640211336,1272.459437332193,1946.5746907100743
2018-07-04 07:00:00,1275.0,1538.950973502508,1201.8933468135674,1876.0086001914487
2018-07-04 08:00:00,1687.0,1751.9821012302214,1414.9244745412807,2089.039727919162
2018-07-04 09:00:00,1920.0,2184.1343701136225,1847.0767434246818,2521.191996802563
2018-07-04 10:00:00,2603.0,2227.5255163520105,1890.4678896630699,2564.583143040951
2018-07-04 11:00:00,2761.0,3069.3987122877534,2732.3410855988127,3406.456338976694
2018-07-04 12:00:00,2929.0,3088.4122483962583,2751.3546217073176,3425.469875085199
2018-07-04 13:00:00,3318.0,3168.1688486757166,2831.111221986776,3505.2264753646573
2018-07-04 14:00:00,3070.0,3481.1265932787956,3144.068966589855,3818.184219967736
2018-07-04 15:00:00,3224.0,2972.4755283963123,2635.4179017073716,3309.533155085253
2018-07-04 16:00:00,3045.0,2970.643681321147,2633.5860546322065,3307.701308010088
2018-07-04 17:00:00,2664.0,2830.9535916889745,2493.895965000034,3168.011218377915
2018-07-04 18:00:00,2596.0,2347.519537956526,2010.4619112675855,2684.577164645467
2018-07-04 19:00:00,2503.0,2419.857491932376,2082.7998652434353,2756.9151186213167
2018-07-04 20:00:00,2582.0,2332.85189201074,1995.7942653217992,2669.9095186996806
2018-07-04 21:00:00,2030.0,2253.820510889924,1916.7628842009835,2590.878137578865
2018-07-04 22:00:00,1936.0,1442.1927399636863,1105.1351132747457,1779.250366652627
2018-07-04 23:00:00,971.0,1191.800764923115,854.7431382341742,1528.8583916120556
2018-07-05 00:00:00,476.0,625.7827559489577,288.72512926001707,962.8403826378984
2018-07-05 01:00:00,317.0,359.4206881421807,22.36306145324005,696.4783148311215
2018-07-05 02:00:00,338.0,329.52698013445104,0.0,666.5846068233917
2018-07-05 03:00:00,754.0,497.859434228924,160.80180753998332,834.9170609178647
2018-07-05 04:00:00,2412.0,2612.370135652889,2275.3125089639484,2949.4277623418297
2018-07-05 05:00:00,4500.0,4968.297622078218,4631.239995389278,5305.355248767159
2018-07-05 06:00:00,4966.0,4780.820038787657,4443.762412098717,5117.877665476597
2018-07-05 07:00:00,4440.0,4336.932758343699,3999.875131654758,4673.990385032639
2018-07-05 08:00:00,4205.0,4221.539461022119,3884.4818343331785,4558.597087711059
2018-07-05 09:00:00,4154.0,4067.9258935217053,3730.8682668327647,4404.983520210646
2018-07-05 10:00:00,4201.0,4261.24930122961,3924.1916745406693,4598.306927918551
2018-07-05 11:00:00,4416.0,4308.767806737144,3971.7101800482037,4645.8254334260855
2018-07-05 12:00:00,4491.0,4461.192141111135,4124.134514422194,4798.249767800076
2018-07-05 13:00:00,4708.0,4610.327915668577,4273.2702889796365,4947.385542357517
2018-07-05 14:00:00,5066.0,4991.1229648294875,4654.065338140546,5328.180591518429
2018-07-05 15:00:00,5908.0,5705.329555097535,5368.271928408594,6042.3871817864765
2018-07-05 16:00:00,5223.0,5560.579818932405,5223.522192243465,5897.637445621345
2018-07-05 17:00:00,4115.0,4161.493105301641,3824.4354786127,4498.550731990581
2018-07-05 18:00:00,3099.0,3100.578197913264,2763.5205712243232,3437.6358246022046
2018-07-05 19:00:00,2713.0,2787.3031033031884,2450.2454766142478,3124.360729992129
2018-07-05 20:00:00,2633.0,2636.7800783444377,2299.722451655497,2973.8377050333784
2018-07-05 21:00:00,2002.0,2183.9460895692514,1846.8884628803107,2521.003716258192
2018-07-05 22:00:00,1287.0,1298.6755377070851,961.6179110181445,1635.7331643960258
2018-07-05 23:00:00,743.0,731.279324661953,394.2216979730123,1068.3369513508937
2018-07-06 00:00:00,435.0,471.4139443351426,134.35631764620194,808.4715710240832
2018-07-06 01:00:00,372.0,340.31340413262296,3.255777443682291,677.3710308215636
2018-07-06 02:00:00,343.0,364.69108649338614,27.633459804445465,701.7487131823268
2018-07-06 03:00:00,752.0,766.2246813112896,429.1670546223489,1103.2823080002304
2018-07-06 04:00:00,2453.0,2678.817285916996,2341.759659228055,3015.8749126059365
2018-07-06 05:00:00,4489.0,5245.503687251304,4908.446060562363,5582.561313940245
2018-07-06 06:00:00,5069.0,4905.971783869029,4568.914157180088,5243.029410557971
2018-07-06 07:00:00,4489.0,4550.467587067143,4213.4099603782015,4887.525213756084
2018-07-06 08:00:00,4305.0,4461.412408980356,4124.354782291415,4798.470035669297
2018-07-06 09:00:00,4215.0,4218.030788078116,3880.973161389175,4555.088414767057
2018-07-06 10:00:00,4547.0,4483.837119859573,4146.779493170632,4820.894746548514
2018-07-06 11:00:00,4684.0,4795.543157727859,4458.4855310389175,5132.6007844168
2018-07-06 12:00:00,4594.0,4754.131206913596,4417.0735802246545,5091.188833602537
2018-07-06 13:00:00,4818.0,4839.394410408336,4502.336783719395,5176.452037097277
2018-07-06 14:00:00,5182.0,5194.16410196309,4857.1064752741495,5531.22172865203
2018-07-06 15:00:00,5353.0,5797.357313984962,5460.299687296021,6134.414940673903
2018-07-06 16:00:00,4822.0,5097.695120441487,4760.637493752547,5434.752747130427
2018-07-06 17:00:00,4089.0,4372.4830600484265,4035.425433359486,4709.540686737368
2018-07-06 18:00:00,3390.0,3186.9420219284366,2849.884395239496,3523.9996486173773
2018-07-06 19:00:00,2966.0,2912.422795677141,2575.3651689882004,3249.4804223660817
2018-07-06 20:00:00,2903.0,2828.1090542664374,2491.0514275774967,3165.166680955378
2018-07-06 21:00:00,2533.0,2651.2375497753264,2314.1799230863858,2988.295176464267
2018-07-06 22:00:00,2227.0,1852.1739974531997,1515.116370764259,2189.2316241421404
2018-07-06 23:00:00,1233.0,1433.2376543422724,1096.1800276533318,1770.295281031213
2018-07-07 00:00:00,689.0,793.2773973945657,456.219770705625,1130.3350240835064
2018-07-07 01:00:00,604.0,429.6855231301303,92.62789644118965,766.743149819071
2018-07-07 02:00:00,382.0,390.302187591237,53.244560902296314,727.3598142801777
2018-07-07 03:00:00,429.0,392.63896672969935,55.581340040758676,729.6965934186401
2018-07-07 04:00:00,769.0,695.0418867972021,357.9842601082614,1032.0995134861428
2018-07-07 05:00:00,1246.0,1221.6483826647507,884.59075597581,1558.7060093536913
2018-07-07 06:00:00,1710.0,1826.8241262402053,1489.7664995512646,2163.881752929146
2018-07-07 07:00:00,2428.0,2498.883294804491,2161.8256681155503,2835.9409214934317
2018-07-07 08:00:00,3029.0,3087.539980654537,2750.4823539655963,3424.5976073434776
2018-07-07 09:00:00,3386.0,3531.524544650838,3194.4669179618973,3868.5821713397786
2018-07-07 10:00:00,4045.0,3798.611471397652,3461.5538447087115,4135.669098086593
2018-07-07 11:00:00,4160.0,4329.971816213699,3992.914189524758,4667.02944290264
2018-07-07 12:00:00,4118.0,4229.623788668648,3892.566161979707,4566.681415357589
2018-07-07 13:00:00,3992.0,4217.7684717701895,3880.710845081249,4554.826098459131
2018-07-07 14:00:00,4022.0,4151.671015706489,3814.6133890175483,4488.72864239543
2018-07-07 15:00:00,4289.0,4079.587213492838,3742.5295868038975,4416.644840181779
2018-07-07 16:00:00,4085.0,4055.6770786822653,3718.6194519933247,4392.734705371206
2018-07-07 17:00:00,3986.0,3771.303428126781,3434.2458014378403,4108.361054815721
2018-07-07 18:00:00,3416.0,3316.2451130843474,2979.1874863954067,3653.302739773288
2018-07-07 19:00:00,3191.0,2909.4283987089148,2572.370772019974,3246.4860253978554
2018-07-07 20:00:00,3616.0,3070.0295784867126,2732.971951797772,3407.0872051756533
2018-07-07 21:00:00,3055.0,3200.099047025506,2863.0414203365654,3537.1566737144467
2018-07-07 22:00:00,2246.0,2261.022055855365,1923.9644291664245,2598.079682544306
2018-07-07 23:00:00,1423.0,1492.107512940469,1155.0498862515283,1829.1651396294096
2018-07-08 00:00:00,786.0,912.7738932423464,575.7162665534057,1249.831519931287
2018-07-08 01:00:00,693.0,563.0476377284116,225.99001103947091,900.1052644173523
2018-07-08 02:00:00,357.0,410.2548128846212,73.1971861956805,747.3124395735618
2018-07-08 03:00:00,327.0,340.70843137754804,3.6508046886073657,677.7660580664888
2018-07-08 04:00:00,476.0,510.2270289060041,173.1694022170634,847.2846555949448
2018-07-08 05:00:00,876.0,795.3690788485712,458.31145215963056,1132.426705537512
2018-07-08 06:00:00,1084.0,1177.0138780112818,839.9562513223411,1514.0715047002225
2018-07-08 07:00:00,1920.0,1634.8839562599069,1297.8263295709662,1971.9415829488476
2018-07-08 08:00:00,2584.0,2726.8733307836546,2389.815704094714,3063.9309574725953
2018-07-08 09:00:00,3236.0,3354.634378514006,3017.5767518250655,3691.692005202947
2018-07-08 10:00:00,3837.0,3515.0168044757997,3177.959177786859,3852.0744311647404
2018-07-08 11:00:00,4075.0,4055.6308555820074,3718.5732288930667,4392.688482270948
2018-07-08 12:00:00,4211.0,4192.958200396684,3855.9005737077437,4530.015827085625
2018-07-08 13:00:00,4470.0,4285.866850425518,3948.8092237365777,4622.924477114459
2018-07-08 14:00:00,4397.0,4444.947521253007,4107.889894564067,4782.005147941947
2018-07-08 15:00:00,4514.0,4354.4497983702395,4017.392171681299,4691.507425059181
2018-07-08 16:00:00,4297.0,4230.211419860646,3893.1537931717053,4567.269046549587
2018-07-08 17:00:00,3953.0,4012.603850245546,3675.546223556605,4349.661476934487
2018-07-08 18:00:00,3969.0,3352.8559125847896,3015.798285895849,3689.9135392737303
2018-07-08 19:00:00,3571.0,3323.099062319358,2986.0414356304173,3660.1566890082986
2018-07-08 20:00:00,2948.0,2863.024483302964,2525.9668566140235,3200.082109991905
2018-07-08 21:00:00,2039.0,2317.8657438702066,1980.808117181266,2654.9233705591473
2018-07-08 22:00:00,1339.0,1294.474760167775,957.4171334788343,1631.5323868567157
2018-07-08 23:00:00,676.0,736.551065697122,399.4934390081813,1073.6086923860626
2018-07-09 00:00:00,423.0,392.0652441440852,55.007617455144555,729.1228708330259
2018-07-09 01:00:00,320.0,324.9768531565116,0.0,662.0344798454523
2018-07-09 02:00:00,348.0,338.0833639049236,1.0257372159829288,675.1409905938642
2018-07-09 03:00:00,903.0,796.5469849913827,459.48935830244204,1133.6046116803234
2018-07-09 04:00:00,2977.0,2800.1576428290164,2463.1000161400757,3137.215269517957
2018-07-09 05:00:00,5679.0,5534.977304923969,5197.919678235028,5872.03493161291
2018-07-09 06:00:00,6178.0,6003.143631854674,5666.086005165733,6340.201258543615
2018-07-09 07:00:00,5656.0,5499.335549349318,5162.277922660378,5836.393176038258
2018-07-09 08:00:00,4586.0,4771.323147393522,4434.265520704581,5108.380774082463
2018-07-09 09:00:00,4266.0,4273.362371099277,3936.3047444103363,4610.419997788218
2018-07-09 10:00:00,4448.0,4449.000075382035,4111.942448693095,4786.057702070975
2018-07-09 11:00:00,4689.0,4671.969721780841,4334.9120950919005,5009.027348469781
2018-07-09 12:00:00,4621.0,4742.183125856159,4405.125499167218,5079.2407525451
2018-07-09 13:00:00,4836.0,4944.658879930549,4607.601253241608,5281.71650661949
2018-07-09 14:00:00,5429.0,5271.117230576609,4934.059603887668,5608.174857265549
2018-07-09 15:00:00,6311.0,6191.462111756112,5854.404485067171,6528.519738445053
2018-07-09 16:00:00,5805.0,5879.508507031332,5542.4508803423905,6216.566133720273
2018-07-09 17:00:00,4290.0,4168.476616527911,3831.41898983897,4505.534243216851
2018-07-09 18:00:00,3240.0,3040.464382106991,2703.40675541805,3377.5220087959315
2018-07-09 19:00:00,2861.0,2705.4732897115027,2368.415663022562,3042.5309164004434
2018-07-09 20:00:00,2633.0,2577.3245448646812,2240.2669181757406,2914.382171553622
2018-07-09 21:00:00,2071.0,1897.069656471273,1560.0120297823323,2234.1272831602137
2018-07-09 22:00:00,1189.0,1317.649876394718,980.5922497057772,1654.7075030836586
2018-07-09 23:00:00,688.0,625.2408854346403,288.1832587456996,962.298512123581
2018-07-10 00:00:00,389.0,402.0854467062052,65.0278200172645,739.1430733951458
2018-07-10 01:00:00,295.0,304.7504185048272,0.0,641.8080451937678
2018-07-10 02:00:00,364.0,333.1001801869085,0.0,670.1578068758492
2018-07-10 03:00:00,898.0,850.0977166587737,513.040089969833,1187.1553433477143
2018-07-10 04:00:00,3137.0,2927.465137291347,2590.4075106024065,3264.522763980288
2018-07-10 05:00:00,5886.0,5635.28001658698,5298.222389898039,5972.337643275921
2018-07-10 06:00:00,6134.0,6261.96415466628,5924.906527977339,6599.021781355221
2018-07-10 07:00:00,5786.0,5509.441958947967,5172.3843322590255,5846.499585636908
2018-07-10 08:00:00,4843.0,4946.480702240526,4609.4230755515855,5283.538328929466
2018-07-10 09:00:00,4442.0,4399.185360465242,4062.1277337763017,4736.242987154183
2018-07-10 10:00:00,4586.0,4657.348548525316,4320.290921836375,4994.406175214257
2018-07-10 11:00:00,4865.0,4817.539753204242,4480.4821265153005,5154.597379893183
2018-07-10 12:00:00,4719.0,4896.450807260313,4559.393180571373,5233.508433949253
2018-07-10 13:00:00,4789.0,5058.743830833743,4721.686204144802,5395.801457522684
2018-07-10 14:00:00,5681.0,5203.684284203421,4866.62665751448,5540.741910892362
2018-07-10 15:00:00,6566.0,6351.02229544805,6013.9646687591085,6688.079922136991
2018-07-10 16:00:00,6081.0,6207.245624357779,5870.187997668838,6544.30325104672
2018-07-10 17:00:00,4404.0,4442.756523214022,4105.698896525082,4779.8141499029625
2018-07-10 18:00:00,3219.0,3176.4370202506816,2839.379393561741,3513.4946469396223
2018-07-10 19:00:00,3053.0,2824.8566955604097,2487.799068871469,3161.9143222493503
2018-07-10 20:00:00,3060.0,2831.7882294870196,2494.730602798079,3168.8458561759603
2018-07-10 21:00:00,2203.0,2440.8315782990626,2103.773951610122,2777.8892049880033
2018-07-10 22:00:00,1311.0,1365.7459945324633,1028.6883678435227,1702.803621221404
2018-07-10 23:00:00,661.0,736.6619392460057,399.604312557065,1073.7195659349463
2018-07-11 00:00:00,401.0,388.2447291414019,51.187102452461204,725.3023558303425
2018-07-11 01:00:00,321.0,314.7764931498942,0.0,651.8341198388348
2018-07-11 02:00:00,384.0,346.5939283023977,9.536301613457056,683.6515549913383
2018-07-11 03:00:00,948.0,857.3660230098726,520.3083963209319,1194.4236496988133
2018-07-11 04:00:00,3193.0,3000.0398975110875,2662.982270822147,3337.097524200028
2018-07-11 05:00:00,5179.0,5689.248311950045,5352.190685261105,6026.305938638985
2018-07-11 06:00:00,6295.0,5929.180651398186,5592.123024709244,6266.238278087127
2018-07-11 07:00:00,5930.0,5661.494881214054,5324.4372545251135,5998.552507902994
2018-07-11 08:00:00,5025.0,5108.466416528076,4771.408789839135,5445.524043217016
2018-07-11 09:00:00,4829.0,4438.876745133247,4101.819118444306,4775.934371822188
2018-07-11 10:00:00,5052.0,5012.2904144120375,4675.232787723096,5349.348041100979
2018-07-11 11:00:00,4974.0,5201.325991498715,4864.268364809774,5538.383618187656
2018-07-11 12:00:00,4779.0,5064.720454484175,4727.662827795235,5401.778081173115
2018-07-11 13:00:00,4974.0,5130.651871789909,4793.594245100969,5467.709498478849
2018-07-11 14:00:00,5817.0,5412.271962350484,5075.214335661543,5749.329589039424
2018-07-11 15:00:00,6522.0,6400.700799314268,6063.643172625327,6737.758426003209
2018-07-11 16:00:00,5935.0,6169.079398524234,5832.021771835294,6506.137025213175
2018-07-11 17:00:00,4568.0,4594.353629694373,4257.296003005433,4931.411256383313
2018-07-11 18:00:00,3412.0,3299.6119071123744,2962.5542804234337,3636.669533801315
2018-07-11 19:00:00,3033.0,2922.448103585331,2585.3904768963903,3259.5057302742716
2018-07-11 20:00:00,2687.0,2855.2385162269875,2518.180889538047,3192.296142915928
2018-07-11 21:00:00,1960.0,2013.753491194925,1676.6958645059842,2350.8111178838653
2018-07-11 22:00:00,1294.0,1325.1723366382123,988.1147099492716,1662.229963327153
2018-07-11 23:00:00,699.0,709.5216596407982,372.4640329518576,1046.5792863297388
2018-07-12 00:00:00,408.0,429.11929950727097,92.0616728183303,766.1769261962116
2018-07-12 01:00:00,296.0,320.64000108979315,0.0,657.6976277787338
2018-07-12 02:00:00,364.0,336.7519854224435,0.0,673.8096121113842
2018-07-12 03:00:00,940.0,841.7317205319695,504.6740938430288,1178.7893472209103
2018-07-12 04:00:00,3070.0,2991.7373569593656,2654.679730270425,3328.7949836483062
2018-07-12 05:00:00,5702.0,5798.260193826632,5461.2025671376905,6135.317820515573
2018-07-12 06:00:00,6456.0,6237.615810987513,5900.558184298572,6574.673437676454
2018-07-12 07:00:00,5583.0,5907.527681111168,5570.470054422227,6244.585307800109
2018-07-12 08:00:00,4958.0,5004.656920447079,4667.599293758138,5341.71454713602
2018-07-12 09:00:00,4610.0,4525.381908754538,4188.324282065598,4862.439535443478
2018-07-12 10:00:00,4848.0,4932.9361409150615,4595.87851422612,5269.993767604003
2018-07-12 11:00:00,4891.0,5053.447410972516,4716.389784283576,5390.505037661456
2018-07-12 12:00:00,5188.0,4962.474562782537,4625.416936093596,5299.532189471478
2018-07-12 13:00:00,5139.0,5546.042084139398,5208.984457450457,5883.099710828339
2018-07-12 14:00:00,5743.0,5589.407727529036,5252.3501008400945,5926.465354217977
2018-07-12 15:00:00,6612.0,6332.85891991735,5995.801293228409,6669.916546606291
2018-07-12 16:00:00,5795.0,6282.060982458383,5945.003355769442,6619.118609147323
2018-07-12 17:00:00,3890.0,4450.1811662963255,4113.123539607384,4787.238792985267
2018-07-12 18:00:00,3237.0,3233.388462234818,2896.330835545877,3570.4460889237585
2018-07-12 19:00:00,2727.0,2979.7738681058804,2642.7162414169397,3316.831494794821
2018-07-12 20:00:00,2497.0,2618.591115836722,2281.5334891477814,2955.648742525663
2018-07-12 21:00:00,1870.0,1957.5833653874704,1620.5257386985297,2294.640992076411
2018-07-12 22:00:00,1320.0,1294.5751390275889,957.5175123386482,1631.6327657165295
2018-07-12 23:00:00,705.0,704.171206309371,367.1135796204303,1041.2288329983116
2018-07-13 00:00:00,439.0,430.7936321476453,93.73600545870465,767.851258836586
2018-07-13 01:00:00,350.0,340.553623310133,3.495996621192319,677.6112499990736
2018-07-13 02:00:00,373.0,353.2725365460746,16.214909857133932,690.3301632350153
2018-07-13 03:00:00,888.0,816.6864629122891,479.62883622334846,1153.74408960123
2018-07-13 04:00:00,2917.0,2879.0351636928362,2541.9775370038956,3216.092790381777
2018-07-13 05:00:00,5268.0,5644.422932059737,5307.365305370797,5981.480558748677
2018-07-13 06:00:00,5994.0,5836.820553735011,5499.762927046071,6173.878180423952
2018-07-13 07:00:00,5288.0,5480.233410613633,5143.175783924693,5817.291037302573
2018-07-13 08:00:00,4543.0,4735.961647305513,4398.904020616572,5073.019273994454
2018-07-13 09:00:00,4392.0,4508.246370411405,4171.188743722465,4845.303997100345
2018-07-13 10:00:00,4740.0,4717.737555473691,4380.67992878475,5054.795182162632
2018-07-13 11:00:00,5123.0,4961.913616915979,4624.855990227039,5298.971243604919
2018-07-13 12:00:00,5059.0,5086.118637194855,4749.061010505915,5423.176263883795
2018-07-13 13:00:00,5363.0,5393.678559170156,5056.620932481215,5730.7361858590975
2018-07-13 14:00:00,5914.0,5694.349484449107,5357.291857760167,6031.407111138047
2018-07-13 15:00:00,6153.0,6069.056294346404,5731.998667657463,6406.113921035345
2018-07-13 16:00:00,5257.0,5538.0701058842915,5201.012479195351,5875.127732573232
2018-07-13 17:00:00,4664.0,4415.818517050624,4078.7608903616833,4752.876143739564
2018-07-13 18:00:00,3664.0,3595.476581184789,3258.4189544958485,3932.53420787373
2018-07-13 19:00:00,3260.0,3116.390367848584,2779.3327411596433,3453.4479945375247
2018-07-13 20:00:00,3064.0,3123.087969174608,2786.0303424856675,3460.145595863549
2018-07-13 21:00:00,2835.0,2833.1184663607605,2496.06083967182,3170.176093049701
2018-07-13 22:00:00,1971.0,2083.2529306109955,1746.1953039220548,2420.310557299936
2018-07-13 23:00:00,1233.0,1313.9955717021264,976.9379450131858,1651.053198391067
2018-07-14 00:00:00,696.0,776.1176371695146,439.06001048057396,1113.1752638584553
2018-07-14 01:00:00,646.0,432.95013022429015,95.89250353534948,770.0077569132309
2018-07-14 02:00:00,437.0,431.39907776297906,94.34145107403839,768.4567044519197
2018-07-14 03:00:00,444.0,492.7363704711441,155.6787437822034,829.7939971600847
2018-07-14 04:00:00,858.0,825.2105103711675,488.15288368222684,1162.268137060108
2018-07-14 05:00:00,1422.0,1495.8121655166806,1158.75453882774,1832.8697922056213
2018-07-14 06:00:00,1991.0,2090.03818219131,1752.9805555023695,2427.095808880251
2018-07-14 07:00:00,2714.0,2800.9525684421324,2463.8949417531917,3138.010195131073
2018-07-14 08:00:00,3471.0,3559.6357357396614,3222.5781090507207,3896.693362428602
2018-07-14 09:00:00,3718.0,3951.4100461155786,3614.352419426638,4288.46767280452
2018-07-14 10:00:00,4213.0,4163.380888588602,3826.3232618996612,4500.438515277543
2018-07-14 11:00:00,4524.0,4406.445916941166,4069.388290252225,4743.503543630106
2018-07-14 12:00:00,4218.0,4552.973089733779,4215.915463044837,4890.03071642272
2018-07-14 13:00:00,4242.0,4298.9652796975315,3961.907653008591,4636.022906386472
2018-07-14 14:00:00,4306.0,4293.309540410257,3956.251913721316,4630.367167099197
2018-07-14 15:00:00,4317.0,4312.729900371107,3975.672273682166,4649.787527060047
2018-07-14 16:00:00,4354.0,4161.968999542848,3824.9113728539073,4499.026626231789
2018-07-14 17:00:00,4109.0,4039.6861973535883,3702.6285706646477,4376.743824042529
2018-07-14 18:00:00,3446.0,3355.4905956031585,3018.432968914218,3692.548222292099
2018-07-14 19:00:00,3192.0,2995.8115839465145,2658.753957257574,3332.869210635455
2018-07-14 20:00:00,3272.0,3101.7226087102467,2764.664982021306,3438.7802353991874
2018-07-14 21:00:00,3074.0,3122.881541758712,2785.8239150697714,3459.9391684476527
2018-07-14 22:00:00,2275.0,2269.3548691549627,1932.297242466022,2606.4124958439033
2018-07-14 23:00:00,1350.0,1502.4407583394511,1165.3831316505104,1839.4983850283918
2018-07-15 00:00:00,826.0,828.8632696915231,491.8056430025824,1165.9208963804638
2018-07-15 01:00:00,699.0,635.0484722849166,297.9908455959759,972.1060989738572
2018-07-15 02:00:00,435.0,434.3897901964169,97.33216350747625,771.4474168853576
2018-07-15 03:00:00,366.0,405.19269253947,68.13506585052932,742.2503192284107
2018-07-15 04:00:00,508.0,554.7765078215087,217.71888113256807,891.8341345104494
2018-07-15 05:00:00,933.0,819.5728720871689,482.5152453982282,1156.6304987761096
2018-07-15 06:00:00,1195.0,1332.996709261838,995.9390825728974,1670.0543359507787
2018-07-15 07:00:00,1814.0,1947.872898957823,1610.8152722688824,2284.9305256467637
2018-07-15 08:00:00,2911.0,2562.8261874996683,2225.7685608107276,2899.883814188609
2018-07-15 09:00:00,3310.0,3543.846743556083,3206.789116867142,3880.9043702450235
2018-07-15 10:00:00,3655.0,3726.6598426149376,3389.602215925997,4063.7174693038783
2018-07-15 11:00:00,4245.0,4007.3346701076844,3670.2770434187437,4344.392296796625
2018-07-15 12:00:00,4233.0,4262.279182827098,3925.2215561381577,4599.336809516039
2018-07-15 13:00:00,4129.0,4295.184107768191,3958.1264810792504,4632.241734457131
2018-07-15 14:00:00,4063.0,4176.040193293808,3838.9825666048678,4513.09781998275
2018-07-15 15:00:00,4438.0,4121.484614264488,3784.4269875755476,4458.542240953429
2018-07-15 16:00:00,4321.0,4200.041708466408,3862.984081777467,4537.099335155348
2018-07-15 17:00:00,3836.0,3953.446412438699,3616.3887857497584,4290.50403912764
2018-07-15 18:00:00,3535.0,3384.235924256051,3047.1782975671103,3721.2935509449917
2018-07-15 19:00:00,3015.0,3062.6268582769344,2725.5692315879937,3399.684484965875
2018-07-15 20:00:00,2671.0,2652.7803172884765,2315.722690599536,2989.837943977417
2018-07-15 21:00:00,2009.0,2114.173315093067,1777.115688404126,2451.2309417820074
2018-07-15 22:00:00,1244.0,1323.9509768966245,986.8933502076839,1661.0086035855652
2018-07-15 23:00:00,721.0,679.0421382409897,341.98451155204907,1016.0997649299304
2018-07-16 00:00:00,458.0,446.18772598841235,109.13009929947168,783.245352677353
2018-07-16 01:00:00,297.0,339.6258839311045,2.5682572421638383,676.6835106200451
2018-07-16 02:00:00,368.0,332.97198380569324,0.0,670.029610494634
2018-07-16 03:00:00,935.0,761.4796271455524,424.4220004566117,1098.5372538344932
2018-07-16 04:00:00,3048.0,2843.3118042566143,2506.2541775676737,3180.369430945555
2018-07-16 05:00:00,5593.0,5690.692883478687,5353.635256789747,6027.750510167627
2018-07-16 06:00:00,5793.0,6044.390311218457,5707.332684529516,6381.447937907398
2018-07-16 07:00:00,5647.0,5321.886019782736,4984.828393093796,5658.943646471676
2018-07-16 08:00:00,4603.0,4795.528002785039,4458.470376096098,5132.585629473979
2018-07-16 09:00:00,4346.0,4308.169551503409,3971.1119248144682,4645.22717819235
2018-07-16 10:00:00,4504.0,4504.743031056576,4167.685404367636,4841.800657745516
2018-07-16 11:00:00,4588.0,4700.168502300013,4363.110875611072,5037.226128988954
2018-07-16 12:00:00,4558.0,4658.151985321147,4321.094358632206,4995.209612010087
2018-07-16 13:00:00,4794.0,4818.074122810832,4481.016496121891,5155.131749499773
2018-07-16 14:00:00,5558.0,5301.812046489184,4964.754419800243,5638.869673178124
2018-07-16 15:00:00,6269.0,6350.797843319588,6013.740216630647,6687.855470008528
2018-07-16 16:00:00,5708.0,5802.180278064401,5465.122651375461,6139.237904753341
2018-07-16 17:00:00,4203.0,4169.5186141473705,3832.46098745843,4506.576240836312
2018-07-16 18:00:00,3277.0,3042.800282015205,2705.7426553262644,3379.8579087041458
2018-07-16 19:00:00,2900.0,2779.8241270947033,2442.7665004057626,3116.881753783644
2018-07-16 20:00:00,2424.0,2558.7842119021702,2221.7265852132296,2895.841838591111
2018-07-16 21:00:00,1965.0,1738.407154212279,1401.3495275233383,2075.4647809012195
2018-07-16 22:00:00,1096.0,1294.7758307359638,957.7182040470232,1631.8334574249045
2018-07-16 23:00:00,595.0,607.1251814274751,270.06755473853445,944.1828081164158
2018-07-17 00:00:00,407.0,369.9111577685916,32.85353107965091,706.9687844575323
2018-07-17 01:00:00,274.0,315.0167123274042,0.0,652.0743390163449
2018-07-17 02:00:00,356.0,336.7519854224435,0.0,673.8096121113842
2018-07-17 03:00:00,930.0,856.7257193692734,519.6680926803327,1193.7833460582142
2018-07-17 04:00:00,3171.0,2957.6946092328253,2620.6369825438846,3294.752235921766
2018-07-17 05:00:00,5870.0,5768.350134419963,5431.292507731023,6105.407761108903
2018-07-17 06:00:00,6417.0,6193.190303275174,5856.132676586234,6530.2479299641145
2018-07-17 07:00:00,5455.0,5739.963380517558,5402.905753828618,6077.021007206498
2018-07-17 08:00:00,5030.0,4872.039478822531,4534.981852133591,5209.097105511471
2018-07-17 09:00:00,4346.0,4427.929889985437,4090.872263296496,4764.987516674377
2018-07-17 10:00:00,4540.0,4574.130487013527,4237.072860324586,4911.188113702468
2018-07-17 11:00:00,4952.0,4780.372754116368,4443.315127427428,5117.430380805308
2018-07-17 12:00:00,4576.0,4983.873886843168,4646.816260154228,5320.9315135321085
2018-07-17 13:00:00,5011.0,4880.19017766482,4543.132550975879,5217.247804353761
2018-07-17 14:00:00,5573.0,5451.903338688788,5114.8457119998475,5788.960965377728
2018-07-17 15:00:00,6358.0,6348.3748021619,6011.317175472959,6685.4324288508415
2018-07-17 16:00:00,5698.0,6058.389847239987,5721.332220551047,6395.447473928927
2018-07-17 17:00:00,4360.0,4286.907260936167,3949.8496342472267,4623.9648876251085
2018-07-17 18:00:00,3337.0,3183.400905076409,2846.343278387468,3520.4585317653496
2018-07-17 19:00:00,3113.0,2886.9403142681867,2549.882687579246,3223.9979409571274
2018-07-17 20:00:00,2754.0,2830.522621794465,2493.4649951055244,3167.5802484834057
2018-07-17 21:00:00,2209.0,2074.523766842275,1737.4661401533344,2411.581393531216
2018-07-17 22:00:00,1242.0,1438.4673324126243,1101.4097057236836,1775.524959101565
2018-07-17 23:00:00,657.0,678.6478283532826,341.590201664342,1015.7054550422233
2018-07-18 00:00:00,410.0,388.206733574154,51.149106885213314,725.2643602630947
2018-07-18 01:00:00,313.0,320.64000108979315,0.0,657.6976277787338
2018-07-18 02:00:00,377.0,346.83414747990776,9.776520790967083,683.8917741688484
2018-07-18 03:00:00,894.0,857.8281407888427,520.770514099902,1194.8857674777832
2018-07-18 04:00:00,3189.0,2934.9712081665207,2597.91358147758,3272.0288348554614
2018-07-18 05:00:00,5769.0,5738.3778875010885,5401.320260812148,6075.435514190029
2018-07-18 06:00:00,6200.0,6186.497938591696,5849.440311902756,6523.555565280636
2018-07-18 07:00:00,5696.0,5693.146160655394,5356.088533966453,6030.203787344335
2018-07-18 08:00:00,5129.0,4982.098009753546,4645.040383064605,5319.155636442487
2018-07-18 09:00:00,4560.0,4531.76651925652,4194.70889256758,4868.82414594546
2018-07-18 10:00:00,4752.0,4801.416823142118,4464.359196453177,5138.474449831059
2018-07-18 11:00:00,4916.0,4953.019423863086,4615.9617971741445,5290.077050552027
2018-07-18 12:00:00,4714.0,4935.026101133262,4597.968474444322,5272.0837278222025
2018-07-18 13:00:00,5138.0,5067.823583047766,4730.765956358826,5404.881209736706
2018-07-18 14:00:00,5677.0,5610.255471239436,5273.197844550496,5947.313097928376
2018-07-18 15:00:00,6606.0,6400.780722867564,6063.723096178623,6737.838349556505
2018-07-18 16:00:00,6084.0,6198.066840806326,5861.0092141173845,6535.124467495267
2018-07-18 17:00:00,4941.0,4542.9057060723935,4205.848079383453,4879.963332761334
2018-07-18 18:00:00,3461.0,3444.578522792443,3107.5208961035023,3781.6361494813837
2018-07-18 19:00:00,3177.0,2930.027172718542,2592.969546029601,3267.0847994074825
2018-07-18 20:00:00,2949.0,2849.614865055301,2512.5572383663603,3186.6724917442416
2018-07-18 21:00:00,2200.0,2237.5307656599584,1900.4731389710178,2574.588392348899
2018-07-18 22:00:00,1271.0,1434.592165200823,1097.5345385118824,1771.6497918897637
2018-07-18 23:00:00,697.0,685.1262043142185,348.06857762527784,1022.1838310031592
2018-07-19 00:00:00,423.0,406.68061023531385,69.62298354637318,743.7382369242546
2018-07-19 01:00:00,303.0,333.97233098145597,0.0,671.0299576703967
2018-07-19 02:00:00,369.0,336.7519854224435,0.0,673.8096121113842
2018-07-19 03:00:00,896.0,840.8809575276044,503.82333083866376,1177.9385842165452
2018-07-19 04:00:00,3110.0,2938.715945330672,2601.6583186417315,3275.773572019613
2018-07-19 05:00:00,5752.0,5796.363152696768,5459.305526007827,6133.4207793857095
2018-07-19 06:00:00,6246.0,6146.588700930837,5809.531074241897,6483.646327619777
2018-07-19 07:00:00,5702.0,5711.016195594956,5373.958568906015,6048.073822283897
2018-07-19 08:00:00,4855.0,5029.558488331085,4692.500861642144,5366.616115020026
2018-07-19 09:00:00,4492.0,4609.7414289390745,4272.683802250134,4946.799055628015
2018-07-19 10:00:00,4677.0,4734.409788013916,4397.352161324976,5071.467414702856
2018-07-19 11:00:00,4861.0,4914.915622046152,4577.857995357212,5251.973248735092
2018-07-19 12:00:00,4734.0,4900.982648262095,4563.925021573154,5238.040274951036
2018-07-19 13:00:00,5135.0,5048.478738557336,4711.421111868396,5385.536365246277
2018-07-19 14:00:00,5704.0,5598.993326207649,5261.935699518708,5936.05095289659
2018-07-19 15:00:00,6459.0,6316.322639014417,5979.265012325477,6653.3802657033575
2018-07-19 16:00:00,5872.0,6158.262845984952,5821.205219296011,6495.320472673893
2018-07-19 17:00:00,4497.0,4466.3618617248,4129.304235035859,4803.419488413741
2018-07-19 18:00:00,3419.0,3418.3409755392377,3081.283348850297,3755.3986022281783
2018-07-19 19:00:00,2991.0,2982.238173108813,2645.1805464198724,3319.2957997977537
2018-07-19 20:00:00,2613.0,2870.112740219454,2533.055113530513,3207.1703669083945
2018-07-19 21:00:00,2282.0,1973.4730216819446,1636.415394993004,2310.5306483708855
2018-07-19 22:00:00,1454.0,1430.5101183269385,1093.4524916379978,1767.5677450158792
2018-07-19 23:00:00,693.0,846.865102862325,509.8074761733843,1183.9227295512655
2018-07-20 00:00:00,460.0,411.30786244465224,74.25023575571157,748.365489133593
2018-07-20 01:00:00,360.0,345.18281770451523,8.125191015574558,682.2404443934558
2018-07-20 02:00:00,376.0,375.4714625260922,38.41383583715151,712.5290892150329
2018-07-20 03:00:00,873.0,789.4588095723393,452.40118288339863,1126.51643626128
2018-07-20 04:00:00,2822.0,2891.278774159026,2554.2211474700853,3228.3364008479666
2018-07-20 05:00:00,5266.0,5631.537550386701,5294.47992369776,5968.595177075642
2018-07-20 06:00:00,5821.0,5906.640677729124,5569.583051040183,6243.698304418065
2018-07-20 07:00:00,5339.0,5330.136118471245,4993.078491782304,5667.193745160186
2018-07-20 08:00:00,4816.0,4812.162994424684,4475.105367735743,5149.220621113625
2018-07-20 09:00:00,4592.0,4504.710548151746,4167.652921462804,4841.768174840687
2018-07-20 10:00:00,4823.0,4893.198458379072,4556.140831690131,5230.256085068013
2018-07-20 11:00:00,5253.0,5070.299345170607,4733.241718481666,5407.356971859548
2018-07-20 12:00:00,5169.0,5233.185429058984,4896.127802370043,5570.243055747924
2018-07-20 13:00:00,5413.0,5496.501784720466,5159.444158031525,5833.559411409407
2018-07-20 14:00:00,5602.0,5737.248218068076,5400.190591379136,6074.3058447570165
2018-07-20 15:00:00,6086.0,6062.063401672555,5725.005774983614,6399.121028361496
2018-07-20 16:00:00,4987.0,5442.860311262585,5105.802684573644,5779.917937951526
2018-07-20 17:00:00,4465.0,4475.695877230821,4138.638250541881,4812.753503919761
2018-07-20 18:00:00,3574.0,3563.3137644272447,3226.256137738304,3900.3713911161854
2018-07-20 19:00:00,3124.0,3126.848637412551,2789.7910107236103,3463.9062641014916
2018-07-20 20:00:00,3121.0,3059.977581551754,2722.9199548628135,3397.035208240695
2018-07-20 21:00:00,3032.0,2841.0546848443946,2503.997058155454,3178.1123115333353
2018-07-20 22:00:00,2030.0,2105.384362777677,1768.3267360887362,2442.4419894666175
2018-07-20 23:00:00,1235.0,1298.364128271712,961.3065015827713,1635.4217549606526
2018-07-21 00:00:00,781.0,777.2729540420872,440.21532735314656,1114.330580731028
2018-07-21 01:00:00,648.0,565.2195974994208,228.16197081048017,902.2772241883615
2018-07-21 02:00:00,418.0,431.39907776297906,94.34145107403839,768.4567044519197
2018-07-21 03:00:00,478.0,444.34219565049625,107.28456896155558,781.3998223394369
2018-07-21 04:00:00,903.0,843.0188325819532,505.96120589301256,1180.0764592708938
2018-07-21 05:00:00,1500.0,1510.0328404863726,1172.975213797432,1847.0904671753133
2018-07-21 06:00:00,2236.0,2169.5646307696206,1832.50700408068,2506.6222574585613
2018-07-21 07:00:00,3031.0,3192.1289866451116,2855.071359956171,3529.1866133340523
2018-07-21 08:00:00,3883.0,3812.3486083554167,3475.290981666476,4149.406235044357
2018-07-21 09:00:00,4045.0,4120.330422020947,3783.272795332006,4457.388048709887
2018-07-21 10:00:00,4418.0,4353.558551228488,4016.500924539547,4690.616177917429
2018-07-21 11:00:00,4505.0,4606.942864140945,4269.885237452005,4944.000490829885
2018-07-21 12:00:00,4644.0,4536.3124342323445,4199.254807543404,4873.370060921285
2018-07-21 13:00:00,4796.0,4621.972167536431,4284.914540847491,4959.029794225371
2018-07-21 14:00:00,4674.0,4731.0754487631275,4394.017822074187,5068.133075452068
2018-07-21 15:00:00,4788.0,4600.139837935196,4263.082211246256,4937.197464624136
2018-07-21 16:00:00,4562.0,4523.324863956402,4186.267237267461,4860.382490645343
2018-07-21 17:00:00,4253.0,4180.556193312258,3843.4985666233174,4517.613820001199
2018-07-21 18:00:00,3815.0,3414.7536530307875,3077.696026341847,3751.811279719728
2018-07-21 19:00:00,3434.0,3311.605007619415,2974.5473809304744,3648.662634308356
2018-07-21 20:00:00,3435.0,3262.092868146695,2925.035241457754,3599.1504948356355
2018-07-21 21:00:00,3131.0,3192.384565123883,2855.3269384349423,3529.4421918128237
2018-07-21 22:00:00,2292.0,2299.5192714559635,1962.4616447670228,2636.576898144904
2018-07-21 23:00:00,1408.0,1516.2262355112855,1179.1686088223448,1853.2838622002262
2018-07-22 00:00:00,969.0,883.4139232602239,546.3562965712832,1220.4715499491645
2018-07-22 01:00:00,749.0,677.439649221024,340.3820225320833,1014.4972759099646
2018-07-22 02:00:00,344.0,470.1664660792653,133.10883939032465,807.224092768206
2018-07-22 03:00:00,355.0,341.65179253818127,4.594165849240596,678.709419227122
2018-07-22 04:00:00,525.0,505.57371020714123,168.51608351820056,842.6313368960818
2018-07-22 05:00:00,902.0,854.5920248176523,517.5343981287116,1191.6496515065928
2018-07-22 06:00:00,1297.0,1250.3170863253088,913.2594596363681,1587.3747130142494
2018-07-22 07:00:00,2009.0,2066.12848015201,1729.0708534630694,2403.1861068409507
2018-07-22 08:00:00,2927.0,2874.235845944496,2537.178219255555,3211.2934726334365
2018-07-22 09:00:00,3711.0,3569.8876489184895,3232.830022229549,3906.94527560743
2018-07-22 10:00:00,4021.0,4046.061824844741,3709.0041981558,4383.119451533681
2018-07-22 11:00:00,4250.0,4360.9118214969985,4023.854194808058,4697.969448185939
2018-07-22 12:00:00,4491.0,4330.591544839115,3993.5339181501745,4667.649171528055
2018-07-22 13:00:00,4463.0,4463.61833315158,4126.56070646264,4800.675959840521
2018-07-22 14:00:00,4657.0,4444.539955221556,4107.482328532615,4781.597581910497
2018-07-22 15:00:00,4875.0,4555.91172131536,4218.85409462642,4892.969348004301
2018-07-22 16:00:00,4657.0,4698.030878067959,4360.973251379019,5035.088504756899
2018-07-22 17:00:00,4098.0,4193.9207655687915,3856.863138879851,4530.978392257732
2018-07-22 18:00:00,3661.0,3425.388992074609,3088.3313653856685,3762.44661876355
2018-07-22 19:00:00,3135.0,3176.158405716998,2839.1007790280573,3513.2160324059387
2018-07-22 20:00:00,2803.0,2714.7748670749106,2377.71724038597,3051.8324937638513
2018-07-22 21:00:00,2224.0,2195.228758824049,1858.171132135108,2532.2863855129895
2018-07-22 22:00:00,1397.0,1478.973024467001,1141.9153977780604,1816.0306511559418
2018-07-22 23:00:00,714.0,782.9596759686693,445.90204927972866,1120.01730265761
2018-07-23 00:00:00,402.0,426.812328521528,89.75470183258733,763.8699552104687
2018-07-23 01:00:00,354.0,314.0038871237245,0.0,651.0615138126652
2018-07-23 02:00:00,355.0,366.929359103075,29.87173241413433,703.9869857920157
2018-07-23 03:00:00,957.0,792.6285382627814,455.5709115738407,1129.686164951722
2018-07-23 04:00:00,3008.0,2879.445103947341,2542.3874772584004,3216.5027306362817
2018-07-23 05:00:00,5617.0,5679.866053393287,5342.808426704347,6016.923680082227
2018-07-23 06:00:00,6306.0,6094.44841066371,5757.39078397477,6431.50603735265
2018-07-23 07:00:00,5522.0,5591.904413500539,5254.846786811599,5928.962040189479
2018-07-23 08:00:00,4735.0,4733.840008113634,4396.782381424693,5070.897634802575
2018-07-23 09:00:00,4209.0,4313.495453688337,3976.4378269993963,4650.553080377278
2018-07-23 10:00:00,4485.0,4463.142633297925,4126.085006608984,4800.2002599868665
2018-07-23 11:00:00,4800.0,4668.670069580094,4331.6124428911535,5005.727696269034
2018-07-23 12:00:00,4475.0,4871.62306623787,4534.565439548929,5208.680692926811
2018-07-23 13:00:00,4677.0,4736.037512363254,4398.979885674313,5073.095139052195
2018-07-23 14:00:00,5413.0,5069.713970163659,4732.656343474719,5406.771596852599
2018-07-23 15:00:00,6317.0,6186.9537780227765,5849.896151333836,6524.011404711717
2018-07-23 16:00:00,5701.0,5855.258478884363,5518.200852195423,6192.3161055733035
2018-07-23 17:00:00,4293.0,4172.723341242992,3835.6657145540516,4509.7809679319325
2018-07-23 18:00:00,3143.0,3074.8032064218437,2737.745579732903,3411.8608331107844
2018-07-23 19:00:00,2833.0,2653.441530135483,2316.3839034465423,2990.4991568244236
2018-07-23 20:00:00,2492.0,2516.871126022629,2179.8134993336885,2853.92875271157
2018-07-23 21:00:00,1690.0,1801.1954957573703,1464.1378690684296,2138.253122446311
2018-07-23 22:00:00,1182.0,1046.7455736752147,709.687946986274,1383.8032003641554
2018-07-23 23:00:00,638.0,624.2373781177943,287.1797514288536,961.2950048067349
2018-07-24 00:00:00,391.0,385.78060162799744,48.72297493905677,722.8382283169381
2018-07-24 01:00:00,297.0,308.4022237403622,0.0,645.4598504293028
2018-07-24 02:00:00,390.0,336.7519854224435,0.0,673.8096121113842
2018-07-24 03:00:00,891.0,861.0925920253808,524.0349653364401,1198.1502187143215
2018-07-24 04:00:00,3184.0,2975.9101068187097,2638.852480129769,3312.9677335076503
2018-07-24 05:00:00,5782.0,5779.9337378265645,5442.876111137624,6116.991364515505
2018-07-24 06:00:00,6409.0,6258.827977978697,5921.770351289757,6595.885604667637
2018-07-24 07:00:00,5658.0,5775.840809962016,5438.783183273075,6112.898436650956
2018-07-24 08:00:00,4984.0,4964.220310480326,4627.162683791385,5301.277937169267
2018-07-24 09:00:00,4386.0,4421.189301894345,4084.131675205404,4758.246928583285
2018-07-24 10:00:00,4634.0,4609.21480549407,4272.15717880513,4946.27243218301
2018-07-24 11:00:00,4805.0,4880.298467226808,4543.2408405378665,5217.356093915749
2018-07-24 12:00:00,4664.0,4874.154001650988,4537.096374962048,5211.211628339928
2018-07-24 13:00:00,4944.0,4964.0047445644195,4626.947117875479,5301.06237125336
2018-07-24 14:00:00,5699.0,5409.054652132819,5071.997025443878,5746.11227882176
2018-07-24 15:00:00,6558.0,6382.39923536002,6045.341608671079,6719.456862048961
2018-07-24 16:00:00,5636.0,6196.367540044576,5859.309913355635,6533.4251667335175
2018-07-24 17:00:00,4430.0,4282.485761206318,3945.428134517377,4619.543387895259
2018-07-24 18:00:00,3371.0,3213.0125039137656,2875.954877224825,3550.0701306027063
2018-07-24 19:00:00,3266.0,2908.24932851662,2571.1917018276795,3245.306955205561
2018-07-24 20:00:00,2727.0,2927.9314205360606,2590.87379384712,3264.9890472250013
2018-07-24 21:00:00,2178.0,2001.6343904341402,1664.5767637451995,2338.692017123081
2018-07-24 22:00:00,1269.0,1421.9236661024672,1084.8660394135266,1758.981292791408
2018-07-24 23:00:00,664.0,690.7288398742992,353.6712131853585,1027.7864665632399
2018-07-25 00:00:00,388.0,401.17505709615034,64.11743040720967,738.232683785091
2018-07-25 01:00:00,290.0,308.03260907110666,0.0,645.0902357600473
2018-07-25 02:00:00,372.0,336.7519854224435,0.0,673.8096121113842
2018-07-25 03:00:00,955.0,861.270608378167,524.2129816892264,1198.3282350671077
2018-07-25 04:00:00,3121.0,3044.4103124300736,2707.352685741133,3381.4679391190143
2018-07-25 05:00:00,5926.0,5770.861099534816,5433.803472845875,6107.918726223757
2018-07-25 06:00:00,6595.0,6332.272511044789,5995.214884355848,6669.33013773373
2018-07-25 07:00:00,5651.0,5959.372911149758,5622.315284460818,6296.430537838698
2018-07-25 08:00:00,4974.0,5036.564671971235,4699.507045282295,5373.622298660175
2018-07-25 09:00:00,4545.0,4507.062015869719,4170.004389180778,4844.11964255866
2018-07-25 10:00:00,4879.0,4822.849461608836,4485.791834919895,5159.907088297776
2018-07-25 11:00:00,4799.0,5053.690069058686,4716.632442369746,5390.7476957476265
2018-07-25 12:00:00,4860.0,4911.829481712745,4574.771855023804,5248.887108401686
2018-07-25 13:00:00,5032.0,5204.804383907818,4867.746757218878,5541.862010596758
2018-07-25 14:00:00,5826.0,5433.321693482954,5096.264066794014,5770.3793201718945
2018-07-25 15:00:00,6668.0,6379.504597667045,6042.446970978104,6716.5622243559865
2018-07-25 16:00:00,6108.0,6316.453869737904,5979.396243048963,6653.511496426845
2018-07-25 17:00:00,4459.0,4587.856623251532,4250.798996562591,4924.914249940473
2018-07-25 18:00:00,3473.0,3203.359857902647,2866.3022312137064,3540.4174845915877
2018-07-25 19:00:00,3053.0,2994.0121744006515,2656.954547711711,3331.069801089592
2018-07-25 20:00:00,3072.0,2827.1575943491302,2490.0999676601896,3164.215221038071
2018-07-25 21:00:00,2422.0,2443.815746018416,2106.7581193294754,2780.873372707357
2018-07-25 22:00:00,1922.0,1584.183532595623,1247.1259059066824,1921.2411592845638
2018-07-25 23:00:00,750.0,1061.2911561400083,724.2335294510676,1398.348782828949
2018-07-26 00:00:00,411.0,464.26277948882216,127.20515279988149,801.3204061777628
2018-07-26 01:00:00,306.0,320.83116748997315,0.0,657.8887941789138
2018-07-26 02:00:00,409.0,336.5018091797938,0.0,673.5594358687345
2018-07-26 03:00:00,911.0,878.6896492678021,541.6320225788614,1215.7472759567427
2018-07-26 04:00:00,3147.0,2974.807722387344,2637.750095698403,3311.8653490762845
2018-07-26 05:00:00,5813.0,5809.229834051313,5472.172207362373,6146.287460740254
2018-07-26 06:00:00,6299.0,6301.531193217674,5964.4735665287335,6638.588819906614
2018-07-26 07:00:00,5866.0,5784.949264376455,5447.891637687515,6122.006891065395
2018-07-26 08:00:00,4925.0,5149.96490722763,4812.9072805386895,5487.02253391657
2018-07-26 09:00:00,4390.0,4655.9331318695085,4318.875505180567,4992.99075855845
2018-07-26 10:00:00,4654.0,4681.087294632715,4344.029667943774,5018.1449213216565
2018-07-26 11:00:00,4806.0,4919.432463113348,4582.3748364244075,5256.490089802288
2018-07-26 12:00:00,5029.0,4902.057146034096,4564.999519345156,5239.114772723036
2018-07-26 13:00:00,5264.0,5354.975347037486,5017.917720348545,5692.032973726427
2018-07-26 14:00:00,5752.0,5691.807874771282,5354.7502480823405,6028.865501460223
2018-07-26 15:00:00,6566.0,6343.534164292407,6006.476537603467,6680.591790981347
2018-07-26 16:00:00,5905.0,6187.828611056839,5850.770984367899,6524.886237745779
2018-07-26 17:00:00,4555.0,4611.423532097728,4274.3659054087875,4948.481158786668
2018-07-26 18:00:00,3707.0,3417.415216446823,3080.357589757882,3754.4728431357635
2018-07-26 19:00:00,3154.0,3210.2478590518526,2873.190232362912,3547.3054857407933
2018-07-26 20:00:00,3206.0,3015.5762933414417,2678.518666652501,3352.6339200303823
2018-07-26 21:00:00,2959.0,2703.02304866807,2365.965421979129,3040.0806753570105
2018-07-26 22:00:00,1412.0,1752.502961169293,1415.4453344803524,2089.5605878582337
2018-07-26 23:00:00,774.0,861.4747360372583,524.4171093483176,1198.532362726199
2018-07-27 00:00:00,456.0,534.3879871618819,197.33036047294127,871.4456138508226
2018-07-27 01:00:00,344.0,349.479981259812,12.422354570871335,686.5376079487527
2018-07-27 02:00:00,390.0,352.38048343701183,15.32285674807116,689.4381101259526
2018-07-27 03:00:00,836.0,839.3447725736247,502.28714588468404,1176.4023992625653
2018-07-27 04:00:00,2945.0,2786.783020971848,2449.7253942829075,3123.840647660789
2018-07-27 05:00:00,5353.0,5731.2270645392,5394.16943785026,6068.28469122814
2018-07-27 06:00:00,5950.0,6165.723933983011,5828.66630729407,6502.781560671952
2018-07-27 07:00:00,5232.0,5530.5001822304375,5193.442555541496,5867.557808919379
2018-07-27 08:00:00,4674.0,4841.957462970134,4504.899836281193,5179.015089659075
2018-07-27 09:00:00,4571.0,4585.622598926211,4248.564972237271,4922.680225615151
2018-07-27 10:00:00,4813.0,4921.747914111726,4584.690287422785,5258.805540800666
2018-07-27 11:00:00,5121.0,5102.4172570772835,4765.359630388342,5439.474883766225
2018-07-27 12:00:00,5228.0,5149.2435553509295,4812.185928661989,5486.30118203987
2018-07-27 13:00:00,5400.0,5524.699844729767,5187.642218040826,5861.7574714187085
2018-07-27 14:00:00,5795.0,5761.025258981111,5423.96763229217,6098.082885670052
2018-07-27 15:00:00,6254.0,6112.804771322278,5775.747144633337,6449.862398011219
2018-07-27 16:00:00,5160.0,5608.4732101797945,5271.415583490854,5945.530836868735
2018-07-27 17:00:00,4303.0,4542.003776717358,4204.946150028418,4879.061403406298
2018-07-27 18:00:00,3506.0,3443.0115980037535,3105.953971314813,3780.069224692694
2018-07-27 19:00:00,3184.0,3137.809265483974,2800.751638795033,3474.8668921729145
2018-07-27 20:00:00,3191.0,3106.852429993106,2769.7948033041653,3443.9100566820466
2018-07-27 21:00:00,3112.0,2928.22342692506,2591.165800236119,3265.2810536140005
2018-07-27 22:00:00,2048.0,2131.483990062205,1794.4263633732644,2468.5416167511457
2018-07-27 23:00:00,1225.0,1286.37567721311,949.3180505241694,1623.4333039020507
2018-07-28 00:00:00,871.0,770.2884579965901,433.2308313076494,1107.3460846855307
2018-07-28 01:00:00,581.0,638.6374643932395,301.5798377042988,975.6950910821802
2018-07-28 02:00:00,384.0,411.11724741518736,74.05962072624669,748.1748741041281
2018-07-28 03:00:00,451.0,417.67569991826025,80.61807322931958,754.733326607201
2018-07-28 04:00:00,902.0,783.0782167584812,446.0205900695405,1120.1358434474218
2018-07-28 05:00:00,1530.0,1549.8981258738224,1212.8404991848818,1886.955752562763
2018-07-28 06:00:00,1974.0,2175.2834883165287,1838.225861627588,2512.3411150054694
2018-07-28 07:00:00,2713.0,2835.1454197941616,2498.087793105221,3172.2030464831023
2018-07-28 08:00:00,3457.0,3542.0047015026516,3204.947074813711,3879.0623281915923
2018-07-28 09:00:00,3639.0,4038.849088366168,3701.7914616772273,4375.906715055109
2018-07-28 10:00:00,4009.0,4096.219518986276,3759.1618922973353,4433.277145675216
2018-07-28 11:00:00,4158.0,4285.462226478731,3948.4045997897906,4622.519853167672
2018-07-28 12:00:00,4229.0,4243.593927179556,3906.5363004906153,4580.651553868496
2018-07-28 13:00:00,4175.0,4306.288850481826,3969.231223792885,4643.346477170766
2018-07-28 14:00:00,3948.0,4290.727825143495,3953.670198454554,4627.785451832435
2018-07-28 15:00:00,3974.0,3948.228459945914,3611.1708332569733,4285.286086634855
2018-07-28 16:00:00,4007.0,3833.5130273403706,3496.45540065143,4170.570654029311
2018-07-28 17:00:00,3657.0,3764.9624421719654,3427.904815483025,4102.020068860906
2018-07-28 18:00:00,3247.0,3112.7100868151297,2775.652460126189,3449.7677135040703
2018-07-28 19:00:00,2937.0,2895.235562117043,2558.1779354281025,3232.293188805984
2018-07-28 20:00:00,3001.0,2935.247785129534,2598.190158440593,3272.3054118184746
2018-07-28 21:00:00,3005.0,2950.0726920763323,2613.0150653873916,3287.130318765273
2018-07-28 22:00:00,1968.0,2230.1971819818573,1893.1395552929166,2567.254808670798
2018-07-28 23:00:00,1487.0,1314.9211817073117,977.863555018371,1651.9788083962524
2018-07-29 00:00:00,924.0,890.5628125284966,553.5051858395559,1227.6204392174373
2018-07-29 01:00:00,869.0,673.6212597166004,336.56363302765976,1010.6788864055411
2018-07-29 02:00:00,546.0,590.6933936984341,253.6357670094934,927.7510203873748
2018-07-29 03:00:00,378.0,472.43463199695,135.3770053080093,809.4922586858906
2018-07-29 04:00:00,657.0,516.8056592813143,179.74803259237365,853.863285970255
2018-07-29 05:00:00,1210.0,850.4608877715464,513.4032610826057,1187.518514460487
2018-07-29 06:00:00,1286.0,1865.499263448383,1528.4416367594424,2202.5568901373235
2018-07-29 07:00:00,1866.0,2081.1768197196157,1744.119193030675,2418.2344464085563
2018-07-29 08:00:00,2855.0,2508.7243952959907,2171.66676860705,2845.7820219849314
2018-07-29 09:00:00,3500.0,3484.1033948651793,3147.0457681762387,3821.16102155412
2018-07-29 10:00:00,3824.0,3903.1722386906786,3566.114612001738,4240.229865379619
2018-07-29 11:00:00,4016.0,4067.615574401803,3730.557947712862,4404.6732010907435
2018-07-29 12:00:00,4489.0,4098.692686751969,3761.635060063028,4435.750313440909
2018-07-29 13:00:00,4435.0,4443.88955784684,4106.8319311579,4780.94718453578
2018-07-29 14:00:00,4412.0,4429.003680140765,4091.9460534518244,4766.061306829706
2018-07-29 15:00:00,4485.0,4359.687783886583,4022.6301571976423,4696.745410575524
2018-07-29 16:00:00,4146.0,4280.138580632104,3943.0809539431634,4617.196207321045
2018-07-29 17:00:00,3947.0,3854.8848811509365,3517.827254461996,4191.942507839877
2018-07-29 18:00:00,3604.0,3390.5485969169254,3053.4909702279847,3727.606223605866
2018-07-29 19:00:00,3344.0,3135.4955563856925,2798.437929696752,3472.553183074633
2018-07-29 20:00:00,2794.0,2834.7829992992624,2497.7253726103218,3171.840625988203
2018-07-29 21:00:00,2084.0,2188.0736675361118,1851.016040847171,2525.1312942250524
2018-07-29 22:00:00,1224.0,1405.5630170454938,1068.505390356553,1742.6206437344345
2018-07-29 23:00:00,640.0,649.287357607433,312.22973091849235,986.3449842963737
2018-07-30 00:00:00,384.0,384.25991770955665,47.202291020615974,721.3175443984974
2018-07-30 01:00:00,317.0,307.01978386742695,0.0,644.0774105563676
2018-07-30 02:00:00,333.0,345.82132227622805,8.763695587287373,682.8789489651688
2018-07-30 03:00:00,915.0,784.074222202222,447.01659551328135,1121.1318488911627
2018-07-30 04:00:00,3051.0,2857.370614689155,2520.3129880002143,3194.4282413780957
2018-07-30 05:00:00,5560.0,5696.076694000592,5359.019067311652,6033.134320689533
2018-07-30 06:00:00,6313.0,6031.639258902611,5694.581632213671,6368.696885591551
2018-07-30 07:00:00,5427.0,5624.004204313828,5286.946577624887,5961.061831002769
2018-07-30 08:00:00,4638.0,4682.616745565948,4345.559118877007,5019.674372254889
2018-07-30 09:00:00,4233.0,4299.114642902226,3962.057016213285,4636.172269591167
2018-07-30 10:00:00,4491.0,4494.531681447575,4157.474054758633,4831.589308136516
2018-07-30 11:00:00,4522.0,4691.838210255793,4354.780583566851,5028.895836944734
2018-07-30 12:00:00,4625.0,4629.6129113984225,4292.555284709482,4966.670538087363
2018-07-30 13:00:00,4808.0,4981.226114891463,4644.168488202522,5318.283741580404
2018-07-30 14:00:00,5483.0,5277.575253417559,4940.517626728619,5614.632880106499
2018-07-30 15:00:00,5632.0,6270.335577395815,5933.2779507068735,6607.393204084756
2018-07-30 16:00:00,5590.0,5423.713323094901,5086.65569640596,5760.770949783842
2018-07-30 17:00:00,4288.0,4132.735662460798,3795.6780357718576,4469.7932891497385
2018-07-30 18:00:00,3190.0,3054.1903027461253,2717.1326760571847,3391.247929435066
2018-07-30 19:00:00,2911.0,2715.530163899477,2378.4725372105363,3052.5877905884176
2018-07-30 20:00:00,2431.0,2593.523917695031,2256.46629100609,2930.5815443839715
2018-07-30 21:00:00,1742.0,1654.2183183760656,1317.1606916871249,1991.2759450650062
2018-07-30 22:00:00,1116.0,1178.8940764175034,841.8364497285627,1515.951703106444
2018-07-30 23:00:00,625.0,601.5378910949124,264.48026440597175,938.5955177838531
2018-07-31 00:00:00,368.0,380.49193544142224,43.43430875248157,717.5495621303629
2018-07-31 01:00:00,299.0,296.333304717935,0.0,633.3909314068757
2018-07-31 02:00:00,352.0,336.7519854224435,0.0,673.8096121113842
2018-07-31 03:00:00,819.0,833.8550138948128,496.79738720587216,1170.9126405837535
2018-07-31 04:00:00,2764.0,2759.4713885308256,2422.413761841885,3096.5290152197663
2018-07-31 05:00:00,4240.0,5610.863029597752,5273.805402908811,5947.920656286693
2018-07-31 06:00:00,5655.0,4683.596475528095,4346.5388488391545,5020.654102217035
2018-07-31 07:00:00,5960.0,5376.61941933617,5039.56179264723,5713.67704602511
2018-07-31 08:00:00,4925.0,5090.593064934998,4753.535438246057,5427.65069162394
2018-07-31 09:00:00,4455.0,4362.213412617588,4025.155785928647,4699.271039306528
2018-07-31 10:00:00,4727.0,4633.592515780668,4296.534889091727,4970.650142469609
2018-07-31 11:00:00,4998.0,4883.925141855554,4546.867515166614,5220.982768544494
2018-07-31 12:00:00,4875.0,5039.710009908393,4702.6523832194525,5376.767636597333
2018-07-31 13:00:00,4922.0,5200.451196223061,4863.393569534121,5537.508822912001
2018-07-31 14:00:00,5722.0,5306.212147154765,4969.154520465825,5643.2697738437055
2018-07-31 15:00:00,6357.0,6382.007206799768,6044.949580110828,6719.064833488708
2018-07-31 16:00:00,5912.0,6049.540637208121,5712.4830105191795,6386.598263897062
2018-07-31 17:00:00,4740.0,4444.240597245573,4107.182970556632,4781.298223934513
2018-07-31 18:00:00,3288.0,3400.950432355919,3063.8928056669783,3738.0080590448597
2018-07-31 19:00:00,3076.0,2883.1111797235985,2546.053553034658,3220.168806412539
2018-07-31 20:00:00,2686.0,2813.693970380318,2476.6363436913775,3150.751597069259
2018-07-31 21:00:00,2152.0,2005.0708599515535,1668.0132332626129,2342.128486640494
2018-07-31 22:00:00,1263.0,1403.0915656739198,1066.0339389849792,1740.1491923628605
2018-07-31 23:00:00,662.0,672.4090968359136,335.35147014697293,1009.4667235248543
2018-08-01 00:00:00,398.0,388.206733574154,51.149106885213314,725.2643602630947
2018-08-01 01:00:00,352.0,315.0167123274042,0.0,652.0743390163449
2018-08-01 02:00:00,409.0,373.3721325363489,36.31450584740821,710.4297592252896
2018-08-01 03:00:00,908.0,881.6222624429236,544.5646357539829,1218.6798891318642
2018-08-01 04:00:00,3063.0,2940.1356726007743,2603.0780459118337,3277.193299289715
2018-08-01 05:00:00,5431.0,5736.608404422352,5399.550777733411,6073.666031111292
2018-08-01 06:00:00,5853.0,6109.634649237232,5772.577022548292,6446.692275926172
2018-08-01 07:00:00,5873.0,5561.493171335319,5224.435544646378,5898.55079802426
2018-08-01 08:00:00,5068.0,5119.094550179215,4782.036923490274,5456.152176868156
2018-08-01 09:00:00,4665.0,4517.527469977857,4180.469843288916,4854.585096666799
2018-08-01 10:00:00,4986.0,4902.428868023831,4565.371241334889,5239.486494712772
2018-08-01 11:00:00,5141.0,5158.778003722841,4821.7203770339,5495.835630411782
2018-08-01 12:00:00,4874.0,5140.4861135463325,4803.428486857392,5477.543740235273
2018-08-01 13:00:00,5044.0,5186.76438226325,4849.706755574309,5523.822008952191
2018-08-01 14:00:00,5655.0,5427.576033143712,5090.518406454772,5764.6336598326525
2018-08-01 15:00:00,6455.0,6365.414772850121,6028.357146161181,6702.472399539061
2018-08-01 16:00:00,5773.0,6179.193653076427,5842.136026387487,6516.251279765367
2018-08-01 17:00:00,4500.0,4407.3880575909725,4070.330430902032,4744.445684279914
2018-08-01 18:00:00,3389.0,3334.495218945819,2997.4375922568784,3671.5528456347597
2018-08-01 19:00:00,2992.0,2942.253892417103,2605.1962657281624,3279.3115191060438
2018-08-01 20:00:00,2559.0,2734.7566871816553,2397.6990604927146,3071.814313870596
2018-08-01 21:00:00,2344.0,1901.9740701526441,1564.9164434637034,2239.0316968415846
2018-08-01 22:00:00,1320.0,1549.3738760623576,1212.316249373417,1886.4315027512982
2018-08-01 23:00:00,709.0,733.3904079755572,396.3327812866165,1070.4480346644978
2018-08-02 00:00:00,413.0,429.11929950727097,92.0616728183303,766.1769261962116
2018-08-02 01:00:00,324.0,320.64000108979315,0.0,657.6976277787338
2018-08-02 02:00:00,403.0,349.07312508237646,12.015498393435792,686.1307517713171
2018-08-02 03:00:00,887.0,874.675677578554,537.6180508896133,1211.7333042674945
2018-08-02 04:00:00,3091.0,2946.757232309807,2609.6996056208664,3283.8148589987477
2018-08-02 05:00:00,5589.0,5706.791707066452,5369.734080377511,6043.849333755392
2018-08-02 06:00:00,6435.0,6164.743148135149,5827.685521446208,6501.800774824089
2018-08-02 07:00:00,5736.0,5760.944086211558,5423.886459522617,6098.001712900499
2018-08-02 08:00:00,4976.0,5084.523371405427,4747.465744716486,5421.580998094367
2018-08-02 09:00:00,4388.0,4544.685373133172,4207.627746444232,4881.742999822112
2018-08-02 10:00:00,4652.0,4650.802377669933,4313.744750980992,4987.860004358874
2018-08-02 11:00:00,4977.0,4901.2724564194705,4564.21482973053,5238.330083108411
2018-08-02 12:00:00,4931.0,5024.921630031496,4687.8640033425545,5361.979256720437
2018-08-02 13:00:00,5104.0,5336.366934787074,4999.3093080981325,5673.424561476015
2018-08-02 14:00:00,5707.0,5478.263442800505,5141.205816111564,5815.321069489446
2018-08-02 15:00:00,6303.0,6322.455253581651,5985.397626892711,6659.512880270591
2018-08-02 16:00:00,5783.0,5949.754746657492,5612.697119968552,6286.812373346433
2018-08-02 17:00:00,4569.0,4392.590947188885,4055.5333204999447,4729.6485738778265
2018-08-02 18:00:00,3570.0,3443.2207727792456,3106.163146090305,3780.2783994681863
2018-08-02 19:00:00,3103.0,3092.439507108145,2755.381880419204,3429.4971337970856
2018-08-02 20:00:00,3023.0,2966.864007332359,2629.8063806434184,3303.9216340212997
2018-08-02 21:00:00,2303.0,2555.3601375146804,2218.30251082574,2892.417764203621
2018-08-02 22:00:00,1379.0,1403.9316453602864,1066.8740186713458,1740.989272049227
2018-08-02 23:00:00,778.0,842.1381076835324,505.08048099459177,1179.195734372473
2018-08-03 00:00:00,435.0,535.7185873590437,198.660960670103,872.7762140479844
2018-08-03 01:00:00,371.0,340.553623310133,3.495996621192319,677.6112499990736
2018-08-03 02:00:00,398.0,362.94222306107423,25.884596372133558,699.9998497500148
2018-08-03 03:00:00,853.0,851.8961375442142,514.8385108552735,1188.9537642331547
2018-08-03 04:00:00,2900.0,2804.2692828712934,2467.2116561823527,3141.326909560234
2018-08-03 05:00:00,5265.0,5565.680955978188,5228.623329289247,5902.738582667129
2018-08-03 06:00:00,5783.0,5852.071021120898,5515.013394431957,6189.128647809839
2018-08-03 07:00:00,5213.0,5399.0101075719485,5061.952480883008,5736.067734260889
2018-08-03 08:00:00,4577.0,4759.473373194319,4422.415746505378,5096.53099988326
2018-08-03 09:00:00,4384.0,4549.694738574774,4212.637111885833,4886.752365263716
2018-08-03 10:00:00,4820.0,4691.578110288557,4354.5204835996155,5028.635736977498
2018-08-03 11:00:00,5073.0,5070.661206045296,4733.603579356355,5407.718832734237
2018-08-03 12:00:00,5067.0,5102.376426793802,4765.318800104862,5439.4340534827425
2018-08-03 13:00:00,5456.0,5388.843893835924,5051.786267146983,5725.901520524865
2018-08-03 14:00:00,5646.0,5820.244368934003,5483.186742245063,6157.301995622944
2018-08-03 15:00:00,5888.0,6079.870689651523,5742.813062962583,6416.928316340463
2018-08-03 16:00:00,5135.0,5352.230206513482,5015.172579824541,5689.287833202423
2018-08-03 17:00:00,4753.0,4385.828283832013,4048.770657143072,4722.885910520954
2018-08-03 18:00:00,3767.0,3625.600482122564,3288.542855433623,3962.6581088115045
2018-08-03 19:00:00,3461.0,3241.279421961385,2904.2217952724445,3578.337048650326
2018-08-03 20:00:00,2632.0,3176.922179743165,2839.8645530542244,3513.9798064321058
2018-08-03 21:00:00,2594.0,2257.62263305698,1920.5650063680391,2594.6802597459205
2018-08-03 22:00:00,1833.0,1940.8110845676358,1603.7534578786951,2277.8687112565767
2018-08-03 23:00:00,1078.0,1235.9957549504504,898.9381282615097,1573.053381639391
2018-08-04 00:00:00,668.0,685.5632842113629,348.5056575224222,1022.6209109003036
2018-08-04 01:00:00,519.0,427.44457708512664,90.38695039618597,764.5022037740673
2018-08-04 02:00:00,362.0,399.83006149650765,62.77243480756698,736.8876881854483
2018-08-04 03:00:00,423.0,422.5909866742417,85.53335998530105,759.6486133631824
2018-08-04 04:00:00,850.0,752.3942855339092,415.3366588449685,1089.4519122228498
2018-08-04 05:00:00,1427.0,1520.5633865785148,1183.5057598895742,1857.6210132674555
2018-08-04 06:00:00,1817.0,2113.385599710595,1776.3279730216545,2450.443226399536
2018-08-04 07:00:00,2559.0,2528.019410778799,2190.961784089858,2865.0770374677395
2018-08-04 08:00:00,3477.0,3341.6749228352337,3004.617296146293,3678.7325495241744
2018-08-04 09:00:00,3962.0,3909.4336439513113,3572.3760172623706,4246.491270640252
2018-08-04 10:00:00,4236.0,4251.587021418911,3914.52939472997,4588.644648107851
2018-08-04 11:00:00,4263.0,4426.873961233728,4089.816334544787,4763.931587922669
2018-08-04 12:00:00,4552.0,4304.519652643702,3967.4620259547614,4641.577279332643
2018-08-04 13:00:00,4379.0,4574.563375733781,4237.50574904484,4911.621002422722
2018-08-04 14:00:00,4493.0,4419.686079247086,4082.6284525581455,4756.743705936027
2018-08-04 15:00:00,4300.0,4540.240076520683,4203.182449831742,4877.297703209624
2018-08-04 16:00:00,4602.0,4184.4384831574625,3847.380856468522,4521.496109846403
2018-08-04 17:00:00,4087.0,4214.742494230775,3877.6848675418346,4551.8001209197155
2018-08-04 18:00:00,3237.0,3399.1941370841673,3062.1365103952267,3736.251763773108
2018-08-04 19:00:00,2962.0,2906.2930932557733,2569.2354665668327,3243.350719944714
2018-08-04 20:00:00,2938.0,2940.625263658408,2603.5676369694675,3277.682890347349
2018-08-04 21:00:00,2573.0,2816.743518295626,2479.6858916066853,3153.8011449845667
2018-08-04 22:00:00,2015.0,2062.333615794531,1725.2759891055903,2399.3912424834716
2018-08-04 23:00:00,1323.0,1326.4931955096313,989.4355688206906,1663.550822198572
2018-08-05 00:00:00,812.0,830.9577959782767,493.9001692893361,1168.0154226672175
2018-08-05 01:00:00,689.0,594.4904068208701,257.43278013192946,931.5480335098108
2018-08-05 02:00:00,396.0,413.3139742800604,76.25634759111972,750.3716009690011
2018-08-05 03:00:00,356.0,370.5641981753911,33.50657148645041,707.6218248643318
2018-08-05 04:00:00,504.0,574.6801917363714,237.62256504743073,911.7378184253121
2018-08-05 05:00:00,962.0,860.4493128942904,523.3916862053497,1197.506939583231
2018-08-05 06:00:00,1210.0,1373.3146230228692,1036.2569963339286,1710.37224971181
2018-08-05 07:00:00,1903.0,1966.6808229292546,1629.623196240314,2303.7384496181953
2018-08-05 08:00:00,3030.0,2732.2412207126254,2395.1835940236847,3069.298847401566
2018-08-05 09:00:00,3735.0,3605.7561762434893,3268.6985495545487,3942.81380293243
2018-08-05 10:00:00,4072.0,4015.9632038632867,3678.905577174346,4353.020830552227
2018-08-05 11:00:00,4454.0,4366.703823030506,4029.6461963415654,4703.761449719446
2018-08-05 12:00:00,4507.0,4432.757539679701,4095.6999129907604,4769.815166368642
2018-08-05 13:00:00,4396.0,4457.3043231270185,4120.246696438078,4794.361949815959
2018-08-05 14:00:00,4595.0,4385.511091188767,4048.453464499826,4722.568717877708
2018-08-05 15:00:00,4875.0,4468.484762730349,4131.427136041408,4805.54238941929
2018-08-05 16:00:00,4555.0,4649.350479992534,4312.292853303594,4986.408106681474
2018-08-05 17:00:00,4229.0,4141.972635402165,3804.9150087132243,4479.030262091106
2018-08-05 18:00:00,3684.0,3502.5880256312626,3165.530398942322,3839.645652320203
2018-08-05 19:00:00,3316.0,3276.1241093861267,2939.066482697186,3613.1817360750674
2018-08-05 20:00:00,2735.0,2796.2249777258926,2459.167351036952,3133.2826044148333
2018-08-05 21:00:00,2109.0,2199.9510592062265,1862.8934325172859,2537.008685895167
2018-08-05 22:00:00,1560.0,1405.6305043162283,1068.5728776272877,1742.688131005169
2018-08-05 23:00:00,703.0,899.4660168293963,562.4083901404556,1236.523643518337
2018-08-06 00:00:00,421.0,426.812328521528,89.75470183258733,763.8699552104687
2018-08-06 01:00:00,327.0,331.89819295434813,0.0,668.9558196432888
2018-08-06 02:00:00,375.0,348.06029987869675,11.00267318975608,685.1179265676374
2018-08-06 03:00:00,890.0,816.6016651568112,479.54403846787056,1153.6592918457518
2018-08-06 04:00:00,3047.0,2813.0809880802594,2476.0233613913188,3150.1386147692
2018-08-06 05:00:00,5580.0,5613.621519674493,5276.563892985552,5950.6791463634345
2018-08-06 06:00:00,6280.0,5980.425595893629,5643.367969204688,6317.48322258257
2018-08-06 07:00:00,5582.0,5557.861180008125,5220.803553319185,5894.9188066970655
2018-08-06 08:00:00,4694.0,4761.750001563939,4424.692374874998,5098.80762825288
2018-08-06 09:00:00,4357.0,4348.7659355181695,4011.708308829229,4685.82356220711
2018-08-06 10:00:00,4432.0,4565.302351355847,4228.244724666907,4902.359978044788
2018-08-06 11:00:00,4606.0,4645.905792744642,4308.848166055701,4982.963419433583
2018-08-06 12:00:00,4669.0,4733.533383670412,4396.475756981472,5070.591010359352
2018-08-06 13:00:00,4814.0,4940.643159420115,4603.585532731175,5277.700786109055
2018-08-06 14:00:00,5395.0,5277.411182647224,4940.353555958283,5614.468809336166
2018-08-06 15:00:00,6651.0,6109.37757042942,5772.31994374048,6446.4351971183605
2018-08-06 16:00:00,5590.0,6245.471528584732,5908.413901895792,6582.529155273673
2018-08-06 17:00:00,4308.0,4105.923792948103,3768.8661662591626,4442.981419637044
2018-08-06 18:00:00,3314.0,3075.8810387870067,2738.823412098066,3412.9386654759473
2018-08-06 19:00:00,2795.0,2767.119394021148,2430.061767332207,3104.1770207100885
2018-08-06 20:00:00,2330.0,2538.313887986537,2201.256261297596,2875.3715146754776
2018-08-06 21:00:00,1723.0,1638.6801356323194,1301.6225089433788,1975.73776232126
2018-08-06 22:00:00,1148.0,1182.5972354160062,845.5396087270656,1519.654862104947
2018-08-06 23:00:00,606.0,603.1556212074793,266.0979945185386,940.21324789642
2018-08-07 00:00:00,376.0,380.49193544142224,43.43430875248157,717.5495621303629
2018-08-07 01:00:00,288.0,301.7047310056312,0.0,638.7623576945718
2018-08-07 02:00:00,362.0,336.7519854224435,0.0,673.8096121113842
2018-08-07 03:00:00,912.0,857.0800840277639,520.0224573388232,1194.1377107167045
2018-08-07 04:00:00,3153.0,2951.0336540585013,2613.9760273695606,3288.091280747442
2018-08-07 05:00:00,5814.0,5738.336297067103,5401.278670378162,6075.393923756044
2018-08-07 10:00:00,4515.0,4651.161567433446,4314.103940744506,4988.219194122386
2018-08-07 11:00:00,4940.0,4724.59502923607,4387.53740254713,5061.652655925011
2018-08-07 12:00:00,4726.0,4977.036432875496,4639.978806186555,5314.094059564437
2018-08-07 13:00:00,5040.0,5080.6532443054975,4743.595617616556,5417.710870994439
2018-08-07 14:00:00,5555.0,5488.727955757254,5151.670329068313,5825.785582446195
2018-08-07 15:00:00,6471.0,6373.369627502371,6036.31200081343,6710.427254191312
2018-08-07 16:00:00,5656.0,6181.416180738914,5844.3585540499735,6518.473807427854
2018-08-07 17:00:00,4121.0,4232.258256675567,3895.2006299866266,4569.315883364508
2018-08-07 18:00:00,3272.0,3095.458367123241,2758.4007404343,3432.5159938121815
2018-08-07 19:00:00,2888.0,2875.2088140265423,2538.1511873376016,3212.266440715483
2018-08-07 20:00:00,2532.0,2597.043471641899,2259.9858449529584,2934.1010983308397
2018-08-07 21:00:00,1771.0,1866.6617643613245,1529.6041376723838,2203.719391050265
2018-08-07 22:00:00,1168.0,1183.5228490597672,846.4652223708265,1520.5804757487078
2018-08-07 23:00:00,643.0,640.6405457060985,303.5829190171578,977.6981723950391
2018-08-08 00:00:00,393.0,385.78060162799744,48.72297493905677,722.8382283169381
2018-08-08 01:00:00,295.0,308.4022237403622,0.0,645.4598504293028
2018-08-08 02:00:00,374.0,336.7519854224435,0.0,673.8096121113842
2018-08-08 03:00:00,912.0,857.8281407888427,520.770514099902,1194.8857674777832
2018-08-08 04:00:00,3119.0,2949.684137633532,2612.6265109445912,3286.7417643224726
2018-08-08 05:00:00,5730.0,5593.274996942927,5256.217370253986,5930.332623631868
2018-08-08 06:00:00,6430.0,6058.105632435327,5721.0480057463865,6395.163259124267
2018-08-08 07:00:00,5864.0,5787.488114487429,5450.430487798489,6124.545741176369
2018-08-08 08:00:00,4902.0,5140.26899243847,4803.21136574953,5477.326619127411
2018-08-08 09:00:00,4610.0,4448.134732393684,4111.077105704744,4785.1923590826245
2018-08-08 10:00:00,4838.0,4892.353542650341,4555.2959159614,5229.411169339282
2018-08-08 11:00:00,5004.0,5032.149350227514,4695.091723538573,5369.2069769164555
2018-08-08 12:00:00,4741.0,5036.119946778245,4699.062320089304,5373.177573467186
2018-08-08 13:00:00,5128.0,5063.107035096668,4726.049408407727,5400.1646617856095
2018-08-08 14:00:00,5798.0,5552.777181894984,5215.719555206044,5889.834808583924
2018-08-08 15:00:00,6652.0,6379.818528613726,6042.760901924785,6716.876155302667
2018-08-08 16:00:00,6043.0,6318.414968027201,5981.35734133826,6655.472594716142
2018-08-08 17:00:00,4806.0,4476.115731177193,4139.058104488253,4813.173357866133
2018-08-08 18:00:00,3655.0,3445.5956910931754,3108.538064404235,3782.653317782116
2018-08-08 19:00:00,3130.0,3074.108167854384,2737.0505411654435,3411.165794543325
2018-08-08 20:00:00,3267.0,2848.3084696909214,2511.2508430019807,3185.366096379862
2018-08-08 21:00:00,2711.0,2564.543272085626,2227.4856453966854,2901.6008987745668
2018-08-08 22:00:00,1478.0,1663.058831633011,1326.0012049440704,2000.1164583219518
2018-08-08 23:00:00,801.0,825.894188548996,488.8365618600553,1162.9518152379367
2018-08-09 00:00:00,482.0,541.3234022803933,204.26577559145267,878.381028969334
2018-08-09 01:00:00,336.0,369.57548512289065,32.51785843394998,706.6331118118313
2018-08-09 02:00:00,379.0,343.65077574144607,6.593149052505396,680.7084024303867
2018-08-09 03:00:00,936.0,722.589286077133,385.53165938819234,1059.6469127660737
2018-08-09 04:00:00,3022.0,2989.4538827352053,2652.3962560462646,3326.511509424146
2018-08-09 05:00:00,5423.0,5754.221112548842,5417.163485859901,6091.278739237783
2018-08-09 06:00:00,6313.0,6120.138426421477,5783.0807997325355,6457.196053110418
2018-08-09 07:00:00,5908.0,5793.560416945635,5456.502790256694,6130.618043634575
2018-08-09 08:00:00,4788.0,5206.109306655773,4869.051679966833,5543.1669333447135
2018-08-09 09:00:00,4517.0,4619.18001594377,4282.12238925483,4956.23764263271
2018-08-09 10:00:00,4675.0,4788.538190147999,4451.4805634590575,5125.59581683694
2018-08-09 11:00:00,4927.0,4936.772828592408,4599.7152019034675,5273.830455281348
2018-08-09 12:00:00,4990.0,5019.09200623533,4682.034379546389,5356.149632924271
2018-08-09 13:00:00,5155.0,5301.331562101402,4964.273935412461,5638.389188790343
2018-08-09 14:00:00,5654.0,5608.499145624512,5271.441518935571,5945.556772313452
2018-08-09 15:00:00,6532.0,6347.982669754658,6010.925043065718,6685.040296443598
2018-08-09 16:00:00,5871.0,6167.493129728899,5830.435503039958,6504.550756417839
2018-08-09 17:00:00,4426.0,4594.365334461897,4257.307707772956,4931.422961150838
2018-08-09 18:00:00,3530.0,3332.0787221357036,2995.021095446763,3669.1363488246443
2018-08-09 19:00:00,3290.0,3086.99263519458,2749.9350085056394,3424.0502618835208
2018-08-09 20:00:00,3176.0,3069.962384184997,2732.9047574960564,3407.0200108739377
2018-08-09 21:00:00,2420.0,2592.914148837625,2255.8565221486842,2929.9717755265656
2018-08-09 22:00:00,1406.0,1582.7645399714397,1245.706913282499,1919.8221666603804
2018-08-09 23:00:00,731.0,883.7035756927527,546.645949003812,1220.7612023816932
2018-08-10 00:00:00,471.0,454.4606284490196,117.40300176007895,791.5182551379603
2018-08-10 01:00:00,374.0,345.18281770451523,8.125191015574558,682.2404443934558
2018-08-10 02:00:00,404.0,364.93130567089617,27.873678981955493,701.9889323598368
2018-08-10 03:00:00,818.0,798.0012025064347,460.943575817494,1135.0588291953754
2018-08-10 04:00:00,2854.0,2770.8671639167637,2433.809537227823,3107.9247906057044
2018-08-10 05:00:00,5227.0,5567.043829333788,5229.986202644848,5904.101456022729
2018-08-10 06:00:00,5950.0,5965.401452390502,5628.3438257015605,6302.459079079443
2018-08-10 07:00:00,5211.0,5387.927502271914,5050.869875582974,5724.985128960854
2018-08-10 08:00:00,4584.0,4800.163700989908,4463.1060743009675,5137.221327678848
2018-08-10 09:00:00,4512.0,4534.597105186272,4197.5394784973305,4871.654731875213
2018-08-10 10:00:00,4796.0,4794.742215821422,4457.684589132481,5131.799842510363
2018-08-10 11:00:00,4941.0,5071.161335308153,4734.103708619212,5408.218961997094
2018-08-10 12:00:00,5053.0,5054.647371752719,4717.5897450637785,5391.704998441659
2018-08-10 13:00:00,5367.0,5371.090445140595,5034.032818451655,5708.148071829535
2018-08-10 14:00:00,5684.0,5682.343677977666,5345.2860512887255,6019.401304666606
2018-08-10 15:00:00,5868.0,6116.362636962926,5779.305010273985,6453.420263651868
2018-08-10 16:00:00,5309.0,5409.29186162985,5072.23423494091,5746.3494883187905
2018-08-10 17:00:00,4616.0,4420.25039807347,4083.1927713845294,4757.308024762411
2018-08-10 18:00:00,3713.0,3606.7824033872885,3269.724776698348,3943.840030076229
2018-08-10 19:00:00,3344.0,3173.5474282929054,2836.4898016039647,3510.605054981846
2018-08-10 20:00:00,3374.0,3165.173861632626,2828.1162349436854,3502.2314883215668
2018-08-10 21:00:00,3117.0,2993.4076511956873,2656.3500245067466,3330.465277884628
2018-08-10 22:00:00,2271.0,2140.094453152364,1803.0368264634235,2477.152079841305
2018-08-10 23:00:00,1412.0,1426.4718108032425,1089.4141841143019,1763.5294374921832
2018-08-11 00:00:00,831.0,863.7810337954486,526.7234071065079,1200.8386604843893
2018-08-11 01:00:00,665.0,631.4619547587745,294.4043280698338,968.5195814477152
2018-08-11 02:00:00,423.0,443.00452792937494,105.94690124043427,780.0621546183156
2018-08-11 03:00:00,459.0,454.6969201841424,117.63929349520174,791.7545468730831
2018-08-11 04:00:00,876.0,783.9470269743766,446.88940028543595,1121.0046536633172
2018-08-11 05:00:00,1560.0,1372.4243172924128,1035.366690603472,1709.4819439813534
2018-08-11 06:00:00,2004.0,2290.715997324652,1953.6583706357114,2627.773624013593
2018-08-11 07:00:00,2806.0,2816.9873857090793,2479.9297590201386,3154.04501239802
2018-08-11 08:00:00,3514.0,3715.5881963271518,3378.530569638211,4052.6458230160924
2018-08-11 09:00:00,3971.0,4030.9437728631706,3693.88614617423,4368.001399552111
2018-08-11 10:00:00,4198.0,4244.642782221774,3907.585155532833,4581.700408910714
2018-08-11 11:00:00,4310.0,4379.487353941735,4042.4297272527942,4716.544980630675
2018-08-11 12:00:00,4262.0,4340.9808905239115,4003.923263834971,4678.038517212852
2018-08-11 13:00:00,4280.0,4314.84562173458,3977.7879950456395,4651.903248423521
2018-08-11 14:00:00,4188.0,4322.118208681327,3985.0605819923862,4659.175835370268
2018-08-11 15:00:00,4305.0,4265.040712895115,3927.983086206174,4602.098339584056
2018-08-11 16:00:00,4134.0,4152.817584644227,3815.7599579552866,4489.875211333168
2018-08-11 17:00:00,3920.0,3831.3846007649045,3494.326974075964,4168.442227453845
2018-08-11 18:00:00,3567.0,3353.3497206565735,3016.292093967633,3690.407347345514
2018-08-11 19:00:00,3362.0,3097.934969329922,2760.877342640981,3434.9925960188625
2018-08-11 20:00:00,3378.0,3174.580989971745,2837.5233632828044,3511.638616660686
2018-08-11 21:00:00,3167.0,3150.8277360402044,2813.7701093512637,3487.885362729145
2018-08-11 22:00:00,2511.0,2327.478774835296,1990.4211481463553,2664.5364015242367
2018-08-11 23:00:00,1406.0,1649.0457534048892,1311.9881267159485,1986.1033800938299
2018-08-12 00:00:00,868.0,898.6668505358784,561.6092238469378,1235.724477224819
2018-08-12 01:00:00,678.0,643.2391714581271,306.1815447691864,980.2967981470678
2018-08-12 02:00:00,392.0,405.7260933670288,68.66846667808812,742.7837200559695
2018-08-12 03:00:00,365.0,369.84474375712364,32.787117068182965,706.9023704460643
2018-08-12 04:00:00,529.0,545.4998954961641,208.4422688072234,882.5575221851047
2018-08-12 05:00:00,984.0,844.8190584323972,507.76143174345657,1181.876685121338
2018-08-12 06:00:00,1196.0,1451.0672910656056,1114.009664376665,1788.1249177545462
2018-08-12 07:00:00,1850.0,1949.4868540216983,1612.4292273327576,2286.5444807106387
2018-08-12 08:00:00,2713.0,2551.5656439149416,2214.508017226001,2888.6232706038822
2018-08-12 09:00:00,3534.0,3420.052622414057,3082.9949957251165,3757.110249102998
2018-08-12 10:00:00,3856.0,3920.953546760565,3583.8959200716245,4258.011173449506
2018-08-12 11:00:00,4037.0,4188.838050909248,3851.780424220307,4525.895677598188
2018-08-12 12:00:00,4522.0,4153.22668120757,3816.1690545186298,4490.284307896511
2018-08-12 13:00:00,4468.0,4479.0672005839915,4142.009573895051,4816.124827272932
2018-08-12 14:00:00,4351.0,4424.340161917805,4087.282535228864,4761.397788606746
2018-08-12 15:00:00,4466.0,4348.496731060107,4011.439104371166,4685.554357749048
2018-08-12 16:00:00,4313.0,4251.705803984482,3914.6481772955417,4588.7634306734235
2018-08-12 17:00:00,4012.0,4060.4358001022624,3723.3781734133217,4397.493426791203
2018-08-12 18:00:00,3658.0,3419.185015627179,3082.1273889382383,3756.2426423161196
2018-08-12 19:00:00,3151.0,3190.4699072115245,2853.412280522584,3527.527533900465
2018-08-12 20:00:00,2708.0,2680.5942070260576,2343.536580337117,3017.6518337149982
2018-08-12 21:00:00,1930.0,2138.489229590895,1801.4316029019542,2475.5468562798355
2018-08-12 22:00:00,1282.0,1261.0663453539473,924.0087186650067,1598.123972042888
2018-08-12 23:00:00,651.0,693.9877706195234,356.93014393058274,1031.045397308464
2018-08-13 00:00:00,434.0,385.899762588411,48.84213589947035,722.9573892773517
2018-08-13 01:00:00,355.0,334.9966895367223,0.0,672.0543162256629
2018-08-13 02:00:00,348.0,361.6489164160691,24.591289727128412,698.7065431050098
2018-08-13 03:00:00,924.0,807.3874322415928,470.32980555265215,1144.4450589305334
2018-08-13 04:00:00,3025.0,2844.5859116616525,2507.528284972712,3181.643538350593
2018-08-13 05:00:00,5546.0,5612.569446490662,5275.511819801721,5949.627073179603
2018-08-13 06:00:00,6383.0,5968.827185040823,5631.769558351882,6305.884811729764
2018-08-13 07:00:00,5642.0,5583.034656780978,5245.977030092037,5920.0922834699195
2018-08-13 08:00:00,4714.0,4791.938507680091,4454.88088099115,5128.996134369032
2018-08-13 09:00:00,4216.0,4308.146677026441,3971.0890503375,4645.204303715382
2018-08-13 10:00:00,4440.0,4459.009747032945,4121.952120344004,4796.067373721886
2018-08-13 11:00:00,4673.0,4666.558556506243,4329.500929817303,5003.616183195183
2018-08-13 12:00:00,4494.0,4738.199672261562,4401.142045572622,5075.257298950502
2018-08-13 13:00:00,4811.0,4743.023051244532,4405.965424555592,5080.0806779334725
2018-08-13 14:00:00,5245.0,5281.789887061425,4944.732260372484,5618.8475137503665
2018-08-13 15:00:00,6163.0,6005.940906970972,5668.883280282031,6342.998533659913
2018-08-13 16:00:00,5603.0,5691.284945208637,5354.2273185196955,6028.342571897578
2018-08-13 17:00:00,4077.0,4146.319075672325,3809.2614489833845,4483.376702361265
2018-08-13 18:00:00,3247.0,2977.0084604504777,2639.950833761537,3314.0660871394184
2018-08-13 19:00:00,2835.0,2755.106759568215,2418.049132879274,3092.1643862571555
2018-08-13 20:00:00,2615.0,2528.3858439462715,2191.328217257331,2865.443470635212
2018-08-13 21:00:00,1823.0,1952.138234487031,1615.0806077980903,2289.195861175972
2018-08-13 22:00:00,1117.0,1148.7529582012935,811.6953315123528,1485.8105848902342
2018-08-13 23:00:00,571.0,613.1142796346127,276.056652945672,950.1719063235533
2018-08-14 00:00:00,394.0,365.71499150273513,28.65736481379446,702.7726181916757
2018-08-14 01:00:00,284.0,308.4022237403622,0.0,645.4598504293028
2018-08-14 02:00:00,340.0,336.7519854224435,0.0,673.8096121113842
2018-08-14 03:00:00,940.0,823.145895837019,486.0882691480783,1160.2035225259597
2018-08-14 04:00:00,3184.0,2973.4858429491896,2636.428216260249,3310.5434696381303
2018-08-14 05:00:00,5702.0,5662.299393568523,5325.241766879582,5999.357020257463
2018-08-14 06:00:00,6573.0,6086.924935015044,5749.867308326104,6423.982561703984
2018-08-14 07:00:00,5841.0,5915.069665059661,5578.01203837072,6252.127291748602
2018-08-14 08:00:00,4766.0,5064.441748785906,4727.384122096966,5401.499375474847
2018-08-14 09:00:00,4478.0,4408.886046382173,4071.8284196932323,4745.943673071113
2018-08-14 10:00:00,4741.0,4693.25411297895,4356.1964862900095,5030.31173966789
2018-08-14 11:00:00,4996.0,4897.533965329946,4560.476338641005,5234.591592018887
2018-08-14 12:00:00,4832.0,5002.982428356438,4665.924801667497,5340.040055045378
2018-08-14 13:00:00,4985.0,5202.809047087736,4865.751420398796,5539.866673776676
2018-08-14 14:00:00,5672.0,5410.659916367483,5073.602289678542,5747.717543056424
2018-08-14 15:00:00,6373.0,6401.965254429567,6064.907627740626,6739.022881118508
2018-08-14 16:00:00,6014.0,6064.670389747295,5727.612763058354,6401.728016436236
2018-08-14 17:00:00,4525.0,4448.363392150738,4111.305765461797,4785.421018839679
2018-08-14 18:00:00,3423.0,3302.8117512565577,2965.754124567617,3639.8693779454984
2018-08-14 19:00:00,3046.0,2964.671228552635,2627.6136018636944,3301.7288552415757
2018-08-14 20:00:00,2784.0,2816.870151644552,2479.8125249556115,3153.927778333493
2018-08-14 21:00:00,2287.0,2111.7784325629837,1774.720805874043,2448.8360592519243
2018-08-14 22:00:00,2772.0,1425.6074698201421,1088.5498431312014,1762.6650965090828
2018-08-14 23:00:00,793.0,818.3650546418966,481.3074279529559,1155.4226813308373
2018-08-15 00:00:00,492.0,515.0250642924494,177.96743760350876,852.0826909813901
2018-08-15 01:00:00,335.0,368.3258538327842,31.268227143843546,705.3834805217249
2018-08-15 02:00:00,403.0,342.34349483944607,5.285868150505394,679.4011215283867
2018-08-15 03:00:00,948.0,782.1396270618691,445.0820003729284,1119.1972537508098
2018-08-15 04:00:00,3181.0,3038.8291539865063,2701.7715272975656,3375.886780675447
2018-08-15 05:00:00,5767.0,5782.75986184042,5445.702235151479,6119.817488529361
2018-08-15 06:00:00,6561.0,6280.433349011738,5943.375722322797,6617.490975700679
2018-08-15 07:00:00,5930.0,5913.007760564148,5575.950133875207,6250.065387253089
2018-08-15 08:00:00,4672.0,5203.431851834287,4866.374225145346,5540.489478523228
2018-08-15 09:00:00,4638.0,4532.029721179807,4194.972094490866,4869.087347868748
2018-08-15 10:00:00,4979.0,4947.8242907995345,4610.766664110593,5284.881917488476
2018-08-15 11:00:00,5016.0,5233.272040003199,4896.214413314259,5570.32966669214
2018-08-15 12:00:00,4841.0,5108.7757630484,4771.718136359459,5445.833389737341
2018-08-15 13:00:00,4968.0,5151.941376892543,4814.883750203602,5488.999003581484
2018-08-15 14:00:00,5428.0,5430.491858062196,5093.434231373256,5767.549484751136
2018-08-15 15:00:00,5541.0,6212.106658256129,5875.049031567189,6549.164284945069
2018-08-15 16:00:00,5920.0,5463.419940092452,5126.3623134035115,5800.477566781392
2018-08-15 17:00:00,4545.0,4616.469026353772,4279.411399664832,4953.5266530427125
2018-08-15 18:00:00,3358.0,3299.3679607782674,2962.3103340893267,3636.425587467208
2018-08-15 19:00:00,3133.0,2896.319970295653,2559.2623436067124,3233.3775969845938
2018-08-15 20:00:00,2687.0,2823.723291141033,2486.665664452092,3160.7809178299735
2018-08-15 21:00:00,1742.0,1955.696154618501,1618.6385279295603,2292.7537813074414
2018-08-15 22:00:00,1051.0,1189.2089289357968,852.1513022468562,1526.2665556247375
2018-08-15 23:00:00,652.0,584.1328764219852,247.07524973304453,921.1905031109259
2018-08-16 00:00:00,399.0,388.206733574154,51.149106885213314,725.2643602630947
2018-08-16 01:00:00,300.0,315.0167123274042,0.0,652.0743390163449
2018-08-16 02:00:00,412.0,336.7519854224435,0.0,673.8096121113842
2018-08-16 03:00:00,977.0,880.0823114638603,543.0246847749196,1217.1399381528008
2018-08-16 04:00:00,3150.0,2817.872932351341,2480.8153056624005,3154.930559040282
2018-08-16 05:00:00,5386.0,5814.10505580285,5477.047429113909,6151.162682491791
2018-08-16 06:00:00,6494.0,6000.802710453535,5663.745083764594,6337.860337142476
2018-08-16 07:00:00,5847.0,5885.807767848916,5548.750141159975,6222.865394537857
2018-08-16 08:00:00,4976.0,5151.829030154927,4814.771403465986,5488.886656843868
2018-08-16 09:00:00,4466.0,4484.524602443097,4147.466975754156,4821.582229132038
2018-08-16 10:00:00,4574.0,4728.609334438842,4391.551707749901,5065.666961127783
2018-08-16 11:00:00,4961.0,4833.84243355426,4496.78480686532,5170.900060243201
2018-08-16 12:00:00,4785.0,5030.032785846798,4692.975159157857,5367.090412535739
2018-08-16 13:00:00,4927.0,5131.783268967263,4794.725642278323,5468.840895656203
2018-08-16 14:00:00,5729.0,5397.264476037134,5060.206849348193,5734.322102726075
2018-08-16 15:00:00,6272.0,6311.106001002259,5974.048374313319,6648.1636276911995
2018-08-16 16:00:00,5928.0,5952.598854808597,5615.541228119657,6289.656481497537
2018-08-16 17:00:00,4580.0,4512.942009811793,4175.884383122851,4849.999636500734
2018-08-16 18:00:00,3725.0,3457.6027978394345,3120.545171150494,3794.660424528375
2018-08-16 19:00:00,3205.0,3214.6877025604113,2877.6300758714706,3551.745329249352
2018-08-16 20:00:00,3090.0,3031.541693095848,2694.4840664069075,3368.599319784789
2018-08-16 21:00:00,2377.0,2604.231295678288,2267.1736689893473,2941.2889223672287
2018-08-16 22:00:00,1380.0,1460.9534666936306,1123.89584000469,1798.0110933825713
2018-08-16 23:00:00,809.0,840.7704127299864,503.7127860410458,1177.8280394189271
2018-08-17 00:00:00,449.0,548.436571559466,211.3789448705253,885.4941982484066
2018-08-17 01:00:00,363.0,340.553623310133,3.495996621192319,677.6112499990736
2018-08-17 02:00:00,408.0,362.9504076524816,25.89278096354093,700.0080343414222
2018-08-17 03:00:00,899.0,798.3380209508548,461.2803942619141,1135.3956476397955
2018-08-17 04:00:00,2821.0,2898.6854461071357,2561.627819418195,3235.7430727960764
2018-08-17 05:00:00,5243.0,5642.510431433479,5305.452804744538,5979.568058122421
2018-08-17 06:00:00,5994.0,5854.93413408887,5517.876507399929,6191.991760777812
2018-08-17 07:00:00,5406.0,5435.752741348782,5098.695114659842,5772.810368037723
2018-08-17 08:00:00,4719.0,4881.347763360896,4544.290136671956,5218.405390049837
2018-08-17 09:00:00,4510.0,4575.83653828896,4238.778911600019,4912.894164977901
2018-08-17 10:00:00,4948.0,4794.448820370616,4457.391193681675,5131.506447059557
2018-08-17 11:00:00,5076.0,5185.657142932141,4848.599516243201,5522.714769621081
2018-08-17 12:00:00,5027.0,5105.560982178046,4768.503355489105,5442.618608866987
2018-08-17 13:00:00,5289.0,5308.911968827093,4971.854342138153,5645.969595516033
2018-08-17 14:00:00,5581.0,5635.275601858259,5298.217975169318,5972.333228547199
2018-08-17 15:00:00,5734.0,6085.458444513375,5748.400817824435,6422.516071202315
2018-08-17 16:00:00,5141.0,5442.525302139812,5105.467675450871,5779.582928828753
2018-08-17 17:00:00,4536.0,4425.001043652627,4087.9434169636866,4762.058670341568
2018-08-17 18:00:00,3703.0,3553.601282522154,3216.5436558332135,3890.658909211095
2018-08-17 19:00:00,3279.0,3184.7703866541397,2847.712759965199,3521.8280133430803
2018-08-17 20:00:00,3177.0,3135.1782641225204,2798.1206374335798,3472.235890811461
2018-08-17 21:00:00,2903.0,2877.6993520988763,2540.6417254099356,3214.756978787817
2018-08-17 22:00:00,2126.0,2252.0507703555227,1914.993143666582,2589.1083970444633
2018-08-17 23:00:00,1569.0,1417.9791912049157,1080.921564515975,1755.0368178938563
2018-08-18 00:00:00,806.0,905.2312472267779,568.1736205378372,1242.2888739157186
2018-08-18 01:00:00,598.0,577.9375816998431,240.87995501090245,914.9952083887838
2018-08-18 02:00:00,448.0,395.9946179561968,58.93699126725613,733.0522446451375
2018-08-18 03:00:00,523.0,458.19468237761475,121.13705568867408,795.2523090665554
2018-08-18 04:00:00,940.0,818.7397295932079,481.68210290426725,1155.7973562821485
2018-08-18 05:00:00,1648.0,1596.342230237552,1259.2846035486114,1933.3998569264927
2018-08-18 06:00:00,2229.0,2388.0677887521456,2051.010162063205,2725.1254154410863
2018-08-18 07:00:00,2987.0,3170.4253941188294,2833.3677674298888,3507.48302080777
2018-08-18 08:00:00,3922.0,3760.3089490073116,3423.251322318371,4097.366575696253
2018-08-18 09:00:00,5146.0,4134.307735160086,3797.2501084711453,4471.365361849026
2018-08-18 10:00:00,4916.0,5213.5865875054105,4876.528960816469,5550.644214194352
2018-08-18 11:00:00,4448.0,5002.7879630658645,4665.730336376924,5339.845589754805
2018-08-18 12:00:00,4438.0,4529.62146167918,4192.56383499024,4866.679088368121
2018-08-18 13:00:00,4710.0,4518.310797021664,4181.253170332724,4855.3684237106045
2018-08-18 14:00:00,4893.0,4687.735583469409,4350.677956780468,5024.79321015835
2018-08-18 15:00:00,4897.0,4840.738825800921,4503.681199111981,5177.796452489862
2018-08-18 16:00:00,4664.0,4699.637253907027,4362.579627218087,5036.694880595967
2018-08-18 17:00:00,4157.0,4232.692107829954,3895.634481141013,4569.749734518895
2018-08-18 18:00:00,3619.0,3366.2784783035477,3029.220851614607,3703.3361049924883
2018-08-18 19:00:00,3543.0,3167.916476682379,2830.8588499934385,3504.97410337132
2018-08-18 20:00:00,3442.0,3301.5814591010526,2964.523832412112,3638.6390857899933
2018-08-18 21:00:00,3128.0,3169.327171328797,2832.269544639856,3506.3847980177375
2018-08-18 22:00:00,2044.0,2304.61992434339,1967.5622976544491,2641.6775510323305
2018-08-18 23:00:00,1346.0,1372.3642002990796,1035.306573610139,1709.4218269880203
2018-08-19 00:00:00,997.0,832.0356950789757,494.978068390035,1169.0933217679162
2018-08-19 01:00:00,726.0,677.439649221024,340.3820225320833,1014.4972759099646
2018-08-19 02:00:00,386.0,442.06509527235005,105.00746858340938,779.1227219612907
2018-08-19 03:00:00,388.0,365.539913617463,28.482286928522342,702.5975403064037
2018-08-19 04:00:00,552.0,540.3560623001212,203.29843561118048,877.4136889890618
2018-08-19 05:00:00,994.0,959.035917988764,621.9782912998234,1296.0935446777048
2018-08-19 06:00:00,1277.0,1486.2502166111094,1149.1925899221687,1823.30784330005
2018-08-19 07:00:00,1971.0,2058.3301922162086,1721.272565527268,2395.3878189051493
2018-08-19 08:00:00,2895.0,2826.917986593138,2489.860359904197,3163.9756132820785
2018-08-19 09:00:00,3766.0,3575.4483647746556,3238.390738085715,3912.5059914635963
2018-08-19 10:00:00,4384.0,4106.903245235429,3769.845618546488,4443.96087192437
2018-08-19 11:00:00,4624.0,4617.359098225115,4280.301471536175,4954.4167249140555
2018-08-19 12:00:00,4596.0,4604.731068404631,4267.6734417156895,4941.788695093572
2018-08-19 13:00:00,4742.0,4515.318384742627,4178.260758053686,4852.376011431568
2018-08-19 14:00:00,4779.0,4558.149014291009,4221.091387602068,4895.20664097995
2018-08-19 15:00:00,4989.0,4715.8021843841325,4378.744557695192,5052.859811073073
2018-08-19 16:00:00,4870.0,4839.921486606626,4502.863859917685,5176.979113295567
2018-08-19 17:00:00,4287.0,4340.22341417462,4003.1657874856796,4677.281040863561
2018-08-19 18:00:00,3792.0,3490.6228440532136,3153.565217364273,3827.6804707421543
2018-08-19 19:00:00,3213.0,3353.609799648619,3016.5521729596785,3690.66742633756
2018-08-19 20:00:00,2682.0,2818.70994964739,2481.6523229584495,3155.767576336331
2018-08-19 21:00:00,1973.0,2168.3792069705514,1831.3215802816107,2505.436833659492
2018-08-19 22:00:00,2369.0,1317.6601746383435,980.6025479494028,1654.7178013272842
2018-08-19 23:00:00,922.0,1043.187791772536,706.1301650835953,1380.2454184614767
2018-08-20 00:00:00,473.0,616.6786375169834,279.6210108280427,953.736264205924
2018-08-20 01:00:00,346.0,366.0437123265287,28.98608563758802,703.1013390154694
2018-08-20 02:00:00,369.0,348.9164191336252,11.858792444684525,685.9740458225658
2018-08-20 03:00:00,941.0,554.3192100010026,217.26158331206193,891.3768366899433
2018-08-20 04:00:00,3005.0,2875.377036397955,2538.3194097090145,3212.434663086896
2018-08-20 05:00:00,5352.0,5696.857895327128,5359.800268638188,6033.915522016068
2018-08-20 06:00:00,6077.0,6026.922550786237,5689.864924097295,6363.980177475178
2018-08-20 07:00:00,5349.0,5595.435030177882,5258.377403488941,5932.492656866823
2018-08-20 08:00:00,4777.0,4698.850441424298,4361.792814735358,5035.908068113238
2018-08-20 09:00:00,4375.0,4357.693915248033,4020.636288559092,4694.751541936974
2018-08-20 10:00:00,4532.0,4609.380123635527,4272.322496946586,4946.437750324467
2018-08-20 11:00:00,4842.0,4784.484807555193,4447.4271808662525,5121.542434244133
2018-08-20 12:00:00,4690.0,4920.730259964766,4583.672633275826,5257.787886653707
2018-08-20 13:00:00,5001.0,4946.218013645979,4609.160386957039,5283.275640334919
2018-08-20 14:00:00,5388.0,5463.375355558705,5126.317728869764,5800.432982247647
2018-08-20 15:00:00,6423.0,6084.458431518956,5747.400804830015,6421.516058207897
2018-08-20 16:00:00,5848.0,6078.846397861193,5741.788771172252,6415.904024550133
2018-08-20 17:00:00,4285.0,4302.654534060669,3965.5969073717283,4639.71216074961
2018-08-20 18:00:00,3231.0,3147.730574844946,2810.6729481560055,3484.788201533887
2018-08-20 19:00:00,2726.0,2765.491755476485,2428.4341287875445,3102.549382165426
2018-08-20 20:00:00,2240.0,2448.0580799961026,2111.000453307162,2785.1157066850433
2018-08-20 21:00:00,1617.0,1648.601601907957,1311.5439752190164,1985.6592285968977
2018-08-20 22:00:00,1005.0,1044.490189993142,707.4325633042013,1381.5478166820826
2018-08-20 23:00:00,659.0,566.3496373632887,229.29201067434803,903.4072640522294
2018-08-21 00:00:00,416.0,388.0933427912326,51.03571610229193,725.1509694801732
2018-08-21 01:00:00,316.0,320.64000108979315,0.0,657.6976277787338
2018-08-21 02:00:00,336.0,346.83414747990776,9.776520790967083,683.8917741688484
2018-08-21 03:00:00,996.0,803.9355768221407,466.8779501332,1140.9932035110814
2018-08-21 04:00:00,3136.0,3060.315204429765,2723.257577740824,3397.3728311187056
2018-08-21 05:00:00,5701.0,5788.8658053722065,5451.808178683266,6125.923432061147
2018-08-21 06:00:00,6837.0,6363.449218648755,6026.391591959815,6700.506845337695
2018-08-21 07:00:00,6123.0,6060.957222631027,5723.899595942086,6398.014849319969
2018-08-21 08:00:00,5053.0,5223.209008693796,4886.151382004855,5560.266635382737
2018-08-21 09:00:00,4540.0,4480.059450766242,4143.001824077301,4817.117077455183
2018-08-21 10:00:00,4652.0,4837.991993952666,4500.934367263726,5175.049620641606
2018-08-21 11:00:00,4794.0,4920.050294391452,4582.9926677025105,5257.107921080393
2018-08-21 12:00:00,4762.0,4907.872618742844,4570.814992053904,5244.930245431784
2018-08-21 13:00:00,4994.0,5073.321251926716,4736.263625237776,5410.3788786156565
2018-08-21 14:00:00,5660.0,5423.996718374384,5086.939091685443,5761.054345063325
2018-08-21 15:00:00,6229.0,6390.029358174876,6052.971731485935,6727.086984863816
2018-08-21 16:00:00,5875.0,5884.891393002525,5547.833766313584,6221.949019691465
2018-08-21 17:00:00,4435.0,4403.10312848008,4066.0455017911395,4740.160755169021
2018-08-21 18:00:00,3410.0,3231.796979274958,2894.7393525860175,3568.854605963899
2018-08-21 19:00:00,3003.0,2985.5986919563225,2648.541065267382,3322.656318645263
2018-08-21 20:00:00,2504.0,2754.1742538294793,2417.1166271405386,3091.23188051842
2018-08-21 21:00:00,1747.0,1818.8949463404767,1481.837319651536,2155.952573029417
2018-08-21 22:00:00,1117.0,1196.3436136681328,859.2859869791921,1533.4012403570734
2018-08-21 23:00:00,635.0,617.9297493842744,280.8721226953337,954.987376073215
2018-08-22 00:00:00,425.0,386.4534979123782,49.39587122343755,723.5111246013189
2018-08-22 01:00:00,279.0,333.97233098145597,0.0,671.0299576703967
2018-08-22 02:00:00,393.0,336.7519854224435,0.0,673.8096121113842
2018-08-22 03:00:00,994.0,864.1806949562147,527.123068267274,1201.2383216451553
2018-08-22 04:00:00,3163.0,3012.0395538725948,2674.981927183654,3349.0971805615354
2018-08-22 05:00:00,5766.0,5795.324572372569,5458.266945683628,6132.382199061509
2018-08-22 06:00:00,6589.0,6309.175551839079,5972.117925150138,6646.23317852802
2018-08-22 07:00:00,6056.0,6008.661445691659,5671.6038190027175,6345.7190723806
2018-08-22 08:00:00,5116.0,5204.560580352938,4867.502953663998,5541.618207041878
2018-08-22 09:00:00,4583.0,4547.038166809361,4209.980540120421,4884.095793498302
2018-08-22 10:00:00,4734.0,4866.70126604965,4529.643639360709,5203.758892738591
2018-08-22 11:00:00,5043.0,4960.876597904639,4623.818971215698,5297.93422459358
2018-08-22 12:00:00,4938.0,5045.400457805366,4708.342831116426,5382.458084494307
2018-08-22 13:00:00,5216.0,5331.032876980856,4993.975250291915,5668.090503669797
2018-08-22 14:00:00,5707.0,5668.941497896916,5331.883871207976,6005.999124585856
2018-08-22 15:00:00,6470.0,6385.644101565955,6048.586474877015,6722.701728254895
2018-08-22 16:00:00,5819.0,6171.848572346846,5834.7909456579055,6508.906199035786
2018-08-22 17:00:00,4446.0,4415.506705124778,4078.4490784358372,4752.564331813719
2018-08-22 18:00:00,3444.0,3229.522412496656,2892.4647858077155,3566.580039185597
2018-08-22 19:00:00,3154.0,2999.81972959635,2662.7621029074094,3336.8773562852907
2018-08-22 20:00:00,2627.0,2832.8086850813183,2495.7510583923777,3169.866311770259
2018-08-22 21:00:00,1928.0,1862.3359735753447,1525.278346886404,2199.3936002642854
2018-08-22 22:00:00,1169.0,1247.2839137447197,910.226287055779,1584.3415404336604
2018-08-22 23:00:00,596.0,629.7142244197167,292.65659773077607,966.7718511086574
2018-08-23 00:00:00,402.0,371.37034112027453,34.31271443133386,708.4279678092153
2018-08-23 03:00:00,976.0,853.996856663393,516.9392299744524,1191.0544833523336
2018-08-23 04:00:00,3163.0,2940.0319485045043,2602.9743218155636,3277.089575193445
2018-08-23 05:00:00,5860.0,5638.573039842248,5301.515413153307,5975.6306665311895
2018-08-23 06:00:00,6815.0,6444.768148436743,6107.710521747802,6781.825775125684
2018-08-23 07:00:00,6162.0,6070.084349327303,5733.026722638362,6407.141976016244
2018-08-23 08:00:00,5583.0,5729.914364326324,5392.856737637383,6066.971991015265
2018-08-23 09:00:00,4837.0,4905.947478503601,4568.88985181466,5243.005105192542
2018-08-23 10:00:00,5015.0,5147.824832676711,4810.76720598777,5484.882459365652
2018-08-23 11:00:00,5136.0,5273.67781419527,4936.620187506329,5610.735440884211
2018-08-23 12:00:00,5051.0,5227.3688091705535,4890.311182481613,5564.426435859494
2018-08-23 13:00:00,5312.0,5471.8593485417405,5134.8017218528,5808.916975230681
2018-08-23 14:00:00,5848.0,5695.535486007311,5358.477859318371,6032.593112696251
2018-08-23 15:00:00,6586.0,6439.417212988422,6102.359586299481,6776.474839677363
2018-08-23 16:00:00,5780.0,6179.989503365191,5842.93187667625,6517.047130054132
2018-08-23 17:00:00,4750.0,4632.989806662228,4295.932179973288,4970.047433351168
2018-08-23 18:00:00,3519.0,3605.6678957692243,3268.6102690802836,3942.725522458165
2018-08-23 19:00:00,2996.0,3208.301338596267,2871.2437119073265,3545.358965285208
2018-08-23 20:00:00,2717.0,2907.057819637109,2570.000192948168,3244.1154463260496
2018-08-23 21:00:00,2107.0,2156.7594422380394,1819.7018155490987,2493.81706892698
2018-08-23 22:00:00,1904.0,1484.020205941026,1146.9625792520853,1821.0778326299667
2018-08-23 23:00:00,790.0,1139.3419183861947,802.284291697254,1476.3995450751354
2018-08-24 00:00:00,505.0,532.3346674036204,195.27704071467974,869.3922940925611
2018-08-24 01:00:00,387.0,371.91237049562056,34.85474380667989,708.9699971845612
2018-08-24 02:00:00,424.0,378.5312397029711,41.473613014030434,715.5888663919118
2018-08-24 03:00:00,916.0,789.0236281487636,451.9660014598229,1126.0812548377044
2018-08-24 04:00:00,2950.0,2999.1802818947394,2662.1226552057988,3336.23790858368
2018-08-24 05:00:00,5259.0,5713.679745970902,5376.622119281961,6050.7373726598435
2018-08-24 06:00:00,6243.0,6036.8239645586345,5699.766337869694,6373.881591247575
2018-08-24 07:00:00,5687.0,5668.087384698493,5331.029758009552,6005.145011387434
2018-08-24 08:00:00,4971.0,5129.50722794777,4792.44960125883,5466.56485463671
2018-08-24 09:00:00,4539.0,4757.583472297436,4420.525845608496,5094.641098986376
2018-08-24 10:00:00,4391.0,4897.503336168198,4560.445709479258,5234.560962857138
2018-08-24 11:00:00,4971.0,4749.1384532614675,4412.080826572526,5086.196079950409
2018-08-24 12:00:00,5149.0,5088.04077119564,4750.983144506699,5425.098397884582
2018-08-24 13:00:00,5499.0,5350.6467253147675,5013.589098625827,5687.704352003708
2018-08-24 14:00:00,5879.0,5876.950612894854,5539.892986205914,6214.008239583794
2018-08-24 15:00:00,6088.0,6090.75758348308,5753.69995679414,6427.815210172021
2018-08-24 16:00:00,5750.0,5542.823133125441,5205.765506436501,5879.880759814381
2018-08-24 17:00:00,4755.0,4561.375539039214,4224.317912350274,4898.433165728155
2018-08-24 18:00:00,3467.0,3648.9946582465286,3311.937031557588,3986.0522849354693
2018-08-24 19:00:00,3076.0,3030.9626219630454,2693.9049952741047,3368.020248651986
2018-08-24 20:00:00,3164.0,3015.442631342424,2678.3850046534835,3352.500258031365
2018-08-24 21:00:00,2435.0,2890.136701210538,2553.0790745215972,3227.1943278994786
2018-08-24 22:00:00,1860.0,1597.7952720446522,1260.7376453557115,1934.8528987335928
2018-08-24 23:00:00,1089.0,1234.9393042450656,897.8816775561249,1571.9969309340063
2018-08-25 00:00:00,725.0,686.1817402809737,349.12411359203304,1023.2393669699144
2018-08-25 01:00:00,495.0,474.62149958397487,137.5638728950342,811.6791262729155
2018-08-25 02:00:00,366.0,400.44186594497086,63.384239256030185,737.4994926339116
2018-08-25 03:00:00,500.0,410.18967966540686,73.13205297646618,747.2473063543475
2018-08-25 04:00:00,875.0,884.1788021587832,547.1211754698426,1221.2364288477238
2018-08-25 05:00:00,1837.0,1519.2731994567207,1182.21557276778,1856.3308261456614
2018-08-25 06:00:00,2672.0,2511.2067504039396,2174.149123714999,2848.2643770928803
2018-08-25 07:00:00,3503.0,3742.1917434976635,3405.134116808723,4079.249370186604
2018-08-25 08:00:00,4100.0,4133.159948437003,3796.102321748062,4470.217575125944
2018-08-25 09:00:00,4509.0,4407.564344279343,4070.506717590402,4744.621970968283
2018-08-25 10:00:00,4647.0,4785.002208408597,4447.944581719656,5122.059835097538
2018-08-25 11:00:00,4846.0,4867.508979833448,4530.451353144508,5204.566606522389
2018-08-25 12:00:00,4585.0,4809.19891319804,4472.141286509099,5146.256539886981
2018-08-25 13:00:00,4696.0,4671.018754458352,4333.961127769411,5008.076381147293
2018-08-25 14:00:00,5015.0,4696.609227630477,4359.551600941537,5033.666854319417
2018-08-25 15:00:00,4677.0,5077.758851289543,4740.701224600602,5414.816477978484
2018-08-25 16:00:00,4541.0,4441.819530591569,4104.761903902629,4778.877157280509
2018-08-25 17:00:00,3914.0,4214.070601136312,3877.012974447371,4551.128227825253
2018-08-25 18:00:00,3371.0,3398.9270135906863,3061.8693869017457,3735.984640279627
2018-08-25 19:00:00,3071.0,3057.715257355684,2720.6576306667434,3394.772884044625
2018-08-25 20:00:00,3156.0,3065.224052317955,2728.166425629014,3402.2816790068955
2018-08-25 21:00:00,2713.0,3041.6311059976147,2704.573479308674,3378.6887326865553
2018-08-25 22:00:00,2134.0,2164.4212962557226,1827.363669566782,2501.4789229446633
2018-08-25 23:00:00,1375.0,1432.5839837091235,1095.5263570201828,1769.6416103980641
2018-08-26 00:00:00,855.0,887.8441013843114,550.7864746953708,1224.9017280732521
2018-08-26 01:00:00,614.0,644.7410388523397,307.683412163399,981.7986655412803
2018-08-26 02:00:00,382.0,387.3311261738154,50.27349948487472,724.3887528627561
2018-08-26 03:00:00,325.0,370.3406519960194,33.28302530707873,707.3982786849601
2018-08-26 04:00:00,551.0,523.5251494568025,186.46752276786185,860.5827761457432
2018-08-26 05:00:00,1106.0,978.2810951472798,641.2234684583391,1315.3387218362204
2018-08-26 06:00:00,1657.0,1660.9479209411184,1323.8902942521777,1998.005547630059
2018-08-26 07:00:00,2467.0,2512.327125441911,2175.2694987529703,2849.3847521308517
2018-08-26 08:00:00,3408.0,3401.444003837125,3064.3863771481842,3738.5016305260656
2018-08-26 09:00:00,4017.0,4011.6804398126587,3674.622813123718,4348.738066501599
2018-08-26 10:00:00,4394.0,4361.334813899481,4024.27718721054,4698.392440588421
2018-08-26 11:00:00,4638.0,4667.837292567608,4330.7796658786665,5004.894919256549
2018-08-26 12:00:00,4494.0,4558.352034671596,4221.294407982656,4895.409661360536
2018-08-26 13:00:00,4565.0,4479.141401958128,4142.083775269188,4816.199028647068
2018-08-26 14:00:00,4289.0,4533.447114405546,4196.389487716606,4870.504741094486
2018-08-26 15:00:00,4259.0,4322.834581276793,3985.7769545878523,4659.892207965733
2018-08-26 16:00:00,3998.0,4174.610247072151,3837.55262038321,4511.667873761091
2018-08-26 17:00:00,3688.0,3825.687841289293,3488.6302146003522,4162.745467978233
2018-08-26 18:00:00,3165.0,3308.2131110202636,2971.155484331323,3645.2707377092042
2018-08-26 19:00:00,2840.0,2773.7808812810786,2436.723254592138,3110.8385079700192
2018-08-26 20:00:00,2330.0,2433.1076442927824,2096.0500176038418,2770.165270981723
2018-08-26 21:00:00,1913.0,1784.8279216151361,1447.7702949261954,2121.885548304077
2018-08-26 22:00:00,1208.0,1272.6701264964447,935.612499807504,1609.7277531853854
2018-08-26 23:00:00,666.0,646.485018147647,309.4273914587063,983.5426448365877
2018-08-27 00:00:00,337.0,399.5836664373177,62.526039748377,736.6412931262583
2018-08-27 01:00:00,292.0,288.2277518364193,0.0,625.28537852536
2018-08-27 02:00:00,358.0,335.7391602187638,0.0,672.7967869077045
2018-08-27 03:00:00,933.0,843.9191815457781,506.8615548568374,1180.9768082347186
2018-08-27 04:00:00,3129.0,2900.2886316290887,2563.231004940148,3237.3462583180294
2018-08-27 05:00:00,5575.0,5743.112047954243,5406.054421265302,6080.169674643184
2018-08-27 06:00:00,6493.0,6244.032573721279,5906.974947032339,6581.090200410219
2018-08-27 07:00:00,6125.0,5915.607642669886,5578.550015980945,6252.665269358828
2018-08-27 08:00:00,5094.0,5148.076843319713,4811.019216630772,5485.134470008654
2018-08-27 09:00:00,4672.0,4400.844053808287,4063.786427119346,4737.901680497227
2018-08-27 10:00:00,4775.0,4879.697930249994,4542.640303561053,5216.755556938935
2018-08-27 11:00:00,4880.0,4959.034188459359,4621.976561770418,5296.0918151483
2018-08-27 12:00:00,4890.0,4876.884657139944,4539.827030451002,5213.942283828885
2018-08-27 13:00:00,5048.0,5284.56315527118,4947.50552858224,5621.62078196012
2018-08-27 14:00:00,5661.0,5489.008021761264,5151.950395072323,5826.065648450205
2018-08-27 15:00:00,6535.0,6337.316980267171,6000.259353578231,6674.374606956111
2018-08-27 16:00:00,5298.0,6120.204601205525,5783.146974516585,6457.2622278944655
2018-08-27 17:00:00,3629.0,4203.803820669996,3866.746193981055,4540.861447358937
2018-08-27 18:00:00,2922.0,2940.911510365293,2603.8538836763523,3277.9691370542337
2018-08-27 19:00:00,2536.0,2482.886494729381,2145.8288680404403,2819.9441214183216
2018-08-27 20:00:00,2139.0,2230.632461530021,1893.5748348410802,2567.6900882189616
2018-08-27 21:00:00,1503.0,1588.3377470104324,1251.2801203214917,1925.395373699373
2018-08-27 22:00:00,1014.0,1009.0103474675531,671.9527207786124,1346.0679741564936
2018-08-27 23:00:00,576.0,579.657824834295,242.60019814535428,916.7154515232356
2018-08-28 00:00:00,364.0,366.43057182964543,29.372945140704758,703.4881985185862
2018-08-28 01:00:00,234.0,296.333304717935,0.0,633.3909314068757
2018-08-28 02:00:00,367.0,333.0764043941561,0.0,670.1340310830967
2018-08-28 03:00:00,986.0,865.6109619835478,528.5533352946071,1202.6685886724886
2018-08-28 04:00:00,3161.0,3047.1215023752584,2710.0638756863177,3384.179129064199
2018-08-28 05:00:00,5611.0,5788.893280982886,5451.8356542939455,6125.950907671826
2018-08-28 06:00:00,6147.0,6330.337644661446,5993.280017972505,6667.395271350386
2018-08-28 07:00:00,5692.0,5759.765852070397,5422.708225381457,6096.823478759337
2018-08-28 08:00:00,5153.0,5144.950800051796,4807.893173362856,5482.0084267407365
2018-08-28 09:00:00,4624.0,4506.491266601071,4169.433639912131,4843.548893290012
2018-08-28 10:00:00,4678.0,4885.353272451165,4548.295645762224,5222.410899140106
2018-08-28 11:00:00,4954.0,4903.145410268484,4566.087783579544,5240.203036957424
2018-08-28 12:00:00,5032.0,5005.221669926353,4668.1640432374115,5342.279296615294
2018-08-28 13:00:00,5273.0,5368.417378403873,5031.359751714932,5705.475005092814
2018-08-28 14:00:00,5865.0,5723.694732023033,5386.637105334092,6060.752358711974
2018-08-28 15:00:00,6657.0,6505.747740391925,6168.690113702984,6842.805367080866
2018-08-28 16:00:00,5716.0,6315.825712348112,5978.7680856591705,6652.883339037053
2018-08-28 17:00:00,4363.0,4301.750009040424,3964.692382351483,4638.807635729365
2018-08-28 18:00:00,3406.0,3226.6081628292386,2889.550536140298,3563.6657895181793
2018-08-28 19:00:00,2896.0,2969.0986227093113,2632.0409960203706,3306.156249398252
2018-08-28 20:00:00,2576.0,2579.803491635008,2242.7458649460673,2916.8611183239486
2018-08-28 21:00:00,1733.0,1930.9443524409635,1593.8867257520228,2268.001979129904
2018-08-28 22:00:00,1153.0,1265.0984388686584,928.0408121797177,1602.156065557599
2018-08-28 23:00:00,623.0,622.1965001974443,285.1388735085036,959.2541268863849
2018-08-29 00:00:00,335.0,382.7800899029369,45.72246321399621,719.8377165918776
2018-08-29 01:00:00,299.0,281.865078943481,0.0,618.9227056324216
2018-08-29 02:00:00,372.0,342.1416468728329,5.084020183892221,679.1992735617736
2018-08-29 03:00:00,981.0,863.3453190747867,526.2876923858461,1200.4029457637275
2018-08-29 04:00:00,3103.0,3058.7441839016055,2721.686557212665,3395.801810590546
2018-08-29 05:00:00,5902.0,5843.611392907838,5506.553766218898,6180.6690195967785
2018-08-29 06:00:00,6775.0,6362.553814783836,6025.496188094896,6699.611441472776
2018-08-29 07:00:00,6164.0,6109.3283166877845,5772.270689998844,6446.385943376725
2018-08-29 08:00:00,5421.0,5283.876719373075,4946.819092684134,5620.934346062015
2018-08-29 09:00:00,4871.0,4738.314994466072,4401.257367777131,5075.372621155013
2018-08-29 10:00:00,4969.0,5095.168461529393,4758.110834840452,5432.226088218335
2018-08-29 11:00:00,5134.0,5195.122029143527,4858.064402454585,5532.179655832468
2018-08-29 12:00:00,4999.0,5175.618367394018,4838.5607407050775,5512.675994082958
2018-08-29 13:00:00,5349.0,5399.933003378599,5062.875376689659,5736.990630067539
2018-08-29 14:00:00,5814.0,5783.448000769285,5446.3903740803435,6120.505627458226
2018-08-29 15:00:00,6578.0,6460.068787272726,6123.011160583785,6797.126413961667
2018-08-29 16:00:00,5860.0,6183.290669232463,5846.233042543523,6520.348295921403
2018-08-29 17:00:00,4554.0,4535.746193871606,4198.688567182666,4872.803820560546
2018-08-29 18:00:00,3487.0,3354.8507275979655,3017.793100909025,3691.908354286906
2018-08-29 19:00:00,3205.0,3023.3579014666147,2686.300274777674,3360.4155281555554
2018-08-29 20:00:00,2800.0,2893.6471488914767,2556.589522202536,3230.7047755804174
2018-08-29 21:00:00,2106.0,2108.9456699168095,1771.8880432278688,2446.00329660575
2018-08-29 22:00:00,1272.0,1387.8192143130934,1050.7615876241528,1724.876841002034
2018-08-29 23:00:00,670.0,684.2823933534439,347.22476666450325,1021.3400200423846
2018-08-30 00:00:00,456.0,399.5181111362477,62.46048444730701,736.5757378251883
2018-08-30 01:00:00,326.0,344.3829452100711,7.325318521130441,681.4405718990117
2018-08-30 02:00:00,388.0,354.7546428524382,17.69701616349755,691.8122695413789
2018-08-30 03:00:00,1008.0,868.3240554682941,531.2664287793534,1205.3816821572348
2018-08-30 04:00:00,3070.0,3060.2929530452675,2723.235326356327,3397.350579734208
2018-08-30 05:00:00,5886.0,5793.115439956088,5456.057813267147,6130.173066645029
2018-08-30 06:00:00,6466.0,6434.0041325804095,6096.946505891468,6771.061759269351
2018-08-30 07:00:00,5995.0,6003.9401266848245,5666.882499995883,6340.997753373766
2018-08-30 08:00:00,5467.0,5323.48125376534,4986.4236270763995,5660.53888045428
2018-08-30 09:00:00,4911.0,4929.49353291394,4592.435906224999,5266.551159602881
2018-08-30 10:00:00,5095.0,5196.975399085705,4859.917772396764,5534.033025774646
2018-08-30 11:00:00,5308.0,5307.103034300547,4970.045407611606,5644.160660989488
2018-08-30 12:00:00,5213.0,5334.80108179538,4997.74345510644,5671.85870848432
2018-08-30 13:00:00,5680.0,5569.193379212591,5232.135752523651,5906.251005901531
2018-08-30 14:00:00,6238.0,6083.207960250744,5746.150333561804,6420.265586939684
2018-08-30 15:00:00,6453.0,6555.455582849756,6218.397956160816,6892.513209538696
2018-08-30 16:00:00,5775.0,6115.157634612165,5778.1000079232235,6452.215261301106
2018-08-30 17:00:00,4531.0,4712.595175790628,4375.537549101688,5049.652802479568
2018-08-30 18:00:00,3884.0,3499.448532001997,3162.3909053130565,3836.506158690938
2018-08-30 19:00:00,3332.0,3313.2356367693073,2976.1780100803667,3650.293263458248
2018-08-30 20:00:00,3049.0,3078.671689226029,2741.614062537088,3415.7293159149694
2018-08-30 21:00:00,2221.0,2496.4115993020278,2159.353972613087,2833.4692259909684
2018-08-30 22:00:00,1396.0,1505.901363798381,1168.8437371094403,1842.9589904873217
2018-08-30 23:00:00,764.0,848.8110918156708,511.75346512673013,1185.8687185046115
2018-08-31 00:00:00,456.0,502.9210007369661,165.86337404802543,839.9786274259068
2018-08-31 01:00:00,358.0,346.5569727538869,9.499346064946224,683.6145994428275
2018-08-31 02:00:00,378.0,397.6899717449814,60.63234505604072,734.7475984339221
2018-08-31 03:00:00,851.0,848.3221332968313,511.26450660789067,1185.3797599857721
2018-08-31 04:00:00,2754.0,2837.5544256475387,2500.496798958598,3174.6120523364793
2018-08-31 05:00:00,5200.0,5671.731031248649,5334.673404559708,6008.78865793759
2018-08-31 06:00:00,6270.0,6091.735320114453,5754.677693425512,6428.792946803394
2018-08-31 07:00:00,5687.0,5637.291708590602,5300.234081901661,5974.349335279543
2018-08-31 08:00:00,5328.0,5133.12311515443,4796.065488465489,5470.180741843371
2018-08-31 09:00:00,5102.0,4935.704357437662,4598.646730748722,5272.761984126602
2018-08-31 10:00:00,5359.0,5384.659407250036,5047.601780561095,5721.717033938976
2018-08-31 11:00:00,5587.0,5521.806993188638,5184.749366499698,5858.864619877579
2018-08-31 12:00:00,5400.0,5528.022241969002,5190.9646152800615,5865.079868657942
2018-08-31 13:00:00,5705.0,5650.097426047475,5313.039799358534,5987.155052736416
2018-08-31 14:00:00,5998.0,6033.726475096126,5696.668848407186,6370.784101785066
2018-08-31 15:00:00,5925.0,6359.902222067311,6022.84459537837,6696.9598487562525
2018-08-31 16:00:00,5418.0,5735.196570614492,5398.138943925551,6072.254197303433
2018-08-31 17:00:00,4935.0,4693.793342303876,4356.7357156149355,5030.850968992816
2018-08-31 18:00:00,3945.0,3802.033624508185,3464.975997819244,4139.0912511971255
2018-08-31 19:00:00,3233.0,3304.8191303424715,2967.761503653531,3641.876757031412
2018-08-31 20:00:00,2910.0,3077.8553189911136,2740.797692302173,3414.9129456800542
2018-08-31 21:00:00,2830.0,2606.491771757935,2269.4341450689944,2943.549398446876
2018-08-31 22:00:00,2147.0,2208.591632398782,1871.5340057098415,2545.649259087723
2018-08-31 23:00:00,1335.0,1396.2520219305495,1059.1943952416088,1733.3096486194902
2018-09-01 00:00:00,785.0,821.0455342652424,483.9879075763017,1158.103160954183
2018-09-01 01:00:00,569.0,592.1421616670708,255.08453497813014,929.1997883560115
2018-09-01 02:00:00,425.0,418.2545509455682,81.19692425662754,755.3121776345089
2018-09-01 03:00:00,419.0,453.8685510137542,116.81092432481353,790.9261777026949
2018-09-01 04:00:00,741.0,760.3566115263772,423.2989848374365,1097.4142382153177
2018-09-01 05:00:00,1529.0,1394.2600697535615,1057.2024430646209,1731.3176964425022
2018-09-01 06:00:00,2477.0,2224.626671148397,1887.569044459456,2561.6842978373375
2018-09-01 07:00:00,3476.0,3455.5672134347433,3118.5095867458026,3792.624840123684
2018-09-01 08:00:00,4212.0,4135.257542989993,3798.199916301053,4472.315169678934
2018-09-01 09:00:00,4578.0,4531.190462243069,4194.132835554128,4868.24808893201
2018-09-01 10:00:00,4897.0,4866.365164264261,4529.30753757532,5203.422790953202
2018-09-01 11:00:00,4854.0,5149.712809377666,4812.655182688726,5486.770436066607
2018-09-01 12:00:00,4972.0,4814.300537885145,4477.242911196205,5151.358164574085
2018-09-01 13:00:00,5056.0,4957.145541892051,4620.08791520311,5294.2031685809925
2018-09-01 14:00:00,4719.0,4981.537463521141,4644.479836832201,5318.595090210081
2018-09-01 15:00:00,4649.0,4684.3371306542895,4347.279503965348,5021.394757343231
2018-09-01 16:00:00,4622.0,4504.886827359601,4167.82920067066,4841.944454048542
2018-09-01 17:00:00,4261.0,4280.893696335552,3943.836069646611,4617.951323024492
2018-09-01 18:00:00,3518.0,3477.8926151411883,3140.8349884522477,3814.950241830129
2018-09-01 19:00:00,3196.0,3160.6183864086292,2823.5607597196886,3497.67601309757
2018-09-01 20:00:00,2880.0,3166.3875583847916,2829.329931695851,3503.4451850737323
2018-09-01 21:00:00,2815.0,2731.1765026915164,2394.1188760025757,3068.234129380457
2018-09-01 22:00:00,1945.0,2284.360953479336,1947.3033267903952,2621.4185801682765
2018-09-01 23:00:00,1273.0,1314.5472515403837,977.4896248514431,1651.6048782293244
2018-09-02 00:00:00,801.0,825.0761105328233,488.0184838438827,1162.133737221764
2018-09-02 01:00:00,565.0,584.7140524433241,247.65642575438346,921.7716791322648
2018-09-02 02:00:00,386.0,376.0306573182734,38.973030629332754,713.088284007214
2018-09-02 03:00:00,316.0,371.30177615128247,34.244149462341795,708.3594028402231
2018-09-02 04:00:00,532.0,529.5587057426139,192.50107905367327,866.6163324315546
2018-09-02 05:00:00,1003.0,899.4880558667513,562.4304291778107,1236.545682555692
2018-09-02 06:00:00,1607.0,1461.464311204446,1124.4066845155053,1798.5219378933866
2018-09-02 07:00:00,2334.0,2506.8496253113694,2169.7919986224288,2843.90725200031
2018-09-02 08:00:00,2929.0,3326.173257157351,2989.1156304684105,3663.230883846292
2018-09-02 09:00:00,3571.0,3654.153609908487,3317.0959832195463,3991.2112365974276
2018-09-02 10:00:00,4040.0,3978.949048056578,3641.891421367637,4316.0066747455185
2018-09-02 11:00:00,4549.0,4411.967911233754,4074.9102845448137,4749.025537922695
2018-09-02 12:00:00,4414.0,4553.0791715786345,4216.021544889694,4890.136798267575
2018-09-02 13:00:00,4299.0,4438.401504443136,4101.343877754196,4775.459131132076
2018-09-02 14:00:00,4330.0,4328.3853989329555,3991.327772244015,4665.443025621897
2018-09-02 15:00:00,4197.0,4314.172408836353,3977.114782147412,4651.230035525294
2018-09-02 16:00:00,3833.0,4049.8698907590106,3712.81226407007,4386.927517447952
2018-09-02 17:00:00,3601.0,3612.147449617265,3275.0898229283243,3949.2050763062057
2018-09-02 18:00:00,3098.0,3166.7270100953638,2829.669383406423,3503.7846367843044
2018-09-02 19:00:00,3115.0,2742.452594049091,2405.3949673601505,3079.510220738032
2018-09-02 20:00:00,2669.0,2640.999778248255,2303.9421515593144,2978.0574049371958
2018-09-02 21:00:00,2066.0,2103.5102003217435,1766.4525736328028,2440.567827010684
2018-09-02 22:00:00,1475.0,1319.677088303982,982.6194616150412,1656.7347149929226
2018-09-02 23:00:00,962.0,828.5952366588938,491.5376099699531,1165.6528633478345
2018-09-03 00:00:00,694.0,654.3868273066886,317.3292006177479,991.4444539956293
2018-09-03 01:00:00,421.0,421.87270502666036,84.81507833771968,758.930331715601
2018-09-03 02:00:00,310.0,371.3833917468564,34.3257650579157,708.4410184357971
2018-09-03 03:00:00,325.0,477.59997850139246,140.54235181245178,814.6576051903331
2018-09-03 04:00:00,590.0,834.9295212276221,497.87189453868143,1171.9871479165627
2018-09-03 05:00:00,1141.0,1171.4976530711049,834.4400263821642,1508.5552797600456
2018-09-03 06:00:00,1556.0,1763.4605008787892,1426.4028741898485,2100.5181275677296
2018-09-03 07:00:00,1995.0,2091.608603814051,1754.5509771251104,2428.6662305029918
2018-09-03 08:00:00,2524.0,2521.929593415123,2184.871966726182,2858.9872201040635
2018-09-03 09:00:00,3050.0,3012.0896120946295,2675.031985405689,3349.14723878357
2018-09-03 10:00:00,3616.0,3479.3480125838487,3142.290385894908,3816.4056392727894
2018-09-03 11:00:00,3901.0,3890.212417518627,3553.154790829686,4227.2700442075675
2018-09-03 12:00:00,4110.0,3951.826033490757,3614.768406801816,4288.8836601796975
2018-09-03 13:00:00,4446.0,4226.311757757557,3889.254131068616,4563.369384446498
2018-09-03 14:00:00,4411.0,4565.2285975060695,4228.170970817129,4902.28622419501
2018-09-03 15:00:00,4017.0,4628.744560711369,4291.6869340224275,4965.80218740031
2018-09-03 16:00:00,3900.0,3810.246801200468,3473.189174511527,4147.3044278894085
2018-09-03 17:00:00,3487.0,3538.930748245551,3201.8731215566104,3875.9883749344917
2018-09-03 18:00:00,3006.0,2936.8199121240805,2599.76228543514,3273.877538813021
2018-09-03 19:00:00,2627.0,2640.2336306781654,2303.1760039892247,2977.291257367106
2018-09-03 20:00:00,2081.0,2321.215535333289,1984.1579086443485,2658.27316202223
2018-09-03 21:00:00,1588.0,1587.6445548565607,1250.58692816762,1924.7021815455014
2018-09-03 22:00:00,1012.0,1124.122766740633,787.0651400516924,1461.1803934295738
2018-09-03 23:00:00,528.0,590.2511021183846,253.19347542944388,927.3087288073252
2018-09-04 00:00:00,321.0,349.59646633474694,12.538839645806263,686.6540930236877
2018-09-04 01:00:00,254.0,277.69842499955803,0.0,614.7560516884987
2018-09-04 02:00:00,332.0,331.2758474670181,0.0,668.3334741559588
2018-09-04 03:00:00,901.0,791.4406657324164,454.3830390434757,1128.498292421357
2018-09-04 04:00:00,2863.0,2802.3076468184754,2465.2500201295347,3139.365273507416
2018-09-04 05:00:00,5280.0,5579.415786004897,5242.358159315956,5916.473412693838
2018-09-04 06:00:00,6379.0,5849.749116669006,5512.691489980065,6186.806743357947
2018-09-04 07:00:00,5856.0,5621.138601380299,5284.080974691358,5958.1962280692405
2018-09-04 08:00:00,5242.0,5060.288782608926,4723.231155919986,5397.346409297867
2018-09-04 09:00:00,4403.0,4443.023949983814,4105.966323294873,4780.081576672756
2018-09-04 10:00:00,4477.0,4514.687642135488,4177.630015446548,4851.745268824428
2018-09-04 11:00:00,4583.0,4601.059389330205,4264.001762641265,4938.117016019145
2018-09-04 12:00:00,4652.0,4684.644151254537,4347.586524565597,5021.701777943477
2018-09-04 13:00:00,4785.0,5003.74841803425,4666.690791345309,5340.806044723191
2018-09-04 14:00:00,5436.0,5199.973688335401,4862.91606164646,5537.031315024342
2018-09-04 15:00:00,5667.0,6249.293412909742,5912.235786220801,6586.351039598683
2018-09-04 16:00:00,5494.0,5442.341604017369,5105.283977328429,5779.399230706309
2018-09-04 17:00:00,4383.0,4193.038575304511,3855.9809486155705,4530.096201993452
2018-09-04 18:00:00,3017.0,3142.9805794632666,2805.922952774326,3480.0382061522073
2018-09-04 19:00:00,2385.0,2643.792214842157,2306.7345881532165,2980.849841531098
2018-09-04 20:00:00,2105.0,2121.950630064484,1784.8930033755432,2459.0082567534246
2018-09-04 21:00:00,1351.0,1575.4994547251044,1238.4418280361638,1912.5570814140451
2018-09-04 22:00:00,921.0,967.1010806346145,630.0434539456738,1304.158707323555
2018-09-04 23:00:00,522.0,559.5623475061644,222.50472081722376,896.6199741951051
2018-09-05 00:00:00,304.0,348.47489436786,11.417267678919302,685.5325210568006
2018-09-05 01:00:00,254.0,272.1767769418217,0.0,609.2344036307624
2018-09-05 02:00:00,323.0,337.1499576084762,0.0923309195355273,674.2075842974168
2018-09-05 03:00:00,882.0,817.7828171987824,480.7251905098417,1154.840443887723
2018-09-05 04:00:00,3013.0,2790.048863272464,2452.9912365835235,3127.106489961405
2018-09-05 05:00:00,5633.0,5641.590458849759,5304.532832160818,5978.6480855387
2018-09-05 06:00:00,6668.0,6179.369981714081,5842.31235502514,6516.4276084030225
2018-09-05 07:00:00,6327.0,6049.697373746271,5712.63974705733,6386.755000435212
2018-09-05 08:00:00,5237.0,5292.396493445217,4955.338866756276,5629.454120134158
2018-09-05 09:00:00,4599.0,4516.239056006378,4179.1814293174375,4853.296682695318
2018-09-05 10:00:00,4635.0,4842.7985357420575,4505.740909053116,5179.856162430999
2018-09-05 11:00:00,5001.0,4841.489835826505,4504.432209137565,5178.547462515446
2018-09-05 12:00:00,4781.0,5016.423857405005,4679.366230716065,5353.481484093945
2018-09-05 13:00:00,4816.0,5169.158693075459,4832.101066386518,5506.2163197644
2018-09-05 14:00:00,5661.0,5286.505080872697,4949.447454183757,5623.562707561638
2018-09-05 15:00:00,6555.0,6415.121801752052,6078.064175063111,6752.179428440993
2018-09-05 16:00:00,5938.0,6195.016211031469,5857.958584342528,6532.073837720409
2018-09-05 17:00:00,4426.0,4429.549734901766,4092.4921082128253,4766.607361590706
2018-09-05 18:00:00,3414.0,3192.2737735566334,2855.2161468676927,3529.331400245574
2018-09-05 19:00:00,3130.0,2926.7141582745076,2589.656531585567,3263.771784963448
2018-09-05 20:00:00,2532.0,2751.219135254195,2414.1615085652543,3088.2767619431356
2018-09-05 21:00:00,1629.0,1785.9538747775646,1448.896248088624,2123.0115014665053
2018-09-05 22:00:00,993.0,1129.9930363146668,792.9354096257262,1467.0506630036075
2018-09-05 23:00:00,570.0,578.4160747395281,241.3584480505874,915.4737014284688
2018-09-06 00:00:00,350.0,363.33299812119725,26.275371432256577,700.390624810138
2018-09-06 01:00:00,281.0,289.240577040099,0.0,626.2982037290396
2018-09-06 02:00:00,337.0,336.7519854224435,0.0,673.8096121113842
2018-09-06 03:00:00,909.0,851.1202647162999,514.0626380273592,1188.1778914052406
2018-09-06 04:00:00,3036.0,2914.3392278450124,2577.2816011560717,3251.396854533953
2018-09-06 05:00:00,5868.0,5861.17796800193,5524.12034131299,6198.23559469087
2018-09-06 06:00:00,6526.0,6156.135892261711,5819.078265572771,6493.193518950651
2018-09-06 07:00:00,5996.0,5901.98540999045,5564.927783301509,6239.04303667939
2018-09-06 08:00:00,5328.0,5292.852640868697,4955.7950141797555,5629.910267557638
2018-09-06 09:00:00,4579.0,4684.3513361837095,4347.293709494768,5021.408962872651
2018-09-06 10:00:00,4727.0,4832.445675768754,4495.388049079813,5169.503302457695
2018-09-06 11:00:00,4765.0,4918.713113672882,4581.655486983942,5255.770740361822
2018-09-06 12:00:00,4853.0,4815.300189255748,4478.2425625668075,5152.357815944688
2018-09-06 13:00:00,4947.0,5258.9519484426255,4921.894321753685,5596.009575131566
2018-09-06 14:00:00,5786.0,5420.37940421098,5083.32177752204,5757.4370308999205
2018-09-06 15:00:00,6396.0,6406.630888629013,6069.5732619400715,6743.688515317954
2018-09-06 16:00:00,6008.0,6102.079944639264,5765.022317950323,6439.137571328205
2018-09-06 17:00:00,4373.0,4511.96689015913,4174.90926347019,4849.024516848071
2018-09-06 18:00:00,3382.0,3269.20377457248,2932.1461478835395,3606.261401261421
2018-09-06 19:00:00,3223.0,2937.86527181799,2600.8076451290494,3274.922898506931
2018-09-06 20:00:00,2712.0,2990.7338229129955,2653.676196224055,3327.791449601936
2018-09-06 21:00:00,2096.0,2073.38151613393,1736.3238894449892,2410.4391428228705
2018-09-06 22:00:00,1248.0,1376.6274770312807,1039.56985034234,1713.6851037202214
2018-09-06 23:00:00,550.0,708.8116404155525,371.7540137266118,1045.8692671044932
2018-09-07 00:00:00,417.0,363.5589963851161,26.501369696175402,700.6166230740567
2018-09-07 01:00:00,307.0,325.38276054136884,0.0,662.4403872303095
2018-09-07 02:00:00,338.0,336.7519854224435,0.0,673.8096121113842
2018-09-07 03:00:00,892.0,834.8598820944342,497.8022554054935,1171.9175087833748
2018-09-07 04:00:00,2942.0,2875.230618118427,2538.1729914294865,3212.288244807368
2018-09-07 05:00:00,5542.0,5719.215370701732,5382.157744012791,6056.2729973906735
2018-09-07 06:00:00,6675.0,6071.790418712912,5734.732792023971,6408.848045401852
2018-09-07 07:00:00,5923.0,5800.055060590725,5462.9974339017845,6137.112687279665
2018-09-07 08:00:00,5061.0,5122.442829532389,4785.3852028434485,5459.500456221329
2018-09-07 09:00:00,4720.0,4630.0979270573325,4293.040300368391,4967.155553746274
2018-09-07 10:00:00,4700.0,5034.977222477297,4697.919595788357,5372.034849166237
2018-09-07 11:00:00,5073.0,5014.261983862172,4677.204357173232,5351.319610551112
2018-09-07 12:00:00,4832.0,5098.823108984756,4761.765482295816,5435.880735673696
2018-09-07 13:00:00,5163.0,5182.671222407706,4845.613595718765,5519.7288490966475
2018-09-07 14:00:00,4831.0,5647.126400802358,5310.068774113417,5984.184027491299
2018-09-07 15:00:00,6148.0,5278.064513432728,4941.006886743788,5615.122140121668
2018-09-07 16:00:00,5426.0,5496.584897719939,5159.527271030998,5833.6425244088805
2018-09-07 17:00:00,4699.0,4373.985706811981,4036.92808012304,4711.043333500922
2018-09-07 18:00:00,3734.0,3586.8548573321664,3249.7972306432257,3923.912484021107
2018-09-07 19:00:00,3360.0,3139.9717964212077,2802.914169732267,3477.0294231101484
2018-09-07 20:00:00,2803.0,3082.0290392575034,2744.9714125685628,3419.086665946444
2018-09-07 21:00:00,2669.0,2624.1695613902225,2287.111934701282,2961.227188079163
2018-09-07 22:00:00,1957.0,2031.2648141457178,1694.207187456777,2368.3224408346587
2018-09-07 23:00:00,1131.0,1289.3693179836,952.3116912946593,1626.4269446725407
2018-09-08 00:00:00,690.0,729.1613917453138,392.10376505637316,1066.2190184342544
2018-09-08 01:00:00,488.0,432.4923924386633,95.4347657497226,769.550019127604
2018-09-08 02:00:00,393.0,371.12315580909757,34.065529120156896,708.1807824980383
2018-09-08 03:00:00,459.0,412.1744021344842,75.11677544554351,749.2320288234248
2018-09-08 04:00:00,830.0,838.945431054094,501.88780436515333,1176.0030577430348
2018-09-08 05:00:00,1504.0,1460.928695103911,1123.8710684149703,1797.9863217928516
2018-09-08 06:00:00,2063.0,2204.8573251630387,1867.799698474098,2541.9149518519794
2018-09-08 07:00:00,3043.0,2977.967833897535,2640.9102072085943,3315.0254605864757
2018-09-08 08:00:00,3588.0,3797.1162457901255,3460.058619101185,4134.173872479067
2018-09-08 09:00:00,4039.0,3921.769502940428,3584.7118762514874,4258.827129629369
2018-09-08 10:00:00,4249.0,4348.203470999515,4011.1458443105744,4685.261097688455
2018-09-08 11:00:00,4690.0,4403.532613704317,4066.474987015376,4740.590240393258
2018-09-08 12:00:00,4550.0,4612.599645757782,4275.542019068842,4949.657272446722
2018-09-08 13:00:00,4612.0,4594.70368111338,4257.64605442444,4931.7613078023205
2018-09-08 14:00:00,4756.0,4631.182946100645,4294.1253194117035,4968.240572789586
2018-09-08 15:00:00,4848.0,4669.8337927761695,4332.776166087229,5006.89141946511
2018-09-08 16:00:00,4125.0,4682.214345023399,4345.156718334458,5019.27197171234
2018-09-08 17:00:00,3745.0,3784.574526949728,3447.516900260787,4121.632153638669
2018-09-08 18:00:00,3399.0,3250.339256789567,2913.2816301006264,3587.396883478508
2018-09-08 19:00:00,3245.0,3007.3496111192444,2670.2919844303037,3344.407237808185
2018-09-08 20:00:00,2814.0,3113.0545246224424,2775.9968979335017,3450.112151311383
2018-09-08 21:00:00,2478.0,2731.6589213664147,2394.601294677474,3068.7165480553554
2018-09-08 22:00:00,1916.0,1936.7634146368644,1599.7057879479237,2273.821041325805
2018-09-08 23:00:00,1286.0,1286.5749092909912,949.5172826020505,1623.6325359799318
2018-09-09 00:00:00,794.0,815.8868224296458,478.82919574070513,1152.9444491185864
2018-09-09 01:00:00,620.0,567.9811752666914,230.9235485777507,905.038801955632
2018-09-09 02:00:00,345.0,386.73439434957663,49.67676766063596,723.7920210385173
2018-09-09 03:00:00,353.0,341.1940547525544,4.136428063613721,678.2516814414951
2018-09-09 04:00:00,541.0,557.0956495909804,220.03802290203976,894.1532762799211
2018-09-09 05:00:00,1140.0,885.5650656161818,548.5074389272411,1222.6226923051224
2018-09-09 06:00:00,1806.0,1712.8321426667824,1375.7745159778417,2049.889769355723
2018-09-09 07:00:00,2224.0,2548.622561490389,2211.5649348014485,2885.68018817933
2018-09-09 08:00:00,3449.0,3159.2949630607195,2822.237336371779,3496.35258974966
2018-09-09 09:00:00,4322.0,3830.97133860017,3493.9137119112293,4168.028965289111
2018-09-09 10:00:00,4273.0,4476.822564486493,4139.764937797552,4813.880191175434
2018-09-09 11:00:00,3990.0,4472.8585563848965,4135.800929695955,4809.916183073838
2018-09-09 12:00:00,3993.0,4115.776212739948,3778.7185860510076,4452.833839428889
2018-09-09 13:00:00,3852.0,4126.09663846727,3789.0390117783295,4463.15426515621
2018-09-09 14:00:00,3888.0,3980.604108290983,3643.546481602042,4317.6617349799235
2018-09-09 15:00:00,4126.0,3930.7803552767928,3593.722728587852,4267.837981965733
2018-09-09 16:00:00,3959.0,3963.5373605898294,3626.4797339008887,4300.59498727877
2018-09-09 17:00:00,3692.0,3686.6454633143585,3349.587836625418,4023.703090003299
2018-09-09 18:00:00,3258.0,3224.983556293984,2887.925929605043,3562.0411829829245
2018-09-09 19:00:00,2755.0,2814.3665125483562,2477.3088858594156,3151.424139237297
2018-09-09 20:00:00,2140.0,2338.341598694237,2001.2839720052962,2675.3992253831775
2018-09-09 21:00:00,1534.0,1696.6935370303659,1359.6359103414252,2033.7511637193065
2018-09-09 22:00:00,996.0,1007.2479192599463,670.1902925710057,1344.305545948887
2018-09-09 23:00:00,534.0,567.836802731004,230.77917604206334,904.8944294199447
2018-09-10 00:00:00,303.0,347.87849242493223,10.82086573599156,684.9361191138729
2018-09-10 01:00:00,286.0,269.3675346869891,0.0,606.4251613759297
2018-09-10 02:00:00,329.0,333.9427431676109,0.0,671.0003698565515
2018-09-10 03:00:00,861.0,794.6240959645794,457.5664692756387,1131.68172265352
2018-09-10 04:00:00,2963.0,2750.834450829962,2413.7768241410213,3087.8920775189026
2018-09-10 05:00:00,5721.0,5550.918005100315,5213.860378411375,5887.975631789255
2018-09-10 06:00:00,6561.0,6127.403823433389,5790.346196744449,6464.46145012233
2018-09-10 07:00:00,6009.0,5871.959974136792,5534.902347447851,6209.017600825733
2018-09-10 08:00:00,5236.0,4982.884276428938,4645.826649739998,5319.941903117879
2018-09-10 09:00:00,4201.0,4475.12650204187,4138.068875352928,4812.184128730811
2018-09-10 10:00:00,4498.0,4388.612067701784,4051.5544410128437,4725.6696943907245
2018-09-10 11:00:00,4724.0,4661.199319933125,4324.141693244184,4998.256946622065
2018-09-10 12:00:00,4462.0,4711.304453720417,4374.246827031477,5048.362080409357
2018-09-10 13:00:00,5016.0,4834.782645596487,4497.725018907546,5171.840272285428
2018-09-10 14:00:00,5688.0,5489.461811402391,5152.40418471345,5826.519438091331
2018-09-10 15:00:00,6344.0,6377.424609338919,6040.366982649979,6714.4822360278595
2018-09-10 16:00:00,5857.0,5943.685790813341,5606.6281641244,6280.743417502281
2018-09-10 17:00:00,4245.0,4270.732000440149,3933.6743737512083,4607.78962712909
2018-09-10 18:00:00,3184.0,3096.323546443171,2759.2659197542303,3433.3811731321116
2018-09-10 19:00:00,2732.0,2720.1561108947526,2383.098484205812,3057.2137375836933
2018-09-10 20:00:00,2235.0,2418.4469433440913,2081.3893166551507,2755.504570033032
2018-09-10 21:00:00,1389.0,1641.588440330475,1304.5308136415342,1978.6460670194156
2018-09-10 22:00:00,887.0,943.8725041249709,606.8148774360302,1280.9301308139115
2018-09-10 23:00:00,516.0,515.3842138552774,178.3265871663367,852.441840544218
2018-09-11 00:00:00,330.0,348.47489436786,11.417267678919302,685.5325210568006
2018-09-11 01:00:00,265.0,281.865078943481,0.0,618.9227056324216
2018-09-11 02:00:00,332.0,343.1992562076455,6.141629518704804,680.2568828965861
2018-09-11 03:00:00,891.0,820.8464629851372,483.78883629619656,1157.904089674078
2018-09-11 04:00:00,3055.0,2903.667714935948,2566.6100882470073,3240.7253416248886
2018-09-11 05:00:00,5927.0,5766.697659982657,5429.6400332937155,6103.755286671598
2018-09-11 06:00:00,6496.0,6256.738023047664,5919.680396358723,6593.795649736605
2018-09-11 07:00:00,6123.0,5951.192895050918,5614.135268361977,6288.250521739859
2018-09-11 08:00:00,5471.0,5226.111913843755,4889.054287154815,5563.1695405326955
2018-09-11 09:00:00,4257.0,4640.077628760726,4303.020002071786,4977.135255449666
2018-09-11 10:00:00,5074.0,4544.173539558858,4207.115912869916,4881.231166247799
2018-09-11 11:00:00,4734.0,5171.937428154074,4834.879801465133,5508.995054843015
2018-09-11 12:00:00,4875.0,4800.035102059801,4462.977475370861,5137.092728748741
2018-09-11 13:00:00,4922.0,5245.357249544032,4908.299622855091,5582.414876232973
2018-09-11 14:00:00,5636.0,5337.584584246652,5000.526957557711,5674.6422109355935
2018-09-11 15:00:00,6601.0,6392.47616403311,6055.418537344169,6729.533790722051
2018-09-11 16:00:00,5859.0,6206.142609730282,5869.084983041341,6543.200236419223
2018-09-11 17:00:00,4372.0,4475.732548172644,4138.674921483704,4812.790174861584
2018-09-11 18:00:00,3427.0,3185.0755518342226,2848.017925145282,3522.133178523163
2018-09-11 19:00:00,3114.0,2921.4219527486507,2584.36432605971,3258.4795794375914
2018-09-11 20:00:00,2501.0,2761.277401973991,2424.21977528505,3098.3350286629316
2018-09-11 21:00:00,1860.0,1803.5011077501215,1466.4434810611808,2140.5587344390624
2018-09-11 22:00:00,2682.0,1360.7676667891753,1023.7100401002347,1697.825293478116
2018-09-11 23:00:00,750.0,754.8962562593521,417.8386295704114,1091.9538829482926
2018-09-12 00:00:00,344.0,461.9115444626653,124.85391777372462,798.9691711516059
2018-09-12 01:00:00,314.0,290.1214768036275,0.0,627.1791034925682
2018-09-12 02:00:00,371.0,353.40698372524525,16.349357036304582,690.4646104141859
2018-09-12 03:00:00,937.0,852.8995530487044,515.8419263597638,1189.9571797376452
2018-09-12 04:00:00,3085.0,2986.8648753932025,2649.807248704262,3323.922502082143
2018-09-12 05:00:00,5908.0,5796.814190809779,5459.756564120838,6133.871817498719
2018-09-12 06:00:00,6677.0,6343.523370467739,6006.465743778799,6680.58099715668
2018-09-12 07:00:00,6297.0,6116.35131964972,5779.293692960779,6453.408946338661
2018-09-12 08:00:00,5551.0,5323.442171658395,4986.3845449694545,5660.499798347335
2018-09-12 09:00:00,4499.0,4839.406080647307,4502.348453958366,5176.463707336248
2018-09-12 10:00:00,4598.0,4753.37345419301,4416.31582750407,5090.43108088195
2018-09-12 11:00:00,4759.0,4879.073914223397,4542.016287534456,5216.131540912338
2018-09-12 12:00:00,4733.0,4845.917513556877,4508.859886867936,5182.975140245817
2018-09-12 13:00:00,5056.0,5123.129900092161,4786.072273403221,5460.187526781101
2018-09-12 14:00:00,5739.0,5498.1167889704575,5161.059162281517,5835.174415659398
2018-09-12 15:00:00,6450.0,6416.106235181536,6079.048608492596,6753.1638618704765
2018-09-12 16:00:00,6245.0,6196.76525830617,5859.70763161723,6533.82288499511
2018-09-12 17:00:00,4668.0,4785.072429144044,4448.014802455104,5122.130055832984
2018-09-12 18:00:00,3510.0,3455.2554667341183,3118.1978400451776,3792.313093423059
2018-09-12 19:00:00,3064.0,3020.320629664885,2683.2630029759443,3357.3782563538257
2018-09-12 20:00:00,2705.0,2793.136411961886,2456.0787852729454,3130.1940386508268
2018-09-12 21:00:00,1813.0,1969.7464546072297,1632.688827918289,2306.8040812961704
2018-09-12 22:00:00,2842.0,1204.0795830521524,867.0219563632118,1541.137209741093
2018-09-12 23:00:00,699.0,908.6294312793992,571.5718045904586,1245.68705796834
2018-09-13 00:00:00,413.0,411.86959120264686,74.81196451370619,748.9272178915876
2018-09-13 01:00:00,332.0,320.83116748997315,0.0,657.8887941789138
2018-09-13 02:00:00,383.0,356.7429908284731,19.685364139532453,693.8006175174138
2018-09-13 03:00:00,914.0,851.26341406423,514.2057873752893,1188.3210407531706
2018-09-13 04:00:00,3052.0,2953.7194660134096,2616.661839324469,3290.7770927023503
2018-09-13 05:00:00,5830.0,5799.372626075162,5462.314999386221,6136.430252764103
2018-09-13 06:00:00,6433.0,6267.001021088002,5929.943394399061,6604.058647776943
2018-09-13 07:00:00,6162.0,5846.317065146275,5509.259438457335,6183.374691835215
2018-09-13 08:00:00,5092.0,5357.630781956993,5020.573155268052,5694.688408645934
2018-09-13 09:00:00,4584.0,4704.664439769311,4367.606813080371,5041.722066458251
2018-09-13 10:00:00,4767.0,4849.0647316439245,4512.007104954984,5186.122358332865
2018-09-13 11:00:00,4851.0,4996.0328942065535,4658.975267517613,5333.090520895494
2018-09-13 12:00:00,4826.0,4927.54383557548,4590.486208886539,5264.601462264422
2018-09-13 13:00:00,5014.0,5221.952770701071,4884.895144012131,5559.010397390011
2018-09-13 14:00:00,5617.0,5436.797851161535,5099.7402244725945,5773.855477850475
2018-09-13 15:00:00,6514.0,6340.126813579548,6003.069186890607,6677.184440268489
2018-09-13 16:00:00,5701.0,6176.069394616602,5839.011767927661,6513.127021305543
2018-09-13 17:00:00,4443.0,4546.714525914234,4209.656899225294,4883.772152603175
2018-09-13 18:00:00,3669.0,3325.3521057024413,2988.2944790135007,3662.409732391382
2018-09-13 19:00:00,3282.0,3070.679730262166,2733.622103573225,3407.7373569511064
2018-09-13 20:00:00,2676.0,3018.003899621446,2680.9462729325055,3355.061526310387
2018-09-13 21:00:00,1921.0,2021.0687182187662,1684.0110915298255,2358.126344907707
2018-09-13 22:00:00,1167.0,1280.8141940613718,943.7565673724312,1617.8718207503125
2018-09-13 23:00:00,603.0,630.0300380085491,292.97241131960845,967.0876646974898
2018-09-14 00:00:00,376.0,375.32469704523214,38.26707035629147,712.3823237341728
2018-09-14 01:00:00,333.0,302.09781644931587,0.0,639.1554431382565
2018-09-14 02:00:00,377.0,349.07312508237646,12.015498393435792,686.1307517713171
2018-09-14 03:00:00,892.0,838.8936544217494,501.8360277328087,1175.9512811106902
2018-09-14 04:00:00,2899.0,2884.42924857842,2547.3716218894792,3221.4868752673606
2018-09-14 05:00:00,5569.0,5690.937233524155,5353.879606835215,6027.994860213095
2018-09-14 06:00:00,6728.0,6184.092791310437,5847.035164621497,6521.150417999377
2018-09-14 07:00:00,5934.0,5875.113422507539,5538.055795818598,6212.17104919648
2018-09-14 08:00:00,5025.0,5133.511279129484,4796.453652440543,5470.568905818425
2018-09-14 09:00:00,4566.0,4567.118457356932,4230.0608306679915,4904.176084045872
2018-09-14 10:00:00,4836.0,4911.519911947473,4574.462285258533,5248.577538636413
2018-09-14 11:00:00,5019.0,5102.737963371418,4765.680336682477,5439.795590060359
2018-09-14 12:00:00,4830.0,5047.407526872684,4710.349900183743,5384.465153561625
2018-09-14 13:00:00,5231.0,5189.445088069847,4852.387461380906,5526.502714758788
2018-09-14 14:00:00,5953.0,5628.136131513715,5291.078504824774,5965.193758202655
2018-09-14 15:00:00,6196.0,6246.110610771218,5909.052984082276,6583.168237460159
2018-09-14 16:00:00,5358.0,5528.62389613414,5191.5662694451985,5865.681522823081
2018-09-14 17:00:00,4687.0,4498.827987266816,4161.770360577875,4835.885613955757
2018-09-14 18:00:00,3880.0,3603.1670224216004,3266.10939573266,3940.224649110541
2018-09-14 19:00:00,3329.0,3223.1335846421216,2886.075957953181,3560.1912113310623
2018-09-14 20:00:00,3169.0,3041.677164953386,2704.6195382644455,3378.734791642327
2018-09-14 21:00:00,2810.0,2946.9455844626614,2609.8879577737207,3284.003211151602
2018-09-14 22:00:00,2024.0,2174.913361002734,1837.8557343137932,2511.9709876916745
2018-09-14 23:00:00,1179.0,1297.6240878839415,960.5664611950008,1634.6817145728821
2018-09-15 00:00:00,808.0,727.9413266684726,390.8836999795319,1064.9989533574133
2018-09-15 01:00:00,584.0,580.128026236075,243.07039954713434,917.1856529250157
2018-09-15 02:00:00,428.0,392.8043196526648,55.746692963724115,729.8619463416055
2018-09-15 03:00:00,502.0,468.4721930225252,131.4145663335845,805.5298197114658
2018-09-15 04:00:00,871.0,878.6459091692886,541.588282480348,1215.7035358582293
2018-09-15 05:00:00,1469.0,1530.0510674459688,1192.993440757028,1867.1086941349095
2018-09-15 06:00:00,2117.0,2113.7693250773345,1776.7116983883939,2450.826951766275
2018-09-15 07:00:00,3442.0,3084.4817014585587,2747.424074769618,3421.5393281474994
2018-09-15 08:00:00,3999.0,4072.1224642211746,3735.064837532234,4409.180090910115
2018-09-15 09:00:00,4448.0,4294.46890327856,3957.4112765896193,4631.526529967501
2018-09-15 10:00:00,4772.0,4745.205214069262,4408.147587380321,5082.262840758203
2018-09-15 11:00:00,4990.0,4858.884892139046,4521.827265450105,5195.942518827987
2018-09-15 12:00:00,4848.0,4961.371362235252,4624.313735546311,5298.428988924192
2018-09-15 13:00:00,4343.0,4813.681074213079,4476.623447524138,5150.73870090202
2018-09-15 14:00:00,4296.0,4405.998353956764,4068.940727267823,4743.055980645704
2018-09-15 15:00:00,4219.0,4367.35513927405,4030.2975125851094,4704.41276596299
2018-09-15 16:00:00,3953.0,4123.3153739802865,3786.257747291346,4460.373000669228
2018-09-15 17:00:00,3826.0,3731.796982870294,3394.7393561813533,4068.8546095592346
2018-09-15 18:00:00,3455.0,3355.5575548982774,3018.4999282093368,3692.615181587218
2018-09-15 19:00:00,3208.0,3010.880328787696,2673.822702098755,3347.9379554766365
2018-09-15 20:00:00,3055.0,3092.869495574762,2755.8118688858212,3429.9271222637026
2018-09-15 21:00:00,2741.0,2996.3946681368548,2659.337041447914,3333.4522948257954
2018-09-15 22:00:00,2123.0,2297.667975832914,1960.6103491439735,2634.725602521855
2018-09-15 23:00:00,1353.0,1438.522269044834,1101.4646423558934,1775.5798957337747
2018-09-16 00:00:00,786.0,872.2470711440023,535.1894444550617,1209.304697832943
2018-09-16 01:00:00,607.0,570.4942008486893,233.4365741597486,907.55182753763
2018-09-16 02:00:00,401.0,387.1921321352035,50.134505446262835,724.2497588241442
2018-09-16 03:00:00,313.0,379.03088986148225,41.97326317254158,716.0885165504229
2018-09-16 04:00:00,467.0,527.4590214176883,190.40139472874762,864.516648106629
2018-09-16 05:00:00,850.0,797.3153531237865,460.25772643484584,1134.3729798127272
2018-09-16 06:00:00,1302.0,1179.2030450466957,842.145418357755,1516.2606717356364
2018-09-16 07:00:00,2090.0,2103.068964289589,1766.0113376006484,2440.1265909785297
2018-09-16 08:00:00,3039.0,3074.6576745828884,2737.6000478939477,3411.715301271829
2018-09-16 09:00:00,3278.0,3599.821928775918,3262.7643020869773,3936.8795554648586
2018-09-16 10:00:00,4352.0,3579.780734632596,3242.723107943655,3916.8383613215365
2018-09-16 11:00:00,3978.0,4570.899829200341,4233.8422025114,4907.957455889282
2018-09-16 12:00:00,3935.0,4063.5656328137707,3726.50800612483,4400.623259502711
2018-09-16 13:00:00,3829.0,3998.9853118644814,3661.927685175541,4336.042938553423
2018-09-16 14:00:00,4101.0,3882.271246309645,3545.2136196207043,4219.328872998585
2018-09-16 15:00:00,4539.0,4129.369437593739,3792.3118109047987,4466.42706428268
2018-09-16 16:00:00,4154.0,4272.813664343299,3935.7560376543584,4609.871291032239
2018-09-16 17:00:00,3701.0,3831.9348876022946,3494.877260913354,4168.992514291235
2018-09-16 18:00:00,3400.0,3281.1542744913186,2944.096647802378,3618.2119011802592
2018-09-16 19:00:00,3092.0,2969.1619833098684,2632.104356620928,3306.219609998809
2018-09-16 20:00:00,2623.0,2545.071039772369,2208.0134130834285,2882.12866646131
2018-09-16 21:00:00,1725.0,1942.7548250654995,1605.6971983765588,2279.81245175444
2018-09-16 22:00:00,1088.0,1209.3855213974366,872.3278947084959,1546.4431480863773
2018-09-16 23:00:00,550.0,580.3657186683048,243.30809197936412,917.4233453572455
2018-09-17 00:00:00,280.0,355.2860939245087,18.22846723556802,692.3437206134494
2018-09-17 01:00:00,260.0,269.82527247261595,0.0,606.8828991615567
2018-09-17 02:00:00,344.0,331.4962792925147,0.0,668.5539059814554
2018-09-17 03:00:00,880.0,821.7930638917878,484.73543720284715,1158.8506905807285
2018-09-17 04:00:00,2965.0,2855.1806580811067,2518.123031392166,3192.2382847700474
2018-09-17 05:00:00,5667.0,5729.198728574045,5392.141101885105,6066.256355262985
2018-09-17 06:00:00,6533.0,6147.841393956842,5810.783767267902,6484.899020645782
2018-09-17 07:00:00,6070.0,5834.71518261575,5497.657555926809,6171.77280930469
2018-09-17 08:00:00,5145.0,5012.740557001976,4675.682930313036,5349.798183690917
2018-09-17 09:00:00,4201.0,4445.404703761372,4108.347077072431,4782.462330450313
2018-09-17 10:00:00,4371.0,4388.173975382014,4051.116348693073,4725.231602070955
2018-09-17 11:00:00,4533.0,4581.929238424804,4244.871611735864,4918.986865113744
2018-09-17 12:00:00,4680.0,4671.547064488628,4334.489437799688,5008.604691177568
2018-09-17 13:00:00,4930.0,5079.419855253932,4742.362228564991,5416.477481942873
2018-09-17 14:00:00,5327.0,5483.382139764059,5146.324513075118,5820.439766452999
2018-09-17 15:00:00,6354.0,6126.4424332577855,5789.384806568845,6463.500059946726
2018-09-17 16:00:00,5412.0,5940.998300647317,5603.940673958376,6278.055927336258
2018-09-17 17:00:00,4000.0,4114.039272726661,3776.98164603772,4451.096899415601
2018-09-17 18:00:00,2897.0,2940.7225364025285,2603.664909713588,3277.780163091469
2018-09-17 19:00:00,2466.0,2417.914041954964,2080.8564152660233,2754.9716686439046
2018-09-17 20:00:00,2090.0,2193.4975742300003,1856.4399475410596,2530.555200918941
2018-09-17 21:00:00,1434.0,1579.2035843585434,1242.1459576696027,1916.261211047484
2018-09-17 22:00:00,869.0,984.8590124043749,647.8013857154342,1321.9166390933156
2018-09-17 23:00:00,536.0,503.30895562589484,166.25132893695417,840.3665823148356
2018-09-18 00:00:00,351.0,349.9284363619655,12.870809673024837,686.9860630509062
2018-09-18 01:00:00,227.0,289.240577040099,0.0,626.2982037290396
2018-09-18 02:00:00,340.0,341.70316292692485,4.6455362379841745,678.7607896158655
2018-09-18 03:00:00,858.0,826.3310086312896,489.2733819423489,1163.3886353202302
2018-09-18 04:00:00,3027.0,2877.749593184571,2540.6919664956304,3214.8072198735117
2018-09-18 05:00:00,5642.0,5773.233736522479,5436.176109833539,6110.29136321142
2018-09-18 06:00:00,6516.0,6246.7536289981135,5909.696002309172,6583.811255687055
2018-09-18 07:00:00,5873.0,5927.284689826146,5590.227063137205,6264.342316515087
2018-09-18 08:00:00,5123.0,5226.856425819557,4889.798799130616,5563.914052508499
2018-09-18 09:00:00,4527.0,4471.562176937091,4134.50455024815,4808.619803626032
2018-09-18 10:00:00,4593.0,4717.521394639248,4380.463767950307,5054.579021328189
2018-09-18 11:00:00,4725.0,4796.6837683934655,4459.626141704524,5133.741395082407
2018-09-18 12:00:00,4737.0,4759.8868449191295,4422.829218230188,5096.944471608071
2018-09-18 13:00:00,4931.0,5104.213024266482,4767.1553975775405,5441.270650955423
2018-09-18 14:00:00,5623.0,5453.496905895171,5116.43927920623,5790.554532584112
2018-09-18 15:00:00,6623.0,6348.271370924631,6011.213744235691,6685.328997613571
2018-09-18 16:00:00,5916.0,6310.308329801407,5973.250703112466,6647.365956490348
2018-09-18 17:00:00,4423.0,4400.025173338919,4062.967546649978,4737.08280002786
2018-09-18 18:00:00,3309.0,3167.925855311681,2830.8682286227404,3504.9834820006217
2018-09-18 19:00:00,2805.0,2824.6850635688447,2487.627436879904,3161.7426902577854
2018-09-18 20:00:00,2400.0,2562.4446424479115,2225.387015758971,2899.502269136852
2018-09-18 21:00:00,2631.0,1646.88808615052,1309.8304594615793,1983.9457128394606
2018-09-18 22:00:00,1501.0,1742.377535421465,1405.3199087325243,2079.4351621104056
2018-09-18 23:00:00,617.0,858.3831118834573,521.3254851945167,1195.440738572398
2018-09-19 00:00:00,401.0,381.3728352049507,44.315208516010046,718.4304618938913
2018-09-19 01:00:00,282.0,315.8029993947064,0.0,652.860626083647
2018-09-19 02:00:00,358.0,336.7519854224435,0.0,673.8096121113842
2018-09-19 03:00:00,913.0,856.5190149189988,519.4613882300581,1193.5766416079396
2018-09-19 04:00:00,3074.0,2922.9793210620505,2585.92169437311,3260.036947750991
2018-09-19 05:00:00,5803.0,5855.81743173495,5518.759805046009,6192.8750584238915
2018-09-19 06:00:00,6510.0,6209.617012779134,5872.559386090194,6546.674639468074
2018-09-19 07:00:00,6101.0,5935.045169890347,5597.987543201407,6272.102796579287
2018-09-19 08:00:00,5331.0,5237.798117837431,4900.74049114849,5574.855744526372
2018-09-19 09:00:00,4266.0,4661.357778235358,4324.300151546417,4998.415404924299
2018-09-19 10:00:00,4567.0,4566.172684937988,4229.115058249048,4903.230311626929
2018-09-19 11:00:00,4734.0,4813.581362177971,4476.5237354890305,5150.638988866911
2018-09-19 12:00:00,4675.0,4807.814181205046,4470.756554516105,5144.871807893987
2018-09-19 13:00:00,4980.0,4995.801698579163,4658.744071890222,5332.859325268104
2018-09-19 14:00:00,5718.0,5431.556143841085,5094.498517152144,5768.613770530026
2018-09-19 15:00:00,6382.0,6395.547658801126,6058.490032112186,6732.605285490066
2018-09-19 16:00:00,5647.0,6057.342762599941,5720.285135911001,6394.400389288881
2018-09-19 17:00:00,4469.0,4357.05667131947,4019.9990446305296,4694.114298008411
2018-09-19 18:00:00,3460.0,3281.848037188461,2944.7904104995205,3618.905663877402
2018-09-19 19:00:00,2865.0,2911.1160824258614,2574.0584557369207,3248.173709114802
2018-09-19 20:00:00,2576.0,2581.2427726134815,2244.185145924541,2918.300399302422
2018-09-19 21:00:00,1693.0,1898.6331988035477,1561.575572114607,2235.6908254924883
2018-09-19 22:00:00,994.0,1097.6938143356567,760.636187646716,1434.7514410245974
2018-09-19 23:00:00,583.0,593.4647030312412,256.40707634230057,930.5223297201819
2018-09-20 00:00:00,349.0,364.1192851884994,27.061658499558746,701.17691187744
2018-09-20 01:00:00,265.0,289.240577040099,0.0,626.2982037290396
2018-09-20 02:00:00,344.0,334.57249767487673,0.0,671.6301243638175
2018-09-20 03:00:00,914.0,851.1202647162999,514.0626380273592,1188.1778914052406
2018-09-20 04:00:00,2924.0,2882.2118349555144,2545.1542082665737,3219.269461644455
2018-09-20 05:00:00,5417.0,5651.516985285456,5314.459358596516,5988.574611974396
2018-09-20 06:00:00,5766.0,5925.081467402891,5588.0238407139495,6262.139094091832
2018-09-20 07:00:00,5331.0,5558.576643695253,5221.519017006312,5895.634270384193
2018-09-20 08:00:00,5264.0,5000.210447599542,4663.152820910602,5337.268074288482
2018-09-20 09:00:00,4326.0,4590.386341053276,4253.328714364336,4927.443967742216
2018-09-20 10:00:00,4592.0,4518.233399799249,4181.175773110308,4855.29102648819
2018-09-20 11:00:00,4695.0,4803.903238860097,4466.845612171157,5140.960865549037
2018-09-20 12:00:00,4459.0,4751.130145374237,4414.072518685296,5088.187772063178
2018-09-20 13:00:00,4517.0,4781.057045384765,4443.999418695825,5118.114672073705
2018-09-20 14:00:00,5257.0,4902.211291010353,4565.153664321413,5239.2689176992935
2018-09-20 15:00:00,6331.0,5979.7359118492695,5642.678285160329,6316.79353853821
2018-09-20 16:00:00,5065.0,5858.66895323133,5521.61132654239,6195.7265799202705
2018-09-20 17:00:00,3898.0,4292.981177608705,3955.9235509197647,4630.0388042976465
2018-09-20 18:00:00,2957.0,3102.6148825727855,2765.557255883845,3439.672509261726
2018-09-20 19:00:00,2740.0,2656.3880534161563,2319.3304267272156,2993.445680105097
2018-09-20 20:00:00,3497.0,2675.1425606629505,2338.08493397401,3012.200187351891
2018-09-20 21:00:00,2356.0,2814.400630475949,2477.3430037870085,3151.45825716489
2018-09-20 22:00:00,1633.0,1282.6657791242908,945.6081524353501,1619.7234058132315
2018-09-20 23:00:00,698.0,937.8278433711512,600.7702166822105,1274.8854700600918
2018-09-21 00:00:00,407.0,411.30786244465224,74.25023575571157,748.365489133593
2018-09-21 01:00:00,304.0,315.540390667141,0.0,652.5980173560818
2018-09-21 02:00:00,377.0,336.7519854224435,0.0,673.8096121113842
2018-09-21 03:00:00,867.0,783.2959114942125,446.23828480527186,1120.3535381831532
2018-09-21 04:00:00,2919.0,2789.2515542328097,2452.193927543869,3126.3091809217503
2018-09-21 05:00:00,5457.0,5581.769049610944,5244.711422922004,5918.826676299885
2018-09-21 06:00:00,6539.0,6056.128202118997,5719.070575430056,6393.185828807938
2018-09-21 07:00:00,5653.0,5719.018591121339,5381.960964432399,6056.07621781028
2018-09-21 08:00:00,4981.0,4972.012576162892,4634.954949473951,5309.0702028518335
2018-09-21 09:00:00,4548.0,4510.916791527831,4173.85916483889,4847.974418216772
2018-09-21 10:00:00,4937.0,4870.627781629153,4533.570154940213,5207.685408318093
2018-09-21 11:00:00,5039.0,5192.381285072215,4855.323658383275,5529.438911761155
2018-09-21 12:00:00,4901.0,5026.744781205217,4689.687154516276,5363.802407894158
2018-09-21 13:00:00,5185.0,5234.445452093329,4897.387825404388,5571.503078782269
2018-09-21 14:00:00,5973.0,5626.898488710943,5289.840862022002,5963.956115399884
2018-09-21 15:00:00,6007.0,6135.972267289753,5798.914640600813,6473.0298939786935
2018-09-21 16:00:00,5489.0,5404.734060288869,5067.676433599929,5741.791686977809
2018-09-21 17:00:00,4607.0,4462.4282553733565,4125.370628684415,4799.485882062298
2018-09-21 18:00:00,3958.0,3583.133772957789,3246.0761462688483,3920.1913996467297
2018-09-21 19:00:00,3255.0,3236.3463940881775,2899.288767399237,3573.404020777118
2018-09-21 20:00:00,2931.0,3029.960153969531,2692.90252728059,3367.0177806584716
2018-09-21 21:00:00,2570.0,2615.6913508529506,2278.63372416401,2952.7489775418912
2018-09-21 22:00:00,2179.0,2013.5008578527288,1676.4432311637881,2350.5584845416697
2018-09-21 23:00:00,1516.0,1376.0335461673037,1038.975919478363,1713.0911728562444
2018-09-22 00:00:00,1273.0,864.2860528118648,527.2284261229241,1201.3436795008056
2018-09-22 01:00:00,1207.0,796.5807118619633,459.52308517302265,1133.6383385509039
2018-09-22 02:00:00,611.0,740.4482148403783,403.39058815143767,1077.505841529319
2018-09-22 03:00:00,647.0,520.7215189309032,183.66389224196257,857.7791456198439
2018-09-22 04:00:00,960.0,816.6603904836796,479.60276379473896,1153.7180171726204
2018-09-22 05:00:00,1635.0,1570.2561907621407,1233.1985640732,1907.3138174510814
2018-09-22 06:00:00,2445.0,2210.3145683804423,1873.2569416915017,2547.372195069383
2018-09-22 07:00:00,3415.0,3254.387768946642,2917.3301422577015,3591.445395635583
2018-09-22 08:00:00,3770.0,4087.9222646714593,3750.8646379825186,4424.9798913604
2018-09-22 09:00:00,4308.0,4131.360496798206,3794.3028701092658,4468.418123487147
2018-09-22 10:00:00,4638.0,4595.259434338224,4258.201807649284,4932.3170610271645
2018-09-22 11:00:00,4831.0,4837.2262663990905,4500.168639710149,5174.283893088032
2018-09-22 12:00:00,4565.0,4810.638869610651,4473.581242921711,5147.696496299592
2018-09-22 13:00:00,4654.0,4671.131226958272,4334.073600269332,5008.188853647212
2018-09-22 14:00:00,4589.0,4724.481589702035,4387.423963013094,5061.539216390976
2018-09-22 15:00:00,4582.0,4597.226933027437,4260.1693063384955,4934.284559716378
2018-09-22 16:00:00,4847.0,4418.517399834949,4081.4597731460085,4755.575026523889
2018-09-22 17:00:00,4620.0,4359.117068767507,4022.059442078566,4696.174695456448
2018-09-22 18:00:00,4347.0,3598.799703314316,3261.7420766253754,3935.8573300032567
2018-09-22 19:00:00,3602.0,3427.3395958536375,3090.281969164697,3764.397222542578
2018-09-22 20:00:00,2985.0,3286.0449746747663,2948.9873479858256,3623.102601363707
2018-09-22 21:00:00,2480.0,2890.535456298612,2553.4778296096715,3227.593082987553
2018-09-22 22:00:00,1871.0,1939.2341756571084,1602.1765489681677,2276.291802346049
2018-09-22 23:00:00,1249.0,1309.2047373796313,972.1471106906906,1646.262364068572
2018-09-23 00:00:00,690.0,794.2685423716521,457.2109156827114,1131.3261690605927
2018-09-23 01:00:00,565.0,434.4039421821874,97.34631549324672,771.4615688711281
2018-09-23 02:00:00,319.0,374.52878992406096,37.47116323512029,711.5864166130016
2018-09-23 03:00:00,339.0,322.6587476582291,0.0,659.7163743471698
2018-09-23 04:00:00,514.0,613.7391776348031,276.68155094586245,950.7968043237438
2018-09-23 05:00:00,910.0,841.7541559949539,504.6965293060132,1178.8117826838945
2018-09-23 06:00:00,1402.0,1249.9917728865064,912.9341461975657,1587.049399575447
2018-09-23 07:00:00,2203.0,2195.4252517230743,1858.3676250341337,2532.482878412015
2018-09-23 08:00:00,3562.0,3175.7418582962446,2838.684231607304,3512.7994849851852
2018-09-23 09:00:00,4594.0,3952.50589585279,3615.4482691638495,4289.563522541731
2018-09-23 10:00:00,4252.0,4645.146356281868,4308.088729592928,4982.203982970808
2018-09-23 11:00:00,3945.0,4474.373156501406,4137.315529812466,4811.430783190346
2018-09-23 12:00:00,4107.0,4008.5109455914026,3671.453318902462,4345.568572280343
2018-09-23 13:00:00,4091.0,4243.444979084782,3906.3873523958414,4580.502605773723
2018-09-23 14:00:00,4195.0,4210.968722713377,3873.9110960244366,4548.026349402318
2018-09-23 15:00:00,4413.0,4234.789750309709,3897.7321236207686,4571.84737699865
2018-09-23 16:00:00,4117.0,4275.276496246802,3938.218869557861,4612.334122935743
2018-09-23 17:00:00,3997.0,3831.218811453005,3494.1611847640643,4168.276438141946
2018-09-23 18:00:00,3516.0,3392.799670763867,3055.7420440749265,3729.857297452808
2018-09-23 19:00:00,2846.0,3015.890695326582,2678.833068637641,3352.9483220155225
2018-09-23 20:00:00,2346.0,2348.988021472631,2011.9303947836902,2686.0456481615715
2018-09-23 21:00:00,1635.0,1760.3802797315093,1423.3226530425686,2097.43790642045
2018-09-23 22:00:00,934.0,1064.8140031608525,727.7563764719118,1401.8716298497932
2018-09-23 23:00:00,509.0,540.2915506421136,203.23392395317296,877.3491773310543
2018-09-24 00:00:00,344.0,347.7636296963527,10.70600300741205,684.8212563852934
2018-09-24 01:00:00,219.0,286.8890725708933,0.0,623.946699259834
2018-09-24 02:00:00,328.0,263.80231067176317,0.0,600.8599373607038
2018-09-24 03:00:00,888.0,797.345268497154,460.2876418082134,1134.4028951860946
2018-09-24 04:00:00,2954.0,2807.439165049193,2470.3815383602523,3144.4967917381337
2018-09-24 05:00:00,5747.0,5704.194237704928,5367.136611015987,6041.251864393869
2018-09-24 06:00:00,6591.0,6130.614966346242,5793.557339657302,6467.672593035182
2018-09-24 07:00:00,5900.0,5849.049761767507,5511.992135078566,6186.1073884564485
2018-09-24 08:00:00,4936.0,4949.6715523259745,4612.613925637033,5286.729179014916
2018-09-24 09:00:00,4351.0,4335.536623729677,3998.478997040736,4672.594250418617
2018-09-24 10:00:00,4468.0,4534.602185178209,4197.544558489268,4871.65981186715
2018-09-24 11:00:00,4531.0,4648.421553400768,4311.363926711827,4985.479180089709
2018-09-24 12:00:00,4433.0,4637.763187192294,4300.705560503353,4974.820813881235
2018-09-24 13:00:00,4816.0,4829.382466275637,4492.324839586696,5166.440092964578
2018-09-24 14:00:00,5443.0,5323.457589391865,4986.399962702924,5660.515216080807
2018-09-24 15:00:00,6307.0,6249.323144494457,5912.265517805516,6586.380771183398
2018-09-24 16:00:00,5562.0,5852.285332103039,5515.227705414098,6189.34295879198
2018-09-24 17:00:00,4167.0,4120.129697143448,3783.072070454507,4457.187323832388
2018-09-24 18:00:00,3253.0,3032.1260562755233,2695.0684295865826,3369.183682964464
2018-09-24 19:00:00,2559.0,2701.7085105657916,2364.650883876851,3038.7661372547323
2018-09-24 20:00:00,2084.0,2382.817473395139,2045.7598467061985,2719.87510008408
2018-09-24 21:00:00,1392.0,1549.442490413716,1212.3848637247754,1886.5001171026568
2018-09-24 22:00:00,826.0,930.9930606593585,593.9354339704179,1268.050687348299
2018-09-24 23:00:00,527.0,494.26823249726016,157.21060580831949,831.3258591862009
2018-09-25 00:00:00,302.0,347.43243054614373,10.374803857203062,684.4900572350844
2018-09-25 01:00:00,234.0,272.1767769418217,0.0,609.2344036307624
2018-09-25 02:00:00,366.0,433.44097850374465,96.38335181480397,770.4986051926853
2018-09-25 03:00:00,880.0,855.6943467351127,518.6367200461721,1192.7519734240534
2018-09-25 04:00:00,3063.0,2902.596832130791,2565.5392054418503,3239.6544588197316
2018-09-25 05:00:00,5833.0,5730.448492313317,5393.390865624377,6067.506119002257
2018-09-25 06:00:00,6568.0,6191.198139321513,5854.140512632572,6528.255766010454
2018-09-25 07:00:00,6080.0,5955.104133681046,5618.046506992105,6292.161760369987
2018-09-25 08:00:00,5083.0,5196.160338797334,4859.1027121083935,5533.217965486274
2018-09-25 09:00:00,4385.0,4414.589526767462,4077.5319000785216,4751.6471534564025
2018-09-25 10:00:00,4458.0,4576.52827853595,4239.47065184701,4913.585905224891
2018-09-25 11:00:00,4580.0,4662.780969784404,4325.723343095464,4999.838596473344
2018-09-25 12:00:00,4716.0,4676.213068024281,4339.155441335341,5013.270694713221
2018-09-25 13:00:00,4973.0,5094.396744003639,4757.339117314697,5431.45437069258
2018-09-25 14:00:00,5748.0,5450.2703090938585,5113.212682404917,5787.3279357828
2018-09-25 15:00:00,6597.0,6433.256666071436,6096.199039382494,6770.314292760377
2018-09-25 16:00:00,5734.0,6199.714910204984,5862.657283516044,6536.772536893925
2018-09-25 17:00:00,4320.0,4290.3278972331345,3953.270270544194,4627.385523922076
2018-09-25 18:00:00,3058.0,3144.3445233332423,2807.2868966443016,3481.402150022183
2018-09-25 19:00:00,2765.0,2658.9567570531353,2321.8991303641947,2996.014383742076
2018-09-25 20:00:00,2282.0,2504.713959945506,2167.656333256565,2841.7715866344465
2018-09-25 21:00:00,1571.0,1622.0645500072192,1285.0069233182785,1959.1221766961598
2018-09-25 22:00:00,924.0,1060.063519649586,723.0058929606453,1397.1211463385266
2018-09-25 23:00:00,543.0,531.3921099835784,194.33448329463772,868.4497366725191
2018-09-26 00:00:00,358.0,356.5497507942398,19.492124105299126,693.6073774831805
2018-09-26 01:00:00,227.0,296.333304717935,0.0,633.3909314068757
2018-09-26 02:00:00,358.0,333.0764043941561,0.0,670.1340310830967
2018-09-26 03:00:00,890.0,854.421087765153,517.3634610762123,1191.4787144540937
2018-09-26 04:00:00,3052.0,2906.049172098463,2568.991545409522,3243.1067987874035
2018-09-26 05:00:00,5930.0,5708.407036603222,5371.349409914281,6045.464663292163
2018-09-26 06:00:00,6193.0,6195.112471044122,5858.054844355182,6532.170097733062
2018-09-26 07:00:00,6032.0,5722.020490115865,5384.962863426925,6059.078116804805
2018-09-26 08:00:00,5320.0,5170.781364701004,4833.723738012064,5507.838991389945
2018-09-26 09:00:00,4523.0,4577.288808944504,4240.231182255564,4914.346435633444
2018-09-26 10:00:00,4721.0,4716.52680804059,4379.469181351649,5053.5844347295315
2018-09-26 11:00:00,4793.0,4908.794610286708,4571.736983597768,5245.852236975648
2018-09-26 12:00:00,4624.0,4883.640905917012,4546.583279228071,5220.698532605953
2018-09-26 13:00:00,4928.0,4999.288719367554,4662.231092678614,5336.346346056494
2018-09-26 14:00:00,5693.0,5439.770574235873,5102.712947546932,5776.828200924814
2018-09-26 15:00:00,6334.0,6394.302006958068,6057.244380269127,6731.359633647009
2018-09-26 16:00:00,5954.0,5989.777511734036,5652.719885045095,6326.835138422977
2018-09-26 17:00:00,4661.0,4470.023170331589,4132.965543642649,4807.08079702053
2018-09-26 18:00:00,3639.0,3379.1701485672097,3042.112521878269,3716.2277752561504
2018-09-26 19:00:00,3197.0,2964.0424308305182,2626.9848041415776,3301.100057519459
2018-09-26 20:00:00,3475.0,2843.2584701475384,2506.200843458598,3180.316096836479
2018-09-26 21:00:00,1973.0,2580.7942814667767,2243.736654777836,2917.8519081557174
2018-09-26 22:00:00,1209.0,1207.2918567745664,870.2342300856258,1544.349483463507
2018-09-26 23:00:00,654.0,669.5943826497559,332.5367559608152,1006.6520093386965
2018-09-27 00:00:00,421.0,388.206733574154,51.149106885213314,725.2643602630947
2018-09-27 01:00:00,312.0,333.97233098145597,0.0,671.0299576703967
2018-09-27 02:00:00,373.0,346.83414747990776,9.776520790967083,683.8917741688484
2018-09-27 03:00:00,919.0,857.6214363385681,520.5638096496274,1194.6790630275086
2018-09-27 04:00:00,3002.0,2932.266960475086,2595.209333786145,3269.3245871640265
2018-09-27 05:00:00,5685.0,5789.083470220592,5452.025843531652,6126.141096909532
2018-09-27 06:00:00,6589.0,6188.660777406366,5851.603150717425,6525.718404095307
2018-09-27 07:00:00,5946.0,5909.291870068289,5572.234243379349,6246.34949675723
2018-09-27 08:00:00,5181.0,5203.180852804728,4866.1232261157875,5540.238479493668
2018-09-27 09:00:00,4500.0,4709.044930216162,4371.987303527221,5046.1025569051035
2018-09-27 10:00:00,4670.0,4736.994209522963,4399.9365828340215,5074.051836211904
2018-09-27 11:00:00,4849.0,4895.925177830539,4558.867551141599,5232.982804519479
2018-09-27 12:00:00,4787.0,4896.5489247504065,4559.491298061466,5233.606551439347
2018-09-27 13:00:00,4943.0,5113.362190113397,4776.304563424457,5450.419816802338
2018-09-27 14:00:00,5892.0,5391.336122028328,5054.2784953393875,5728.393748717268
2018-09-27 15:00:00,6451.0,6476.449984525737,6139.392357836796,6813.507611214678
2018-09-27 16:00:00,5968.0,6166.187579749401,5829.129953060461,6503.2452064383415
2018-09-27 17:00:00,4498.0,4597.085514629857,4260.027887940916,4934.143141318798
2018-09-27 18:00:00,3419.0,3402.792883336023,3065.735256647082,3739.8505100249636
2018-09-27 19:00:00,2856.0,2989.407410410498,2652.3497837215573,3326.4650370994386
2018-09-27 20:00:00,2649.0,2728.3590176280063,2391.3013909390656,3065.416644316947
2018-09-27 21:00:00,2003.0,2013.2160748492533,1676.1584481603127,2350.273701538194
2018-09-27 22:00:00,1278.0,1282.0736170260334,945.0159903370927,1619.131243714974
2018-09-27 23:00:00,699.0,720.7583153115505,383.70068862260985,1057.8159420004913
2018-09-28 00:00:00,461.0,433.74655171660936,96.68892502766869,770.80417840555
2018-09-28 01:00:00,301.0,345.18281770451523,8.125191015574558,682.2404443934558
2018-09-28 02:00:00,367.0,335.323488274899,0.0,672.3811149638397
2018-09-28 03:00:00,870.0,759.7866791891415,422.72905250020085,1096.8443058780822
2018-09-28 04:00:00,2751.0,2806.9785365662005,2469.92090987726,3144.036163255141
2018-09-28 05:00:00,5521.0,5704.891042376074,5367.833415687133,6041.948669065016
2018-09-28 06:00:00,6401.0,6202.191176020072,5865.133549331131,6539.248802709013
2018-09-28 07:00:00,5798.0,5629.435737228716,5292.378110539776,5966.493363917656
2018-09-28 08:00:00,4791.0,5118.631948623071,4781.574321934131,5455.689575312012
2018-09-28 09:00:00,4574.0,4583.246769507874,4246.189142818934,4920.304396196814
2018-09-28 10:00:00,4863.0,4917.951900300235,4580.894273611295,5255.009526989175
2018-09-28 11:00:00,5066.0,5099.294114685279,4762.236487996339,5436.351741374219
2018-09-28 12:00:00,4898.0,5068.043489913708,4730.985863224767,5405.101116602649
2018-09-28 13:00:00,5193.0,5172.712658631127,4835.655031942186,5509.770285320068
2018-09-28 14:00:00,5838.0,5628.78167180882,5291.7240451198795,5965.83929849776
2018-09-28 15:00:00,6188.0,6090.0132265933735,5752.955599904433,6427.070853282314
2018-09-28 16:00:00,5695.0,5504.3584932007025,5167.300866511761,5841.416119889644
2018-09-28 17:00:00,5104.0,4542.671103637814,4205.613476948873,4879.728730326755
2018-09-28 18:00:00,4286.0,3710.9542971514625,3373.896670462522,4048.011923840403
2018-09-28 19:00:00,3538.0,3304.508460199578,2967.4508335106375,3641.566086888519
2018-09-28 20:00:00,3058.0,3133.4848639024594,2796.4272372135188,3470.5424905914
2018-09-28 21:00:00,2713.0,2925.814864145937,2588.7572374569963,3262.8724908348777
2018-09-28 22:00:00,3544.0,2071.764642839917,1734.7070161509764,2408.8222695288578
2018-09-28 23:00:00,1733.0,1742.1897500576347,1405.132123368694,2079.2473767465754
2018-09-29 00:00:00,867.0,805.4298556638668,468.3722289749261,1142.4874823528075
2018-09-29 01:00:00,524.0,640.6017168762908,303.5440901873501,977.6593435652314
2018-09-29 02:00:00,359.0,374.7317790588976,37.674152369956914,711.7894057478383
2018-09-29 03:00:00,425.0,400.7212392872735,63.663612598332804,737.7788659762141
2018-09-29 04:00:00,743.0,756.9212876955354,419.8636610065947,1093.978914384476
2018-09-29 05:00:00,1359.0,1370.3178264932178,1033.2601998042771,1707.3754531821585
2018-09-29 06:00:00,2036.0,2127.9004155074776,1790.842788818537,2464.9580421964183
2018-09-29 07:00:00,3073.0,2936.2652384158196,2599.207611726879,3273.3228651047602
2018-09-29 08:00:00,3725.0,3847.9790841308973,3510.9214574419566,4185.036710819838
2018-09-29 09:00:00,4059.0,4103.031996217059,3765.974369528118,4440.089622906
2018-09-29 10:00:00,4378.0,4449.8630151577645,4112.805388468823,4786.920641846706
2018-09-29 11:00:00,4657.0,4674.20446043427,4337.14683374533,5011.26208712321
2018-09-29 12:00:00,4553.0,4699.743378446766,4362.685751757825,5036.801005135707
2018-09-29 13:00:00,4618.0,4630.616242521234,4293.558615832293,4967.673869210175
2018-09-29 14:00:00,4564.0,4716.1404321129385,4379.082805423997,5053.19805880188
2018-09-29 15:00:00,4735.0,4685.008748810621,4347.95112212168,5022.066375499562
2018-09-29 16:00:00,4878.0,4543.654144638198,4206.596517949258,4880.711771327138
2018-09-29 17:00:00,4569.0,4321.325428237808,3984.2678015488677,4658.3830549267495
2018-09-29 18:00:00,3818.0,3551.2669470770493,3214.2093203881086,3888.32457376599
2018-09-29 19:00:00,3338.0,3273.252527740727,2936.1949010517865,3610.310154429668
2018-09-29 20:00:00,2950.0,3185.5021639819,2848.4445372929595,3522.559790670841
2018-09-29 21:00:00,2607.0,2848.248305430102,2511.1906787411613,3185.3059321190426
2018-09-29 22:00:00,3856.0,2115.0034238885155,1777.9457971995748,2452.061050577456
2018-09-29 23:00:00,1826.0,1731.0416378113214,1393.9840111223807,2068.099264500262
2018-09-30 00:00:00,920.0,849.8668194053513,512.8091927164106,1186.9244460942919
2018-09-30 01:00:00,696.0,674.727976136899,337.6703494479583,1011.7856028258396
2018-09-30 02:00:00,364.0,421.0034489370255,83.94582224808482,758.0610756259662
2018-09-30 03:00:00,335.0,348.56377690339605,11.506150214455374,685.6214035923367
2018-09-30 04:00:00,444.0,479.51125964755346,142.4536329586128,816.5688863364942
2018-09-30 05:00:00,802.0,782.1742210643872,445.11659437544654,1119.2318477533279
2018-09-30 06:00:00,1175.0,1109.8425113992287,772.784884710288,1446.9001380881693
2018-09-30 07:00:00,2002.0,1843.2962350228945,1506.2386083339538,2180.353861711835
2018-09-30 08:00:00,2882.0,2883.2046239378956,2546.146997248955,3220.2622506268362
2018-09-30 09:00:00,3701.0,3583.417036248066,3246.359409559125,3920.4746629370065
2018-09-30 10:00:00,4049.0,4036.5356395153426,3699.478012826402,4373.593266204283
2018-09-30 11:00:00,4429.0,4285.935285448248,3948.877658759307,4622.992912137188
2018-09-30 12:00:00,4547.0,4506.485222071305,4169.4275953823635,4843.542848760246
2018-09-30 13:00:00,4380.0,4522.686729841315,4185.629103152374,4859.7443565302565
2018-09-30 14:00:00,4302.0,4381.2483542806895,4044.190727591749,4718.30598096963
2018-09-30 15:00:00,4283.0,4307.412812745928,3970.3551860569873,4644.470439434868
2018-09-30 16:00:00,4132.0,4137.536230272222,3800.4786035832817,4474.593856961163
2018-09-30 17:00:00,3947.0,3843.5069175309886,3506.449290842048,4180.564544219929
2018-09-30 18:00:00,3543.0,3343.508319192004,3006.4506925030632,3680.5659458809446
2018-09-30 19:00:00,2781.0,3063.4315720328386,2726.373945343898,3400.4891987217793
2018-09-30 20:00:00,2159.0,2305.4562652486284,1968.3986385596877,2642.513891937569
2018-09-30 21:00:00,1450.0,1702.3887592817973,1365.3311325928566,2039.446385970738
2018-09-30 22:00:00,954.0,975.0134993859349,637.9558726969942,1312.0711260748756
